seed,t,decision_id,alice_true_intent,alice_target,stale_prediction,updated_prediction,state_only_prediction,stale_correct,updated_correct,state_only_correct,is_reinterpretation,pre_majority_intent,post_majority_intent,alice_position,partner_position,alice_held,partner_held,pot_states
5001,0,1,FETCH,"(0, 1)",FETCH,FETCH,FETCH,1,1,1,0,FETCH,,"(3, 1)","(5, 2)",,,"[((2, 0), 'empty'), ((4, 0), 'empty')]"
5001,3,2,PLACE,"(2, 0)",PLACE,PLACE,PLACE,1,1,1,0,PLACE,PLACE,"(1, 1)","(3, 2)",onion,,"[((2, 0), 'empty'), ((4, 0), 'empty')]"
5001,7,3,FETCH,"(0, 1)",FETCH,FETCH,FETCH,1,1,1,0,FETCH,FETCH,"(2, 1)","(3, 2)",,,"[((2, 0), 'items1'), ((4, 0), 'empty')]"
5001,9,4,PLACE,"(2, 0)",PLACE,PLACE,PLACE,1,1,1,0,PLACE,PLACE,"(1, 1)","(3, 2)",onion,,"[((2, 0), 'items1'), ((4, 0), 'empty')]"
5001,13,5,FETCH,"(0, 1)",FETCH,FETCH,FETCH,1,1,1,0,FETCH,FETCH,"(2, 1)","(3, 2)",,,"[((2, 0), 'items2'), ((4, 0), 'empty')]"
5001,15,6,PLACE,"(2, 0)",PLACE,PLACE,PLACE,1,1,1,0,PLACE,PLACE,"(1, 1)","(3, 2)",onion,,"[((2, 0), 'items2'), ((4, 0), 'empty')]"
5001,19,7,COOK_START,"(2, 0)",COOK_START,COOK_START,COOK_START,1,1,1,0,COOK_START,COOK_START,"(2, 1)","(3, 2)",,,"[((2, 0), 'items3'), ((4, 0), 'empty')]"
5001,20,8,FETCH,"(0, 1)",HOLD,FETCH,HOLD,0,1,0,1,HOLD,FETCH,"(2, 1)","(3, 2)",,,"[((2, 0), 'cooking'), ((4, 0), 'empty')]"
5001,22,9,PLACE,"(4, 0)",PLACE,PLACE,PLACE,1,1,1,0,,PLACE,"(1, 1)","(3, 1)",onion,,"[((2, 0), 'cooking'), ((4, 0), 'empty')]"
5001,32,10,FETCH,"(6, 1)",FETCH,FETCH,FETCH,1,1,1,0,,FETCH,"(4, 1)","(3, 2)",,dish,"[((2, 0), 'cooking'), ((4, 0), 'items1')]"
5001,34,11,PLACE,"(4, 0)",PLACE,PLACE,PLACE,1,1,1,0,,PLACE,"(5, 1)","(3, 2)",onion,dish,"[((2, 0), 'cooking'), ((4, 0), 'items1')]"
5001,38,12,FETCH,"(6, 1)",FETCH,FETCH,FETCH,1,1,1,0,,FETCH,"(4, 1)","(3, 2)",,dish,"[((2, 0), 'cooking'), ((4, 0), 'items2')]"
5001,40,13,PLACE,"(4, 0)",PLACE,PLACE,PLACE,1,1,1,0,,PLACE,"(5, 1)","(2, 2)",onion,dish,"[((2, 0), 'ready'), ((4, 0), 'items2')]"
5001,44,14,COOK_START,"(4, 0)",COOK_START,COOK_START,COOK_START,1,1,1,0,,COOK_START,"(4, 1)","(3, 1)",,soup,"[((2, 0), 'empty'), ((4, 0), 'items3')]"
5001,45,15,FETCH,"(6, 1)",FETCH,FETCH,FETCH,1,1,1,0,,FETCH,"(4, 1)","(3, 1)",,soup,"[((2, 0), 'empty'), ((4, 0), 'cooking')]"
5001,47,16,PLACE,"(2, 0)",PLACE,PLACE,PLACE,1,1,1,0,,PLACE,"(5, 1)","(4, 1)",onion,soup,"[((2, 0), 'empty'), ((4, 0), 'cooking')]"
5001,59,17,FETCH,"(0, 1)",FETCH,FETCH,FETCH,1,1,1,0,,FETCH,"(2, 1)","(3, 1)",,,"[((2, 0), 'items1'), ((4, 0), 'cooking')]"
5001,61,18,PLACE,"(2, 0)",PLACE,PLACE,PLACE,1,1,1,0,,PLACE,"(1, 1)","(3, 1)",onion,,"[((2, 0), 'items1'), ((4, 0), 'cooking')]"
5001,65,19,FETCH,"(0, 1)",FETCH,FETCH,FETCH,1,1,1,0,,FETCH,"(2, 1)","(3, 1)",,,"[((2, 0), 'items2'), ((4, 0), 'ready')]"
5001,67,20,PLACE,"(2, 0)",PLACE,PLACE,PLACE,1,1,1,0,,PLACE,"(1, 1)","(3, 1)",onion,,"[((2, 0), 'items2'), ((4, 0), 'ready')]"
5001,71,21,COOK_START,"(2, 0)",COOK_START,COOK_START,COOK_START,1,1,1,0,,COOK_START,"(2, 1)","(3, 1)",,,"[((2, 0), 'items3'), ((4, 0), 'ready')]"
5001,72,22,HOLD,"(2, 1)",HOLD,HOLD,HOLD,1,1,1,0,,HOLD,"(2, 1)","(3, 2)",,,"[((2, 0), 'cooking'), ((4, 0), 'ready')]"
5001,91,23,GET_DISH,"(2, 3)",GET_DISH,GET_DISH,GET_DISH,1,1,1,0,,GET_DISH,"(5, 2)","(3, 1)",,,"[((2, 0), 'ready'), ((4, 0), 'ready')]"
5001,97,24,PICKUP,"(2, 0)",PICKUP,PICKUP,PICKUP,1,1,1,0,,PICKUP,"(2, 2)","(3, 1)",dish,,"[((2, 0), 'ready'), ((4, 0), 'ready')]"
5001,99,25,DELIVER,"(4, 3)",DELIVER,DELIVER,DELIVER,1,1,1,0,,DELIVER,"(2, 1)","(3, 1)",soup,,"[((2, 0), 'empty'), ((4, 0), 'ready')]"
5001,105,26,FETCH,"(6, 1)",FETCH,FETCH,FETCH,1,1,1,0,,FETCH,"(4, 2)","(3, 1)",,,"[((2, 0), 'empty'), ((4, 0), 'ready')]"
5001,108,27,PLACE,"(2, 0)",PLACE,PLACE,PLACE,1,1,1,0,,PLACE,"(5, 1)","(2, 2)",onion,dish,"[((2, 0), 'empty'), ((4, 0), 'ready')]"
5001,115,28,FETCH,"(0, 1)",FETCH,FETCH,FETCH,1,1,1,0,,FETCH,"(2, 1)","(4, 2)",,,"[((2, 0), 'items1'), ((4, 0), 'empty')]"
5001,117,29,PLACE,"(2, 0)",PLACE,PLACE,PLACE,1,1,1,0,,PLACE,"(1, 1)","(5, 1)",onion,,"[((2, 0), 'items1'), ((4, 0), 'empty')]"
5001,121,30,FETCH,"(0, 1)",FETCH,FETCH,FETCH,1,1,1,0,,FETCH,"(2, 1)","(4, 2)",,onion,"[((2, 0), 'items2'), ((4, 0), 'empty')]"
5001,123,31,PLACE,"(2, 0)",PLACE,PLACE,PLACE,1,1,1,0,,PLACE,"(1, 1)","(2, 2)",onion,onion,"[((2, 0), 'items2'), ((4, 0), 'empty')]"
5001,125,32,PLACE,"(4, 0)",PLACE,PLACE,PLACE,1,1,1,0,,PLACE,"(1, 2)","(2, 1)",onion,,"[((2, 0), 'items3'), ((4, 0), 'empty')]"
5001,130,33,FETCH,"(6, 1)",FETCH,FETCH,FETCH,1,1,1,0,,FETCH,"(4, 1)","(3, 1)",,,"[((2, 0), 'cooking'), ((4, 0), 'items1')]"
5001,132,34,PLACE,"(4, 0)",PLACE,PLACE,PLACE,1,1,1,0,,PLACE,"(5, 1)","(3, 1)",onion,,"[((2, 0), 'cooking'), ((4, 0), 'items1')]"
5001,136,35,FETCH,"(6, 1)",FETCH,FETCH,FETCH,1,1,1,0,,FETCH,"(4, 1)","(3, 1)",,,"[((2, 0), 'cooking'), ((4, 0), 'items2')]"
5001,138,36,PLACE,"(4, 0)",PLACE,PLACE,PLACE,1,1,1,0,,PLACE,"(5, 1)","(3, 1)",onion,,"[((2, 0), 'cooking'), ((4, 0), 'items2')]"
5001,142,37,COOK_START,"(4, 0)",COOK_START,COOK_START,COOK_START,1,1,1,0,,COOK_START,"(4, 1)","(3, 1)",,,"[((2, 0), 'cooking'), ((4, 0), 'items3')]"
5001,143,38,GET_DISH,"(2, 3)",GET_DISH,GET_DISH,GET_DISH,1,1,1,0,,GET_DISH,"(4, 1)","(3, 2)",,,"[((2, 0), 'cooking'), ((4, 0), 'cooking')]"
5001,151,39,PICKUP,"(2, 0)",PICKUP,PICKUP,PICKUP,1,1,1,0,,PICKUP,"(2, 2)","(3, 1)",dish,,"[((2, 0), 'ready'), ((4, 0), 'cooking')]"
5001,153,40,DELIVER,"(4, 3)",DELIVER,DELIVER,DELIVER,1,1,1,0,,DELIVER,"(2, 1)","(3, 1)",soup,,"[((2, 0), 'empty'), ((4, 0), 'cooking')]"
5001,159,41,FETCH,"(6, 1)",FETCH,FETCH,FETCH,1,1,1,0,,FETCH,"(4, 2)","(3, 1)",,,"[((2, 0), 'empty'), ((4, 0), 'cooking')]"
5001,162,42,PLACE,"(2, 0)",PLACE,PLACE,PLACE,1,1,1,0,,PLACE,"(5, 1)","(2, 2)",onion,dish,"[((2, 0), 'empty'), ((4, 0), 'ready')]"
5001,169,43,FETCH,"(0, 1)",FETCH,FETCH,FETCH,1,1,1,0,,FETCH,"(2, 1)","(4, 2)",,,"[((2, 0), 'items1'), ((4, 0), 'empty')]"
5001,171,44,PLACE,"(2, 0)",PLACE,PLACE,PLACE,1,1,1,0,,PLACE,"(1, 1)","(5, 1)",onion,,"[((2, 0), 'items1'), ((4, 0), 'empty')]"
5001,175,45,FETCH,"(0, 1)",FETCH,FETCH,FETCH,1,1,1,0,,FETCH,"(2, 1)","(4, 2)",,onion,"[((2, 0), 'items2'), ((4, 0), 'empty')]"
5001,177,46,PLACE,"(2, 0)",PLACE,PLACE,PLACE,1,1,1,0,,PLACE,"(1, 1)","(2, 2)",onion,onion,"[((2, 0), 'items2'), ((4, 0), 'empty')]"
5001,179,47,PLACE,"(4, 0)",PLACE,PLACE,PLACE,1,1,1,0,,PLACE,"(1, 2)","(2, 1)",onion,,"[((2, 0), 'items3'), ((4, 0), 'empty')]"
5001,184,48,FETCH,"(6, 1)",FETCH,FETCH,FETCH,1,1,1,0,,FETCH,"(4, 1)","(3, 1)",,,"[((2, 0), 'cooking'), ((4, 0), 'items1')]"
5001,186,49,PLACE,"(4, 0)",PLACE,PLACE,PLACE,1,1,1,0,,PLACE,"(5, 1)","(3, 1)",onion,,"[((2, 0), 'cooking'), ((4, 0), 'items1')]"
5001,190,50,FETCH,"(6, 1)",FETCH,FETCH,FETCH,1,1,1,0,,FETCH,"(4, 1)","(3, 1)",,,"[((2, 0), 'cooking'), ((4, 0), 'items2')]"
5001,192,51,PLACE,"(4, 0)",PLACE,PLACE,PLACE,1,1,1,0,,PLACE,"(5, 1)","(3, 1)",onion,,"[((2, 0), 'cooking'), ((4, 0), 'items2')]"
5001,196,52,COOK_START,"(4, 0)",COOK_START,COOK_START,COOK_START,1,1,1,0,,COOK_START,"(4, 1)","(3, 1)",,,"[((2, 0), 'cooking'), ((4, 0), 'items3')]"
5001,197,53,GET_DISH,"(2, 3)",GET_DISH,GET_DISH,GET_DISH,1,1,1,0,,GET_DISH,"(4, 1)","(3, 2)",,,"[((2, 0), 'cooking'), ((4, 0), 'cooking')]"
5001,205,54,PICKUP,"(2, 0)",PICKUP,PICKUP,PICKUP,1,1,1,0,,PICKUP,"(2, 2)","(3, 1)",dish,,"[((2, 0), 'ready'), ((4, 0), 'cooking')]"
5001,207,55,DELIVER,"(4, 3)",DELIVER,DELIVER,DELIVER,1,1,1,0,,DELIVER,"(2, 1)","(3, 1)",soup,,"[((2, 0), 'empty'), ((4, 0), 'cooking')]"
5001,213,56,FETCH,"(6, 1)",FETCH,FETCH,FETCH,1,1,1,0,,FETCH,"(4, 2)","(3, 1)",,,"[((2, 0), 'empty'), ((4, 0), 'cooking')]"
5001,216,57,PLACE,"(2, 0)",PLACE,PLACE,PLACE,1,1,1,0,,PLACE,"(5, 1)","(2, 2)",onion,dish,"[((2, 0), 'empty'), ((4, 0), 'ready')]"
5001,223,58,FETCH,"(0, 1)",HOLD,FETCH,FETCH,0,1,1,0,,FETCH,"(2, 1)","(4, 2)",,,"[((2, 0), 'items1'), ((4, 0), 'empty')]"
5001,225,59,PLACE,"(2, 0)",PLACE,PLACE,PLACE,1,1,1,0,,PLACE,"(1, 1)","(5, 1)",onion,,"[((2, 0), 'items1'), ((4, 0), 'empty')]"
5001,229,60,FETCH,"(0, 1)",FETCH,FETCH,FETCH,1,1,1,0,,FETCH,"(2, 1)","(4, 2)",,onion,"[((2, 0), 'items2'), ((4, 0), 'empty')]"
5001,231,61,PLACE,"(2, 0)",PLACE,PLACE,PLACE,1,1,1,0,,PLACE,"(1, 1)","(2, 2)",onion,onion,"[((2, 0), 'items2'), ((4, 0), 'empty')]"
5001,233,62,PLACE,"(4, 0)",PLACE,PLACE,PLACE,1,1,1,0,,PLACE,"(1, 2)","(2, 1)",onion,,"[((2, 0), 'items3'), ((4, 0), 'empty')]"
5001,238,63,FETCH,"(6, 1)",FETCH,FETCH,FETCH,1,1,1,0,,FETCH,"(4, 1)","(3, 1)",,,"[((2, 0), 'cooking'), ((4, 0), 'items1')]"
5001,240,64,PLACE,"(4, 0)",PLACE,PLACE,PLACE,1,1,1,0,,PLACE,"(5, 1)","(3, 1)",onion,,"[((2, 0), 'cooking'), ((4, 0), 'items1')]"
5001,244,65,FETCH,"(6, 1)",FETCH,FETCH,FETCH,1,1,1,0,,FETCH,"(4, 1)","(3, 1)",,,"[((2, 0), 'cooking'), ((4, 0), 'items2')]"
5001,246,66,PLACE,"(4, 0)",PLACE,PLACE,PLACE,1,1,1,0,,PLACE,"(5, 1)","(3, 1)",onion,,"[((2, 0), 'cooking'), ((4, 0), 'items2')]"
5001,250,67,COOK_START,"(4, 0)",COOK_START,COOK_START,COOK_START,1,1,1,0,,COOK_START,"(4, 1)","(3, 1)",,,"[((2, 0), 'cooking'), ((4, 0), 'items3')]"
5001,251,68,GET_DISH,"(2, 3)",GET_DISH,GET_DISH,GET_DISH,1,1,1,0,,GET_DISH,"(4, 1)","(3, 2)",,,"[((2, 0), 'cooking'), ((4, 0), 'cooking')]"
5001,259,69,PICKUP,"(2, 0)",PICKUP,PICKUP,PICKUP,1,1,1,0,,PICKUP,"(2, 2)","(3, 1)",dish,,"[((2, 0), 'ready'), ((4, 0), 'cooking')]"
5001,261,70,DELIVER,"(4, 3)",DELIVER,DELIVER,DELIVER,1,1,1,0,,DELIVER,"(2, 1)","(3, 1)",soup,,"[((2, 0), 'empty'), ((4, 0), 'cooking')]"
5001,267,71,FETCH,"(6, 1)",FETCH,FETCH,FETCH,1,1,1,0,,FETCH,"(4, 2)","(3, 1)",,,"[((2, 0), 'empty'), ((4, 0), 'cooking')]"
5001,270,72,PLACE,"(2, 0)",PLACE,PLACE,PLACE,1,1,1,0,,PLACE,"(5, 1)","(2, 2)",onion,dish,"[((2, 0), 'empty'), ((4, 0), 'ready')]"
5001,277,73,FETCH,"(0, 1)",HOLD,FETCH,FETCH,0,1,1,0,,FETCH,"(2, 1)","(4, 2)",,,"[((2, 0), 'items1'), ((4, 0), 'empty')]"
5001,279,74,PLACE,"(2, 0)",PLACE,PLACE,PLACE,1,1,1,0,,PLACE,"(1, 1)","(5, 1)",onion,,"[((2, 0), 'items1'), ((4, 0), 'empty')]"
5001,283,75,FETCH,"(0, 1)",FETCH,FETCH,FETCH,1,1,1,0,,FETCH,"(2, 1)","(4, 2)",,onion,"[((2, 0), 'items2'), ((4, 0), 'empty')]"
5001,285,76,PLACE,"(2, 0)",PLACE,PLACE,PLACE,1,1,1,0,,PLACE,"(1, 1)","(2, 2)",onion,onion,"[((2, 0), 'items2'), ((4, 0), 'empty')]"
5001,287,77,PLACE,"(4, 0)",PLACE,PLACE,PLACE,1,1,1,0,,PLACE,"(1, 2)","(2, 1)",onion,,"[((2, 0), 'items3'), ((4, 0), 'empty')]"
5001,292,78,FETCH,"(6, 1)",GET_DISH,FETCH,FETCH,0,1,1,0,,FETCH,"(4, 1)","(3, 1)",,,"[((2, 0), 'cooking'), ((4, 0), 'items1')]"
5001,294,79,PLACE,"(4, 0)",PLACE,PLACE,PLACE,1,1,1,0,,PLACE,"(5, 1)","(3, 1)",onion,,"[((2, 0), 'cooking'), ((4, 0), 'items1')]"
5001,298,80,FETCH,"(6, 1)",GET_DISH,FETCH,FETCH,0,1,1,0,,FETCH,"(4, 1)","(3, 1)",,,"[((2, 0), 'cooking'), ((4, 0), 'items2')]"
5001,300,81,PLACE,"(4, 0)",PLACE,PLACE,PLACE,1,1,1,0,,PLACE,"(5, 1)","(3, 1)",onion,,"[((2, 0), 'cooking'), ((4, 0), 'items2')]"
5001,304,82,COOK_START,"(4, 0)",GET_DISH,COOK_START,COOK_START,0,1,1,0,,COOK_START,"(4, 1)","(3, 1)",,,"[((2, 0), 'cooking'), ((4, 0), 'items3')]"
5001,305,83,GET_DISH,"(2, 3)",GET_DISH,GET_DISH,GET_DISH,1,1,1,0,,GET_DISH,"(4, 1)","(3, 2)",,,"[((2, 0), 'cooking'), ((4, 0), 'cooking')]"
5001,313,84,PICKUP,"(2, 0)",PICKUP,PICKUP,PICKUP,1,1,1,0,,PICKUP,"(2, 2)","(3, 1)",dish,,"[((2, 0), 'ready'), ((4, 0), 'cooking')]"
5001,315,85,DELIVER,"(4, 3)",DELIVER,DELIVER,DELIVER,1,1,1,0,,DELIVER,"(2, 1)","(3, 1)",soup,,"[((2, 0), 'empty'), ((4, 0), 'cooking')]"
5001,321,86,FETCH,"(6, 1)",FETCH,FETCH,FETCH,1,1,1,0,,FETCH,"(4, 2)","(3, 1)",,,"[((2, 0), 'empty'), ((4, 0), 'cooking')]"
5001,324,87,PLACE,"(2, 0)",PLACE,PLACE,PLACE,1,1,1,0,,PLACE,"(5, 1)","(2, 2)",onion,dish,"[((2, 0), 'empty'), ((4, 0), 'ready')]"
5001,331,88,FETCH,"(0, 1)",HOLD,FETCH,FETCH,0,1,1,0,,FETCH,"(2, 1)","(4, 2)",,,"[((2, 0), 'items1'), ((4, 0), 'empty')]"
5001,333,89,PLACE,"(2, 0)",PLACE,PLACE,PLACE,1,1,1,0,,PLACE,"(1, 1)","(5, 1)",onion,,"[((2, 0), 'items1'), ((4, 0), 'empty')]"
5001,337,90,FETCH,"(0, 1)",FETCH,FETCH,FETCH,1,1,1,0,,FETCH,"(2, 1)","(4, 2)",,onion,"[((2, 0), 'items2'), ((4, 0), 'empty')]"
5001,339,91,PLACE,"(2, 0)",PLACE,PLACE,PLACE,1,1,1,0,,PLACE,"(1, 1)","(2, 2)",onion,onion,"[((2, 0), 'items2'), ((4, 0), 'empty')]"
5001,341,92,PLACE,"(4, 0)",PLACE,PLACE,PLACE,1,1,1,0,,PLACE,"(1, 2)","(2, 1)",onion,,"[((2, 0), 'items3'), ((4, 0), 'empty')]"
5001,346,93,FETCH,"(6, 1)",GET_DISH,FETCH,FETCH,0,1,1,0,,FETCH,"(4, 1)","(3, 1)",,,"[((2, 0), 'cooking'), ((4, 0), 'items1')]"
5001,348,94,PLACE,"(4, 0)",PLACE,PLACE,PLACE,1,1,1,0,,PLACE,"(5, 1)","(3, 1)",onion,,"[((2, 0), 'cooking'), ((4, 0), 'items1')]"
5001,352,95,FETCH,"(6, 1)",GET_DISH,FETCH,FETCH,0,1,1,0,,FETCH,"(4, 1)","(3, 1)",,,"[((2, 0), 'cooking'), ((4, 0), 'items2')]"
5001,354,96,PLACE,"(4, 0)",PLACE,PLACE,PLACE,1,1,1,0,,PLACE,"(5, 1)","(3, 1)",onion,,"[((2, 0), 'cooking'), ((4, 0), 'items2')]"
5001,358,97,COOK_START,"(4, 0)",GET_DISH,COOK_START,COOK_START,0,1,1,0,,COOK_START,"(4, 1)","(3, 1)",,,"[((2, 0), 'cooking'), ((4, 0), 'items3')]"
5001,359,98,GET_DISH,"(2, 3)",HOLD,GET_DISH,GET_DISH,0,1,1,0,,GET_DISH,"(4, 1)","(3, 2)",,,"[((2, 0), 'cooking'), ((4, 0), 'cooking')]"
5001,367,99,PICKUP,"(2, 0)",PICKUP,PICKUP,PICKUP,1,1,1,0,,PICKUP,"(2, 2)","(3, 1)",dish,,"[((2, 0), 'ready'), ((4, 0), 'cooking')]"
5001,369,100,DELIVER,"(4, 3)",DELIVER,DELIVER,DELIVER,1,1,1,0,,DELIVER,"(2, 1)","(3, 1)",soup,,"[((2, 0), 'empty'), ((4, 0), 'cooking')]"
5001,375,101,FETCH,"(6, 1)",GET_DISH,FETCH,FETCH,0,1,1,0,,FETCH,"(4, 2)","(3, 1)",,,"[((2, 0), 'empty'), ((4, 0), 'cooking')]"
5001,378,102,PLACE,"(2, 0)",PLACE,PLACE,PLACE,1,1,1,0,,PLACE,"(5, 1)","(2, 2)",onion,dish,"[((2, 0), 'empty'), ((4, 0), 'ready')]"
5001,385,103,FETCH,"(0, 1)",HOLD,FETCH,FETCH,0,1,1,0,,FETCH,"(2, 1)","(4, 2)",,,"[((2, 0), 'items1'), ((4, 0), 'empty')]"
5001,387,104,PLACE,"(2, 0)",HOLD,PLACE,PLACE,0,1,1,0,,PLACE,"(1, 1)","(5, 1)",onion,,"[((2, 0), 'items1'), ((4, 0), 'empty')]"
5001,391,105,FETCH,"(0, 1)",FETCH,FETCH,FETCH,1,1,1,0,,FETCH,"(2, 1)","(4, 2)",,onion,"[((2, 0), 'items2'), ((4, 0), 'empty')]"
5001,393,106,PLACE,"(2, 0)",PLACE,PLACE,PLACE,1,1,1,0,,PLACE,"(1, 1)","(2, 2)",onion,onion,"[((2, 0), 'items2'), ((4, 0), 'empty')]"
5001,395,107,PLACE,"(4, 0)",PLACE,PLACE,PLACE,1,1,1,0,,PLACE,"(1, 2)","(2, 1)",onion,,"[((2, 0), 'items3'), ((4, 0), 'empty')]"
5001,400,108,FETCH,"(6, 1)",GET_DISH,FETCH,FETCH,0,1,1,0,,FETCH,"(4, 1)","(3, 1)",,,"[((2, 0), 'cooking'), ((4, 0), 'items1')]"
5001,402,109,PLACE,"(4, 0)",PLACE,PLACE,PLACE,1,1,1,0,,PLACE,"(5, 1)","(3, 1)",onion,,"[((2, 0), 'cooking'), ((4, 0), 'items1')]"
5001,406,110,FETCH,"(6, 1)",GET_DISH,FETCH,FETCH,0,1,1,0,,FETCH,"(4, 1)","(3, 1)",,,"[((2, 0), 'cooking'), ((4, 0), 'items2')]"
5001,408,111,PLACE,"(4, 0)",HOLD,PLACE,PLACE,0,1,1,0,,PLACE,"(5, 1)","(3, 1)",onion,,"[((2, 0), 'cooking'), ((4, 0), 'items2')]"
5001,412,112,COOK_START,"(4, 0)",GET_DISH,COOK_START,COOK_START,0,1,1,0,,COOK_START,"(4, 1)","(3, 1)",,,"[((2, 0), 'cooking'), ((4, 0), 'items3')]"
5001,413,113,GET_DISH,"(2, 3)",HOLD,GET_DISH,GET_DISH,0,1,1,0,,GET_DISH,"(4, 1)","(3, 2)",,,"[((2, 0), 'cooking'), ((4, 0), 'cooking')]"
5001,421,114,PICKUP,"(2, 0)",PICKUP,PICKUP,PICKUP,1,1,1,0,,PICKUP,"(2, 2)","(3, 1)",dish,,"[((2, 0), 'ready'), ((4, 0), 'cooking')]"
5001,423,115,DELIVER,"(4, 3)",DELIVER,DELIVER,DELIVER,1,1,1,0,,DELIVER,"(2, 1)","(3, 1)",soup,,"[((2, 0), 'empty'), ((4, 0), 'cooking')]"
5001,429,116,FETCH,"(6, 1)",GET_DISH,FETCH,FETCH,0,1,1,0,,FETCH,"(4, 2)","(3, 1)",,,"[((2, 0), 'empty'), ((4, 0), 'cooking')]"
5001,432,117,PLACE,"(2, 0)",PLACE,PLACE,PLACE,1,1,1,0,,PLACE,"(5, 1)","(2, 2)",onion,dish,"[((2, 0), 'empty'), ((4, 0), 'ready')]"
5001,439,118,FETCH,"(0, 1)",HOLD,FETCH,FETCH,0,1,1,0,,FETCH,"(2, 1)","(4, 2)",,,"[((2, 0), 'items1'), ((4, 0), 'empty')]"
5001,441,119,PLACE,"(2, 0)",HOLD,PLACE,PLACE,0,1,1,0,,PLACE,"(1, 1)","(5, 1)",onion,,"[((2, 0), 'items1'), ((4, 0), 'empty')]"
5001,445,120,FETCH,"(0, 1)",FETCH,FETCH,FETCH,1,1,1,0,,FETCH,"(2, 1)","(4, 2)",,onion,"[((2, 0), 'items2'), ((4, 0), 'empty')]"
5001,447,121,PLACE,"(2, 0)",PLACE,PLACE,PLACE,1,1,1,0,,PLACE,"(1, 1)","(2, 2)",onion,onion,"[((2, 0), 'items2'), ((4, 0), 'empty')]"
5001,449,122,PLACE,"(4, 0)",PLACE,PLACE,PLACE,1,1,1,0,,PLACE,"(1, 2)","(2, 1)",onion,,"[((2, 0), 'items3'), ((4, 0), 'empty')]"
5001,454,123,FETCH,"(6, 1)",GET_DISH,FETCH,FETCH,0,1,1,0,,FETCH,"(4, 1)","(3, 1)",,,"[((2, 0), 'cooking'), ((4, 0), 'items1')]"
5001,456,124,PLACE,"(4, 0)",PLACE,PLACE,PLACE,1,1,1,0,,PLACE,"(5, 1)","(3, 1)",onion,,"[((2, 0), 'cooking'), ((4, 0), 'items1')]"
5001,460,125,FETCH,"(6, 1)",GET_DISH,FETCH,FETCH,0,1,1,0,,FETCH,"(4, 1)","(3, 1)",,,"[((2, 0), 'cooking'), ((4, 0), 'items2')]"
5001,462,126,PLACE,"(4, 0)",HOLD,PLACE,PLACE,0,1,1,0,,PLACE,"(5, 1)","(3, 1)",onion,,"[((2, 0), 'cooking'), ((4, 0), 'items2')]"
5001,466,127,COOK_START,"(4, 0)",GET_DISH,COOK_START,COOK_START,0,1,1,0,,COOK_START,"(4, 1)","(3, 1)",,,"[((2, 0), 'cooking'), ((4, 0), 'items3')]"
5001,467,128,GET_DISH,"(2, 3)",HOLD,GET_DISH,GET_DISH,0,1,1,0,,GET_DISH,"(4, 1)","(3, 2)",,,"[((2, 0), 'cooking'), ((4, 0), 'cooking')]"
5001,475,129,PICKUP,"(2, 0)",PICKUP,PICKUP,PICKUP,1,1,1,0,,PICKUP,"(2, 2)","(3, 1)",dish,,"[((2, 0), 'ready'), ((4, 0), 'cooking')]"
5001,477,130,DELIVER,"(4, 3)",DELIVER,DELIVER,DELIVER,1,1,1,0,,DELIVER,"(2, 1)","(3, 1)",soup,,"[((2, 0), 'empty'), ((4, 0), 'cooking')]"
5001,483,131,FETCH,"(6, 1)",GET_DISH,FETCH,FETCH,0,1,1,0,,FETCH,"(4, 2)","(3, 1)",,,"[((2, 0), 'empty'), ((4, 0), 'cooking')]"
5001,486,132,PLACE,"(2, 0)",PLACE,PLACE,PLACE,1,1,1,0,,PLACE,"(5, 1)","(2, 2)",onion,dish,"[((2, 0), 'empty'), ((4, 0), 'ready')]"
5001,493,133,FETCH,"(0, 1)",HOLD,FETCH,FETCH,0,1,1,0,,FETCH,"(2, 1)","(4, 2)",,,"[((2, 0), 'items1'), ((4, 0), 'empty')]"
5001,495,134,PLACE,"(2, 0)",HOLD,PLACE,PLACE,0,1,1,0,,PLACE,"(1, 1)","(5, 1)",onion,,"[((2, 0), 'items1'), ((4, 0), 'empty')]"
5001,499,135,FETCH,"(0, 1)",FETCH,FETCH,FETCH,1,1,1,0,,FETCH,"(2, 1)","(4, 2)",,onion,"[((2, 0), 'items2'), ((4, 0), 'empty')]"
5001,501,136,PLACE,"(2, 0)",PLACE,PLACE,PLACE,1,1,1,0,,PLACE,"(1, 1)","(2, 2)",onion,onion,"[((2, 0), 'items2'), ((4, 0), 'empty')]"
5001,503,137,PLACE,"(4, 0)",PLACE,PLACE,PLACE,1,1,1,0,,PLACE,"(1, 2)","(2, 1)",onion,,"[((2, 0), 'items3'), ((4, 0), 'empty')]"
5001,508,138,FETCH,"(6, 1)",GET_DISH,FETCH,FETCH,0,1,1,0,,FETCH,"(4, 1)","(3, 1)",,,"[((2, 0), 'cooking'), ((4, 0), 'items1')]"
5001,510,139,PLACE,"(4, 0)",PLACE,PLACE,PLACE,1,1,1,0,,PLACE,"(5, 1)","(3, 1)",onion,,"[((2, 0), 'cooking'), ((4, 0), 'items1')]"
5001,514,140,FETCH,"(6, 1)",HOLD,FETCH,FETCH,0,1,1,0,,FETCH,"(4, 1)","(3, 1)",,,"[((2, 0), 'cooking'), ((4, 0), 'items2')]"
5001,516,141,PLACE,"(4, 0)",HOLD,PLACE,PLACE,0,1,1,0,,PLACE,"(5, 1)","(3, 1)",onion,,"[((2, 0), 'cooking'), ((4, 0), 'items2')]"
5001,520,142,COOK_START,"(4, 0)",GET_DISH,COOK_START,COOK_START,0,1,1,0,,COOK_START,"(4, 1)","(3, 1)",,,"[((2, 0), 'cooking'), ((4, 0), 'items3')]"
5001,521,143,GET_DISH,"(2, 3)",HOLD,GET_DISH,GET_DISH,0,1,1,0,,GET_DISH,"(4, 1)","(3, 2)",,,"[((2, 0), 'cooking'), ((4, 0), 'cooking')]"
5001,529,144,PICKUP,"(2, 0)",PICKUP,PICKUP,PICKUP,1,1,1,0,,PICKUP,"(2, 2)","(3, 1)",dish,,"[((2, 0), 'ready'), ((4, 0), 'cooking')]"
5001,531,145,DELIVER,"(4, 3)",DELIVER,DELIVER,DELIVER,1,1,1,0,,DELIVER,"(2, 1)","(3, 1)",soup,,"[((2, 0), 'empty'), ((4, 0), 'cooking')]"
5001,537,146,FETCH,"(6, 1)",GET_DISH,FETCH,FETCH,0,1,1,0,,FETCH,"(4, 2)","(3, 1)",,,"[((2, 0), 'empty'), ((4, 0), 'cooking')]"
5001,540,147,PLACE,"(2, 0)",PLACE,PLACE,PLACE,1,1,1,0,,PLACE,"(5, 1)","(2, 2)",onion,dish,"[((2, 0), 'empty'), ((4, 0), 'ready')]"
5001,547,148,FETCH,"(0, 1)",HOLD,FETCH,FETCH,0,1,1,0,,FETCH,"(2, 1)","(4, 2)",,,"[((2, 0), 'items1'), ((4, 0), 'empty')]"
5001,549,149,PLACE,"(2, 0)",HOLD,PLACE,PLACE,0,1,1,0,,PLACE,"(1, 1)","(5, 1)",onion,,"[((2, 0), 'items1'), ((4, 0), 'empty')]"
5001,553,150,FETCH,"(0, 1)",FETCH,FETCH,FETCH,1,1,1,0,,FETCH,"(2, 1)","(4, 2)",,onion,"[((2, 0), 'items2'), ((4, 0), 'empty')]"
5001,555,151,PLACE,"(2, 0)",PLACE,PLACE,PLACE,1,1,1,0,,PLACE,"(1, 1)","(2, 2)",onion,onion,"[((2, 0), 'items2'), ((4, 0), 'empty')]"
5001,557,152,PLACE,"(4, 0)",PLACE,PLACE,PLACE,1,1,1,0,,PLACE,"(1, 2)","(2, 1)",onion,,"[((2, 0), 'items3'), ((4, 0), 'empty')]"
5001,562,153,FETCH,"(6, 1)",GET_DISH,FETCH,FETCH,0,1,1,0,,FETCH,"(4, 1)","(3, 1)",,,"[((2, 0), 'cooking'), ((4, 0), 'items1')]"
5001,564,154,PLACE,"(4, 0)",HOLD,PLACE,PLACE,0,1,1,0,,PLACE,"(5, 1)","(3, 1)",onion,,"[((2, 0), 'cooking'), ((4, 0), 'items1')]"
5001,568,155,FETCH,"(6, 1)",HOLD,FETCH,FETCH,0,1,1,0,,FETCH,"(4, 1)","(3, 1)",,,"[((2, 0), 'cooking'), ((4, 0), 'items2')]"
5001,570,156,PLACE,"(4, 0)",HOLD,PLACE,PLACE,0,1,1,0,,PLACE,"(5, 1)","(3, 1)",onion,,"[((2, 0), 'cooking'), ((4, 0), 'items2')]"
5001,574,157,COOK_START,"(4, 0)",GET_DISH,COOK_START,COOK_START,0,1,1,0,,COOK_START,"(4, 1)","(3, 1)",,,"[((2, 0), 'cooking'), ((4, 0), 'items3')]"
5001,575,158,GET_DISH,"(2, 3)",HOLD,GET_DISH,GET_DISH,0,1,1,0,,GET_DISH,"(4, 1)","(3, 2)",,,"[((2, 0), 'cooking'), ((4, 0), 'cooking')]"
5001,583,159,PICKUP,"(2, 0)",PICKUP,PICKUP,PICKUP,1,1,1,0,,PICKUP,"(2, 2)","(3, 1)",dish,,"[((2, 0), 'ready'), ((4, 0), 'cooking')]"
5001,585,160,DELIVER,"(4, 3)",DELIVER,DELIVER,DELIVER,1,1,1,0,,DELIVER,"(2, 1)","(3, 1)",soup,,"[((2, 0), 'empty'), ((4, 0), 'cooking')]"
5001,591,161,FETCH,"(6, 1)",GET_DISH,FETCH,FETCH,0,1,1,0,,FETCH,"(4, 2)","(3, 1)",,,"[((2, 0), 'empty'), ((4, 0), 'cooking')]"
5001,594,162,PLACE,"(2, 0)",PLACE,PLACE,PLACE,1,1,1,0,,PLACE,"(5, 1)","(2, 2)",onion,dish,"[((2, 0), 'empty'), ((4, 0), 'ready')]"
5001,601,163,FETCH,"(0, 1)",HOLD,FETCH,FETCH,0,1,1,0,,FETCH,"(2, 1)","(4, 2)",,,"[((2, 0), 'items1'), ((4, 0), 'empty')]"
5001,603,164,PLACE,"(2, 0)",HOLD,PLACE,PLACE,0,1,1,0,,PLACE,"(1, 1)","(5, 1)",onion,,"[((2, 0), 'items1'), ((4, 0), 'empty')]"
5001,607,165,FETCH,"(0, 1)",FETCH,FETCH,FETCH,1,1,1,0,,FETCH,"(2, 1)","(4, 2)",,onion,"[((2, 0), 'items2'), ((4, 0), 'empty')]"
5001,609,166,PLACE,"(2, 0)",PLACE,PLACE,PLACE,1,1,1,0,,PLACE,"(1, 1)","(2, 2)",onion,onion,"[((2, 0), 'items2'), ((4, 0), 'empty')]"
5001,611,167,PLACE,"(4, 0)",PLACE,PLACE,PLACE,1,1,1,0,,PLACE,"(1, 2)","(2, 1)",onion,,"[((2, 0), 'items3'), ((4, 0), 'empty')]"
5001,616,168,FETCH,"(6, 1)",GET_DISH,FETCH,FETCH,0,1,1,0,,FETCH,"(4, 1)","(3, 1)",,,"[((2, 0), 'cooking'), ((4, 0), 'items1')]"
5001,618,169,PLACE,"(4, 0)",HOLD,PLACE,PLACE,0,1,1,0,,PLACE,"(5, 1)","(3, 1)",onion,,"[((2, 0), 'cooking'), ((4, 0), 'items1')]"
5001,622,170,FETCH,"(6, 1)",HOLD,FETCH,FETCH,0,1,1,0,,FETCH,"(4, 1)","(3, 1)",,,"[((2, 0), 'cooking'), ((4, 0), 'items2')]"
5001,624,171,PLACE,"(4, 0)",HOLD,PLACE,PLACE,0,1,1,0,,PLACE,"(5, 1)","(3, 1)",onion,,"[((2, 0), 'cooking'), ((4, 0), 'items2')]"
5001,628,172,COOK_START,"(4, 0)",HOLD,COOK_START,COOK_START,0,1,1,0,,COOK_START,"(4, 1)","(3, 1)",,,"[((2, 0), 'cooking'), ((4, 0), 'items3')]"
5001,629,173,GET_DISH,"(2, 3)",HOLD,GET_DISH,GET_DISH,0,1,1,0,,GET_DISH,"(4, 1)","(3, 2)",,,"[((2, 0), 'cooking'), ((4, 0), 'cooking')]"
5001,637,174,PICKUP,"(2, 0)",PICKUP,PICKUP,PICKUP,1,1,1,0,,PICKUP,"(2, 2)","(3, 1)",dish,,"[((2, 0), 'ready'), ((4, 0), 'cooking')]"
5001,639,175,DELIVER,"(4, 3)",DELIVER,DELIVER,DELIVER,1,1,1,0,,DELIVER,"(2, 1)","(3, 1)",soup,,"[((2, 0), 'empty'), ((4, 0), 'cooking')]"
5001,645,176,FETCH,"(6, 1)",GET_DISH,FETCH,FETCH,0,1,1,0,,FETCH,"(4, 2)","(3, 1)",,,"[((2, 0), 'empty'), ((4, 0), 'cooking')]"
5001,648,177,PLACE,"(2, 0)",PLACE,PLACE,PLACE,1,1,1,0,,PLACE,"(5, 1)","(2, 2)",onion,dish,"[((2, 0), 'empty'), ((4, 0), 'ready')]"
5001,655,178,FETCH,"(0, 1)",HOLD,FETCH,FETCH,0,1,1,0,,FETCH,"(2, 1)","(4, 2)",,,"[((2, 0), 'items1'), ((4, 0), 'empty')]"
5001,657,179,PLACE,"(2, 0)",HOLD,PLACE,PLACE,0,1,1,0,,PLACE,"(1, 1)","(5, 1)",onion,,"[((2, 0), 'items1'), ((4, 0), 'empty')]"
5001,661,180,FETCH,"(0, 1)",FETCH,FETCH,FETCH,1,1,1,0,,FETCH,"(2, 1)","(4, 2)",,onion,"[((2, 0), 'items2'), ((4, 0), 'empty')]"
5001,663,181,PLACE,"(2, 0)",PLACE,PLACE,PLACE,1,1,1,0,,PLACE,"(1, 1)","(2, 2)",onion,onion,"[((2, 0), 'items2'), ((4, 0), 'empty')]"
5001,665,182,PLACE,"(4, 0)",PLACE,PLACE,PLACE,1,1,1,0,,PLACE,"(1, 2)","(2, 1)",onion,,"[((2, 0), 'items3'), ((4, 0), 'empty')]"
5001,670,183,FETCH,"(6, 1)",GET_DISH,FETCH,FETCH,0,1,1,0,,FETCH,"(4, 1)","(3, 1)",,,"[((2, 0), 'cooking'), ((4, 0), 'items1')]"
5001,672,184,PLACE,"(4, 0)",HOLD,PLACE,PLACE,0,1,1,0,,PLACE,"(5, 1)","(3, 1)",onion,,"[((2, 0), 'cooking'), ((4, 0), 'items1')]"
5001,676,185,FETCH,"(6, 1)",HOLD,FETCH,FETCH,0,1,1,0,,FETCH,"(4, 1)","(3, 1)",,,"[((2, 0), 'cooking'), ((4, 0), 'items2')]"
5001,678,186,PLACE,"(4, 0)",HOLD,PLACE,PLACE,0,1,1,0,,PLACE,"(5, 1)","(3, 1)",onion,,"[((2, 0), 'cooking'), ((4, 0), 'items2')]"
5001,682,187,COOK_START,"(4, 0)",HOLD,COOK_START,COOK_START,0,1,1,0,,COOK_START,"(4, 1)","(3, 1)",,,"[((2, 0), 'cooking'), ((4, 0), 'items3')]"
5001,683,188,GET_DISH,"(2, 3)",HOLD,GET_DISH,GET_DISH,0,1,1,0,,GET_DISH,"(4, 1)","(3, 2)",,,"[((2, 0), 'cooking'), ((4, 0), 'cooking')]"
5001,691,189,PICKUP,"(2, 0)",PICKUP,PICKUP,PICKUP,1,1,1,0,,PICKUP,"(2, 2)","(3, 1)",dish,,"[((2, 0), 'ready'), ((4, 0), 'cooking')]"
5001,693,190,DELIVER,"(4, 3)",DELIVER,DELIVER,DELIVER,1,1,1,0,,DELIVER,"(2, 1)","(3, 1)",soup,,"[((2, 0), 'empty'), ((4, 0), 'cooking')]"
5001,699,191,FETCH,"(6, 1)",GET_DISH,FETCH,FETCH,0,1,1,0,,FETCH,"(4, 2)","(3, 1)",,,"[((2, 0), 'empty'), ((4, 0), 'cooking')]"
5002,0,1,FETCH,"(6, 1)",FETCH,FETCH,FETCH,1,1,1,0,,,"(5, 3)","(1, 3)",,,"[((2, 0), 'empty'), ((4, 0), 'empty')]"
5002,5,2,PLACE,"(4, 0)",PLACE,PLACE,PLACE,1,1,1,0,PLACE,PLACE,"(5, 1)","(5, 2)",onion,,"[((2, 0), 'empty'), ((4, 0), 'empty')]"
5002,9,3,FETCH,"(6, 1)",FETCH,FETCH,FETCH,1,1,1,0,FETCH,FETCH,"(4, 1)","(5, 2)",,,"[((2, 0), 'empty'), ((4, 0), 'items1')]"
5002,11,4,PLACE,"(4, 0)",PLACE,PLACE,PLACE,1,1,1,0,PLACE,PLACE,"(5, 1)","(5, 2)",onion,,"[((2, 0), 'empty'), ((4, 0), 'items1')]"
5002,15,5,FETCH,"(6, 1)",FETCH,FETCH,FETCH,1,1,1,0,FETCH,FETCH,"(4, 1)","(5, 2)",,,"[((2, 0), 'empty'), ((4, 0), 'items2')]"
5002,17,6,PLACE,"(4, 0)",PLACE,PLACE,PLACE,1,1,1,0,PLACE,PLACE,"(5, 1)","(5, 2)",onion,,"[((2, 0), 'empty'), ((4, 0), 'items2')]"
5002,21,7,COOK_START,"(4, 0)",COOK_START,COOK_START,COOK_START,1,1,1,0,COOK_START,COOK_START,"(4, 1)","(5, 2)",,,"[((2, 0), 'empty'), ((4, 0), 'items3')]"
5002,22,8,FETCH,"(6, 1)",FETCH,FETCH,FETCH,1,1,1,0,FETCH,FETCH,"(4, 1)","(5, 2)",,,"[((2, 0), 'empty'), ((4, 0), 'cooking')]"
5002,24,9,PLACE,"(2, 0)",PLACE,PLACE,PLACE,1,1,1,0,PLACE,PLACE,"(5, 1)","(4, 1)",onion,,"[((2, 0), 'empty'), ((4, 0), 'cooking')]"
5002,37,10,FETCH,"(0, 1)",FETCH,FETCH,FETCH,1,1,1,1,HOLD,FETCH,"(2, 1)","(3, 2)",,dish,"[((2, 0), 'items1'), ((4, 0), 'cooking')]"
5002,39,11,PLACE,"(2, 0)",PLACE,PLACE,PLACE,1,1,1,0,PLACE,PLACE,"(1, 1)","(3, 2)",onion,dish,"[((2, 0), 'items1'), ((4, 0), 'cooking')]"
5002,43,12,FETCH,"(0, 1)",FETCH,FETCH,FETCH,1,1,1,0,FETCH,FETCH,"(2, 1)","(4, 1)",,dish,"[((2, 0), 'items2'), ((4, 0), 'ready')]"
5002,45,13,PLACE,"(2, 0)",PLACE,PLACE,PLACE,1,1,1,0,PLACE,PLACE,"(1, 1)","(4, 2)",onion,soup,"[((2, 0), 'items2'), ((4, 0), 'empty')]"
5002,49,14,COOK_START,"(2, 0)",HOLD,COOK_START,COOK_START,0,1,1,1,HOLD,COOK_START,"(2, 1)","(5, 1)",,onion,"[((2, 0), 'items3'), ((4, 0), 'empty')]"
5002,50,15,FETCH,"(0, 1)",HOLD,FETCH,FETCH,0,1,1,0,,FETCH,"(2, 1)","(5, 2)",,onion,"[((2, 0), 'cooking'), ((4, 0), 'empty')]"
5002,52,16,PLACE,"(4, 0)",PLACE,PLACE,PLACE,1,1,1,0,,PLACE,"(1, 1)","(4, 1)",onion,onion,"[((2, 0), 'cooking'), ((4, 0), 'empty')]"
5002,58,17,FETCH,"(6, 1)",FETCH,FETCH,FETCH,1,1,1,0,,FETCH,"(4, 1)","(3, 1)",,,"[((2, 0), 'cooking'), ((4, 0), 'items2')]"
5002,60,18,PLACE,"(4, 0)",PLACE,PLACE,PLACE,1,1,1,0,,PLACE,"(5, 1)","(3, 1)",onion,,"[((2, 0), 'cooking'), ((4, 0), 'items2')]"
5002,64,19,COOK_START,"(4, 0)",COOK_START,COOK_START,COOK_START,1,1,1,0,,COOK_START,"(4, 1)","(3, 1)",,,"[((2, 0), 'cooking'), ((4, 0), 'items3')]"
5002,65,20,GET_DISH,"(2, 3)",GET_DISH,GET_DISH,GET_DISH,1,1,1,0,,GET_DISH,"(4, 1)","(3, 2)",,,"[((2, 0), 'cooking'), ((4, 0), 'cooking')]"
5002,73,21,PICKUP,"(2, 0)",PICKUP,PICKUP,PICKUP,1,1,1,0,,PICKUP,"(2, 2)","(3, 1)",dish,,"[((2, 0), 'ready'), ((4, 0), 'cooking')]"
5002,75,22,DELIVER,"(4, 3)",DELIVER,DELIVER,DELIVER,1,1,1,0,,DELIVER,"(2, 1)","(3, 1)",soup,,"[((2, 0), 'empty'), ((4, 0), 'cooking')]"
5002,81,23,FETCH,"(6, 1)",FETCH,FETCH,FETCH,1,1,1,0,,FETCH,"(4, 2)","(3, 1)",,,"[((2, 0), 'empty'), ((4, 0), 'cooking')]"
5002,84,24,PLACE,"(2, 0)",PLACE,PLACE,PLACE,1,1,1,0,,PLACE,"(5, 1)","(2, 2)",onion,dish,"[((2, 0), 'empty'), ((4, 0), 'ready')]"
5002,91,25,FETCH,"(0, 1)",FETCH,FETCH,FETCH,1,1,1,0,,FETCH,"(2, 1)","(4, 2)",,,"[((2, 0), 'items1'), ((4, 0), 'empty')]"
5002,93,26,PLACE,"(2, 0)",PLACE,PLACE,PLACE,1,1,1,0,,PLACE,"(1, 1)","(5, 1)",onion,,"[((2, 0), 'items1'), ((4, 0), 'empty')]"
5002,97,27,FETCH,"(0, 1)",FETCH,FETCH,FETCH,1,1,1,0,,FETCH,"(2, 1)","(4, 2)",,onion,"[((2, 0), 'items2'), ((4, 0), 'empty')]"
5002,99,28,PLACE,"(2, 0)",PLACE,PLACE,PLACE,1,1,1,0,,PLACE,"(1, 1)","(2, 2)",onion,onion,"[((2, 0), 'items2'), ((4, 0), 'empty')]"
5002,101,29,PLACE,"(4, 0)",PLACE,PLACE,PLACE,1,1,1,0,,PLACE,"(1, 2)","(2, 1)",onion,,"[((2, 0), 'items3'), ((4, 0), 'empty')]"
5002,106,30,FETCH,"(6, 1)",FETCH,FETCH,FETCH,1,1,1,0,,FETCH,"(4, 1)","(3, 1)",,,"[((2, 0), 'cooking'), ((4, 0), 'items1')]"
5002,108,31,PLACE,"(4, 0)",PLACE,PLACE,PLACE,1,1,1,0,,PLACE,"(5, 1)","(3, 1)",onion,,"[((2, 0), 'cooking'), ((4, 0), 'items1')]"
5002,112,32,FETCH,"(6, 1)",FETCH,FETCH,FETCH,1,1,1,0,,FETCH,"(4, 1)","(3, 1)",,,"[((2, 0), 'cooking'), ((4, 0), 'items2')]"
5002,114,33,PLACE,"(4, 0)",PLACE,PLACE,PLACE,1,1,1,0,,PLACE,"(5, 1)","(3, 1)",onion,,"[((2, 0), 'cooking'), ((4, 0), 'items2')]"
5002,118,34,COOK_START,"(4, 0)",COOK_START,COOK_START,COOK_START,1,1,1,0,,COOK_START,"(4, 1)","(3, 1)",,,"[((2, 0), 'cooking'), ((4, 0), 'items3')]"
5002,119,35,GET_DISH,"(2, 3)",GET_DISH,GET_DISH,GET_DISH,1,1,1,0,,GET_DISH,"(4, 1)","(3, 2)",,,"[((2, 0), 'cooking'), ((4, 0), 'cooking')]"
5002,127,36,PICKUP,"(2, 0)",PICKUP,PICKUP,PICKUP,1,1,1,0,,PICKUP,"(2, 2)","(3, 1)",dish,,"[((2, 0), 'ready'), ((4, 0), 'cooking')]"
5002,129,37,DELIVER,"(4, 3)",DELIVER,DELIVER,DELIVER,1,1,1,0,,DELIVER,"(2, 1)","(3, 1)",soup,,"[((2, 0), 'empty'), ((4, 0), 'cooking')]"
5002,135,38,FETCH,"(6, 1)",FETCH,FETCH,FETCH,1,1,1,0,,FETCH,"(4, 2)","(3, 1)",,,"[((2, 0), 'empty'), ((4, 0), 'cooking')]"
5002,138,39,PLACE,"(2, 0)",PLACE,PLACE,PLACE,1,1,1,0,,PLACE,"(5, 1)","(2, 2)",onion,dish,"[((2, 0), 'empty'), ((4, 0), 'ready')]"
5002,145,40,FETCH,"(0, 1)",FETCH,FETCH,FETCH,1,1,1,0,,FETCH,"(2, 1)","(4, 2)",,,"[((2, 0), 'items1'), ((4, 0), 'empty')]"
5002,147,41,PLACE,"(2, 0)",PLACE,PLACE,PLACE,1,1,1,0,,PLACE,"(1, 1)","(5, 1)",onion,,"[((2, 0), 'items1'), ((4, 0), 'empty')]"
5002,151,42,FETCH,"(0, 1)",FETCH,FETCH,FETCH,1,1,1,0,,FETCH,"(2, 1)","(4, 2)",,onion,"[((2, 0), 'items2'), ((4, 0), 'empty')]"
5002,153,43,PLACE,"(2, 0)",PLACE,PLACE,PLACE,1,1,1,0,,PLACE,"(1, 1)","(2, 2)",onion,onion,"[((2, 0), 'items2'), ((4, 0), 'empty')]"
5002,155,44,PLACE,"(4, 0)",PLACE,PLACE,PLACE,1,1,1,0,,PLACE,"(1, 2)","(2, 1)",onion,,"[((2, 0), 'items3'), ((4, 0), 'empty')]"
5002,160,45,FETCH,"(6, 1)",FETCH,FETCH,FETCH,1,1,1,0,,FETCH,"(4, 1)","(3, 1)",,,"[((2, 0), 'cooking'), ((4, 0), 'items1')]"
5002,162,46,PLACE,"(4, 0)",PLACE,PLACE,PLACE,1,1,1,0,,PLACE,"(5, 1)","(3, 1)",onion,,"[((2, 0), 'cooking'), ((4, 0), 'items1')]"
5002,166,47,FETCH,"(6, 1)",FETCH,FETCH,FETCH,1,1,1,0,,FETCH,"(4, 1)","(3, 1)",,,"[((2, 0), 'cooking'), ((4, 0), 'items2')]"
5002,168,48,PLACE,"(4, 0)",PLACE,PLACE,PLACE,1,1,1,0,,PLACE,"(5, 1)","(3, 1)",onion,,"[((2, 0), 'cooking'), ((4, 0), 'items2')]"
5002,172,49,COOK_START,"(4, 0)",COOK_START,COOK_START,COOK_START,1,1,1,0,,COOK_START,"(4, 1)","(3, 1)",,,"[((2, 0), 'cooking'), ((4, 0), 'items3')]"
5002,173,50,GET_DISH,"(2, 3)",GET_DISH,GET_DISH,GET_DISH,1,1,1,0,,GET_DISH,"(4, 1)","(3, 2)",,,"[((2, 0), 'cooking'), ((4, 0), 'cooking')]"
5002,181,51,PICKUP,"(2, 0)",PICKUP,PICKUP,PICKUP,1,1,1,0,,PICKUP,"(2, 2)","(3, 1)",dish,,"[((2, 0), 'ready'), ((4, 0), 'cooking')]"
5002,183,52,DELIVER,"(4, 3)",DELIVER,DELIVER,DELIVER,1,1,1,0,,DELIVER,"(2, 1)","(3, 1)",soup,,"[((2, 0), 'empty'), ((4, 0), 'cooking')]"
5002,189,53,FETCH,"(6, 1)",FETCH,FETCH,FETCH,1,1,1,0,,FETCH,"(4, 2)","(3, 1)",,,"[((2, 0), 'empty'), ((4, 0), 'cooking')]"
5002,192,54,PLACE,"(2, 0)",PLACE,PLACE,PLACE,1,1,1,0,,PLACE,"(5, 1)","(2, 2)",onion,dish,"[((2, 0), 'empty'), ((4, 0), 'ready')]"
5002,199,55,FETCH,"(0, 1)",FETCH,FETCH,FETCH,1,1,1,0,,FETCH,"(2, 1)","(4, 2)",,,"[((2, 0), 'items1'), ((4, 0), 'empty')]"
5002,201,56,PLACE,"(2, 0)",PLACE,PLACE,PLACE,1,1,1,0,,PLACE,"(1, 1)","(5, 1)",onion,,"[((2, 0), 'items1'), ((4, 0), 'empty')]"
5002,205,57,FETCH,"(0, 1)",FETCH,FETCH,FETCH,1,1,1,0,,FETCH,"(2, 1)","(4, 2)",,onion,"[((2, 0), 'items2'), ((4, 0), 'empty')]"
5002,207,58,PLACE,"(2, 0)",PLACE,PLACE,PLACE,1,1,1,0,,PLACE,"(1, 1)","(2, 2)",onion,onion,"[((2, 0), 'items2'), ((4, 0), 'empty')]"
5002,209,59,PLACE,"(4, 0)",PLACE,PLACE,PLACE,1,1,1,0,,PLACE,"(1, 2)","(2, 1)",onion,,"[((2, 0), 'items3'), ((4, 0), 'empty')]"
5002,214,60,FETCH,"(6, 1)",FETCH,FETCH,FETCH,1,1,1,0,,FETCH,"(4, 1)","(3, 1)",,,"[((2, 0), 'cooking'), ((4, 0), 'items1')]"
5002,216,61,PLACE,"(4, 0)",PLACE,PLACE,PLACE,1,1,1,0,,PLACE,"(5, 1)","(3, 1)",onion,,"[((2, 0), 'cooking'), ((4, 0), 'items1')]"
5002,220,62,FETCH,"(6, 1)",FETCH,FETCH,FETCH,1,1,1,0,,FETCH,"(4, 1)","(3, 1)",,,"[((2, 0), 'cooking'), ((4, 0), 'items2')]"
5002,222,63,PLACE,"(4, 0)",PLACE,PLACE,PLACE,1,1,1,0,,PLACE,"(5, 1)","(3, 1)",onion,,"[((2, 0), 'cooking'), ((4, 0), 'items2')]"
5002,226,64,COOK_START,"(4, 0)",COOK_START,COOK_START,COOK_START,1,1,1,0,,COOK_START,"(4, 1)","(3, 1)",,,"[((2, 0), 'cooking'), ((4, 0), 'items3')]"
5002,227,65,GET_DISH,"(2, 3)",GET_DISH,GET_DISH,GET_DISH,1,1,1,0,,GET_DISH,"(4, 1)","(3, 2)",,,"[((2, 0), 'cooking'), ((4, 0), 'cooking')]"
5002,235,66,PICKUP,"(2, 0)",PICKUP,PICKUP,PICKUP,1,1,1,0,,PICKUP,"(2, 2)","(3, 1)",dish,,"[((2, 0), 'ready'), ((4, 0), 'cooking')]"
5002,237,67,DELIVER,"(4, 3)",DELIVER,DELIVER,DELIVER,1,1,1,0,,DELIVER,"(2, 1)","(3, 1)",soup,,"[((2, 0), 'empty'), ((4, 0), 'cooking')]"
5002,243,68,FETCH,"(6, 1)",FETCH,FETCH,FETCH,1,1,1,0,,FETCH,"(4, 2)","(3, 1)",,,"[((2, 0), 'empty'), ((4, 0), 'cooking')]"
5002,246,69,PLACE,"(2, 0)",PLACE,PLACE,PLACE,1,1,1,0,,PLACE,"(5, 1)","(2, 2)",onion,dish,"[((2, 0), 'empty'), ((4, 0), 'ready')]"
5002,253,70,FETCH,"(0, 1)",HOLD,FETCH,FETCH,0,1,1,0,,FETCH,"(2, 1)","(4, 2)",,,"[((2, 0), 'items1'), ((4, 0), 'empty')]"
5002,255,71,PLACE,"(2, 0)",PLACE,PLACE,PLACE,1,1,1,0,,PLACE,"(1, 1)","(5, 1)",onion,,"[((2, 0), 'items1'), ((4, 0), 'empty')]"
5002,259,72,FETCH,"(0, 1)",FETCH,FETCH,FETCH,1,1,1,0,,FETCH,"(2, 1)","(4, 2)",,onion,"[((2, 0), 'items2'), ((4, 0), 'empty')]"
5002,261,73,PLACE,"(2, 0)",PLACE,PLACE,PLACE,1,1,1,0,,PLACE,"(1, 1)","(2, 2)",onion,onion,"[((2, 0), 'items2'), ((4, 0), 'empty')]"
5002,263,74,PLACE,"(4, 0)",PLACE,PLACE,PLACE,1,1,1,0,,PLACE,"(1, 2)","(2, 1)",onion,,"[((2, 0), 'items3'), ((4, 0), 'empty')]"
5002,268,75,FETCH,"(6, 1)",GET_DISH,FETCH,FETCH,0,1,1,0,,FETCH,"(4, 1)","(3, 1)",,,"[((2, 0), 'cooking'), ((4, 0), 'items1')]"
5002,270,76,PLACE,"(4, 0)",PLACE,PLACE,PLACE,1,1,1,0,,PLACE,"(5, 1)","(3, 1)",onion,,"[((2, 0), 'cooking'), ((4, 0), 'items1')]"
5002,274,77,FETCH,"(6, 1)",GET_DISH,FETCH,FETCH,0,1,1,0,,FETCH,"(4, 1)","(3, 1)",,,"[((2, 0), 'cooking'), ((4, 0), 'items2')]"
5002,276,78,PLACE,"(4, 0)",PLACE,PLACE,PLACE,1,1,1,0,,PLACE,"(5, 1)","(3, 1)",onion,,"[((2, 0), 'cooking'), ((4, 0), 'items2')]"
5002,280,79,COOK_START,"(4, 0)",COOK_START,COOK_START,COOK_START,1,1,1,0,,COOK_START,"(4, 1)","(3, 1)",,,"[((2, 0), 'cooking'), ((4, 0), 'items3')]"
5002,281,80,GET_DISH,"(2, 3)",GET_DISH,GET_DISH,GET_DISH,1,1,1,0,,GET_DISH,"(4, 1)","(3, 2)",,,"[((2, 0), 'cooking'), ((4, 0), 'cooking')]"
5002,289,81,PICKUP,"(2, 0)",PICKUP,PICKUP,PICKUP,1,1,1,0,,PICKUP,"(2, 2)","(3, 1)",dish,,"[((2, 0), 'ready'), ((4, 0), 'cooking')]"
5002,291,82,DELIVER,"(4, 3)",DELIVER,DELIVER,DELIVER,1,1,1,0,,DELIVER,"(2, 1)","(3, 1)",soup,,"[((2, 0), 'empty'), ((4, 0), 'cooking')]"
5002,297,83,FETCH,"(6, 1)",FETCH,FETCH,FETCH,1,1,1,0,,FETCH,"(4, 2)","(3, 1)",,,"[((2, 0), 'empty'), ((4, 0), 'cooking')]"
5002,300,84,PLACE,"(2, 0)",PLACE,PLACE,PLACE,1,1,1,0,,PLACE,"(5, 1)","(2, 2)",onion,dish,"[((2, 0), 'empty'), ((4, 0), 'ready')]"
5002,307,85,FETCH,"(0, 1)",HOLD,FETCH,FETCH,0,1,1,0,,FETCH,"(2, 1)","(4, 2)",,,"[((2, 0), 'items1'), ((4, 0), 'empty')]"
5002,309,86,PLACE,"(2, 0)",PLACE,PLACE,PLACE,1,1,1,0,,PLACE,"(1, 1)","(5, 1)",onion,,"[((2, 0), 'items1'), ((4, 0), 'empty')]"
5002,313,87,FETCH,"(0, 1)",FETCH,FETCH,FETCH,1,1,1,0,,FETCH,"(2, 1)","(4, 2)",,onion,"[((2, 0), 'items2'), ((4, 0), 'empty')]"
5002,315,88,PLACE,"(2, 0)",PLACE,PLACE,PLACE,1,1,1,0,,PLACE,"(1, 1)","(2, 2)",onion,onion,"[((2, 0), 'items2'), ((4, 0), 'empty')]"
5002,317,89,PLACE,"(4, 0)",PLACE,PLACE,PLACE,1,1,1,0,,PLACE,"(1, 2)","(2, 1)",onion,,"[((2, 0), 'items3'), ((4, 0), 'empty')]"
5002,322,90,FETCH,"(6, 1)",GET_DISH,FETCH,FETCH,0,1,1,0,,FETCH,"(4, 1)","(3, 1)",,,"[((2, 0), 'cooking'), ((4, 0), 'items1')]"
5002,324,91,PLACE,"(4, 0)",PLACE,PLACE,PLACE,1,1,1,0,,PLACE,"(5, 1)","(3, 1)",onion,,"[((2, 0), 'cooking'), ((4, 0), 'items1')]"
5002,328,92,FETCH,"(6, 1)",GET_DISH,FETCH,FETCH,0,1,1,0,,FETCH,"(4, 1)","(3, 1)",,,"[((2, 0), 'cooking'), ((4, 0), 'items2')]"
5002,330,93,PLACE,"(4, 0)",PLACE,PLACE,PLACE,1,1,1,0,,PLACE,"(5, 1)","(3, 1)",onion,,"[((2, 0), 'cooking'), ((4, 0), 'items2')]"
5002,334,94,COOK_START,"(4, 0)",GET_DISH,COOK_START,COOK_START,0,1,1,0,,COOK_START,"(4, 1)","(3, 1)",,,"[((2, 0), 'cooking'), ((4, 0), 'items3')]"
5002,335,95,GET_DISH,"(2, 3)",HOLD,GET_DISH,GET_DISH,0,1,1,0,,GET_DISH,"(4, 1)","(3, 2)",,,"[((2, 0), 'cooking'), ((4, 0), 'cooking')]"
5002,343,96,PICKUP,"(2, 0)",PICKUP,PICKUP,PICKUP,1,1,1,0,,PICKUP,"(2, 2)","(3, 1)",dish,,"[((2, 0), 'ready'), ((4, 0), 'cooking')]"
5002,345,97,DELIVER,"(4, 3)",DELIVER,DELIVER,DELIVER,1,1,1,0,,DELIVER,"(2, 1)","(3, 1)",soup,,"[((2, 0), 'empty'), ((4, 0), 'cooking')]"
5002,351,98,FETCH,"(6, 1)",GET_DISH,FETCH,FETCH,0,1,1,0,,FETCH,"(4, 2)","(3, 1)",,,"[((2, 0), 'empty'), ((4, 0), 'cooking')]"
5002,354,99,PLACE,"(2, 0)",PLACE,PLACE,PLACE,1,1,1,0,,PLACE,"(5, 1)","(2, 2)",onion,dish,"[((2, 0), 'empty'), ((4, 0), 'ready')]"
5002,361,100,FETCH,"(0, 1)",HOLD,FETCH,FETCH,0,1,1,0,,FETCH,"(2, 1)","(4, 2)",,,"[((2, 0), 'items1'), ((4, 0), 'empty')]"
5002,363,101,PLACE,"(2, 0)",HOLD,PLACE,PLACE,0,1,1,0,,PLACE,"(1, 1)","(5, 1)",onion,,"[((2, 0), 'items1'), ((4, 0), 'empty')]"
5002,367,102,FETCH,"(0, 1)",FETCH,FETCH,FETCH,1,1,1,0,,FETCH,"(2, 1)","(4, 2)",,onion,"[((2, 0), 'items2'), ((4, 0), 'empty')]"
5002,369,103,PLACE,"(2, 0)",PLACE,PLACE,PLACE,1,1,1,0,,PLACE,"(1, 1)","(2, 2)",onion,onion,"[((2, 0), 'items2'), ((4, 0), 'empty')]"
5002,371,104,PLACE,"(4, 0)",PLACE,PLACE,PLACE,1,1,1,0,,PLACE,"(1, 2)","(2, 1)",onion,,"[((2, 0), 'items3'), ((4, 0), 'empty')]"
5002,376,105,FETCH,"(6, 1)",GET_DISH,FETCH,FETCH,0,1,1,0,,FETCH,"(4, 1)","(3, 1)",,,"[((2, 0), 'cooking'), ((4, 0), 'items1')]"
5002,378,106,PLACE,"(4, 0)",PLACE,PLACE,PLACE,1,1,1,0,,PLACE,"(5, 1)","(3, 1)",onion,,"[((2, 0), 'cooking'), ((4, 0), 'items1')]"
5002,382,107,FETCH,"(6, 1)",GET_DISH,FETCH,FETCH,0,1,1,0,,FETCH,"(4, 1)","(3, 1)",,,"[((2, 0), 'cooking'), ((4, 0), 'items2')]"
5002,384,108,PLACE,"(4, 0)",HOLD,PLACE,PLACE,0,1,1,0,,PLACE,"(5, 1)","(3, 1)",onion,,"[((2, 0), 'cooking'), ((4, 0), 'items2')]"
5002,388,109,COOK_START,"(4, 0)",GET_DISH,COOK_START,COOK_START,0,1,1,0,,COOK_START,"(4, 1)","(3, 1)",,,"[((2, 0), 'cooking'), ((4, 0), 'items3')]"
5002,389,110,GET_DISH,"(2, 3)",HOLD,GET_DISH,GET_DISH,0,1,1,0,,GET_DISH,"(4, 1)","(3, 2)",,,"[((2, 0), 'cooking'), ((4, 0), 'cooking')]"
5002,397,111,PICKUP,"(2, 0)",PICKUP,PICKUP,PICKUP,1,1,1,0,,PICKUP,"(2, 2)","(3, 1)",dish,,"[((2, 0), 'ready'), ((4, 0), 'cooking')]"
5002,399,112,DELIVER,"(4, 3)",DELIVER,DELIVER,DELIVER,1,1,1,0,,DELIVER,"(2, 1)","(3, 1)",soup,,"[((2, 0), 'empty'), ((4, 0), 'cooking')]"
5002,405,113,FETCH,"(6, 1)",GET_DISH,FETCH,FETCH,0,1,1,0,,FETCH,"(4, 2)","(3, 1)",,,"[((2, 0), 'empty'), ((4, 0), 'cooking')]"
5002,408,114,PLACE,"(2, 0)",PLACE,PLACE,PLACE,1,1,1,0,,PLACE,"(5, 1)","(2, 2)",onion,dish,"[((2, 0), 'empty'), ((4, 0), 'ready')]"
5002,415,115,FETCH,"(0, 1)",HOLD,FETCH,FETCH,0,1,1,0,,FETCH,"(2, 1)","(4, 2)",,,"[((2, 0), 'items1'), ((4, 0), 'empty')]"
5002,417,116,PLACE,"(2, 0)",HOLD,PLACE,PLACE,0,1,1,0,,PLACE,"(1, 1)","(5, 1)",onion,,"[((2, 0), 'items1'), ((4, 0), 'empty')]"
5002,421,117,FETCH,"(0, 1)",FETCH,FETCH,FETCH,1,1,1,0,,FETCH,"(2, 1)","(4, 2)",,onion,"[((2, 0), 'items2'), ((4, 0), 'empty')]"
5002,423,118,PLACE,"(2, 0)",PLACE,PLACE,PLACE,1,1,1,0,,PLACE,"(1, 1)","(2, 2)",onion,onion,"[((2, 0), 'items2'), ((4, 0), 'empty')]"
5002,425,119,PLACE,"(4, 0)",PLACE,PLACE,PLACE,1,1,1,0,,PLACE,"(1, 2)","(2, 1)",onion,,"[((2, 0), 'items3'), ((4, 0), 'empty')]"
5002,430,120,FETCH,"(6, 1)",GET_DISH,FETCH,FETCH,0,1,1,0,,FETCH,"(4, 1)","(3, 1)",,,"[((2, 0), 'cooking'), ((4, 0), 'items1')]"
5002,432,121,PLACE,"(4, 0)",PLACE,PLACE,PLACE,1,1,1,0,,PLACE,"(5, 1)","(3, 1)",onion,,"[((2, 0), 'cooking'), ((4, 0), 'items1')]"
5002,436,122,FETCH,"(6, 1)",GET_DISH,FETCH,FETCH,0,1,1,0,,FETCH,"(4, 1)","(3, 1)",,,"[((2, 0), 'cooking'), ((4, 0), 'items2')]"
5002,438,123,PLACE,"(4, 0)",HOLD,PLACE,PLACE,0,1,1,0,,PLACE,"(5, 1)","(3, 1)",onion,,"[((2, 0), 'cooking'), ((4, 0), 'items2')]"
5002,442,124,COOK_START,"(4, 0)",GET_DISH,COOK_START,COOK_START,0,1,1,0,,COOK_START,"(4, 1)","(3, 1)",,,"[((2, 0), 'cooking'), ((4, 0), 'items3')]"
5002,443,125,GET_DISH,"(2, 3)",HOLD,GET_DISH,GET_DISH,0,1,1,0,,GET_DISH,"(4, 1)","(3, 2)",,,"[((2, 0), 'cooking'), ((4, 0), 'cooking')]"
5002,451,126,PICKUP,"(2, 0)",PICKUP,PICKUP,PICKUP,1,1,1,0,,PICKUP,"(2, 2)","(3, 1)",dish,,"[((2, 0), 'ready'), ((4, 0), 'cooking')]"
5002,453,127,DELIVER,"(4, 3)",DELIVER,DELIVER,DELIVER,1,1,1,0,,DELIVER,"(2, 1)","(3, 1)",soup,,"[((2, 0), 'empty'), ((4, 0), 'cooking')]"
5002,459,128,FETCH,"(6, 1)",GET_DISH,FETCH,FETCH,0,1,1,0,,FETCH,"(4, 2)","(3, 1)",,,"[((2, 0), 'empty'), ((4, 0), 'cooking')]"
5002,462,129,PLACE,"(2, 0)",PLACE,PLACE,PLACE,1,1,1,0,,PLACE,"(5, 1)","(2, 2)",onion,dish,"[((2, 0), 'empty'), ((4, 0), 'ready')]"
5002,469,130,FETCH,"(0, 1)",HOLD,FETCH,FETCH,0,1,1,0,,FETCH,"(2, 1)","(4, 2)",,,"[((2, 0), 'items1'), ((4, 0), 'empty')]"
5002,471,131,PLACE,"(2, 0)",HOLD,PLACE,PLACE,0,1,1,0,,PLACE,"(1, 1)","(5, 1)",onion,,"[((2, 0), 'items1'), ((4, 0), 'empty')]"
5002,475,132,FETCH,"(0, 1)",FETCH,FETCH,FETCH,1,1,1,0,,FETCH,"(2, 1)","(4, 2)",,onion,"[((2, 0), 'items2'), ((4, 0), 'empty')]"
5002,477,133,PLACE,"(2, 0)",PLACE,PLACE,PLACE,1,1,1,0,,PLACE,"(1, 1)","(2, 2)",onion,onion,"[((2, 0), 'items2'), ((4, 0), 'empty')]"
5002,479,134,PLACE,"(4, 0)",PLACE,PLACE,PLACE,1,1,1,0,,PLACE,"(1, 2)","(2, 1)",onion,,"[((2, 0), 'items3'), ((4, 0), 'empty')]"
5002,484,135,FETCH,"(6, 1)",GET_DISH,FETCH,FETCH,0,1,1,0,,FETCH,"(4, 1)","(3, 1)",,,"[((2, 0), 'cooking'), ((4, 0), 'items1')]"
5002,486,136,PLACE,"(4, 0)",PLACE,PLACE,PLACE,1,1,1,0,,PLACE,"(5, 1)","(3, 1)",onion,,"[((2, 0), 'cooking'), ((4, 0), 'items1')]"
5002,490,137,FETCH,"(6, 1)",HOLD,FETCH,FETCH,0,1,1,0,,FETCH,"(4, 1)","(3, 1)",,,"[((2, 0), 'cooking'), ((4, 0), 'items2')]"
5002,492,138,PLACE,"(4, 0)",HOLD,PLACE,PLACE,0,1,1,0,,PLACE,"(5, 1)","(3, 1)",onion,,"[((2, 0), 'cooking'), ((4, 0), 'items2')]"
5002,496,139,COOK_START,"(4, 0)",GET_DISH,COOK_START,COOK_START,0,1,1,0,,COOK_START,"(4, 1)","(3, 1)",,,"[((2, 0), 'cooking'), ((4, 0), 'items3')]"
5002,497,140,GET_DISH,"(2, 3)",HOLD,GET_DISH,GET_DISH,0,1,1,0,,GET_DISH,"(4, 1)","(3, 2)",,,"[((2, 0), 'cooking'), ((4, 0), 'cooking')]"
5002,505,141,PICKUP,"(2, 0)",PICKUP,PICKUP,PICKUP,1,1,1,0,,PICKUP,"(2, 2)","(3, 1)",dish,,"[((2, 0), 'ready'), ((4, 0), 'cooking')]"
5002,507,142,DELIVER,"(4, 3)",DELIVER,DELIVER,DELIVER,1,1,1,0,,DELIVER,"(2, 1)","(3, 1)",soup,,"[((2, 0), 'empty'), ((4, 0), 'cooking')]"
5002,513,143,FETCH,"(6, 1)",GET_DISH,FETCH,FETCH,0,1,1,0,,FETCH,"(4, 2)","(3, 1)",,,"[((2, 0), 'empty'), ((4, 0), 'cooking')]"
5002,516,144,PLACE,"(2, 0)",PLACE,PLACE,PLACE,1,1,1,0,,PLACE,"(5, 1)","(2, 2)",onion,dish,"[((2, 0), 'empty'), ((4, 0), 'ready')]"
5002,523,145,FETCH,"(0, 1)",HOLD,FETCH,FETCH,0,1,1,0,,FETCH,"(2, 1)","(4, 2)",,,"[((2, 0), 'items1'), ((4, 0), 'empty')]"
5002,525,146,PLACE,"(2, 0)",HOLD,PLACE,PLACE,0,1,1,0,,PLACE,"(1, 1)","(5, 1)",onion,,"[((2, 0), 'items1'), ((4, 0), 'empty')]"
5002,529,147,FETCH,"(0, 1)",FETCH,FETCH,FETCH,1,1,1,0,,FETCH,"(2, 1)","(4, 2)",,onion,"[((2, 0), 'items2'), ((4, 0), 'empty')]"
5002,531,148,PLACE,"(2, 0)",PLACE,PLACE,PLACE,1,1,1,0,,PLACE,"(1, 1)","(2, 2)",onion,onion,"[((2, 0), 'items2'), ((4, 0), 'empty')]"
5002,533,149,PLACE,"(4, 0)",PLACE,PLACE,PLACE,1,1,1,0,,PLACE,"(1, 2)","(2, 1)",onion,,"[((2, 0), 'items3'), ((4, 0), 'empty')]"
5002,538,150,FETCH,"(6, 1)",GET_DISH,FETCH,FETCH,0,1,1,0,,FETCH,"(4, 1)","(3, 1)",,,"[((2, 0), 'cooking'), ((4, 0), 'items1')]"
5002,540,151,PLACE,"(4, 0)",HOLD,PLACE,PLACE,0,1,1,0,,PLACE,"(5, 1)","(3, 1)",onion,,"[((2, 0), 'cooking'), ((4, 0), 'items1')]"
5002,544,152,FETCH,"(6, 1)",HOLD,FETCH,FETCH,0,1,1,0,,FETCH,"(4, 1)","(3, 1)",,,"[((2, 0), 'cooking'), ((4, 0), 'items2')]"
5002,546,153,PLACE,"(4, 0)",HOLD,PLACE,PLACE,0,1,1,0,,PLACE,"(5, 1)","(3, 1)",onion,,"[((2, 0), 'cooking'), ((4, 0), 'items2')]"
5002,550,154,COOK_START,"(4, 0)",GET_DISH,COOK_START,COOK_START,0,1,1,0,,COOK_START,"(4, 1)","(3, 1)",,,"[((2, 0), 'cooking'), ((4, 0), 'items3')]"
5002,551,155,GET_DISH,"(2, 3)",HOLD,GET_DISH,GET_DISH,0,1,1,0,,GET_DISH,"(4, 1)","(3, 2)",,,"[((2, 0), 'cooking'), ((4, 0), 'cooking')]"
5002,559,156,PICKUP,"(2, 0)",PICKUP,PICKUP,PICKUP,1,1,1,0,,PICKUP,"(2, 2)","(3, 1)",dish,,"[((2, 0), 'ready'), ((4, 0), 'cooking')]"
5002,561,157,DELIVER,"(4, 3)",DELIVER,DELIVER,DELIVER,1,1,1,0,,DELIVER,"(2, 1)","(3, 1)",soup,,"[((2, 0), 'empty'), ((4, 0), 'cooking')]"
5002,567,158,FETCH,"(6, 1)",GET_DISH,FETCH,FETCH,0,1,1,0,,FETCH,"(4, 2)","(3, 1)",,,"[((2, 0), 'empty'), ((4, 0), 'cooking')]"
5002,570,159,PLACE,"(2, 0)",PLACE,PLACE,PLACE,1,1,1,0,,PLACE,"(5, 1)","(2, 2)",onion,dish,"[((2, 0), 'empty'), ((4, 0), 'ready')]"
5002,577,160,FETCH,"(0, 1)",HOLD,FETCH,FETCH,0,1,1,0,,FETCH,"(2, 1)","(4, 2)",,,"[((2, 0), 'items1'), ((4, 0), 'empty')]"
5002,579,161,PLACE,"(2, 0)",HOLD,PLACE,PLACE,0,1,1,0,,PLACE,"(1, 1)","(5, 1)",onion,,"[((2, 0), 'items1'), ((4, 0), 'empty')]"
5002,583,162,FETCH,"(0, 1)",FETCH,FETCH,FETCH,1,1,1,0,,FETCH,"(2, 1)","(4, 2)",,onion,"[((2, 0), 'items2'), ((4, 0), 'empty')]"
5002,585,163,PLACE,"(2, 0)",PLACE,PLACE,PLACE,1,1,1,0,,PLACE,"(1, 1)","(2, 2)",onion,onion,"[((2, 0), 'items2'), ((4, 0), 'empty')]"
5002,587,164,PLACE,"(4, 0)",PLACE,PLACE,PLACE,1,1,1,0,,PLACE,"(1, 2)","(2, 1)",onion,,"[((2, 0), 'items3'), ((4, 0), 'empty')]"
5002,592,165,FETCH,"(6, 1)",GET_DISH,FETCH,FETCH,0,1,1,0,,FETCH,"(4, 1)","(3, 1)",,,"[((2, 0), 'cooking'), ((4, 0), 'items1')]"
5002,594,166,PLACE,"(4, 0)",HOLD,PLACE,PLACE,0,1,1,0,,PLACE,"(5, 1)","(3, 1)",onion,,"[((2, 0), 'cooking'), ((4, 0), 'items1')]"
5002,598,167,FETCH,"(6, 1)",HOLD,FETCH,FETCH,0,1,1,0,,FETCH,"(4, 1)","(3, 1)",,,"[((2, 0), 'cooking'), ((4, 0), 'items2')]"
5002,600,168,PLACE,"(4, 0)",HOLD,PLACE,PLACE,0,1,1,0,,PLACE,"(5, 1)","(3, 1)",onion,,"[((2, 0), 'cooking'), ((4, 0), 'items2')]"
5002,604,169,COOK_START,"(4, 0)",HOLD,COOK_START,COOK_START,0,1,1,0,,COOK_START,"(4, 1)","(3, 1)",,,"[((2, 0), 'cooking'), ((4, 0), 'items3')]"
5002,605,170,GET_DISH,"(2, 3)",HOLD,GET_DISH,GET_DISH,0,1,1,0,,GET_DISH,"(4, 1)","(3, 2)",,,"[((2, 0), 'cooking'), ((4, 0), 'cooking')]"
5002,613,171,PICKUP,"(2, 0)",PICKUP,PICKUP,PICKUP,1,1,1,0,,PICKUP,"(2, 2)","(3, 1)",dish,,"[((2, 0), 'ready'), ((4, 0), 'cooking')]"
5002,615,172,DELIVER,"(4, 3)",DELIVER,DELIVER,DELIVER,1,1,1,0,,DELIVER,"(2, 1)","(3, 1)",soup,,"[((2, 0), 'empty'), ((4, 0), 'cooking')]"
5002,621,173,FETCH,"(6, 1)",GET_DISH,FETCH,FETCH,0,1,1,0,,FETCH,"(4, 2)","(3, 1)",,,"[((2, 0), 'empty'), ((4, 0), 'cooking')]"
5002,624,174,PLACE,"(2, 0)",PLACE,PLACE,PLACE,1,1,1,0,,PLACE,"(5, 1)","(2, 2)",onion,dish,"[((2, 0), 'empty'), ((4, 0), 'ready')]"
5002,631,175,FETCH,"(0, 1)",HOLD,FETCH,FETCH,0,1,1,0,,FETCH,"(2, 1)","(4, 2)",,,"[((2, 0), 'items1'), ((4, 0), 'empty')]"
5002,633,176,PLACE,"(2, 0)",HOLD,PLACE,PLACE,0,1,1,0,,PLACE,"(1, 1)","(5, 1)",onion,,"[((2, 0), 'items1'), ((4, 0), 'empty')]"
5002,637,177,FETCH,"(0, 1)",FETCH,FETCH,FETCH,1,1,1,0,,FETCH,"(2, 1)","(4, 2)",,onion,"[((2, 0), 'items2'), ((4, 0), 'empty')]"
5002,639,178,PLACE,"(2, 0)",PLACE,PLACE,PLACE,1,1,1,0,,PLACE,"(1, 1)","(2, 2)",onion,onion,"[((2, 0), 'items2'), ((4, 0), 'empty')]"
5002,641,179,PLACE,"(4, 0)",PLACE,PLACE,PLACE,1,1,1,0,,PLACE,"(1, 2)","(2, 1)",onion,,"[((2, 0), 'items3'), ((4, 0), 'empty')]"
5002,646,180,FETCH,"(6, 1)",GET_DISH,FETCH,FETCH,0,1,1,0,,FETCH,"(4, 1)","(3, 1)",,,"[((2, 0), 'cooking'), ((4, 0), 'items1')]"
5002,648,181,PLACE,"(4, 0)",HOLD,PLACE,PLACE,0,1,1,0,,PLACE,"(5, 1)","(3, 1)",onion,,"[((2, 0), 'cooking'), ((4, 0), 'items1')]"
5002,652,182,FETCH,"(6, 1)",HOLD,FETCH,FETCH,0,1,1,0,,FETCH,"(4, 1)","(3, 1)",,,"[((2, 0), 'cooking'), ((4, 0), 'items2')]"
5002,654,183,PLACE,"(4, 0)",HOLD,PLACE,PLACE,0,1,1,0,,PLACE,"(5, 1)","(3, 1)",onion,,"[((2, 0), 'cooking'), ((4, 0), 'items2')]"
5002,658,184,COOK_START,"(4, 0)",HOLD,COOK_START,COOK_START,0,1,1,0,,COOK_START,"(4, 1)","(3, 1)",,,"[((2, 0), 'cooking'), ((4, 0), 'items3')]"
5002,659,185,GET_DISH,"(2, 3)",HOLD,GET_DISH,GET_DISH,0,1,1,0,,GET_DISH,"(4, 1)","(3, 2)",,,"[((2, 0), 'cooking'), ((4, 0), 'cooking')]"
5002,667,186,PICKUP,"(2, 0)",PICKUP,PICKUP,PICKUP,1,1,1,0,,PICKUP,"(2, 2)","(3, 1)",dish,,"[((2, 0), 'ready'), ((4, 0), 'cooking')]"
5002,669,187,DELIVER,"(4, 3)",DELIVER,DELIVER,DELIVER,1,1,1,0,,DELIVER,"(2, 1)","(3, 1)",soup,,"[((2, 0), 'empty'), ((4, 0), 'cooking')]"
5002,675,188,FETCH,"(6, 1)",GET_DISH,FETCH,FETCH,0,1,1,0,,FETCH,"(4, 2)","(3, 1)",,,"[((2, 0), 'empty'), ((4, 0), 'cooking')]"
5002,678,189,PLACE,"(2, 0)",PLACE,PLACE,PLACE,1,1,1,0,,PLACE,"(5, 1)","(2, 2)",onion,dish,"[((2, 0), 'empty'), ((4, 0), 'ready')]"
5002,685,190,FETCH,"(0, 1)",HOLD,FETCH,FETCH,0,1,1,0,,FETCH,"(2, 1)","(4, 2)",,,"[((2, 0), 'items1'), ((4, 0), 'empty')]"
5002,687,191,PLACE,"(2, 0)",HOLD,PLACE,PLACE,0,1,1,0,,PLACE,"(1, 1)","(5, 1)",onion,,"[((2, 0), 'items1'), ((4, 0), 'empty')]"
5002,691,192,FETCH,"(0, 1)",FETCH,FETCH,FETCH,1,1,1,0,,FETCH,"(2, 1)","(4, 2)",,onion,"[((2, 0), 'items2'), ((4, 0), 'empty')]"
5002,693,193,PLACE,"(2, 0)",PLACE,PLACE,PLACE,1,1,1,0,,PLACE,"(1, 1)","(2, 2)",onion,onion,"[((2, 0), 'items2'), ((4, 0), 'empty')]"
5002,695,194,PLACE,"(4, 0)",PLACE,PLACE,PLACE,1,1,1,0,,PLACE,"(1, 2)","(2, 1)",onion,,"[((2, 0), 'items3'), ((4, 0), 'empty')]"
5003,0,1,FETCH,"(0, 1)",FETCH,FETCH,FETCH,1,1,1,0,,,"(2, 2)","(5, 3)",,,"[((2, 0), 'empty'), ((4, 0), 'empty')]"
5003,3,2,PLACE,"(2, 0)",PLACE,PLACE,PLACE,1,1,1,0,PLACE,PLACE,"(1, 1)","(5, 2)",onion,,"[((2, 0), 'empty'), ((4, 0), 'empty')]"
5003,7,3,FETCH,"(0, 1)",FETCH,FETCH,FETCH,1,1,1,0,FETCH,FETCH,"(2, 1)","(5, 2)",,,"[((2, 0), 'items1'), ((4, 0), 'empty')]"
5003,9,4,PLACE,"(2, 0)",PLACE,PLACE,PLACE,1,1,1,0,PLACE,PLACE,"(1, 1)","(5, 2)",onion,,"[((2, 0), 'items1'), ((4, 0), 'empty')]"
5003,13,5,FETCH,"(0, 1)",FETCH,FETCH,FETCH,1,1,1,0,FETCH,FETCH,"(2, 1)","(5, 2)",,,"[((2, 0), 'items2'), ((4, 0), 'empty')]"
5003,15,6,PLACE,"(2, 0)",PLACE,PLACE,PLACE,1,1,1,0,PLACE,PLACE,"(1, 1)","(5, 2)",onion,,"[((2, 0), 'items2'), ((4, 0), 'empty')]"
5003,19,7,COOK_START,"(2, 0)",COOK_START,COOK_START,COOK_START,1,1,1,0,COOK_START,COOK_START,"(2, 1)","(5, 2)",,,"[((2, 0), 'items3'), ((4, 0), 'empty')]"
5003,20,8,FETCH,"(0, 1)",HOLD,FETCH,HOLD,0,1,0,1,HOLD,FETCH,"(2, 1)","(5, 2)",,,"[((2, 0), 'cooking'), ((4, 0), 'empty')]"
5003,22,9,PLACE,"(4, 0)",HOLD,PLACE,PLACE,0,1,1,0,,PLACE,"(1, 1)","(5, 1)",onion,,"[((2, 0), 'cooking'), ((4, 0), 'empty')]"
5003,28,10,FETCH,"(6, 1)",FETCH,FETCH,FETCH,1,1,1,0,,FETCH,"(4, 1)","(3, 2)",,dish,"[((2, 0), 'cooking'), ((4, 0), 'items1')]"
5003,30,11,PLACE,"(4, 0)",PLACE,PLACE,PLACE,1,1,1,0,,PLACE,"(5, 1)","(3, 2)",onion,dish,"[((2, 0), 'cooking'), ((4, 0), 'items1')]"
5003,34,12,FETCH,"(6, 1)",FETCH,FETCH,FETCH,1,1,1,0,,FETCH,"(4, 1)","(3, 2)",,dish,"[((2, 0), 'cooking'), ((4, 0), 'items2')]"
5003,36,13,PLACE,"(4, 0)",PLACE,PLACE,PLACE,1,1,1,0,,PLACE,"(5, 1)","(3, 2)",onion,dish,"[((2, 0), 'cooking'), ((4, 0), 'items2')]"
5003,40,14,COOK_START,"(4, 0)",COOK_START,COOK_START,COOK_START,1,1,1,0,,COOK_START,"(4, 1)","(2, 2)",,dish,"[((2, 0), 'ready'), ((4, 0), 'items3')]"
5003,41,15,GET_DISH,"(2, 3)",GET_DISH,GET_DISH,GET_DISH,1,1,1,0,,GET_DISH,"(4, 1)","(2, 1)",,dish,"[((2, 0), 'ready'), ((4, 0), 'cooking')]"
5003,50,16,PRE,"(4, 0)",PRE,PRE,PRE,1,1,1,0,,PRE,"(2, 2)","(4, 2)",dish,,"[((2, 0), 'empty'), ((4, 0), 'cooking')]"
5003,60,17,PICKUP,"(4, 0)",PICKUP,PICKUP,PICKUP,1,1,1,0,,PICKUP,"(3, 2)","(3, 1)",dish,,"[((2, 0), 'empty'), ((4, 0), 'ready')]"
5003,63,18,DELIVER,"(4, 3)",DELIVER,DELIVER,DELIVER,1,1,1,0,,DELIVER,"(4, 1)","(3, 1)",soup,,"[((2, 0), 'empty'), ((4, 0), 'empty')]"
5003,65,19,FETCH,"(6, 1)",FETCH,FETCH,FETCH,1,1,1,0,FETCH,FETCH,"(4, 2)","(1, 1)",,,"[((2, 0), 'empty'), ((4, 0), 'empty')]"
5003,68,20,PLACE,"(4, 0)",PLACE,PLACE,PLACE,1,1,1,0,PLACE,PLACE,"(5, 1)","(3, 2)",onion,,"[((2, 0), 'empty'), ((4, 0), 'empty')]"
5003,79,21,FETCH,"(6, 1)",FETCH,FETCH,FETCH,1,1,1,0,FETCH,FETCH,"(4, 1)","(5, 2)",,,"[((2, 0), 'empty'), ((4, 0), 'items1')]"
5003,81,22,PLACE,"(4, 0)",PLACE,PLACE,PLACE,1,1,1,0,PLACE,PLACE,"(5, 1)","(5, 2)",onion,,"[((2, 0), 'empty'), ((4, 0), 'items1')]"
5003,85,23,FETCH,"(6, 1)",FETCH,FETCH,FETCH,1,1,1,0,FETCH,FETCH,"(4, 1)","(5, 2)",,,"[((2, 0), 'empty'), ((4, 0), 'items2')]"
5003,87,24,PLACE,"(4, 0)",PLACE,PLACE,PLACE,1,1,1,0,PLACE,PLACE,"(5, 1)","(5, 2)",onion,,"[((2, 0), 'empty'), ((4, 0), 'items2')]"
5003,91,25,COOK_START,"(4, 0)",COOK_START,COOK_START,COOK_START,1,1,1,0,COOK_START,COOK_START,"(4, 1)","(5, 2)",,,"[((2, 0), 'empty'), ((4, 0), 'items3')]"
5003,92,26,FETCH,"(6, 1)",FETCH,FETCH,FETCH,1,1,1,0,FETCH,FETCH,"(4, 1)","(5, 2)",,,"[((2, 0), 'empty'), ((4, 0), 'cooking')]"
5003,94,27,PLACE,"(2, 0)",PLACE,PLACE,PLACE,1,1,1,0,PLACE,PLACE,"(5, 1)","(4, 1)",onion,,"[((2, 0), 'empty'), ((4, 0), 'cooking')]"
5003,107,28,FETCH,"(0, 1)",HOLD,FETCH,FETCH,0,1,1,1,HOLD,FETCH,"(2, 1)","(3, 2)",,dish,"[((2, 0), 'items1'), ((4, 0), 'cooking')]"
5003,109,29,PLACE,"(2, 0)",PLACE,PLACE,PLACE,1,1,1,0,PLACE,PLACE,"(1, 1)","(3, 2)",onion,dish,"[((2, 0), 'items1'), ((4, 0), 'cooking')]"
5003,113,30,FETCH,"(0, 1)",FETCH,FETCH,FETCH,1,1,1,0,FETCH,FETCH,"(2, 1)","(4, 1)",,dish,"[((2, 0), 'items2'), ((4, 0), 'ready')]"
5003,115,31,PLACE,"(2, 0)",PLACE,PLACE,PLACE,1,1,1,0,PLACE,PLACE,"(1, 1)","(4, 2)",onion,soup,"[((2, 0), 'items2'), ((4, 0), 'empty')]"
5003,119,32,COOK_START,"(2, 0)",HOLD,COOK_START,COOK_START,0,1,1,1,HOLD,COOK_START,"(2, 1)","(5, 1)",,onion,"[((2, 0), 'items3'), ((4, 0), 'empty')]"
5003,120,33,FETCH,"(0, 1)",HOLD,FETCH,FETCH,0,1,1,0,,FETCH,"(2, 1)","(5, 2)",,onion,"[((2, 0), 'cooking'), ((4, 0), 'empty')]"
5003,122,34,PLACE,"(4, 0)",PLACE,PLACE,PLACE,1,1,1,0,,PLACE,"(1, 1)","(4, 1)",onion,onion,"[((2, 0), 'cooking'), ((4, 0), 'empty')]"
5003,128,35,FETCH,"(6, 1)",FETCH,FETCH,FETCH,1,1,1,0,,FETCH,"(4, 1)","(3, 1)",,,"[((2, 0), 'cooking'), ((4, 0), 'items2')]"
5003,130,36,PLACE,"(4, 0)",PLACE,PLACE,PLACE,1,1,1,0,,PLACE,"(5, 1)","(3, 1)",onion,,"[((2, 0), 'cooking'), ((4, 0), 'items2')]"
5003,134,37,COOK_START,"(4, 0)",COOK_START,COOK_START,COOK_START,1,1,1,0,,COOK_START,"(4, 1)","(3, 1)",,,"[((2, 0), 'cooking'), ((4, 0), 'items3')]"
5003,135,38,GET_DISH,"(2, 3)",GET_DISH,GET_DISH,GET_DISH,1,1,1,0,,GET_DISH,"(4, 1)","(3, 2)",,,"[((2, 0), 'cooking'), ((4, 0), 'cooking')]"
5003,143,39,PICKUP,"(2, 0)",PICKUP,PICKUP,PICKUP,1,1,1,0,,PICKUP,"(2, 2)","(3, 1)",dish,,"[((2, 0), 'ready'), ((4, 0), 'cooking')]"
5003,145,40,DELIVER,"(4, 3)",DELIVER,DELIVER,DELIVER,1,1,1,0,,DELIVER,"(2, 1)","(3, 1)",soup,,"[((2, 0), 'empty'), ((4, 0), 'cooking')]"
5003,151,41,FETCH,"(6, 1)",FETCH,FETCH,FETCH,1,1,1,0,,FETCH,"(4, 2)","(3, 1)",,,"[((2, 0), 'empty'), ((4, 0), 'cooking')]"
5003,154,42,PLACE,"(2, 0)",PLACE,PLACE,PLACE,1,1,1,0,,PLACE,"(5, 1)","(2, 2)",onion,dish,"[((2, 0), 'empty'), ((4, 0), 'ready')]"
5003,161,43,FETCH,"(0, 1)",FETCH,FETCH,FETCH,1,1,1,0,,FETCH,"(2, 1)","(4, 2)",,,"[((2, 0), 'items1'), ((4, 0), 'empty')]"
5003,163,44,PLACE,"(2, 0)",PLACE,PLACE,PLACE,1,1,1,0,,PLACE,"(1, 1)","(5, 1)",onion,,"[((2, 0), 'items1'), ((4, 0), 'empty')]"
5003,167,45,FETCH,"(0, 1)",FETCH,FETCH,FETCH,1,1,1,0,,FETCH,"(2, 1)","(4, 2)",,onion,"[((2, 0), 'items2'), ((4, 0), 'empty')]"
5003,169,46,PLACE,"(2, 0)",PLACE,PLACE,PLACE,1,1,1,0,,PLACE,"(1, 1)","(2, 2)",onion,onion,"[((2, 0), 'items2'), ((4, 0), 'empty')]"
5003,171,47,PLACE,"(4, 0)",PLACE,PLACE,PLACE,1,1,1,0,,PLACE,"(1, 2)","(2, 1)",onion,,"[((2, 0), 'items3'), ((4, 0), 'empty')]"
5003,176,48,FETCH,"(6, 1)",FETCH,FETCH,FETCH,1,1,1,0,,FETCH,"(4, 1)","(3, 1)",,,"[((2, 0), 'cooking'), ((4, 0), 'items1')]"
5003,178,49,PLACE,"(4, 0)",PLACE,PLACE,PLACE,1,1,1,0,,PLACE,"(5, 1)","(3, 1)",onion,,"[((2, 0), 'cooking'), ((4, 0), 'items1')]"
5003,182,50,FETCH,"(6, 1)",FETCH,FETCH,FETCH,1,1,1,0,,FETCH,"(4, 1)","(3, 1)",,,"[((2, 0), 'cooking'), ((4, 0), 'items2')]"
5003,184,51,PLACE,"(4, 0)",PLACE,PLACE,PLACE,1,1,1,0,,PLACE,"(5, 1)","(3, 1)",onion,,"[((2, 0), 'cooking'), ((4, 0), 'items2')]"
5003,188,52,COOK_START,"(4, 0)",COOK_START,COOK_START,COOK_START,1,1,1,0,,COOK_START,"(4, 1)","(3, 1)",,,"[((2, 0), 'cooking'), ((4, 0), 'items3')]"
5003,189,53,GET_DISH,"(2, 3)",GET_DISH,GET_DISH,GET_DISH,1,1,1,0,,GET_DISH,"(4, 1)","(3, 2)",,,"[((2, 0), 'cooking'), ((4, 0), 'cooking')]"
5003,197,54,PICKUP,"(2, 0)",PICKUP,PICKUP,PICKUP,1,1,1,0,,PICKUP,"(2, 2)","(3, 1)",dish,,"[((2, 0), 'ready'), ((4, 0), 'cooking')]"
5003,199,55,DELIVER,"(4, 3)",DELIVER,DELIVER,DELIVER,1,1,1,0,,DELIVER,"(2, 1)","(3, 1)",soup,,"[((2, 0), 'empty'), ((4, 0), 'cooking')]"
5003,205,56,FETCH,"(6, 1)",FETCH,FETCH,FETCH,1,1,1,0,,FETCH,"(4, 2)","(3, 1)",,,"[((2, 0), 'empty'), ((4, 0), 'cooking')]"
5003,208,57,PLACE,"(2, 0)",PLACE,PLACE,PLACE,1,1,1,0,,PLACE,"(5, 1)","(2, 2)",onion,dish,"[((2, 0), 'empty'), ((4, 0), 'ready')]"
5003,215,58,FETCH,"(0, 1)",FETCH,FETCH,FETCH,1,1,1,0,,FETCH,"(2, 1)","(4, 2)",,,"[((2, 0), 'items1'), ((4, 0), 'empty')]"
5003,217,59,PLACE,"(2, 0)",PLACE,PLACE,PLACE,1,1,1,0,,PLACE,"(1, 1)","(5, 1)",onion,,"[((2, 0), 'items1'), ((4, 0), 'empty')]"
5003,221,60,FETCH,"(0, 1)",FETCH,FETCH,FETCH,1,1,1,0,,FETCH,"(2, 1)","(4, 2)",,onion,"[((2, 0), 'items2'), ((4, 0), 'empty')]"
5003,223,61,PLACE,"(2, 0)",PLACE,PLACE,PLACE,1,1,1,0,,PLACE,"(1, 1)","(2, 2)",onion,onion,"[((2, 0), 'items2'), ((4, 0), 'empty')]"
5003,225,62,PLACE,"(4, 0)",PLACE,PLACE,PLACE,1,1,1,0,,PLACE,"(1, 2)","(2, 1)",onion,,"[((2, 0), 'items3'), ((4, 0), 'empty')]"
5003,230,63,FETCH,"(6, 1)",FETCH,FETCH,FETCH,1,1,1,0,,FETCH,"(4, 1)","(3, 1)",,,"[((2, 0), 'cooking'), ((4, 0), 'items1')]"
5003,232,64,PLACE,"(4, 0)",PLACE,PLACE,PLACE,1,1,1,0,,PLACE,"(5, 1)","(3, 1)",onion,,"[((2, 0), 'cooking'), ((4, 0), 'items1')]"
5003,236,65,FETCH,"(6, 1)",FETCH,FETCH,FETCH,1,1,1,0,,FETCH,"(4, 1)","(3, 1)",,,"[((2, 0), 'cooking'), ((4, 0), 'items2')]"
5003,238,66,PLACE,"(4, 0)",PLACE,PLACE,PLACE,1,1,1,0,,PLACE,"(5, 1)","(3, 1)",onion,,"[((2, 0), 'cooking'), ((4, 0), 'items2')]"
5003,242,67,COOK_START,"(4, 0)",COOK_START,COOK_START,COOK_START,1,1,1,0,,COOK_START,"(4, 1)","(3, 1)",,,"[((2, 0), 'cooking'), ((4, 0), 'items3')]"
5003,243,68,GET_DISH,"(2, 3)",GET_DISH,GET_DISH,GET_DISH,1,1,1,0,,GET_DISH,"(4, 1)","(3, 2)",,,"[((2, 0), 'cooking'), ((4, 0), 'cooking')]"
5003,251,69,PICKUP,"(2, 0)",PICKUP,PICKUP,PICKUP,1,1,1,0,,PICKUP,"(2, 2)","(3, 1)",dish,,"[((2, 0), 'ready'), ((4, 0), 'cooking')]"
5003,253,70,DELIVER,"(4, 3)",DELIVER,DELIVER,DELIVER,1,1,1,0,,DELIVER,"(2, 1)","(3, 1)",soup,,"[((2, 0), 'empty'), ((4, 0), 'cooking')]"
5003,259,71,FETCH,"(6, 1)",FETCH,FETCH,FETCH,1,1,1,0,,FETCH,"(4, 2)","(3, 1)",,,"[((2, 0), 'empty'), ((4, 0), 'cooking')]"
5003,262,72,PLACE,"(2, 0)",PLACE,PLACE,PLACE,1,1,1,0,,PLACE,"(5, 1)","(2, 2)",onion,dish,"[((2, 0), 'empty'), ((4, 0), 'ready')]"
5003,269,73,FETCH,"(0, 1)",HOLD,FETCH,FETCH,0,1,1,0,,FETCH,"(2, 1)","(4, 2)",,,"[((2, 0), 'items1'), ((4, 0), 'empty')]"
5003,271,74,PLACE,"(2, 0)",PLACE,PLACE,PLACE,1,1,1,0,,PLACE,"(1, 1)","(5, 1)",onion,,"[((2, 0), 'items1'), ((4, 0), 'empty')]"
5003,275,75,FETCH,"(0, 1)",FETCH,FETCH,FETCH,1,1,1,0,,FETCH,"(2, 1)","(4, 2)",,onion,"[((2, 0), 'items2'), ((4, 0), 'empty')]"
5003,277,76,PLACE,"(2, 0)",PLACE,PLACE,PLACE,1,1,1,0,,PLACE,"(1, 1)","(2, 2)",onion,onion,"[((2, 0), 'items2'), ((4, 0), 'empty')]"
5003,279,77,PLACE,"(4, 0)",PLACE,PLACE,PLACE,1,1,1,0,,PLACE,"(1, 2)","(2, 1)",onion,,"[((2, 0), 'items3'), ((4, 0), 'empty')]"
5003,284,78,FETCH,"(6, 1)",GET_DISH,FETCH,FETCH,0,1,1,0,,FETCH,"(4, 1)","(3, 1)",,,"[((2, 0), 'cooking'), ((4, 0), 'items1')]"
5003,286,79,PLACE,"(4, 0)",PLACE,PLACE,PLACE,1,1,1,0,,PLACE,"(5, 1)","(3, 1)",onion,,"[((2, 0), 'cooking'), ((4, 0), 'items1')]"
5003,290,80,FETCH,"(6, 1)",GET_DISH,FETCH,FETCH,0,1,1,0,,FETCH,"(4, 1)","(3, 1)",,,"[((2, 0), 'cooking'), ((4, 0), 'items2')]"
5003,292,81,PLACE,"(4, 0)",PLACE,PLACE,PLACE,1,1,1,0,,PLACE,"(5, 1)","(3, 1)",onion,,"[((2, 0), 'cooking'), ((4, 0), 'items2')]"
5003,296,82,COOK_START,"(4, 0)",COOK_START,COOK_START,COOK_START,1,1,1,0,,COOK_START,"(4, 1)","(3, 1)",,,"[((2, 0), 'cooking'), ((4, 0), 'items3')]"
5003,297,83,GET_DISH,"(2, 3)",GET_DISH,GET_DISH,GET_DISH,1,1,1,0,,GET_DISH,"(4, 1)","(3, 2)",,,"[((2, 0), 'cooking'), ((4, 0), 'cooking')]"
5003,305,84,PICKUP,"(2, 0)",PICKUP,PICKUP,PICKUP,1,1,1,0,,PICKUP,"(2, 2)","(3, 1)",dish,,"[((2, 0), 'ready'), ((4, 0), 'cooking')]"
5003,307,85,DELIVER,"(4, 3)",DELIVER,DELIVER,DELIVER,1,1,1,0,,DELIVER,"(2, 1)","(3, 1)",soup,,"[((2, 0), 'empty'), ((4, 0), 'cooking')]"
5003,313,86,FETCH,"(6, 1)",FETCH,FETCH,FETCH,1,1,1,0,,FETCH,"(4, 2)","(3, 1)",,,"[((2, 0), 'empty'), ((4, 0), 'cooking')]"
5003,316,87,PLACE,"(2, 0)",PLACE,PLACE,PLACE,1,1,1,0,,PLACE,"(5, 1)","(2, 2)",onion,dish,"[((2, 0), 'empty'), ((4, 0), 'ready')]"
5003,323,88,FETCH,"(0, 1)",HOLD,FETCH,FETCH,0,1,1,0,,FETCH,"(2, 1)","(4, 2)",,,"[((2, 0), 'items1'), ((4, 0), 'empty')]"
5003,325,89,PLACE,"(2, 0)",PLACE,PLACE,PLACE,1,1,1,0,,PLACE,"(1, 1)","(5, 1)",onion,,"[((2, 0), 'items1'), ((4, 0), 'empty')]"
5003,329,90,FETCH,"(0, 1)",FETCH,FETCH,FETCH,1,1,1,0,,FETCH,"(2, 1)","(4, 2)",,onion,"[((2, 0), 'items2'), ((4, 0), 'empty')]"
5003,331,91,PLACE,"(2, 0)",PLACE,PLACE,PLACE,1,1,1,0,,PLACE,"(1, 1)","(2, 2)",onion,onion,"[((2, 0), 'items2'), ((4, 0), 'empty')]"
5003,333,92,PLACE,"(4, 0)",PLACE,PLACE,PLACE,1,1,1,0,,PLACE,"(1, 2)","(2, 1)",onion,,"[((2, 0), 'items3'), ((4, 0), 'empty')]"
5003,338,93,FETCH,"(6, 1)",GET_DISH,FETCH,FETCH,0,1,1,0,,FETCH,"(4, 1)","(3, 1)",,,"[((2, 0), 'cooking'), ((4, 0), 'items1')]"
5003,340,94,PLACE,"(4, 0)",PLACE,PLACE,PLACE,1,1,1,0,,PLACE,"(5, 1)","(3, 1)",onion,,"[((2, 0), 'cooking'), ((4, 0), 'items1')]"
5003,344,95,FETCH,"(6, 1)",GET_DISH,FETCH,FETCH,0,1,1,0,,FETCH,"(4, 1)","(3, 1)",,,"[((2, 0), 'cooking'), ((4, 0), 'items2')]"
5003,346,96,PLACE,"(4, 0)",PLACE,PLACE,PLACE,1,1,1,0,,PLACE,"(5, 1)","(3, 1)",onion,,"[((2, 0), 'cooking'), ((4, 0), 'items2')]"
5003,350,97,COOK_START,"(4, 0)",GET_DISH,COOK_START,COOK_START,0,1,1,0,,COOK_START,"(4, 1)","(3, 1)",,,"[((2, 0), 'cooking'), ((4, 0), 'items3')]"
5003,351,98,GET_DISH,"(2, 3)",HOLD,GET_DISH,GET_DISH,0,1,1,0,,GET_DISH,"(4, 1)","(3, 2)",,,"[((2, 0), 'cooking'), ((4, 0), 'cooking')]"
5003,359,99,PICKUP,"(2, 0)",PICKUP,PICKUP,PICKUP,1,1,1,0,,PICKUP,"(2, 2)","(3, 1)",dish,,"[((2, 0), 'ready'), ((4, 0), 'cooking')]"
5003,361,100,DELIVER,"(4, 3)",DELIVER,DELIVER,DELIVER,1,1,1,0,,DELIVER,"(2, 1)","(3, 1)",soup,,"[((2, 0), 'empty'), ((4, 0), 'cooking')]"
5003,367,101,FETCH,"(6, 1)",GET_DISH,FETCH,FETCH,0,1,1,0,,FETCH,"(4, 2)","(3, 1)",,,"[((2, 0), 'empty'), ((4, 0), 'cooking')]"
5003,370,102,PLACE,"(2, 0)",PLACE,PLACE,PLACE,1,1,1,0,,PLACE,"(5, 1)","(2, 2)",onion,dish,"[((2, 0), 'empty'), ((4, 0), 'ready')]"
5003,377,103,FETCH,"(0, 1)",HOLD,FETCH,FETCH,0,1,1,0,,FETCH,"(2, 1)","(4, 2)",,,"[((2, 0), 'items1'), ((4, 0), 'empty')]"
5003,379,104,PLACE,"(2, 0)",HOLD,PLACE,PLACE,0,1,1,0,,PLACE,"(1, 1)","(5, 1)",onion,,"[((2, 0), 'items1'), ((4, 0), 'empty')]"
5003,383,105,FETCH,"(0, 1)",FETCH,FETCH,FETCH,1,1,1,0,,FETCH,"(2, 1)","(4, 2)",,onion,"[((2, 0), 'items2'), ((4, 0), 'empty')]"
5003,385,106,PLACE,"(2, 0)",PLACE,PLACE,PLACE,1,1,1,0,,PLACE,"(1, 1)","(2, 2)",onion,onion,"[((2, 0), 'items2'), ((4, 0), 'empty')]"
5003,387,107,PLACE,"(4, 0)",PLACE,PLACE,PLACE,1,1,1,0,,PLACE,"(1, 2)","(2, 1)",onion,,"[((2, 0), 'items3'), ((4, 0), 'empty')]"
5003,392,108,FETCH,"(6, 1)",GET_DISH,FETCH,FETCH,0,1,1,0,,FETCH,"(4, 1)","(3, 1)",,,"[((2, 0), 'cooking'), ((4, 0), 'items1')]"
5003,394,109,PLACE,"(4, 0)",PLACE,PLACE,PLACE,1,1,1,0,,PLACE,"(5, 1)","(3, 1)",onion,,"[((2, 0), 'cooking'), ((4, 0), 'items1')]"
5003,398,110,FETCH,"(6, 1)",GET_DISH,FETCH,FETCH,0,1,1,0,,FETCH,"(4, 1)","(3, 1)",,,"[((2, 0), 'cooking'), ((4, 0), 'items2')]"
5003,400,111,PLACE,"(4, 0)",HOLD,PLACE,PLACE,0,1,1,0,,PLACE,"(5, 1)","(3, 1)",onion,,"[((2, 0), 'cooking'), ((4, 0), 'items2')]"
5003,404,112,COOK_START,"(4, 0)",GET_DISH,COOK_START,COOK_START,0,1,1,0,,COOK_START,"(4, 1)","(3, 1)",,,"[((2, 0), 'cooking'), ((4, 0), 'items3')]"
5003,405,113,GET_DISH,"(2, 3)",HOLD,GET_DISH,GET_DISH,0,1,1,0,,GET_DISH,"(4, 1)","(3, 2)",,,"[((2, 0), 'cooking'), ((4, 0), 'cooking')]"
5003,413,114,PICKUP,"(2, 0)",PICKUP,PICKUP,PICKUP,1,1,1,0,,PICKUP,"(2, 2)","(3, 1)",dish,,"[((2, 0), 'ready'), ((4, 0), 'cooking')]"
5003,415,115,DELIVER,"(4, 3)",DELIVER,DELIVER,DELIVER,1,1,1,0,,DELIVER,"(2, 1)","(3, 1)",soup,,"[((2, 0), 'empty'), ((4, 0), 'cooking')]"
5003,421,116,FETCH,"(6, 1)",GET_DISH,FETCH,FETCH,0,1,1,0,,FETCH,"(4, 2)","(3, 1)",,,"[((2, 0), 'empty'), ((4, 0), 'cooking')]"
5003,424,117,PLACE,"(2, 0)",PLACE,PLACE,PLACE,1,1,1,0,,PLACE,"(5, 1)","(2, 2)",onion,dish,"[((2, 0), 'empty'), ((4, 0), 'ready')]"
5003,431,118,FETCH,"(0, 1)",HOLD,FETCH,FETCH,0,1,1,0,,FETCH,"(2, 1)","(4, 2)",,,"[((2, 0), 'items1'), ((4, 0), 'empty')]"
5003,433,119,PLACE,"(2, 0)",HOLD,PLACE,PLACE,0,1,1,0,,PLACE,"(1, 1)","(5, 1)",onion,,"[((2, 0), 'items1'), ((4, 0), 'empty')]"
5003,437,120,FETCH,"(0, 1)",FETCH,FETCH,FETCH,1,1,1,0,,FETCH,"(2, 1)","(4, 2)",,onion,"[((2, 0), 'items2'), ((4, 0), 'empty')]"
5003,439,121,PLACE,"(2, 0)",PLACE,PLACE,PLACE,1,1,1,0,,PLACE,"(1, 1)","(2, 2)",onion,onion,"[((2, 0), 'items2'), ((4, 0), 'empty')]"
5003,441,122,PLACE,"(4, 0)",PLACE,PLACE,PLACE,1,1,1,0,,PLACE,"(1, 2)","(2, 1)",onion,,"[((2, 0), 'items3'), ((4, 0), 'empty')]"
5003,446,123,FETCH,"(6, 1)",GET_DISH,FETCH,FETCH,0,1,1,0,,FETCH,"(4, 1)","(3, 1)",,,"[((2, 0), 'cooking'), ((4, 0), 'items1')]"
5003,448,124,PLACE,"(4, 0)",PLACE,PLACE,PLACE,1,1,1,0,,PLACE,"(5, 1)","(3, 1)",onion,,"[((2, 0), 'cooking'), ((4, 0), 'items1')]"
5003,452,125,FETCH,"(6, 1)",GET_DISH,FETCH,FETCH,0,1,1,0,,FETCH,"(4, 1)","(3, 1)",,,"[((2, 0), 'cooking'), ((4, 0), 'items2')]"
5003,454,126,PLACE,"(4, 0)",HOLD,PLACE,PLACE,0,1,1,0,,PLACE,"(5, 1)","(3, 1)",onion,,"[((2, 0), 'cooking'), ((4, 0), 'items2')]"
5003,458,127,COOK_START,"(4, 0)",GET_DISH,COOK_START,COOK_START,0,1,1,0,,COOK_START,"(4, 1)","(3, 1)",,,"[((2, 0), 'cooking'), ((4, 0), 'items3')]"
5003,459,128,GET_DISH,"(2, 3)",HOLD,GET_DISH,GET_DISH,0,1,1,0,,GET_DISH,"(4, 1)","(3, 2)",,,"[((2, 0), 'cooking'), ((4, 0), 'cooking')]"
5003,467,129,PICKUP,"(2, 0)",PICKUP,PICKUP,PICKUP,1,1,1,0,,PICKUP,"(2, 2)","(3, 1)",dish,,"[((2, 0), 'ready'), ((4, 0), 'cooking')]"
5003,469,130,DELIVER,"(4, 3)",DELIVER,DELIVER,DELIVER,1,1,1,0,,DELIVER,"(2, 1)","(3, 1)",soup,,"[((2, 0), 'empty'), ((4, 0), 'cooking')]"
5003,475,131,FETCH,"(6, 1)",GET_DISH,FETCH,FETCH,0,1,1,0,,FETCH,"(4, 2)","(3, 1)",,,"[((2, 0), 'empty'), ((4, 0), 'cooking')]"
5003,478,132,PLACE,"(2, 0)",PLACE,PLACE,PLACE,1,1,1,0,,PLACE,"(5, 1)","(2, 2)",onion,dish,"[((2, 0), 'empty'), ((4, 0), 'ready')]"
5003,485,133,FETCH,"(0, 1)",HOLD,FETCH,FETCH,0,1,1,0,,FETCH,"(2, 1)","(4, 2)",,,"[((2, 0), 'items1'), ((4, 0), 'empty')]"
5003,487,134,PLACE,"(2, 0)",HOLD,PLACE,PLACE,0,1,1,0,,PLACE,"(1, 1)","(5, 1)",onion,,"[((2, 0), 'items1'), ((4, 0), 'empty')]"
5003,491,135,FETCH,"(0, 1)",FETCH,FETCH,FETCH,1,1,1,0,,FETCH,"(2, 1)","(4, 2)",,onion,"[((2, 0), 'items2'), ((4, 0), 'empty')]"
5003,493,136,PLACE,"(2, 0)",PLACE,PLACE,PLACE,1,1,1,0,,PLACE,"(1, 1)","(2, 2)",onion,onion,"[((2, 0), 'items2'), ((4, 0), 'empty')]"
5003,495,137,PLACE,"(4, 0)",PLACE,PLACE,PLACE,1,1,1,0,,PLACE,"(1, 2)","(2, 1)",onion,,"[((2, 0), 'items3'), ((4, 0), 'empty')]"
5003,500,138,FETCH,"(6, 1)",GET_DISH,FETCH,FETCH,0,1,1,0,,FETCH,"(4, 1)","(3, 1)",,,"[((2, 0), 'cooking'), ((4, 0), 'items1')]"
5003,502,139,PLACE,"(4, 0)",PLACE,PLACE,PLACE,1,1,1,0,,PLACE,"(5, 1)","(3, 1)",onion,,"[((2, 0), 'cooking'), ((4, 0), 'items1')]"
5003,506,140,FETCH,"(6, 1)",HOLD,FETCH,FETCH,0,1,1,0,,FETCH,"(4, 1)","(3, 1)",,,"[((2, 0), 'cooking'), ((4, 0), 'items2')]"
5003,508,141,PLACE,"(4, 0)",HOLD,PLACE,PLACE,0,1,1,0,,PLACE,"(5, 1)","(3, 1)",onion,,"[((2, 0), 'cooking'), ((4, 0), 'items2')]"
5003,512,142,COOK_START,"(4, 0)",GET_DISH,COOK_START,COOK_START,0,1,1,0,,COOK_START,"(4, 1)","(3, 1)",,,"[((2, 0), 'cooking'), ((4, 0), 'items3')]"
5003,513,143,GET_DISH,"(2, 3)",HOLD,GET_DISH,GET_DISH,0,1,1,0,,GET_DISH,"(4, 1)","(3, 2)",,,"[((2, 0), 'cooking'), ((4, 0), 'cooking')]"
5003,521,144,PICKUP,"(2, 0)",PICKUP,PICKUP,PICKUP,1,1,1,0,,PICKUP,"(2, 2)","(3, 1)",dish,,"[((2, 0), 'ready'), ((4, 0), 'cooking')]"
5003,523,145,DELIVER,"(4, 3)",DELIVER,DELIVER,DELIVER,1,1,1,0,,DELIVER,"(2, 1)","(3, 1)",soup,,"[((2, 0), 'empty'), ((4, 0), 'cooking')]"
5003,529,146,FETCH,"(6, 1)",GET_DISH,FETCH,FETCH,0,1,1,0,,FETCH,"(4, 2)","(3, 1)",,,"[((2, 0), 'empty'), ((4, 0), 'cooking')]"
5003,532,147,PLACE,"(2, 0)",PLACE,PLACE,PLACE,1,1,1,0,,PLACE,"(5, 1)","(2, 2)",onion,dish,"[((2, 0), 'empty'), ((4, 0), 'ready')]"
5003,539,148,FETCH,"(0, 1)",HOLD,FETCH,FETCH,0,1,1,0,,FETCH,"(2, 1)","(4, 2)",,,"[((2, 0), 'items1'), ((4, 0), 'empty')]"
5003,541,149,PLACE,"(2, 0)",HOLD,PLACE,PLACE,0,1,1,0,,PLACE,"(1, 1)","(5, 1)",onion,,"[((2, 0), 'items1'), ((4, 0), 'empty')]"
5003,545,150,FETCH,"(0, 1)",FETCH,FETCH,FETCH,1,1,1,0,,FETCH,"(2, 1)","(4, 2)",,onion,"[((2, 0), 'items2'), ((4, 0), 'empty')]"
5003,547,151,PLACE,"(2, 0)",PLACE,PLACE,PLACE,1,1,1,0,,PLACE,"(1, 1)","(2, 2)",onion,onion,"[((2, 0), 'items2'), ((4, 0), 'empty')]"
5003,549,152,PLACE,"(4, 0)",PLACE,PLACE,PLACE,1,1,1,0,,PLACE,"(1, 2)","(2, 1)",onion,,"[((2, 0), 'items3'), ((4, 0), 'empty')]"
5003,554,153,FETCH,"(6, 1)",GET_DISH,FETCH,FETCH,0,1,1,0,,FETCH,"(4, 1)","(3, 1)",,,"[((2, 0), 'cooking'), ((4, 0), 'items1')]"
5003,556,154,PLACE,"(4, 0)",HOLD,PLACE,PLACE,0,1,1,0,,PLACE,"(5, 1)","(3, 1)",onion,,"[((2, 0), 'cooking'), ((4, 0), 'items1')]"
5003,560,155,FETCH,"(6, 1)",HOLD,FETCH,FETCH,0,1,1,0,,FETCH,"(4, 1)","(3, 1)",,,"[((2, 0), 'cooking'), ((4, 0), 'items2')]"
5003,562,156,PLACE,"(4, 0)",HOLD,PLACE,PLACE,0,1,1,0,,PLACE,"(5, 1)","(3, 1)",onion,,"[((2, 0), 'cooking'), ((4, 0), 'items2')]"
5003,566,157,COOK_START,"(4, 0)",GET_DISH,COOK_START,COOK_START,0,1,1,0,,COOK_START,"(4, 1)","(3, 1)",,,"[((2, 0), 'cooking'), ((4, 0), 'items3')]"
5003,567,158,GET_DISH,"(2, 3)",HOLD,GET_DISH,GET_DISH,0,1,1,0,,GET_DISH,"(4, 1)","(3, 2)",,,"[((2, 0), 'cooking'), ((4, 0), 'cooking')]"
5003,575,159,PICKUP,"(2, 0)",PICKUP,PICKUP,PICKUP,1,1,1,0,,PICKUP,"(2, 2)","(3, 1)",dish,,"[((2, 0), 'ready'), ((4, 0), 'cooking')]"
5003,577,160,DELIVER,"(4, 3)",DELIVER,DELIVER,DELIVER,1,1,1,0,,DELIVER,"(2, 1)","(3, 1)",soup,,"[((2, 0), 'empty'), ((4, 0), 'cooking')]"
5003,583,161,FETCH,"(6, 1)",GET_DISH,FETCH,FETCH,0,1,1,0,,FETCH,"(4, 2)","(3, 1)",,,"[((2, 0), 'empty'), ((4, 0), 'cooking')]"
5003,586,162,PLACE,"(2, 0)",PLACE,PLACE,PLACE,1,1,1,0,,PLACE,"(5, 1)","(2, 2)",onion,dish,"[((2, 0), 'empty'), ((4, 0), 'ready')]"
5003,593,163,FETCH,"(0, 1)",HOLD,FETCH,FETCH,0,1,1,0,,FETCH,"(2, 1)","(4, 2)",,,"[((2, 0), 'items1'), ((4, 0), 'empty')]"
5003,595,164,PLACE,"(2, 0)",HOLD,PLACE,PLACE,0,1,1,0,,PLACE,"(1, 1)","(5, 1)",onion,,"[((2, 0), 'items1'), ((4, 0), 'empty')]"
5003,599,165,FETCH,"(0, 1)",FETCH,FETCH,FETCH,1,1,1,0,,FETCH,"(2, 1)","(4, 2)",,onion,"[((2, 0), 'items2'), ((4, 0), 'empty')]"
5003,601,166,PLACE,"(2, 0)",PLACE,PLACE,PLACE,1,1,1,0,,PLACE,"(1, 1)","(2, 2)",onion,onion,"[((2, 0), 'items2'), ((4, 0), 'empty')]"
5003,603,167,PLACE,"(4, 0)",PLACE,PLACE,PLACE,1,1,1,0,,PLACE,"(1, 2)","(2, 1)",onion,,"[((2, 0), 'items3'), ((4, 0), 'empty')]"
5003,608,168,FETCH,"(6, 1)",GET_DISH,FETCH,FETCH,0,1,1,0,,FETCH,"(4, 1)","(3, 1)",,,"[((2, 0), 'cooking'), ((4, 0), 'items1')]"
5003,610,169,PLACE,"(4, 0)",HOLD,PLACE,PLACE,0,1,1,0,,PLACE,"(5, 1)","(3, 1)",onion,,"[((2, 0), 'cooking'), ((4, 0), 'items1')]"
5003,614,170,FETCH,"(6, 1)",HOLD,FETCH,FETCH,0,1,1,0,,FETCH,"(4, 1)","(3, 1)",,,"[((2, 0), 'cooking'), ((4, 0), 'items2')]"
5003,616,171,PLACE,"(4, 0)",HOLD,PLACE,PLACE,0,1,1,0,,PLACE,"(5, 1)","(3, 1)",onion,,"[((2, 0), 'cooking'), ((4, 0), 'items2')]"
5003,620,172,COOK_START,"(4, 0)",HOLD,COOK_START,COOK_START,0,1,1,0,,COOK_START,"(4, 1)","(3, 1)",,,"[((2, 0), 'cooking'), ((4, 0), 'items3')]"
5003,621,173,GET_DISH,"(2, 3)",HOLD,GET_DISH,GET_DISH,0,1,1,0,,GET_DISH,"(4, 1)","(3, 2)",,,"[((2, 0), 'cooking'), ((4, 0), 'cooking')]"
5003,629,174,PICKUP,"(2, 0)",PICKUP,PICKUP,PICKUP,1,1,1,0,,PICKUP,"(2, 2)","(3, 1)",dish,,"[((2, 0), 'ready'), ((4, 0), 'cooking')]"
5003,631,175,DELIVER,"(4, 3)",DELIVER,DELIVER,DELIVER,1,1,1,0,,DELIVER,"(2, 1)","(3, 1)",soup,,"[((2, 0), 'empty'), ((4, 0), 'cooking')]"
5003,637,176,FETCH,"(6, 1)",GET_DISH,FETCH,FETCH,0,1,1,0,,FETCH,"(4, 2)","(3, 1)",,,"[((2, 0), 'empty'), ((4, 0), 'cooking')]"
5003,640,177,PLACE,"(2, 0)",PLACE,PLACE,PLACE,1,1,1,0,,PLACE,"(5, 1)","(2, 2)",onion,dish,"[((2, 0), 'empty'), ((4, 0), 'ready')]"
5003,647,178,FETCH,"(0, 1)",HOLD,FETCH,FETCH,0,1,1,0,,FETCH,"(2, 1)","(4, 2)",,,"[((2, 0), 'items1'), ((4, 0), 'empty')]"
5003,649,179,PLACE,"(2, 0)",HOLD,PLACE,PLACE,0,1,1,0,,PLACE,"(1, 1)","(5, 1)",onion,,"[((2, 0), 'items1'), ((4, 0), 'empty')]"
5003,653,180,FETCH,"(0, 1)",FETCH,FETCH,FETCH,1,1,1,0,,FETCH,"(2, 1)","(4, 2)",,onion,"[((2, 0), 'items2'), ((4, 0), 'empty')]"
5003,655,181,PLACE,"(2, 0)",PLACE,PLACE,PLACE,1,1,1,0,,PLACE,"(1, 1)","(2, 2)",onion,onion,"[((2, 0), 'items2'), ((4, 0), 'empty')]"
5003,657,182,PLACE,"(4, 0)",PLACE,PLACE,PLACE,1,1,1,0,,PLACE,"(1, 2)","(2, 1)",onion,,"[((2, 0), 'items3'), ((4, 0), 'empty')]"
5003,662,183,FETCH,"(6, 1)",GET_DISH,FETCH,FETCH,0,1,1,0,,FETCH,"(4, 1)","(3, 1)",,,"[((2, 0), 'cooking'), ((4, 0), 'items1')]"
5003,664,184,PLACE,"(4, 0)",HOLD,PLACE,PLACE,0,1,1,0,,PLACE,"(5, 1)","(3, 1)",onion,,"[((2, 0), 'cooking'), ((4, 0), 'items1')]"
5003,668,185,FETCH,"(6, 1)",HOLD,FETCH,FETCH,0,1,1,0,,FETCH,"(4, 1)","(3, 1)",,,"[((2, 0), 'cooking'), ((4, 0), 'items2')]"
5003,670,186,PLACE,"(4, 0)",HOLD,PLACE,PLACE,0,1,1,0,,PLACE,"(5, 1)","(3, 1)",onion,,"[((2, 0), 'cooking'), ((4, 0), 'items2')]"
5003,674,187,COOK_START,"(4, 0)",HOLD,COOK_START,COOK_START,0,1,1,0,,COOK_START,"(4, 1)","(3, 1)",,,"[((2, 0), 'cooking'), ((4, 0), 'items3')]"
5003,675,188,GET_DISH,"(2, 3)",HOLD,GET_DISH,GET_DISH,0,1,1,0,,GET_DISH,"(4, 1)","(3, 2)",,,"[((2, 0), 'cooking'), ((4, 0), 'cooking')]"
5003,683,189,PICKUP,"(2, 0)",PICKUP,PICKUP,PICKUP,1,1,1,0,,PICKUP,"(2, 2)","(3, 1)",dish,,"[((2, 0), 'ready'), ((4, 0), 'cooking')]"
5003,685,190,DELIVER,"(4, 3)",DELIVER,DELIVER,DELIVER,1,1,1,0,,DELIVER,"(2, 1)","(3, 1)",soup,,"[((2, 0), 'empty'), ((4, 0), 'cooking')]"
5003,691,191,FETCH,"(6, 1)",GET_DISH,FETCH,FETCH,0,1,1,0,,FETCH,"(4, 2)","(3, 1)",,,"[((2, 0), 'empty'), ((4, 0), 'cooking')]"
5003,694,192,PLACE,"(2, 0)",PLACE,PLACE,PLACE,1,1,1,0,,PLACE,"(5, 1)","(2, 2)",onion,dish,"[((2, 0), 'empty'), ((4, 0), 'ready')]"
5004,0,1,FETCH,"(6, 1)",FETCH,FETCH,FETCH,1,1,1,0,,,"(4, 1)","(5, 2)",,,"[((2, 0), 'empty'), ((4, 0), 'empty')]"
5004,2,2,PLACE,"(4, 0)",PLACE,PLACE,PLACE,1,1,1,0,PLACE,PLACE,"(5, 1)","(3, 2)",onion,,"[((2, 0), 'empty'), ((4, 0), 'empty')]"
5004,6,3,FETCH,"(6, 1)",FETCH,FETCH,FETCH,1,1,1,0,FETCH,FETCH,"(4, 1)","(3, 2)",,,"[((2, 0), 'empty'), ((4, 0), 'items1')]"
5004,8,4,PLACE,"(4, 0)",PLACE,PLACE,PLACE,1,1,1,0,PLACE,PLACE,"(5, 1)","(3, 2)",onion,,"[((2, 0), 'empty'), ((4, 0), 'items1')]"
5004,12,5,FETCH,"(6, 1)",FETCH,FETCH,FETCH,1,1,1,0,FETCH,FETCH,"(4, 1)","(3, 2)",,,"[((2, 0), 'empty'), ((4, 0), 'items2')]"
5004,14,6,PLACE,"(4, 0)",PLACE,PLACE,PLACE,1,1,1,0,PLACE,PLACE,"(5, 1)","(3, 2)",onion,,"[((2, 0), 'empty'), ((4, 0), 'items2')]"
5004,18,7,COOK_START,"(4, 0)",COOK_START,COOK_START,COOK_START,1,1,1,0,COOK_START,COOK_START,"(4, 1)","(3, 2)",,,"[((2, 0), 'empty'), ((4, 0), 'items3')]"
5004,19,8,FETCH,"(6, 1)",FETCH,FETCH,GET_DISH,1,1,0,1,GET_DISH,FETCH,"(4, 1)","(3, 2)",,,"[((2, 0), 'empty'), ((4, 0), 'cooking')]"
5004,21,9,PLACE,"(2, 0)",PLACE,PLACE,PLACE,1,1,1,0,,PLACE,"(5, 1)","(2, 1)",onion,,"[((2, 0), 'empty'), ((4, 0), 'cooking')]"
5004,31,10,FETCH,"(0, 1)",FETCH,FETCH,FETCH,1,1,1,1,HOLD,FETCH,"(2, 1)","(3, 2)",,dish,"[((2, 0), 'items1'), ((4, 0), 'cooking')]"
5004,33,11,PLACE,"(2, 0)",PLACE,PLACE,PLACE,1,1,1,0,PLACE,PLACE,"(1, 1)","(3, 2)",onion,dish,"[((2, 0), 'items1'), ((4, 0), 'cooking')]"
5004,37,12,FETCH,"(0, 1)",FETCH,FETCH,FETCH,1,1,1,0,FETCH,FETCH,"(2, 1)","(3, 2)",,dish,"[((2, 0), 'items2'), ((4, 0), 'cooking')]"
5004,39,13,PLACE,"(2, 0)",PLACE,PLACE,PLACE,1,1,1,0,,PLACE,"(1, 1)","(4, 2)",onion,dish,"[((2, 0), 'items2'), ((4, 0), 'ready')]"
5004,43,14,COOK_START,"(2, 0)",COOK_START,COOK_START,COOK_START,1,1,1,0,,COOK_START,"(2, 1)","(4, 2)",,,"[((2, 0), 'items3'), ((4, 0), 'empty')]"
5004,44,15,FETCH,"(0, 1)",HOLD,FETCH,HOLD,0,1,0,1,HOLD,FETCH,"(2, 1)","(3, 2)",,,"[((2, 0), 'cooking'), ((4, 0), 'empty')]"
5004,46,16,PLACE,"(4, 0)",PLACE,PLACE,PLACE,1,1,1,0,,PLACE,"(1, 1)","(3, 1)",onion,,"[((2, 0), 'cooking'), ((4, 0), 'empty')]"
5004,52,17,FETCH,"(6, 1)",FETCH,FETCH,FETCH,1,1,1,0,,FETCH,"(4, 1)","(3, 1)",,,"[((2, 0), 'cooking'), ((4, 0), 'items1')]"
5004,54,18,PLACE,"(4, 0)",PLACE,PLACE,PLACE,1,1,1,0,,PLACE,"(5, 1)","(3, 1)",onion,,"[((2, 0), 'cooking'), ((4, 0), 'items1')]"
5004,58,19,FETCH,"(6, 1)",FETCH,FETCH,FETCH,1,1,1,0,,FETCH,"(4, 1)","(3, 1)",,,"[((2, 0), 'cooking'), ((4, 0), 'items2')]"
5004,60,20,PLACE,"(4, 0)",PLACE,PLACE,PLACE,1,1,1,0,,PLACE,"(5, 1)","(3, 1)",onion,,"[((2, 0), 'cooking'), ((4, 0), 'items2')]"
5004,64,21,COOK_START,"(4, 0)",COOK_START,COOK_START,COOK_START,1,1,1,0,,COOK_START,"(4, 1)","(3, 1)",,,"[((2, 0), 'ready'), ((4, 0), 'items3')]"
5004,65,22,GET_DISH,"(2, 3)",GET_DISH,GET_DISH,GET_DISH,1,1,1,0,,GET_DISH,"(4, 1)","(3, 2)",,,"[((2, 0), 'ready'), ((4, 0), 'cooking')]"
5004,73,23,PICKUP,"(2, 0)",PICKUP,PICKUP,PICKUP,1,1,1,0,,PICKUP,"(2, 2)","(3, 1)",dish,,"[((2, 0), 'ready'), ((4, 0), 'cooking')]"
5004,75,24,DELIVER,"(4, 3)",DELIVER,DELIVER,DELIVER,1,1,1,0,,DELIVER,"(2, 1)","(3, 1)",soup,,"[((2, 0), 'empty'), ((4, 0), 'cooking')]"
5004,81,25,FETCH,"(6, 1)",FETCH,FETCH,FETCH,1,1,1,0,,FETCH,"(4, 2)","(3, 1)",,,"[((2, 0), 'empty'), ((4, 0), 'cooking')]"
5004,84,26,PLACE,"(2, 0)",PLACE,PLACE,PLACE,1,1,1,0,,PLACE,"(5, 1)","(2, 2)",onion,dish,"[((2, 0), 'empty'), ((4, 0), 'ready')]"
5004,91,27,FETCH,"(0, 1)",FETCH,FETCH,FETCH,1,1,1,0,,FETCH,"(2, 1)","(4, 2)",,,"[((2, 0), 'items1'), ((4, 0), 'empty')]"
5004,93,28,PLACE,"(2, 0)",PLACE,PLACE,PLACE,1,1,1,0,,PLACE,"(1, 1)","(5, 1)",onion,,"[((2, 0), 'items1'), ((4, 0), 'empty')]"
5004,97,29,FETCH,"(0, 1)",FETCH,FETCH,FETCH,1,1,1,0,,FETCH,"(2, 1)","(4, 2)",,onion,"[((2, 0), 'items2'), ((4, 0), 'empty')]"
5004,99,30,PLACE,"(2, 0)",PLACE,PLACE,PLACE,1,1,1,0,,PLACE,"(1, 1)","(2, 2)",onion,onion,"[((2, 0), 'items2'), ((4, 0), 'empty')]"
5004,101,31,PLACE,"(4, 0)",PLACE,PLACE,PLACE,1,1,1,0,,PLACE,"(1, 2)","(2, 1)",onion,,"[((2, 0), 'items3'), ((4, 0), 'empty')]"
5004,106,32,FETCH,"(6, 1)",FETCH,FETCH,FETCH,1,1,1,0,,FETCH,"(4, 1)","(3, 1)",,,"[((2, 0), 'cooking'), ((4, 0), 'items1')]"
5004,108,33,PLACE,"(4, 0)",PLACE,PLACE,PLACE,1,1,1,0,,PLACE,"(5, 1)","(3, 1)",onion,,"[((2, 0), 'cooking'), ((4, 0), 'items1')]"
5004,112,34,FETCH,"(6, 1)",FETCH,FETCH,FETCH,1,1,1,0,,FETCH,"(4, 1)","(3, 1)",,,"[((2, 0), 'cooking'), ((4, 0), 'items2')]"
5004,114,35,PLACE,"(4, 0)",PLACE,PLACE,PLACE,1,1,1,0,,PLACE,"(5, 1)","(3, 1)",onion,,"[((2, 0), 'cooking'), ((4, 0), 'items2')]"
5004,118,36,COOK_START,"(4, 0)",COOK_START,COOK_START,COOK_START,1,1,1,0,,COOK_START,"(4, 1)","(3, 1)",,,"[((2, 0), 'cooking'), ((4, 0), 'items3')]"
5004,119,37,GET_DISH,"(2, 3)",GET_DISH,GET_DISH,GET_DISH,1,1,1,0,,GET_DISH,"(4, 1)","(3, 2)",,,"[((2, 0), 'cooking'), ((4, 0), 'cooking')]"
5004,127,38,PICKUP,"(2, 0)",PICKUP,PICKUP,PICKUP,1,1,1,0,,PICKUP,"(2, 2)","(3, 1)",dish,,"[((2, 0), 'ready'), ((4, 0), 'cooking')]"
5004,129,39,DELIVER,"(4, 3)",DELIVER,DELIVER,DELIVER,1,1,1,0,,DELIVER,"(2, 1)","(3, 1)",soup,,"[((2, 0), 'empty'), ((4, 0), 'cooking')]"
5004,135,40,FETCH,"(6, 1)",FETCH,FETCH,FETCH,1,1,1,0,,FETCH,"(4, 2)","(3, 1)",,,"[((2, 0), 'empty'), ((4, 0), 'cooking')]"
5004,138,41,PLACE,"(2, 0)",PLACE,PLACE,PLACE,1,1,1,0,,PLACE,"(5, 1)","(2, 2)",onion,dish,"[((2, 0), 'empty'), ((4, 0), 'ready')]"
5004,145,42,FETCH,"(0, 1)",FETCH,FETCH,FETCH,1,1,1,0,,FETCH,"(2, 1)","(4, 2)",,,"[((2, 0), 'items1'), ((4, 0), 'empty')]"
5004,147,43,PLACE,"(2, 0)",PLACE,PLACE,PLACE,1,1,1,0,,PLACE,"(1, 1)","(5, 1)",onion,,"[((2, 0), 'items1'), ((4, 0), 'empty')]"
5004,151,44,FETCH,"(0, 1)",FETCH,FETCH,FETCH,1,1,1,0,,FETCH,"(2, 1)","(4, 2)",,onion,"[((2, 0), 'items2'), ((4, 0), 'empty')]"
5004,153,45,PLACE,"(2, 0)",PLACE,PLACE,PLACE,1,1,1,0,,PLACE,"(1, 1)","(2, 2)",onion,onion,"[((2, 0), 'items2'), ((4, 0), 'empty')]"
5004,155,46,PLACE,"(4, 0)",PLACE,PLACE,PLACE,1,1,1,0,,PLACE,"(1, 2)","(2, 1)",onion,,"[((2, 0), 'items3'), ((4, 0), 'empty')]"
5004,160,47,FETCH,"(6, 1)",FETCH,FETCH,FETCH,1,1,1,0,,FETCH,"(4, 1)","(3, 1)",,,"[((2, 0), 'cooking'), ((4, 0), 'items1')]"
5004,162,48,PLACE,"(4, 0)",PLACE,PLACE,PLACE,1,1,1,0,,PLACE,"(5, 1)","(3, 1)",onion,,"[((2, 0), 'cooking'), ((4, 0), 'items1')]"
5004,166,49,FETCH,"(6, 1)",FETCH,FETCH,FETCH,1,1,1,0,,FETCH,"(4, 1)","(3, 1)",,,"[((2, 0), 'cooking'), ((4, 0), 'items2')]"
5004,168,50,PLACE,"(4, 0)",PLACE,PLACE,PLACE,1,1,1,0,,PLACE,"(5, 1)","(3, 1)",onion,,"[((2, 0), 'cooking'), ((4, 0), 'items2')]"
5004,172,51,COOK_START,"(4, 0)",COOK_START,COOK_START,COOK_START,1,1,1,0,,COOK_START,"(4, 1)","(3, 1)",,,"[((2, 0), 'cooking'), ((4, 0), 'items3')]"
5004,173,52,GET_DISH,"(2, 3)",GET_DISH,GET_DISH,GET_DISH,1,1,1,0,,GET_DISH,"(4, 1)","(3, 2)",,,"[((2, 0), 'cooking'), ((4, 0), 'cooking')]"
5004,181,53,PICKUP,"(2, 0)",PICKUP,PICKUP,PICKUP,1,1,1,0,,PICKUP,"(2, 2)","(3, 1)",dish,,"[((2, 0), 'ready'), ((4, 0), 'cooking')]"
5004,183,54,DELIVER,"(4, 3)",DELIVER,DELIVER,DELIVER,1,1,1,0,,DELIVER,"(2, 1)","(3, 1)",soup,,"[((2, 0), 'empty'), ((4, 0), 'cooking')]"
5004,189,55,FETCH,"(6, 1)",FETCH,FETCH,FETCH,1,1,1,0,,FETCH,"(4, 2)","(3, 1)",,,"[((2, 0), 'empty'), ((4, 0), 'cooking')]"
5004,192,56,PLACE,"(2, 0)",PLACE,PLACE,PLACE,1,1,1,0,,PLACE,"(5, 1)","(2, 2)",onion,dish,"[((2, 0), 'empty'), ((4, 0), 'ready')]"
5004,199,57,FETCH,"(0, 1)",FETCH,FETCH,FETCH,1,1,1,0,,FETCH,"(2, 1)","(4, 2)",,,"[((2, 0), 'items1'), ((4, 0), 'empty')]"
5004,201,58,PLACE,"(2, 0)",PLACE,PLACE,PLACE,1,1,1,0,,PLACE,"(1, 1)","(5, 1)",onion,,"[((2, 0), 'items1'), ((4, 0), 'empty')]"
5004,205,59,FETCH,"(0, 1)",FETCH,FETCH,FETCH,1,1,1,0,,FETCH,"(2, 1)","(4, 2)",,onion,"[((2, 0), 'items2'), ((4, 0), 'empty')]"
5004,207,60,PLACE,"(2, 0)",PLACE,PLACE,PLACE,1,1,1,0,,PLACE,"(1, 1)","(2, 2)",onion,onion,"[((2, 0), 'items2'), ((4, 0), 'empty')]"
5004,209,61,PLACE,"(4, 0)",PLACE,PLACE,PLACE,1,1,1,0,,PLACE,"(1, 2)","(2, 1)",onion,,"[((2, 0), 'items3'), ((4, 0), 'empty')]"
5004,214,62,FETCH,"(6, 1)",FETCH,FETCH,FETCH,1,1,1,0,,FETCH,"(4, 1)","(3, 1)",,,"[((2, 0), 'cooking'), ((4, 0), 'items1')]"
5004,216,63,PLACE,"(4, 0)",PLACE,PLACE,PLACE,1,1,1,0,,PLACE,"(5, 1)","(3, 1)",onion,,"[((2, 0), 'cooking'), ((4, 0), 'items1')]"
5004,220,64,FETCH,"(6, 1)",FETCH,FETCH,FETCH,1,1,1,0,,FETCH,"(4, 1)","(3, 1)",,,"[((2, 0), 'cooking'), ((4, 0), 'items2')]"
5004,222,65,PLACE,"(4, 0)",PLACE,PLACE,PLACE,1,1,1,0,,PLACE,"(5, 1)","(3, 1)",onion,,"[((2, 0), 'cooking'), ((4, 0), 'items2')]"
5004,226,66,COOK_START,"(4, 0)",COOK_START,COOK_START,COOK_START,1,1,1,0,,COOK_START,"(4, 1)","(3, 1)",,,"[((2, 0), 'cooking'), ((4, 0), 'items3')]"
5004,227,67,GET_DISH,"(2, 3)",GET_DISH,GET_DISH,GET_DISH,1,1,1,0,,GET_DISH,"(4, 1)","(3, 2)",,,"[((2, 0), 'cooking'), ((4, 0), 'cooking')]"
5004,235,68,PICKUP,"(2, 0)",PICKUP,PICKUP,PICKUP,1,1,1,0,,PICKUP,"(2, 2)","(3, 1)",dish,,"[((2, 0), 'ready'), ((4, 0), 'cooking')]"
5004,237,69,DELIVER,"(4, 3)",DELIVER,DELIVER,DELIVER,1,1,1,0,,DELIVER,"(2, 1)","(3, 1)",soup,,"[((2, 0), 'empty'), ((4, 0), 'cooking')]"
5004,243,70,FETCH,"(6, 1)",FETCH,FETCH,FETCH,1,1,1,0,,FETCH,"(4, 2)","(3, 1)",,,"[((2, 0), 'empty'), ((4, 0), 'cooking')]"
5004,246,71,PLACE,"(2, 0)",PLACE,PLACE,PLACE,1,1,1,0,,PLACE,"(5, 1)","(2, 2)",onion,dish,"[((2, 0), 'empty'), ((4, 0), 'ready')]"
5004,253,72,FETCH,"(0, 1)",HOLD,FETCH,FETCH,0,1,1,0,,FETCH,"(2, 1)","(4, 2)",,,"[((2, 0), 'items1'), ((4, 0), 'empty')]"
5004,255,73,PLACE,"(2, 0)",PLACE,PLACE,PLACE,1,1,1,0,,PLACE,"(1, 1)","(5, 1)",onion,,"[((2, 0), 'items1'), ((4, 0), 'empty')]"
5004,259,74,FETCH,"(0, 1)",FETCH,FETCH,FETCH,1,1,1,0,,FETCH,"(2, 1)","(4, 2)",,onion,"[((2, 0), 'items2'), ((4, 0), 'empty')]"
5004,261,75,PLACE,"(2, 0)",PLACE,PLACE,PLACE,1,1,1,0,,PLACE,"(1, 1)","(2, 2)",onion,onion,"[((2, 0), 'items2'), ((4, 0), 'empty')]"
5004,263,76,PLACE,"(4, 0)",PLACE,PLACE,PLACE,1,1,1,0,,PLACE,"(1, 2)","(2, 1)",onion,,"[((2, 0), 'items3'), ((4, 0), 'empty')]"
5004,268,77,FETCH,"(6, 1)",GET_DISH,FETCH,FETCH,0,1,1,0,,FETCH,"(4, 1)","(3, 1)",,,"[((2, 0), 'cooking'), ((4, 0), 'items1')]"
5004,270,78,PLACE,"(4, 0)",PLACE,PLACE,PLACE,1,1,1,0,,PLACE,"(5, 1)","(3, 1)",onion,,"[((2, 0), 'cooking'), ((4, 0), 'items1')]"
5004,274,79,FETCH,"(6, 1)",GET_DISH,FETCH,FETCH,0,1,1,0,,FETCH,"(4, 1)","(3, 1)",,,"[((2, 0), 'cooking'), ((4, 0), 'items2')]"
5004,276,80,PLACE,"(4, 0)",PLACE,PLACE,PLACE,1,1,1,0,,PLACE,"(5, 1)","(3, 1)",onion,,"[((2, 0), 'cooking'), ((4, 0), 'items2')]"
5004,280,81,COOK_START,"(4, 0)",COOK_START,COOK_START,COOK_START,1,1,1,0,,COOK_START,"(4, 1)","(3, 1)",,,"[((2, 0), 'cooking'), ((4, 0), 'items3')]"
5004,281,82,GET_DISH,"(2, 3)",GET_DISH,GET_DISH,GET_DISH,1,1,1,0,,GET_DISH,"(4, 1)","(3, 2)",,,"[((2, 0), 'cooking'), ((4, 0), 'cooking')]"
5004,289,83,PICKUP,"(2, 0)",PICKUP,PICKUP,PICKUP,1,1,1,0,,PICKUP,"(2, 2)","(3, 1)",dish,,"[((2, 0), 'ready'), ((4, 0), 'cooking')]"
5004,291,84,DELIVER,"(4, 3)",DELIVER,DELIVER,DELIVER,1,1,1,0,,DELIVER,"(2, 1)","(3, 1)",soup,,"[((2, 0), 'empty'), ((4, 0), 'cooking')]"
5004,297,85,FETCH,"(6, 1)",FETCH,FETCH,FETCH,1,1,1,0,,FETCH,"(4, 2)","(3, 1)",,,"[((2, 0), 'empty'), ((4, 0), 'cooking')]"
5004,300,86,PLACE,"(2, 0)",PLACE,PLACE,PLACE,1,1,1,0,,PLACE,"(5, 1)","(2, 2)",onion,dish,"[((2, 0), 'empty'), ((4, 0), 'ready')]"
5004,307,87,FETCH,"(0, 1)",HOLD,FETCH,FETCH,0,1,1,0,,FETCH,"(2, 1)","(4, 2)",,,"[((2, 0), 'items1'), ((4, 0), 'empty')]"
5004,309,88,PLACE,"(2, 0)",PLACE,PLACE,PLACE,1,1,1,0,,PLACE,"(1, 1)","(5, 1)",onion,,"[((2, 0), 'items1'), ((4, 0), 'empty')]"
5004,313,89,FETCH,"(0, 1)",FETCH,FETCH,FETCH,1,1,1,0,,FETCH,"(2, 1)","(4, 2)",,onion,"[((2, 0), 'items2'), ((4, 0), 'empty')]"
5004,315,90,PLACE,"(2, 0)",PLACE,PLACE,PLACE,1,1,1,0,,PLACE,"(1, 1)","(2, 2)",onion,onion,"[((2, 0), 'items2'), ((4, 0), 'empty')]"
5004,317,91,PLACE,"(4, 0)",PLACE,PLACE,PLACE,1,1,1,0,,PLACE,"(1, 2)","(2, 1)",onion,,"[((2, 0), 'items3'), ((4, 0), 'empty')]"
5004,322,92,FETCH,"(6, 1)",GET_DISH,FETCH,FETCH,0,1,1,0,,FETCH,"(4, 1)","(3, 1)",,,"[((2, 0), 'cooking'), ((4, 0), 'items1')]"
5004,324,93,PLACE,"(4, 0)",PLACE,PLACE,PLACE,1,1,1,0,,PLACE,"(5, 1)","(3, 1)",onion,,"[((2, 0), 'cooking'), ((4, 0), 'items1')]"
5004,328,94,FETCH,"(6, 1)",GET_DISH,FETCH,FETCH,0,1,1,0,,FETCH,"(4, 1)","(3, 1)",,,"[((2, 0), 'cooking'), ((4, 0), 'items2')]"
5004,330,95,PLACE,"(4, 0)",PLACE,PLACE,PLACE,1,1,1,0,,PLACE,"(5, 1)","(3, 1)",onion,,"[((2, 0), 'cooking'), ((4, 0), 'items2')]"
5004,334,96,COOK_START,"(4, 0)",GET_DISH,COOK_START,COOK_START,0,1,1,0,,COOK_START,"(4, 1)","(3, 1)",,,"[((2, 0), 'cooking'), ((4, 0), 'items3')]"
5004,335,97,GET_DISH,"(2, 3)",HOLD,GET_DISH,GET_DISH,0,1,1,0,,GET_DISH,"(4, 1)","(3, 2)",,,"[((2, 0), 'cooking'), ((4, 0), 'cooking')]"
5004,343,98,PICKUP,"(2, 0)",PICKUP,PICKUP,PICKUP,1,1,1,0,,PICKUP,"(2, 2)","(3, 1)",dish,,"[((2, 0), 'ready'), ((4, 0), 'cooking')]"
5004,345,99,DELIVER,"(4, 3)",DELIVER,DELIVER,DELIVER,1,1,1,0,,DELIVER,"(2, 1)","(3, 1)",soup,,"[((2, 0), 'empty'), ((4, 0), 'cooking')]"
5004,351,100,FETCH,"(6, 1)",GET_DISH,FETCH,FETCH,0,1,1,0,,FETCH,"(4, 2)","(3, 1)",,,"[((2, 0), 'empty'), ((4, 0), 'cooking')]"
5004,354,101,PLACE,"(2, 0)",PLACE,PLACE,PLACE,1,1,1,0,,PLACE,"(5, 1)","(2, 2)",onion,dish,"[((2, 0), 'empty'), ((4, 0), 'ready')]"
5004,361,102,FETCH,"(0, 1)",HOLD,FETCH,FETCH,0,1,1,0,,FETCH,"(2, 1)","(4, 2)",,,"[((2, 0), 'items1'), ((4, 0), 'empty')]"
5004,363,103,PLACE,"(2, 0)",HOLD,PLACE,PLACE,0,1,1,0,,PLACE,"(1, 1)","(5, 1)",onion,,"[((2, 0), 'items1'), ((4, 0), 'empty')]"
5004,367,104,FETCH,"(0, 1)",FETCH,FETCH,FETCH,1,1,1,0,,FETCH,"(2, 1)","(4, 2)",,onion,"[((2, 0), 'items2'), ((4, 0), 'empty')]"
5004,369,105,PLACE,"(2, 0)",PLACE,PLACE,PLACE,1,1,1,0,,PLACE,"(1, 1)","(2, 2)",onion,onion,"[((2, 0), 'items2'), ((4, 0), 'empty')]"
5004,371,106,PLACE,"(4, 0)",PLACE,PLACE,PLACE,1,1,1,0,,PLACE,"(1, 2)","(2, 1)",onion,,"[((2, 0), 'items3'), ((4, 0), 'empty')]"
5004,376,107,FETCH,"(6, 1)",GET_DISH,FETCH,FETCH,0,1,1,0,,FETCH,"(4, 1)","(3, 1)",,,"[((2, 0), 'cooking'), ((4, 0), 'items1')]"
5004,378,108,PLACE,"(4, 0)",PLACE,PLACE,PLACE,1,1,1,0,,PLACE,"(5, 1)","(3, 1)",onion,,"[((2, 0), 'cooking'), ((4, 0), 'items1')]"
5004,382,109,FETCH,"(6, 1)",GET_DISH,FETCH,FETCH,0,1,1,0,,FETCH,"(4, 1)","(3, 1)",,,"[((2, 0), 'cooking'), ((4, 0), 'items2')]"
5004,384,110,PLACE,"(4, 0)",HOLD,PLACE,PLACE,0,1,1,0,,PLACE,"(5, 1)","(3, 1)",onion,,"[((2, 0), 'cooking'), ((4, 0), 'items2')]"
5004,388,111,COOK_START,"(4, 0)",GET_DISH,COOK_START,COOK_START,0,1,1,0,,COOK_START,"(4, 1)","(3, 1)",,,"[((2, 0), 'cooking'), ((4, 0), 'items3')]"
5004,389,112,GET_DISH,"(2, 3)",HOLD,GET_DISH,GET_DISH,0,1,1,0,,GET_DISH,"(4, 1)","(3, 2)",,,"[((2, 0), 'cooking'), ((4, 0), 'cooking')]"
5004,397,113,PICKUP,"(2, 0)",PICKUP,PICKUP,PICKUP,1,1,1,0,,PICKUP,"(2, 2)","(3, 1)",dish,,"[((2, 0), 'ready'), ((4, 0), 'cooking')]"
5004,399,114,DELIVER,"(4, 3)",DELIVER,DELIVER,DELIVER,1,1,1,0,,DELIVER,"(2, 1)","(3, 1)",soup,,"[((2, 0), 'empty'), ((4, 0), 'cooking')]"
5004,405,115,FETCH,"(6, 1)",GET_DISH,FETCH,FETCH,0,1,1,0,,FETCH,"(4, 2)","(3, 1)",,,"[((2, 0), 'empty'), ((4, 0), 'cooking')]"
5004,408,116,PLACE,"(2, 0)",PLACE,PLACE,PLACE,1,1,1,0,,PLACE,"(5, 1)","(2, 2)",onion,dish,"[((2, 0), 'empty'), ((4, 0), 'ready')]"
5004,415,117,FETCH,"(0, 1)",HOLD,FETCH,FETCH,0,1,1,0,,FETCH,"(2, 1)","(4, 2)",,,"[((2, 0), 'items1'), ((4, 0), 'empty')]"
5004,417,118,PLACE,"(2, 0)",HOLD,PLACE,PLACE,0,1,1,0,,PLACE,"(1, 1)","(5, 1)",onion,,"[((2, 0), 'items1'), ((4, 0), 'empty')]"
5004,421,119,FETCH,"(0, 1)",FETCH,FETCH,FETCH,1,1,1,0,,FETCH,"(2, 1)","(4, 2)",,onion,"[((2, 0), 'items2'), ((4, 0), 'empty')]"
5004,423,120,PLACE,"(2, 0)",PLACE,PLACE,PLACE,1,1,1,0,,PLACE,"(1, 1)","(2, 2)",onion,onion,"[((2, 0), 'items2'), ((4, 0), 'empty')]"
5004,425,121,PLACE,"(4, 0)",PLACE,PLACE,PLACE,1,1,1,0,,PLACE,"(1, 2)","(2, 1)",onion,,"[((2, 0), 'items3'), ((4, 0), 'empty')]"
5004,430,122,FETCH,"(6, 1)",GET_DISH,FETCH,FETCH,0,1,1,0,,FETCH,"(4, 1)","(3, 1)",,,"[((2, 0), 'cooking'), ((4, 0), 'items1')]"
5004,432,123,PLACE,"(4, 0)",PLACE,PLACE,PLACE,1,1,1,0,,PLACE,"(5, 1)","(3, 1)",onion,,"[((2, 0), 'cooking'), ((4, 0), 'items1')]"
5004,436,124,FETCH,"(6, 1)",GET_DISH,FETCH,FETCH,0,1,1,0,,FETCH,"(4, 1)","(3, 1)",,,"[((2, 0), 'cooking'), ((4, 0), 'items2')]"
5004,438,125,PLACE,"(4, 0)",HOLD,PLACE,PLACE,0,1,1,0,,PLACE,"(5, 1)","(3, 1)",onion,,"[((2, 0), 'cooking'), ((4, 0), 'items2')]"
5004,442,126,COOK_START,"(4, 0)",GET_DISH,COOK_START,COOK_START,0,1,1,0,,COOK_START,"(4, 1)","(3, 1)",,,"[((2, 0), 'cooking'), ((4, 0), 'items3')]"
5004,443,127,GET_DISH,"(2, 3)",HOLD,GET_DISH,GET_DISH,0,1,1,0,,GET_DISH,"(4, 1)","(3, 2)",,,"[((2, 0), 'cooking'), ((4, 0), 'cooking')]"
5004,451,128,PICKUP,"(2, 0)",PICKUP,PICKUP,PICKUP,1,1,1,0,,PICKUP,"(2, 2)","(3, 1)",dish,,"[((2, 0), 'ready'), ((4, 0), 'cooking')]"
5004,453,129,DELIVER,"(4, 3)",DELIVER,DELIVER,DELIVER,1,1,1,0,,DELIVER,"(2, 1)","(3, 1)",soup,,"[((2, 0), 'empty'), ((4, 0), 'cooking')]"
5004,459,130,FETCH,"(6, 1)",GET_DISH,FETCH,FETCH,0,1,1,0,,FETCH,"(4, 2)","(3, 1)",,,"[((2, 0), 'empty'), ((4, 0), 'cooking')]"
5004,462,131,PLACE,"(2, 0)",PLACE,PLACE,PLACE,1,1,1,0,,PLACE,"(5, 1)","(2, 2)",onion,dish,"[((2, 0), 'empty'), ((4, 0), 'ready')]"
5004,469,132,FETCH,"(0, 1)",HOLD,FETCH,FETCH,0,1,1,0,,FETCH,"(2, 1)","(4, 2)",,,"[((2, 0), 'items1'), ((4, 0), 'empty')]"
5004,471,133,PLACE,"(2, 0)",HOLD,PLACE,PLACE,0,1,1,0,,PLACE,"(1, 1)","(5, 1)",onion,,"[((2, 0), 'items1'), ((4, 0), 'empty')]"
5004,475,134,FETCH,"(0, 1)",FETCH,FETCH,FETCH,1,1,1,0,,FETCH,"(2, 1)","(4, 2)",,onion,"[((2, 0), 'items2'), ((4, 0), 'empty')]"
5004,477,135,PLACE,"(2, 0)",PLACE,PLACE,PLACE,1,1,1,0,,PLACE,"(1, 1)","(2, 2)",onion,onion,"[((2, 0), 'items2'), ((4, 0), 'empty')]"
5004,479,136,PLACE,"(4, 0)",PLACE,PLACE,PLACE,1,1,1,0,,PLACE,"(1, 2)","(2, 1)",onion,,"[((2, 0), 'items3'), ((4, 0), 'empty')]"
5004,484,137,FETCH,"(6, 1)",GET_DISH,FETCH,FETCH,0,1,1,0,,FETCH,"(4, 1)","(3, 1)",,,"[((2, 0), 'cooking'), ((4, 0), 'items1')]"
5004,486,138,PLACE,"(4, 0)",PLACE,PLACE,PLACE,1,1,1,0,,PLACE,"(5, 1)","(3, 1)",onion,,"[((2, 0), 'cooking'), ((4, 0), 'items1')]"
5004,490,139,FETCH,"(6, 1)",HOLD,FETCH,FETCH,0,1,1,0,,FETCH,"(4, 1)","(3, 1)",,,"[((2, 0), 'cooking'), ((4, 0), 'items2')]"
5004,492,140,PLACE,"(4, 0)",HOLD,PLACE,PLACE,0,1,1,0,,PLACE,"(5, 1)","(3, 1)",onion,,"[((2, 0), 'cooking'), ((4, 0), 'items2')]"
5004,496,141,COOK_START,"(4, 0)",GET_DISH,COOK_START,COOK_START,0,1,1,0,,COOK_START,"(4, 1)","(3, 1)",,,"[((2, 0), 'cooking'), ((4, 0), 'items3')]"
5004,497,142,GET_DISH,"(2, 3)",HOLD,GET_DISH,GET_DISH,0,1,1,0,,GET_DISH,"(4, 1)","(3, 2)",,,"[((2, 0), 'cooking'), ((4, 0), 'cooking')]"
5004,505,143,PICKUP,"(2, 0)",PICKUP,PICKUP,PICKUP,1,1,1,0,,PICKUP,"(2, 2)","(3, 1)",dish,,"[((2, 0), 'ready'), ((4, 0), 'cooking')]"
5004,507,144,DELIVER,"(4, 3)",DELIVER,DELIVER,DELIVER,1,1,1,0,,DELIVER,"(2, 1)","(3, 1)",soup,,"[((2, 0), 'empty'), ((4, 0), 'cooking')]"
5004,513,145,FETCH,"(6, 1)",GET_DISH,FETCH,FETCH,0,1,1,0,,FETCH,"(4, 2)","(3, 1)",,,"[((2, 0), 'empty'), ((4, 0), 'cooking')]"
5004,516,146,PLACE,"(2, 0)",PLACE,PLACE,PLACE,1,1,1,0,,PLACE,"(5, 1)","(2, 2)",onion,dish,"[((2, 0), 'empty'), ((4, 0), 'ready')]"
5004,523,147,FETCH,"(0, 1)",HOLD,FETCH,FETCH,0,1,1,0,,FETCH,"(2, 1)","(4, 2)",,,"[((2, 0), 'items1'), ((4, 0), 'empty')]"
5004,525,148,PLACE,"(2, 0)",HOLD,PLACE,PLACE,0,1,1,0,,PLACE,"(1, 1)","(5, 1)",onion,,"[((2, 0), 'items1'), ((4, 0), 'empty')]"
5004,529,149,FETCH,"(0, 1)",FETCH,FETCH,FETCH,1,1,1,0,,FETCH,"(2, 1)","(4, 2)",,onion,"[((2, 0), 'items2'), ((4, 0), 'empty')]"
5004,531,150,PLACE,"(2, 0)",PLACE,PLACE,PLACE,1,1,1,0,,PLACE,"(1, 1)","(2, 2)",onion,onion,"[((2, 0), 'items2'), ((4, 0), 'empty')]"
5004,533,151,PLACE,"(4, 0)",PLACE,PLACE,PLACE,1,1,1,0,,PLACE,"(1, 2)","(2, 1)",onion,,"[((2, 0), 'items3'), ((4, 0), 'empty')]"
5004,538,152,FETCH,"(6, 1)",GET_DISH,FETCH,FETCH,0,1,1,0,,FETCH,"(4, 1)","(3, 1)",,,"[((2, 0), 'cooking'), ((4, 0), 'items1')]"
5004,540,153,PLACE,"(4, 0)",HOLD,PLACE,PLACE,0,1,1,0,,PLACE,"(5, 1)","(3, 1)",onion,,"[((2, 0), 'cooking'), ((4, 0), 'items1')]"
5004,544,154,FETCH,"(6, 1)",HOLD,FETCH,FETCH,0,1,1,0,,FETCH,"(4, 1)","(3, 1)",,,"[((2, 0), 'cooking'), ((4, 0), 'items2')]"
5004,546,155,PLACE,"(4, 0)",HOLD,PLACE,PLACE,0,1,1,0,,PLACE,"(5, 1)","(3, 1)",onion,,"[((2, 0), 'cooking'), ((4, 0), 'items2')]"
5004,550,156,COOK_START,"(4, 0)",GET_DISH,COOK_START,COOK_START,0,1,1,0,,COOK_START,"(4, 1)","(3, 1)",,,"[((2, 0), 'cooking'), ((4, 0), 'items3')]"
5004,551,157,GET_DISH,"(2, 3)",HOLD,GET_DISH,GET_DISH,0,1,1,0,,GET_DISH,"(4, 1)","(3, 2)",,,"[((2, 0), 'cooking'), ((4, 0), 'cooking')]"
5004,559,158,PICKUP,"(2, 0)",PICKUP,PICKUP,PICKUP,1,1,1,0,,PICKUP,"(2, 2)","(3, 1)",dish,,"[((2, 0), 'ready'), ((4, 0), 'cooking')]"
5004,561,159,DELIVER,"(4, 3)",DELIVER,DELIVER,DELIVER,1,1,1,0,,DELIVER,"(2, 1)","(3, 1)",soup,,"[((2, 0), 'empty'), ((4, 0), 'cooking')]"
5004,567,160,FETCH,"(6, 1)",GET_DISH,FETCH,FETCH,0,1,1,0,,FETCH,"(4, 2)","(3, 1)",,,"[((2, 0), 'empty'), ((4, 0), 'cooking')]"
5004,570,161,PLACE,"(2, 0)",PLACE,PLACE,PLACE,1,1,1,0,,PLACE,"(5, 1)","(2, 2)",onion,dish,"[((2, 0), 'empty'), ((4, 0), 'ready')]"
5004,577,162,FETCH,"(0, 1)",HOLD,FETCH,FETCH,0,1,1,0,,FETCH,"(2, 1)","(4, 2)",,,"[((2, 0), 'items1'), ((4, 0), 'empty')]"
5004,579,163,PLACE,"(2, 0)",HOLD,PLACE,PLACE,0,1,1,0,,PLACE,"(1, 1)","(5, 1)",onion,,"[((2, 0), 'items1'), ((4, 0), 'empty')]"
5004,583,164,FETCH,"(0, 1)",FETCH,FETCH,FETCH,1,1,1,0,,FETCH,"(2, 1)","(4, 2)",,onion,"[((2, 0), 'items2'), ((4, 0), 'empty')]"
5004,585,165,PLACE,"(2, 0)",PLACE,PLACE,PLACE,1,1,1,0,,PLACE,"(1, 1)","(2, 2)",onion,onion,"[((2, 0), 'items2'), ((4, 0), 'empty')]"
5004,587,166,PLACE,"(4, 0)",PLACE,PLACE,PLACE,1,1,1,0,,PLACE,"(1, 2)","(2, 1)",onion,,"[((2, 0), 'items3'), ((4, 0), 'empty')]"
5004,592,167,FETCH,"(6, 1)",GET_DISH,FETCH,FETCH,0,1,1,0,,FETCH,"(4, 1)","(3, 1)",,,"[((2, 0), 'cooking'), ((4, 0), 'items1')]"
5004,594,168,PLACE,"(4, 0)",HOLD,PLACE,PLACE,0,1,1,0,,PLACE,"(5, 1)","(3, 1)",onion,,"[((2, 0), 'cooking'), ((4, 0), 'items1')]"
5004,598,169,FETCH,"(6, 1)",HOLD,FETCH,FETCH,0,1,1,0,,FETCH,"(4, 1)","(3, 1)",,,"[((2, 0), 'cooking'), ((4, 0), 'items2')]"
5004,600,170,PLACE,"(4, 0)",HOLD,PLACE,PLACE,0,1,1,0,,PLACE,"(5, 1)","(3, 1)",onion,,"[((2, 0), 'cooking'), ((4, 0), 'items2')]"
5004,604,171,COOK_START,"(4, 0)",HOLD,COOK_START,COOK_START,0,1,1,0,,COOK_START,"(4, 1)","(3, 1)",,,"[((2, 0), 'cooking'), ((4, 0), 'items3')]"
5004,605,172,GET_DISH,"(2, 3)",HOLD,GET_DISH,GET_DISH,0,1,1,0,,GET_DISH,"(4, 1)","(3, 2)",,,"[((2, 0), 'cooking'), ((4, 0), 'cooking')]"
5004,613,173,PICKUP,"(2, 0)",PICKUP,PICKUP,PICKUP,1,1,1,0,,PICKUP,"(2, 2)","(3, 1)",dish,,"[((2, 0), 'ready'), ((4, 0), 'cooking')]"
5004,615,174,DELIVER,"(4, 3)",DELIVER,DELIVER,DELIVER,1,1,1,0,,DELIVER,"(2, 1)","(3, 1)",soup,,"[((2, 0), 'empty'), ((4, 0), 'cooking')]"
5004,621,175,FETCH,"(6, 1)",GET_DISH,FETCH,FETCH,0,1,1,0,,FETCH,"(4, 2)","(3, 1)",,,"[((2, 0), 'empty'), ((4, 0), 'cooking')]"
5004,624,176,PLACE,"(2, 0)",PLACE,PLACE,PLACE,1,1,1,0,,PLACE,"(5, 1)","(2, 2)",onion,dish,"[((2, 0), 'empty'), ((4, 0), 'ready')]"
5004,631,177,FETCH,"(0, 1)",HOLD,FETCH,FETCH,0,1,1,0,,FETCH,"(2, 1)","(4, 2)",,,"[((2, 0), 'items1'), ((4, 0), 'empty')]"
5004,633,178,PLACE,"(2, 0)",HOLD,PLACE,PLACE,0,1,1,0,,PLACE,"(1, 1)","(5, 1)",onion,,"[((2, 0), 'items1'), ((4, 0), 'empty')]"
5004,637,179,FETCH,"(0, 1)",FETCH,FETCH,FETCH,1,1,1,0,,FETCH,"(2, 1)","(4, 2)",,onion,"[((2, 0), 'items2'), ((4, 0), 'empty')]"
5004,639,180,PLACE,"(2, 0)",PLACE,PLACE,PLACE,1,1,1,0,,PLACE,"(1, 1)","(2, 2)",onion,onion,"[((2, 0), 'items2'), ((4, 0), 'empty')]"
5004,641,181,PLACE,"(4, 0)",PLACE,PLACE,PLACE,1,1,1,0,,PLACE,"(1, 2)","(2, 1)",onion,,"[((2, 0), 'items3'), ((4, 0), 'empty')]"
5004,646,182,FETCH,"(6, 1)",GET_DISH,FETCH,FETCH,0,1,1,0,,FETCH,"(4, 1)","(3, 1)",,,"[((2, 0), 'cooking'), ((4, 0), 'items1')]"
5004,648,183,PLACE,"(4, 0)",HOLD,PLACE,PLACE,0,1,1,0,,PLACE,"(5, 1)","(3, 1)",onion,,"[((2, 0), 'cooking'), ((4, 0), 'items1')]"
5004,652,184,FETCH,"(6, 1)",HOLD,FETCH,FETCH,0,1,1,0,,FETCH,"(4, 1)","(3, 1)",,,"[((2, 0), 'cooking'), ((4, 0), 'items2')]"
5004,654,185,PLACE,"(4, 0)",HOLD,PLACE,PLACE,0,1,1,0,,PLACE,"(5, 1)","(3, 1)",onion,,"[((2, 0), 'cooking'), ((4, 0), 'items2')]"
5004,658,186,COOK_START,"(4, 0)",HOLD,COOK_START,COOK_START,0,1,1,0,,COOK_START,"(4, 1)","(3, 1)",,,"[((2, 0), 'cooking'), ((4, 0), 'items3')]"
5004,659,187,GET_DISH,"(2, 3)",HOLD,GET_DISH,GET_DISH,0,1,1,0,,GET_DISH,"(4, 1)","(3, 2)",,,"[((2, 0), 'cooking'), ((4, 0), 'cooking')]"
5004,667,188,PICKUP,"(2, 0)",PICKUP,PICKUP,PICKUP,1,1,1,0,,PICKUP,"(2, 2)","(3, 1)",dish,,"[((2, 0), 'ready'), ((4, 0), 'cooking')]"
5004,669,189,DELIVER,"(4, 3)",DELIVER,DELIVER,DELIVER,1,1,1,0,,DELIVER,"(2, 1)","(3, 1)",soup,,"[((2, 0), 'empty'), ((4, 0), 'cooking')]"
5004,675,190,FETCH,"(6, 1)",GET_DISH,FETCH,FETCH,0,1,1,0,,FETCH,"(4, 2)","(3, 1)",,,"[((2, 0), 'empty'), ((4, 0), 'cooking')]"
5004,678,191,PLACE,"(2, 0)",PLACE,PLACE,PLACE,1,1,1,0,,PLACE,"(5, 1)","(2, 2)",onion,dish,"[((2, 0), 'empty'), ((4, 0), 'ready')]"
5004,685,192,FETCH,"(0, 1)",HOLD,FETCH,FETCH,0,1,1,0,,FETCH,"(2, 1)","(4, 2)",,,"[((2, 0), 'items1'), ((4, 0), 'empty')]"
5004,687,193,PLACE,"(2, 0)",HOLD,PLACE,PLACE,0,1,1,0,,PLACE,"(1, 1)","(5, 1)",onion,,"[((2, 0), 'items1'), ((4, 0), 'empty')]"
5004,691,194,FETCH,"(0, 1)",FETCH,FETCH,FETCH,1,1,1,0,,FETCH,"(2, 1)","(4, 2)",,onion,"[((2, 0), 'items2'), ((4, 0), 'empty')]"
5004,693,195,PLACE,"(2, 0)",PLACE,PLACE,PLACE,1,1,1,0,,PLACE,"(1, 1)","(2, 2)",onion,onion,"[((2, 0), 'items2'), ((4, 0), 'empty')]"
5004,695,196,PLACE,"(4, 0)",PLACE,PLACE,PLACE,1,1,1,0,,PLACE,"(1, 2)","(2, 1)",onion,,"[((2, 0), 'items3'), ((4, 0), 'empty')]"
5005,0,1,FETCH,"(0, 1)",FETCH,FETCH,FETCH,1,1,1,0,,,"(2, 1)","(2, 2)",,,"[((2, 0), 'empty'), ((4, 0), 'empty')]"
5005,2,2,PLACE,"(2, 0)",PLACE,PLACE,PLACE,1,1,1,0,,,"(1, 1)","(4, 2)",onion,,"[((2, 0), 'empty'), ((4, 0), 'empty')]"
5005,6,3,FETCH,"(0, 1)",FETCH,FETCH,FETCH,1,1,1,0,FETCH,FETCH,"(2, 1)","(5, 2)",,,"[((2, 0), 'items1'), ((4, 0), 'empty')]"
5005,8,4,PLACE,"(2, 0)",PLACE,PLACE,PLACE,1,1,1,0,PLACE,PLACE,"(1, 1)","(5, 2)",onion,,"[((2, 0), 'items1'), ((4, 0), 'empty')]"
5005,12,5,FETCH,"(0, 1)",FETCH,FETCH,FETCH,1,1,1,0,FETCH,FETCH,"(2, 1)","(5, 2)",,,"[((2, 0), 'items2'), ((4, 0), 'empty')]"
5005,14,6,PLACE,"(2, 0)",PLACE,PLACE,PLACE,1,1,1,0,PLACE,PLACE,"(1, 1)","(5, 2)",onion,,"[((2, 0), 'items2'), ((4, 0), 'empty')]"
5005,18,7,COOK_START,"(2, 0)",COOK_START,COOK_START,COOK_START,1,1,1,0,COOK_START,COOK_START,"(2, 1)","(5, 2)",,,"[((2, 0), 'items3'), ((4, 0), 'empty')]"
5005,19,8,FETCH,"(0, 1)",HOLD,FETCH,HOLD,0,1,0,1,HOLD,FETCH,"(2, 1)","(5, 2)",,,"[((2, 0), 'cooking'), ((4, 0), 'empty')]"
5005,21,9,PLACE,"(4, 0)",HOLD,PLACE,PLACE,0,1,1,0,,PLACE,"(1, 1)","(5, 1)",onion,,"[((2, 0), 'cooking'), ((4, 0), 'empty')]"
5005,27,10,FETCH,"(6, 1)",FETCH,FETCH,FETCH,1,1,1,0,,FETCH,"(4, 1)","(3, 2)",,dish,"[((2, 0), 'cooking'), ((4, 0), 'items1')]"
5005,29,11,PLACE,"(4, 0)",PLACE,PLACE,PLACE,1,1,1,0,,PLACE,"(5, 1)","(3, 2)",onion,dish,"[((2, 0), 'cooking'), ((4, 0), 'items1')]"
5005,33,12,FETCH,"(6, 1)",FETCH,FETCH,FETCH,1,1,1,0,,FETCH,"(4, 1)","(3, 2)",,dish,"[((2, 0), 'cooking'), ((4, 0), 'items2')]"
5005,35,13,PLACE,"(4, 0)",PLACE,PLACE,PLACE,1,1,1,0,,PLACE,"(5, 1)","(3, 2)",onion,dish,"[((2, 0), 'cooking'), ((4, 0), 'items2')]"
5005,39,14,COOK_START,"(4, 0)",COOK_START,COOK_START,COOK_START,1,1,1,0,,COOK_START,"(4, 1)","(2, 2)",,dish,"[((2, 0), 'ready'), ((4, 0), 'items3')]"
5005,40,15,GET_DISH,"(2, 3)",GET_DISH,GET_DISH,GET_DISH,1,1,1,0,,GET_DISH,"(4, 1)","(2, 1)",,dish,"[((2, 0), 'ready'), ((4, 0), 'cooking')]"
5005,49,16,PRE,"(4, 0)",PRE,PRE,PRE,1,1,1,0,,PRE,"(2, 2)","(4, 2)",dish,,"[((2, 0), 'empty'), ((4, 0), 'cooking')]"
5005,59,17,PICKUP,"(4, 0)",PICKUP,PICKUP,PICKUP,1,1,1,0,,PICKUP,"(3, 2)","(3, 1)",dish,,"[((2, 0), 'empty'), ((4, 0), 'ready')]"
5005,62,18,DELIVER,"(4, 3)",DELIVER,DELIVER,DELIVER,1,1,1,0,,DELIVER,"(4, 1)","(3, 1)",soup,,"[((2, 0), 'empty'), ((4, 0), 'empty')]"
5005,64,19,FETCH,"(6, 1)",FETCH,FETCH,FETCH,1,1,1,0,FETCH,FETCH,"(4, 2)","(1, 1)",,,"[((2, 0), 'empty'), ((4, 0), 'empty')]"
5005,67,20,PLACE,"(4, 0)",PLACE,PLACE,PLACE,1,1,1,0,PLACE,PLACE,"(5, 1)","(3, 2)",onion,,"[((2, 0), 'empty'), ((4, 0), 'empty')]"
5005,78,21,FETCH,"(6, 1)",FETCH,FETCH,FETCH,1,1,1,0,FETCH,FETCH,"(4, 1)","(5, 2)",,,"[((2, 0), 'empty'), ((4, 0), 'items1')]"
5005,80,22,PLACE,"(4, 0)",PLACE,PLACE,PLACE,1,1,1,0,PLACE,PLACE,"(5, 1)","(5, 2)",onion,,"[((2, 0), 'empty'), ((4, 0), 'items1')]"
5005,84,23,FETCH,"(6, 1)",FETCH,FETCH,FETCH,1,1,1,0,FETCH,FETCH,"(4, 1)","(5, 2)",,,"[((2, 0), 'empty'), ((4, 0), 'items2')]"
5005,86,24,PLACE,"(4, 0)",PLACE,PLACE,PLACE,1,1,1,0,PLACE,PLACE,"(5, 1)","(5, 2)",onion,,"[((2, 0), 'empty'), ((4, 0), 'items2')]"
5005,90,25,COOK_START,"(4, 0)",COOK_START,COOK_START,COOK_START,1,1,1,0,COOK_START,COOK_START,"(4, 1)","(5, 2)",,,"[((2, 0), 'empty'), ((4, 0), 'items3')]"
5005,91,26,FETCH,"(6, 1)",FETCH,FETCH,FETCH,1,1,1,0,FETCH,FETCH,"(4, 1)","(5, 2)",,,"[((2, 0), 'empty'), ((4, 0), 'cooking')]"
5005,93,27,PLACE,"(2, 0)",PLACE,PLACE,PLACE,1,1,1,0,PLACE,PLACE,"(5, 1)","(4, 1)",onion,,"[((2, 0), 'empty'), ((4, 0), 'cooking')]"
5005,106,28,FETCH,"(0, 1)",HOLD,FETCH,FETCH,0,1,1,1,HOLD,FETCH,"(2, 1)","(3, 2)",,dish,"[((2, 0), 'items1'), ((4, 0), 'cooking')]"
5005,108,29,PLACE,"(2, 0)",PLACE,PLACE,PLACE,1,1,1,0,PLACE,PLACE,"(1, 1)","(3, 2)",onion,dish,"[((2, 0), 'items1'), ((4, 0), 'cooking')]"
5005,112,30,FETCH,"(0, 1)",FETCH,FETCH,FETCH,1,1,1,0,FETCH,FETCH,"(2, 1)","(4, 1)",,dish,"[((2, 0), 'items2'), ((4, 0), 'ready')]"
5005,114,31,PLACE,"(2, 0)",PLACE,PLACE,PLACE,1,1,1,0,PLACE,PLACE,"(1, 1)","(4, 2)",onion,soup,"[((2, 0), 'items2'), ((4, 0), 'empty')]"
5005,118,32,COOK_START,"(2, 0)",HOLD,COOK_START,COOK_START,0,1,1,1,HOLD,COOK_START,"(2, 1)","(5, 1)",,onion,"[((2, 0), 'items3'), ((4, 0), 'empty')]"
5005,119,33,FETCH,"(0, 1)",HOLD,FETCH,FETCH,0,1,1,0,,FETCH,"(2, 1)","(5, 2)",,onion,"[((2, 0), 'cooking'), ((4, 0), 'empty')]"
5005,121,34,PLACE,"(4, 0)",PLACE,PLACE,PLACE,1,1,1,0,,PLACE,"(1, 1)","(4, 1)",onion,onion,"[((2, 0), 'cooking'), ((4, 0), 'empty')]"
5005,127,35,FETCH,"(6, 1)",FETCH,FETCH,FETCH,1,1,1,0,,FETCH,"(4, 1)","(3, 1)",,,"[((2, 0), 'cooking'), ((4, 0), 'items2')]"
5005,129,36,PLACE,"(4, 0)",PLACE,PLACE,PLACE,1,1,1,0,,PLACE,"(5, 1)","(3, 1)",onion,,"[((2, 0), 'cooking'), ((4, 0), 'items2')]"
5005,133,37,COOK_START,"(4, 0)",COOK_START,COOK_START,COOK_START,1,1,1,0,,COOK_START,"(4, 1)","(3, 1)",,,"[((2, 0), 'cooking'), ((4, 0), 'items3')]"
5005,134,38,GET_DISH,"(2, 3)",GET_DISH,GET_DISH,GET_DISH,1,1,1,0,,GET_DISH,"(4, 1)","(3, 2)",,,"[((2, 0), 'cooking'), ((4, 0), 'cooking')]"
5005,142,39,PICKUP,"(2, 0)",PICKUP,PICKUP,PICKUP,1,1,1,0,,PICKUP,"(2, 2)","(3, 1)",dish,,"[((2, 0), 'ready'), ((4, 0), 'cooking')]"
5005,144,40,DELIVER,"(4, 3)",DELIVER,DELIVER,DELIVER,1,1,1,0,,DELIVER,"(2, 1)","(3, 1)",soup,,"[((2, 0), 'empty'), ((4, 0), 'cooking')]"
5005,150,41,FETCH,"(6, 1)",FETCH,FETCH,FETCH,1,1,1,0,,FETCH,"(4, 2)","(3, 1)",,,"[((2, 0), 'empty'), ((4, 0), 'cooking')]"
5005,153,42,PLACE,"(2, 0)",PLACE,PLACE,PLACE,1,1,1,0,,PLACE,"(5, 1)","(2, 2)",onion,dish,"[((2, 0), 'empty'), ((4, 0), 'ready')]"
5005,160,43,FETCH,"(0, 1)",FETCH,FETCH,FETCH,1,1,1,0,,FETCH,"(2, 1)","(4, 2)",,,"[((2, 0), 'items1'), ((4, 0), 'empty')]"
5005,162,44,PLACE,"(2, 0)",PLACE,PLACE,PLACE,1,1,1,0,,PLACE,"(1, 1)","(5, 1)",onion,,"[((2, 0), 'items1'), ((4, 0), 'empty')]"
5005,166,45,FETCH,"(0, 1)",FETCH,FETCH,FETCH,1,1,1,0,,FETCH,"(2, 1)","(4, 2)",,onion,"[((2, 0), 'items2'), ((4, 0), 'empty')]"
5005,168,46,PLACE,"(2, 0)",PLACE,PLACE,PLACE,1,1,1,0,,PLACE,"(1, 1)","(2, 2)",onion,onion,"[((2, 0), 'items2'), ((4, 0), 'empty')]"
5005,170,47,PLACE,"(4, 0)",PLACE,PLACE,PLACE,1,1,1,0,,PLACE,"(1, 2)","(2, 1)",onion,,"[((2, 0), 'items3'), ((4, 0), 'empty')]"
5005,175,48,FETCH,"(6, 1)",FETCH,FETCH,FETCH,1,1,1,0,,FETCH,"(4, 1)","(3, 1)",,,"[((2, 0), 'cooking'), ((4, 0), 'items1')]"
5005,177,49,PLACE,"(4, 0)",PLACE,PLACE,PLACE,1,1,1,0,,PLACE,"(5, 1)","(3, 1)",onion,,"[((2, 0), 'cooking'), ((4, 0), 'items1')]"
5005,181,50,FETCH,"(6, 1)",FETCH,FETCH,FETCH,1,1,1,0,,FETCH,"(4, 1)","(3, 1)",,,"[((2, 0), 'cooking'), ((4, 0), 'items2')]"
5005,183,51,PLACE,"(4, 0)",PLACE,PLACE,PLACE,1,1,1,0,,PLACE,"(5, 1)","(3, 1)",onion,,"[((2, 0), 'cooking'), ((4, 0), 'items2')]"
5005,187,52,COOK_START,"(4, 0)",COOK_START,COOK_START,COOK_START,1,1,1,0,,COOK_START,"(4, 1)","(3, 1)",,,"[((2, 0), 'cooking'), ((4, 0), 'items3')]"
5005,188,53,GET_DISH,"(2, 3)",GET_DISH,GET_DISH,GET_DISH,1,1,1,0,,GET_DISH,"(4, 1)","(3, 2)",,,"[((2, 0), 'cooking'), ((4, 0), 'cooking')]"
5005,196,54,PICKUP,"(2, 0)",PICKUP,PICKUP,PICKUP,1,1,1,0,,PICKUP,"(2, 2)","(3, 1)",dish,,"[((2, 0), 'ready'), ((4, 0), 'cooking')]"
5005,198,55,DELIVER,"(4, 3)",DELIVER,DELIVER,DELIVER,1,1,1,0,,DELIVER,"(2, 1)","(3, 1)",soup,,"[((2, 0), 'empty'), ((4, 0), 'cooking')]"
5005,204,56,FETCH,"(6, 1)",FETCH,FETCH,FETCH,1,1,1,0,,FETCH,"(4, 2)","(3, 1)",,,"[((2, 0), 'empty'), ((4, 0), 'cooking')]"
5005,207,57,PLACE,"(2, 0)",PLACE,PLACE,PLACE,1,1,1,0,,PLACE,"(5, 1)","(2, 2)",onion,dish,"[((2, 0), 'empty'), ((4, 0), 'ready')]"
5005,214,58,FETCH,"(0, 1)",FETCH,FETCH,FETCH,1,1,1,0,,FETCH,"(2, 1)","(4, 2)",,,"[((2, 0), 'items1'), ((4, 0), 'empty')]"
5005,216,59,PLACE,"(2, 0)",PLACE,PLACE,PLACE,1,1,1,0,,PLACE,"(1, 1)","(5, 1)",onion,,"[((2, 0), 'items1'), ((4, 0), 'empty')]"
5005,220,60,FETCH,"(0, 1)",FETCH,FETCH,FETCH,1,1,1,0,,FETCH,"(2, 1)","(4, 2)",,onion,"[((2, 0), 'items2'), ((4, 0), 'empty')]"
5005,222,61,PLACE,"(2, 0)",PLACE,PLACE,PLACE,1,1,1,0,,PLACE,"(1, 1)","(2, 2)",onion,onion,"[((2, 0), 'items2'), ((4, 0), 'empty')]"
5005,224,62,PLACE,"(4, 0)",PLACE,PLACE,PLACE,1,1,1,0,,PLACE,"(1, 2)","(2, 1)",onion,,"[((2, 0), 'items3'), ((4, 0), 'empty')]"
5005,229,63,FETCH,"(6, 1)",FETCH,FETCH,FETCH,1,1,1,0,,FETCH,"(4, 1)","(3, 1)",,,"[((2, 0), 'cooking'), ((4, 0), 'items1')]"
5005,231,64,PLACE,"(4, 0)",PLACE,PLACE,PLACE,1,1,1,0,,PLACE,"(5, 1)","(3, 1)",onion,,"[((2, 0), 'cooking'), ((4, 0), 'items1')]"
5005,235,65,FETCH,"(6, 1)",FETCH,FETCH,FETCH,1,1,1,0,,FETCH,"(4, 1)","(3, 1)",,,"[((2, 0), 'cooking'), ((4, 0), 'items2')]"
5005,237,66,PLACE,"(4, 0)",PLACE,PLACE,PLACE,1,1,1,0,,PLACE,"(5, 1)","(3, 1)",onion,,"[((2, 0), 'cooking'), ((4, 0), 'items2')]"
5005,241,67,COOK_START,"(4, 0)",COOK_START,COOK_START,COOK_START,1,1,1,0,,COOK_START,"(4, 1)","(3, 1)",,,"[((2, 0), 'cooking'), ((4, 0), 'items3')]"
5005,242,68,GET_DISH,"(2, 3)",GET_DISH,GET_DISH,GET_DISH,1,1,1,0,,GET_DISH,"(4, 1)","(3, 2)",,,"[((2, 0), 'cooking'), ((4, 0), 'cooking')]"
5005,250,69,PICKUP,"(2, 0)",PICKUP,PICKUP,PICKUP,1,1,1,0,,PICKUP,"(2, 2)","(3, 1)",dish,,"[((2, 0), 'ready'), ((4, 0), 'cooking')]"
5005,252,70,DELIVER,"(4, 3)",DELIVER,DELIVER,DELIVER,1,1,1,0,,DELIVER,"(2, 1)","(3, 1)",soup,,"[((2, 0), 'empty'), ((4, 0), 'cooking')]"
5005,258,71,FETCH,"(6, 1)",FETCH,FETCH,FETCH,1,1,1,0,,FETCH,"(4, 2)","(3, 1)",,,"[((2, 0), 'empty'), ((4, 0), 'cooking')]"
5005,261,72,PLACE,"(2, 0)",PLACE,PLACE,PLACE,1,1,1,0,,PLACE,"(5, 1)","(2, 2)",onion,dish,"[((2, 0), 'empty'), ((4, 0), 'ready')]"
5005,268,73,FETCH,"(0, 1)",HOLD,FETCH,FETCH,0,1,1,0,,FETCH,"(2, 1)","(4, 2)",,,"[((2, 0), 'items1'), ((4, 0), 'empty')]"
5005,270,74,PLACE,"(2, 0)",PLACE,PLACE,PLACE,1,1,1,0,,PLACE,"(1, 1)","(5, 1)",onion,,"[((2, 0), 'items1'), ((4, 0), 'empty')]"
5005,274,75,FETCH,"(0, 1)",FETCH,FETCH,FETCH,1,1,1,0,,FETCH,"(2, 1)","(4, 2)",,onion,"[((2, 0), 'items2'), ((4, 0), 'empty')]"
5005,276,76,PLACE,"(2, 0)",PLACE,PLACE,PLACE,1,1,1,0,,PLACE,"(1, 1)","(2, 2)",onion,onion,"[((2, 0), 'items2'), ((4, 0), 'empty')]"
5005,278,77,PLACE,"(4, 0)",PLACE,PLACE,PLACE,1,1,1,0,,PLACE,"(1, 2)","(2, 1)",onion,,"[((2, 0), 'items3'), ((4, 0), 'empty')]"
5005,283,78,FETCH,"(6, 1)",GET_DISH,FETCH,FETCH,0,1,1,0,,FETCH,"(4, 1)","(3, 1)",,,"[((2, 0), 'cooking'), ((4, 0), 'items1')]"
5005,285,79,PLACE,"(4, 0)",PLACE,PLACE,PLACE,1,1,1,0,,PLACE,"(5, 1)","(3, 1)",onion,,"[((2, 0), 'cooking'), ((4, 0), 'items1')]"
5005,289,80,FETCH,"(6, 1)",GET_DISH,FETCH,FETCH,0,1,1,0,,FETCH,"(4, 1)","(3, 1)",,,"[((2, 0), 'cooking'), ((4, 0), 'items2')]"
5005,291,81,PLACE,"(4, 0)",PLACE,PLACE,PLACE,1,1,1,0,,PLACE,"(5, 1)","(3, 1)",onion,,"[((2, 0), 'cooking'), ((4, 0), 'items2')]"
5005,295,82,COOK_START,"(4, 0)",COOK_START,COOK_START,COOK_START,1,1,1,0,,COOK_START,"(4, 1)","(3, 1)",,,"[((2, 0), 'cooking'), ((4, 0), 'items3')]"
5005,296,83,GET_DISH,"(2, 3)",GET_DISH,GET_DISH,GET_DISH,1,1,1,0,,GET_DISH,"(4, 1)","(3, 2)",,,"[((2, 0), 'cooking'), ((4, 0), 'cooking')]"
5005,304,84,PICKUP,"(2, 0)",PICKUP,PICKUP,PICKUP,1,1,1,0,,PICKUP,"(2, 2)","(3, 1)",dish,,"[((2, 0), 'ready'), ((4, 0), 'cooking')]"
5005,306,85,DELIVER,"(4, 3)",DELIVER,DELIVER,DELIVER,1,1,1,0,,DELIVER,"(2, 1)","(3, 1)",soup,,"[((2, 0), 'empty'), ((4, 0), 'cooking')]"
5005,312,86,FETCH,"(6, 1)",FETCH,FETCH,FETCH,1,1,1,0,,FETCH,"(4, 2)","(3, 1)",,,"[((2, 0), 'empty'), ((4, 0), 'cooking')]"
5005,315,87,PLACE,"(2, 0)",PLACE,PLACE,PLACE,1,1,1,0,,PLACE,"(5, 1)","(2, 2)",onion,dish,"[((2, 0), 'empty'), ((4, 0), 'ready')]"
5005,322,88,FETCH,"(0, 1)",HOLD,FETCH,FETCH,0,1,1,0,,FETCH,"(2, 1)","(4, 2)",,,"[((2, 0), 'items1'), ((4, 0), 'empty')]"
5005,324,89,PLACE,"(2, 0)",PLACE,PLACE,PLACE,1,1,1,0,,PLACE,"(1, 1)","(5, 1)",onion,,"[((2, 0), 'items1'), ((4, 0), 'empty')]"
5005,328,90,FETCH,"(0, 1)",FETCH,FETCH,FETCH,1,1,1,0,,FETCH,"(2, 1)","(4, 2)",,onion,"[((2, 0), 'items2'), ((4, 0), 'empty')]"
5005,330,91,PLACE,"(2, 0)",PLACE,PLACE,PLACE,1,1,1,0,,PLACE,"(1, 1)","(2, 2)",onion,onion,"[((2, 0), 'items2'), ((4, 0), 'empty')]"
5005,332,92,PLACE,"(4, 0)",PLACE,PLACE,PLACE,1,1,1,0,,PLACE,"(1, 2)","(2, 1)",onion,,"[((2, 0), 'items3'), ((4, 0), 'empty')]"
5005,337,93,FETCH,"(6, 1)",GET_DISH,FETCH,FETCH,0,1,1,0,,FETCH,"(4, 1)","(3, 1)",,,"[((2, 0), 'cooking'), ((4, 0), 'items1')]"
5005,339,94,PLACE,"(4, 0)",PLACE,PLACE,PLACE,1,1,1,0,,PLACE,"(5, 1)","(3, 1)",onion,,"[((2, 0), 'cooking'), ((4, 0), 'items1')]"
5005,343,95,FETCH,"(6, 1)",GET_DISH,FETCH,FETCH,0,1,1,0,,FETCH,"(4, 1)","(3, 1)",,,"[((2, 0), 'cooking'), ((4, 0), 'items2')]"
5005,345,96,PLACE,"(4, 0)",PLACE,PLACE,PLACE,1,1,1,0,,PLACE,"(5, 1)","(3, 1)",onion,,"[((2, 0), 'cooking'), ((4, 0), 'items2')]"
5005,349,97,COOK_START,"(4, 0)",GET_DISH,COOK_START,COOK_START,0,1,1,0,,COOK_START,"(4, 1)","(3, 1)",,,"[((2, 0), 'cooking'), ((4, 0), 'items3')]"
5005,350,98,GET_DISH,"(2, 3)",HOLD,GET_DISH,GET_DISH,0,1,1,0,,GET_DISH,"(4, 1)","(3, 2)",,,"[((2, 0), 'cooking'), ((4, 0), 'cooking')]"
5005,358,99,PICKUP,"(2, 0)",PICKUP,PICKUP,PICKUP,1,1,1,0,,PICKUP,"(2, 2)","(3, 1)",dish,,"[((2, 0), 'ready'), ((4, 0), 'cooking')]"
5005,360,100,DELIVER,"(4, 3)",DELIVER,DELIVER,DELIVER,1,1,1,0,,DELIVER,"(2, 1)","(3, 1)",soup,,"[((2, 0), 'empty'), ((4, 0), 'cooking')]"
5005,366,101,FETCH,"(6, 1)",GET_DISH,FETCH,FETCH,0,1,1,0,,FETCH,"(4, 2)","(3, 1)",,,"[((2, 0), 'empty'), ((4, 0), 'cooking')]"
5005,369,102,PLACE,"(2, 0)",PLACE,PLACE,PLACE,1,1,1,0,,PLACE,"(5, 1)","(2, 2)",onion,dish,"[((2, 0), 'empty'), ((4, 0), 'ready')]"
5005,376,103,FETCH,"(0, 1)",HOLD,FETCH,FETCH,0,1,1,0,,FETCH,"(2, 1)","(4, 2)",,,"[((2, 0), 'items1'), ((4, 0), 'empty')]"
5005,378,104,PLACE,"(2, 0)",HOLD,PLACE,PLACE,0,1,1,0,,PLACE,"(1, 1)","(5, 1)",onion,,"[((2, 0), 'items1'), ((4, 0), 'empty')]"
5005,382,105,FETCH,"(0, 1)",FETCH,FETCH,FETCH,1,1,1,0,,FETCH,"(2, 1)","(4, 2)",,onion,"[((2, 0), 'items2'), ((4, 0), 'empty')]"
5005,384,106,PLACE,"(2, 0)",PLACE,PLACE,PLACE,1,1,1,0,,PLACE,"(1, 1)","(2, 2)",onion,onion,"[((2, 0), 'items2'), ((4, 0), 'empty')]"
5005,386,107,PLACE,"(4, 0)",PLACE,PLACE,PLACE,1,1,1,0,,PLACE,"(1, 2)","(2, 1)",onion,,"[((2, 0), 'items3'), ((4, 0), 'empty')]"
5005,391,108,FETCH,"(6, 1)",GET_DISH,FETCH,FETCH,0,1,1,0,,FETCH,"(4, 1)","(3, 1)",,,"[((2, 0), 'cooking'), ((4, 0), 'items1')]"
5005,393,109,PLACE,"(4, 0)",PLACE,PLACE,PLACE,1,1,1,0,,PLACE,"(5, 1)","(3, 1)",onion,,"[((2, 0), 'cooking'), ((4, 0), 'items1')]"
5005,397,110,FETCH,"(6, 1)",GET_DISH,FETCH,FETCH,0,1,1,0,,FETCH,"(4, 1)","(3, 1)",,,"[((2, 0), 'cooking'), ((4, 0), 'items2')]"
5005,399,111,PLACE,"(4, 0)",HOLD,PLACE,PLACE,0,1,1,0,,PLACE,"(5, 1)","(3, 1)",onion,,"[((2, 0), 'cooking'), ((4, 0), 'items2')]"
5005,403,112,COOK_START,"(4, 0)",GET_DISH,COOK_START,COOK_START,0,1,1,0,,COOK_START,"(4, 1)","(3, 1)",,,"[((2, 0), 'cooking'), ((4, 0), 'items3')]"
5005,404,113,GET_DISH,"(2, 3)",HOLD,GET_DISH,GET_DISH,0,1,1,0,,GET_DISH,"(4, 1)","(3, 2)",,,"[((2, 0), 'cooking'), ((4, 0), 'cooking')]"
5005,412,114,PICKUP,"(2, 0)",PICKUP,PICKUP,PICKUP,1,1,1,0,,PICKUP,"(2, 2)","(3, 1)",dish,,"[((2, 0), 'ready'), ((4, 0), 'cooking')]"
5005,414,115,DELIVER,"(4, 3)",DELIVER,DELIVER,DELIVER,1,1,1,0,,DELIVER,"(2, 1)","(3, 1)",soup,,"[((2, 0), 'empty'), ((4, 0), 'cooking')]"
5005,420,116,FETCH,"(6, 1)",GET_DISH,FETCH,FETCH,0,1,1,0,,FETCH,"(4, 2)","(3, 1)",,,"[((2, 0), 'empty'), ((4, 0), 'cooking')]"
5005,423,117,PLACE,"(2, 0)",PLACE,PLACE,PLACE,1,1,1,0,,PLACE,"(5, 1)","(2, 2)",onion,dish,"[((2, 0), 'empty'), ((4, 0), 'ready')]"
5005,430,118,FETCH,"(0, 1)",HOLD,FETCH,FETCH,0,1,1,0,,FETCH,"(2, 1)","(4, 2)",,,"[((2, 0), 'items1'), ((4, 0), 'empty')]"
5005,432,119,PLACE,"(2, 0)",HOLD,PLACE,PLACE,0,1,1,0,,PLACE,"(1, 1)","(5, 1)",onion,,"[((2, 0), 'items1'), ((4, 0), 'empty')]"
5005,436,120,FETCH,"(0, 1)",FETCH,FETCH,FETCH,1,1,1,0,,FETCH,"(2, 1)","(4, 2)",,onion,"[((2, 0), 'items2'), ((4, 0), 'empty')]"
5005,438,121,PLACE,"(2, 0)",PLACE,PLACE,PLACE,1,1,1,0,,PLACE,"(1, 1)","(2, 2)",onion,onion,"[((2, 0), 'items2'), ((4, 0), 'empty')]"
5005,440,122,PLACE,"(4, 0)",PLACE,PLACE,PLACE,1,1,1,0,,PLACE,"(1, 2)","(2, 1)",onion,,"[((2, 0), 'items3'), ((4, 0), 'empty')]"
5005,445,123,FETCH,"(6, 1)",GET_DISH,FETCH,FETCH,0,1,1,0,,FETCH,"(4, 1)","(3, 1)",,,"[((2, 0), 'cooking'), ((4, 0), 'items1')]"
5005,447,124,PLACE,"(4, 0)",PLACE,PLACE,PLACE,1,1,1,0,,PLACE,"(5, 1)","(3, 1)",onion,,"[((2, 0), 'cooking'), ((4, 0), 'items1')]"
5005,451,125,FETCH,"(6, 1)",GET_DISH,FETCH,FETCH,0,1,1,0,,FETCH,"(4, 1)","(3, 1)",,,"[((2, 0), 'cooking'), ((4, 0), 'items2')]"
5005,453,126,PLACE,"(4, 0)",HOLD,PLACE,PLACE,0,1,1,0,,PLACE,"(5, 1)","(3, 1)",onion,,"[((2, 0), 'cooking'), ((4, 0), 'items2')]"
5005,457,127,COOK_START,"(4, 0)",GET_DISH,COOK_START,COOK_START,0,1,1,0,,COOK_START,"(4, 1)","(3, 1)",,,"[((2, 0), 'cooking'), ((4, 0), 'items3')]"
5005,458,128,GET_DISH,"(2, 3)",HOLD,GET_DISH,GET_DISH,0,1,1,0,,GET_DISH,"(4, 1)","(3, 2)",,,"[((2, 0), 'cooking'), ((4, 0), 'cooking')]"
5005,466,129,PICKUP,"(2, 0)",PICKUP,PICKUP,PICKUP,1,1,1,0,,PICKUP,"(2, 2)","(3, 1)",dish,,"[((2, 0), 'ready'), ((4, 0), 'cooking')]"
5005,468,130,DELIVER,"(4, 3)",DELIVER,DELIVER,DELIVER,1,1,1,0,,DELIVER,"(2, 1)","(3, 1)",soup,,"[((2, 0), 'empty'), ((4, 0), 'cooking')]"
5005,474,131,FETCH,"(6, 1)",GET_DISH,FETCH,FETCH,0,1,1,0,,FETCH,"(4, 2)","(3, 1)",,,"[((2, 0), 'empty'), ((4, 0), 'cooking')]"
5005,477,132,PLACE,"(2, 0)",PLACE,PLACE,PLACE,1,1,1,0,,PLACE,"(5, 1)","(2, 2)",onion,dish,"[((2, 0), 'empty'), ((4, 0), 'ready')]"
5005,484,133,FETCH,"(0, 1)",HOLD,FETCH,FETCH,0,1,1,0,,FETCH,"(2, 1)","(4, 2)",,,"[((2, 0), 'items1'), ((4, 0), 'empty')]"
5005,486,134,PLACE,"(2, 0)",HOLD,PLACE,PLACE,0,1,1,0,,PLACE,"(1, 1)","(5, 1)",onion,,"[((2, 0), 'items1'), ((4, 0), 'empty')]"
5005,490,135,FETCH,"(0, 1)",FETCH,FETCH,FETCH,1,1,1,0,,FETCH,"(2, 1)","(4, 2)",,onion,"[((2, 0), 'items2'), ((4, 0), 'empty')]"
5005,492,136,PLACE,"(2, 0)",PLACE,PLACE,PLACE,1,1,1,0,,PLACE,"(1, 1)","(2, 2)",onion,onion,"[((2, 0), 'items2'), ((4, 0), 'empty')]"
5005,494,137,PLACE,"(4, 0)",PLACE,PLACE,PLACE,1,1,1,0,,PLACE,"(1, 2)","(2, 1)",onion,,"[((2, 0), 'items3'), ((4, 0), 'empty')]"
5005,499,138,FETCH,"(6, 1)",GET_DISH,FETCH,FETCH,0,1,1,0,,FETCH,"(4, 1)","(3, 1)",,,"[((2, 0), 'cooking'), ((4, 0), 'items1')]"
5005,501,139,PLACE,"(4, 0)",PLACE,PLACE,PLACE,1,1,1,0,,PLACE,"(5, 1)","(3, 1)",onion,,"[((2, 0), 'cooking'), ((4, 0), 'items1')]"
5005,505,140,FETCH,"(6, 1)",HOLD,FETCH,FETCH,0,1,1,0,,FETCH,"(4, 1)","(3, 1)",,,"[((2, 0), 'cooking'), ((4, 0), 'items2')]"
5005,507,141,PLACE,"(4, 0)",HOLD,PLACE,PLACE,0,1,1,0,,PLACE,"(5, 1)","(3, 1)",onion,,"[((2, 0), 'cooking'), ((4, 0), 'items2')]"
5005,511,142,COOK_START,"(4, 0)",GET_DISH,COOK_START,COOK_START,0,1,1,0,,COOK_START,"(4, 1)","(3, 1)",,,"[((2, 0), 'cooking'), ((4, 0), 'items3')]"
5005,512,143,GET_DISH,"(2, 3)",HOLD,GET_DISH,GET_DISH,0,1,1,0,,GET_DISH,"(4, 1)","(3, 2)",,,"[((2, 0), 'cooking'), ((4, 0), 'cooking')]"
5005,520,144,PICKUP,"(2, 0)",PICKUP,PICKUP,PICKUP,1,1,1,0,,PICKUP,"(2, 2)","(3, 1)",dish,,"[((2, 0), 'ready'), ((4, 0), 'cooking')]"
5005,522,145,DELIVER,"(4, 3)",DELIVER,DELIVER,DELIVER,1,1,1,0,,DELIVER,"(2, 1)","(3, 1)",soup,,"[((2, 0), 'empty'), ((4, 0), 'cooking')]"
5005,528,146,FETCH,"(6, 1)",GET_DISH,FETCH,FETCH,0,1,1,0,,FETCH,"(4, 2)","(3, 1)",,,"[((2, 0), 'empty'), ((4, 0), 'cooking')]"
5005,531,147,PLACE,"(2, 0)",PLACE,PLACE,PLACE,1,1,1,0,,PLACE,"(5, 1)","(2, 2)",onion,dish,"[((2, 0), 'empty'), ((4, 0), 'ready')]"
5005,538,148,FETCH,"(0, 1)",HOLD,FETCH,FETCH,0,1,1,0,,FETCH,"(2, 1)","(4, 2)",,,"[((2, 0), 'items1'), ((4, 0), 'empty')]"
5005,540,149,PLACE,"(2, 0)",HOLD,PLACE,PLACE,0,1,1,0,,PLACE,"(1, 1)","(5, 1)",onion,,"[((2, 0), 'items1'), ((4, 0), 'empty')]"
5005,544,150,FETCH,"(0, 1)",FETCH,FETCH,FETCH,1,1,1,0,,FETCH,"(2, 1)","(4, 2)",,onion,"[((2, 0), 'items2'), ((4, 0), 'empty')]"
5005,546,151,PLACE,"(2, 0)",PLACE,PLACE,PLACE,1,1,1,0,,PLACE,"(1, 1)","(2, 2)",onion,onion,"[((2, 0), 'items2'), ((4, 0), 'empty')]"
5005,548,152,PLACE,"(4, 0)",PLACE,PLACE,PLACE,1,1,1,0,,PLACE,"(1, 2)","(2, 1)",onion,,"[((2, 0), 'items3'), ((4, 0), 'empty')]"
5005,553,153,FETCH,"(6, 1)",GET_DISH,FETCH,FETCH,0,1,1,0,,FETCH,"(4, 1)","(3, 1)",,,"[((2, 0), 'cooking'), ((4, 0), 'items1')]"
5005,555,154,PLACE,"(4, 0)",HOLD,PLACE,PLACE,0,1,1,0,,PLACE,"(5, 1)","(3, 1)",onion,,"[((2, 0), 'cooking'), ((4, 0), 'items1')]"
5005,559,155,FETCH,"(6, 1)",HOLD,FETCH,FETCH,0,1,1,0,,FETCH,"(4, 1)","(3, 1)",,,"[((2, 0), 'cooking'), ((4, 0), 'items2')]"
5005,561,156,PLACE,"(4, 0)",HOLD,PLACE,PLACE,0,1,1,0,,PLACE,"(5, 1)","(3, 1)",onion,,"[((2, 0), 'cooking'), ((4, 0), 'items2')]"
5005,565,157,COOK_START,"(4, 0)",GET_DISH,COOK_START,COOK_START,0,1,1,0,,COOK_START,"(4, 1)","(3, 1)",,,"[((2, 0), 'cooking'), ((4, 0), 'items3')]"
5005,566,158,GET_DISH,"(2, 3)",HOLD,GET_DISH,GET_DISH,0,1,1,0,,GET_DISH,"(4, 1)","(3, 2)",,,"[((2, 0), 'cooking'), ((4, 0), 'cooking')]"
5005,574,159,PICKUP,"(2, 0)",PICKUP,PICKUP,PICKUP,1,1,1,0,,PICKUP,"(2, 2)","(3, 1)",dish,,"[((2, 0), 'ready'), ((4, 0), 'cooking')]"
5005,576,160,DELIVER,"(4, 3)",DELIVER,DELIVER,DELIVER,1,1,1,0,,DELIVER,"(2, 1)","(3, 1)",soup,,"[((2, 0), 'empty'), ((4, 0), 'cooking')]"
5005,582,161,FETCH,"(6, 1)",GET_DISH,FETCH,FETCH,0,1,1,0,,FETCH,"(4, 2)","(3, 1)",,,"[((2, 0), 'empty'), ((4, 0), 'cooking')]"
5005,585,162,PLACE,"(2, 0)",PLACE,PLACE,PLACE,1,1,1,0,,PLACE,"(5, 1)","(2, 2)",onion,dish,"[((2, 0), 'empty'), ((4, 0), 'ready')]"
5005,592,163,FETCH,"(0, 1)",HOLD,FETCH,FETCH,0,1,1,0,,FETCH,"(2, 1)","(4, 2)",,,"[((2, 0), 'items1'), ((4, 0), 'empty')]"
5005,594,164,PLACE,"(2, 0)",HOLD,PLACE,PLACE,0,1,1,0,,PLACE,"(1, 1)","(5, 1)",onion,,"[((2, 0), 'items1'), ((4, 0), 'empty')]"
5005,598,165,FETCH,"(0, 1)",FETCH,FETCH,FETCH,1,1,1,0,,FETCH,"(2, 1)","(4, 2)",,onion,"[((2, 0), 'items2'), ((4, 0), 'empty')]"
5005,600,166,PLACE,"(2, 0)",PLACE,PLACE,PLACE,1,1,1,0,,PLACE,"(1, 1)","(2, 2)",onion,onion,"[((2, 0), 'items2'), ((4, 0), 'empty')]"
5005,602,167,PLACE,"(4, 0)",PLACE,PLACE,PLACE,1,1,1,0,,PLACE,"(1, 2)","(2, 1)",onion,,"[((2, 0), 'items3'), ((4, 0), 'empty')]"
5005,607,168,FETCH,"(6, 1)",GET_DISH,FETCH,FETCH,0,1,1,0,,FETCH,"(4, 1)","(3, 1)",,,"[((2, 0), 'cooking'), ((4, 0), 'items1')]"
5005,609,169,PLACE,"(4, 0)",HOLD,PLACE,PLACE,0,1,1,0,,PLACE,"(5, 1)","(3, 1)",onion,,"[((2, 0), 'cooking'), ((4, 0), 'items1')]"
5005,613,170,FETCH,"(6, 1)",HOLD,FETCH,FETCH,0,1,1,0,,FETCH,"(4, 1)","(3, 1)",,,"[((2, 0), 'cooking'), ((4, 0), 'items2')]"
5005,615,171,PLACE,"(4, 0)",HOLD,PLACE,PLACE,0,1,1,0,,PLACE,"(5, 1)","(3, 1)",onion,,"[((2, 0), 'cooking'), ((4, 0), 'items2')]"
5005,619,172,COOK_START,"(4, 0)",HOLD,COOK_START,COOK_START,0,1,1,0,,COOK_START,"(4, 1)","(3, 1)",,,"[((2, 0), 'cooking'), ((4, 0), 'items3')]"
5005,620,173,GET_DISH,"(2, 3)",HOLD,GET_DISH,GET_DISH,0,1,1,0,,GET_DISH,"(4, 1)","(3, 2)",,,"[((2, 0), 'cooking'), ((4, 0), 'cooking')]"
5005,628,174,PICKUP,"(2, 0)",PICKUP,PICKUP,PICKUP,1,1,1,0,,PICKUP,"(2, 2)","(3, 1)",dish,,"[((2, 0), 'ready'), ((4, 0), 'cooking')]"
5005,630,175,DELIVER,"(4, 3)",DELIVER,DELIVER,DELIVER,1,1,1,0,,DELIVER,"(2, 1)","(3, 1)",soup,,"[((2, 0), 'empty'), ((4, 0), 'cooking')]"
5005,636,176,FETCH,"(6, 1)",GET_DISH,FETCH,FETCH,0,1,1,0,,FETCH,"(4, 2)","(3, 1)",,,"[((2, 0), 'empty'), ((4, 0), 'cooking')]"
5005,639,177,PLACE,"(2, 0)",PLACE,PLACE,PLACE,1,1,1,0,,PLACE,"(5, 1)","(2, 2)",onion,dish,"[((2, 0), 'empty'), ((4, 0), 'ready')]"
5005,646,178,FETCH,"(0, 1)",HOLD,FETCH,FETCH,0,1,1,0,,FETCH,"(2, 1)","(4, 2)",,,"[((2, 0), 'items1'), ((4, 0), 'empty')]"
5005,648,179,PLACE,"(2, 0)",HOLD,PLACE,PLACE,0,1,1,0,,PLACE,"(1, 1)","(5, 1)",onion,,"[((2, 0), 'items1'), ((4, 0), 'empty')]"
5005,652,180,FETCH,"(0, 1)",FETCH,FETCH,FETCH,1,1,1,0,,FETCH,"(2, 1)","(4, 2)",,onion,"[((2, 0), 'items2'), ((4, 0), 'empty')]"
5005,654,181,PLACE,"(2, 0)",PLACE,PLACE,PLACE,1,1,1,0,,PLACE,"(1, 1)","(2, 2)",onion,onion,"[((2, 0), 'items2'), ((4, 0), 'empty')]"
5005,656,182,PLACE,"(4, 0)",PLACE,PLACE,PLACE,1,1,1,0,,PLACE,"(1, 2)","(2, 1)",onion,,"[((2, 0), 'items3'), ((4, 0), 'empty')]"
5005,661,183,FETCH,"(6, 1)",GET_DISH,FETCH,FETCH,0,1,1,0,,FETCH,"(4, 1)","(3, 1)",,,"[((2, 0), 'cooking'), ((4, 0), 'items1')]"
5005,663,184,PLACE,"(4, 0)",HOLD,PLACE,PLACE,0,1,1,0,,PLACE,"(5, 1)","(3, 1)",onion,,"[((2, 0), 'cooking'), ((4, 0), 'items1')]"
5005,667,185,FETCH,"(6, 1)",HOLD,FETCH,FETCH,0,1,1,0,,FETCH,"(4, 1)","(3, 1)",,,"[((2, 0), 'cooking'), ((4, 0), 'items2')]"
5005,669,186,PLACE,"(4, 0)",HOLD,PLACE,PLACE,0,1,1,0,,PLACE,"(5, 1)","(3, 1)",onion,,"[((2, 0), 'cooking'), ((4, 0), 'items2')]"
5005,673,187,COOK_START,"(4, 0)",HOLD,COOK_START,COOK_START,0,1,1,0,,COOK_START,"(4, 1)","(3, 1)",,,"[((2, 0), 'cooking'), ((4, 0), 'items3')]"
5005,674,188,GET_DISH,"(2, 3)",HOLD,GET_DISH,GET_DISH,0,1,1,0,,GET_DISH,"(4, 1)","(3, 2)",,,"[((2, 0), 'cooking'), ((4, 0), 'cooking')]"
5005,682,189,PICKUP,"(2, 0)",PICKUP,PICKUP,PICKUP,1,1,1,0,,PICKUP,"(2, 2)","(3, 1)",dish,,"[((2, 0), 'ready'), ((4, 0), 'cooking')]"
5005,684,190,DELIVER,"(4, 3)",DELIVER,DELIVER,DELIVER,1,1,1,0,,DELIVER,"(2, 1)","(3, 1)",soup,,"[((2, 0), 'empty'), ((4, 0), 'cooking')]"
5005,690,191,FETCH,"(6, 1)",GET_DISH,FETCH,FETCH,0,1,1,0,,FETCH,"(4, 2)","(3, 1)",,,"[((2, 0), 'empty'), ((4, 0), 'cooking')]"
5005,693,192,PLACE,"(2, 0)",PLACE,PLACE,PLACE,1,1,1,0,,PLACE,"(5, 1)","(2, 2)",onion,dish,"[((2, 0), 'empty'), ((4, 0), 'ready')]"
5006,0,1,FETCH,"(0, 1)",FETCH,FETCH,FETCH,1,1,1,0,,,"(1, 1)","(5, 3)",,,"[((2, 0), 'empty'), ((4, 0), 'empty')]"
5006,3,2,PLACE,"(2, 0)",PLACE,PLACE,PLACE,1,1,1,0,PLACE,PLACE,"(1, 1)","(5, 2)",onion,,"[((2, 0), 'empty'), ((4, 0), 'empty')]"
5006,7,3,FETCH,"(0, 1)",FETCH,FETCH,FETCH,1,1,1,0,FETCH,FETCH,"(2, 1)","(5, 2)",,,"[((2, 0), 'items1'), ((4, 0), 'empty')]"
5006,9,4,PLACE,"(2, 0)",PLACE,PLACE,PLACE,1,1,1,0,PLACE,PLACE,"(1, 1)","(5, 2)",onion,,"[((2, 0), 'items1'), ((4, 0), 'empty')]"
5006,13,5,FETCH,"(0, 1)",FETCH,FETCH,FETCH,1,1,1,0,FETCH,FETCH,"(2, 1)","(5, 2)",,,"[((2, 0), 'items2'), ((4, 0), 'empty')]"
5006,15,6,PLACE,"(2, 0)",PLACE,PLACE,PLACE,1,1,1,0,PLACE,PLACE,"(1, 1)","(5, 2)",onion,,"[((2, 0), 'items2'), ((4, 0), 'empty')]"
5006,19,7,COOK_START,"(2, 0)",COOK_START,COOK_START,COOK_START,1,1,1,0,COOK_START,COOK_START,"(2, 1)","(5, 2)",,,"[((2, 0), 'items3'), ((4, 0), 'empty')]"
5006,20,8,FETCH,"(0, 1)",HOLD,FETCH,HOLD,0,1,0,1,HOLD,FETCH,"(2, 1)","(5, 2)",,,"[((2, 0), 'cooking'), ((4, 0), 'empty')]"
5006,22,9,PLACE,"(4, 0)",HOLD,PLACE,PLACE,0,1,1,0,,PLACE,"(1, 1)","(5, 1)",onion,,"[((2, 0), 'cooking'), ((4, 0), 'empty')]"
5006,28,10,FETCH,"(6, 1)",FETCH,FETCH,FETCH,1,1,1,0,,FETCH,"(4, 1)","(3, 2)",,dish,"[((2, 0), 'cooking'), ((4, 0), 'items1')]"
5006,30,11,PLACE,"(4, 0)",PLACE,PLACE,PLACE,1,1,1,0,,PLACE,"(5, 1)","(3, 2)",onion,dish,"[((2, 0), 'cooking'), ((4, 0), 'items1')]"
5006,34,12,FETCH,"(6, 1)",FETCH,FETCH,FETCH,1,1,1,0,,FETCH,"(4, 1)","(3, 2)",,dish,"[((2, 0), 'cooking'), ((4, 0), 'items2')]"
5006,36,13,PLACE,"(4, 0)",PLACE,PLACE,PLACE,1,1,1,0,,PLACE,"(5, 1)","(3, 2)",onion,dish,"[((2, 0), 'cooking'), ((4, 0), 'items2')]"
5006,40,14,COOK_START,"(4, 0)",COOK_START,COOK_START,COOK_START,1,1,1,0,,COOK_START,"(4, 1)","(2, 2)",,dish,"[((2, 0), 'ready'), ((4, 0), 'items3')]"
5006,41,15,GET_DISH,"(2, 3)",GET_DISH,GET_DISH,GET_DISH,1,1,1,0,,GET_DISH,"(4, 1)","(2, 1)",,dish,"[((2, 0), 'ready'), ((4, 0), 'cooking')]"
5006,50,16,PRE,"(4, 0)",PRE,PRE,PRE,1,1,1,0,,PRE,"(2, 2)","(4, 2)",dish,,"[((2, 0), 'empty'), ((4, 0), 'cooking')]"
5006,60,17,PICKUP,"(4, 0)",PICKUP,PICKUP,PICKUP,1,1,1,0,,PICKUP,"(3, 2)","(3, 1)",dish,,"[((2, 0), 'empty'), ((4, 0), 'ready')]"
5006,63,18,DELIVER,"(4, 3)",DELIVER,DELIVER,DELIVER,1,1,1,0,,DELIVER,"(4, 1)","(3, 1)",soup,,"[((2, 0), 'empty'), ((4, 0), 'empty')]"
5006,65,19,FETCH,"(6, 1)",FETCH,FETCH,FETCH,1,1,1,0,FETCH,FETCH,"(4, 2)","(1, 1)",,,"[((2, 0), 'empty'), ((4, 0), 'empty')]"
5006,68,20,PLACE,"(4, 0)",PLACE,PLACE,PLACE,1,1,1,0,PLACE,PLACE,"(5, 1)","(3, 2)",onion,,"[((2, 0), 'empty'), ((4, 0), 'empty')]"
5006,79,21,FETCH,"(6, 1)",FETCH,FETCH,FETCH,1,1,1,0,FETCH,FETCH,"(4, 1)","(5, 2)",,,"[((2, 0), 'empty'), ((4, 0), 'items1')]"
5006,81,22,PLACE,"(4, 0)",PLACE,PLACE,PLACE,1,1,1,0,PLACE,PLACE,"(5, 1)","(5, 2)",onion,,"[((2, 0), 'empty'), ((4, 0), 'items1')]"
5006,85,23,FETCH,"(6, 1)",FETCH,FETCH,FETCH,1,1,1,0,FETCH,FETCH,"(4, 1)","(5, 2)",,,"[((2, 0), 'empty'), ((4, 0), 'items2')]"
5006,87,24,PLACE,"(4, 0)",PLACE,PLACE,PLACE,1,1,1,0,PLACE,PLACE,"(5, 1)","(5, 2)",onion,,"[((2, 0), 'empty'), ((4, 0), 'items2')]"
5006,91,25,COOK_START,"(4, 0)",COOK_START,COOK_START,COOK_START,1,1,1,0,COOK_START,COOK_START,"(4, 1)","(5, 2)",,,"[((2, 0), 'empty'), ((4, 0), 'items3')]"
5006,92,26,FETCH,"(6, 1)",FETCH,FETCH,FETCH,1,1,1,0,FETCH,FETCH,"(4, 1)","(5, 2)",,,"[((2, 0), 'empty'), ((4, 0), 'cooking')]"
5006,94,27,PLACE,"(2, 0)",PLACE,PLACE,PLACE,1,1,1,0,PLACE,PLACE,"(5, 1)","(4, 1)",onion,,"[((2, 0), 'empty'), ((4, 0), 'cooking')]"
5006,107,28,FETCH,"(0, 1)",HOLD,FETCH,FETCH,0,1,1,1,HOLD,FETCH,"(2, 1)","(3, 2)",,dish,"[((2, 0), 'items1'), ((4, 0), 'cooking')]"
5006,109,29,PLACE,"(2, 0)",PLACE,PLACE,PLACE,1,1,1,0,PLACE,PLACE,"(1, 1)","(3, 2)",onion,dish,"[((2, 0), 'items1'), ((4, 0), 'cooking')]"
5006,113,30,FETCH,"(0, 1)",FETCH,FETCH,FETCH,1,1,1,0,FETCH,FETCH,"(2, 1)","(4, 1)",,dish,"[((2, 0), 'items2'), ((4, 0), 'ready')]"
5006,115,31,PLACE,"(2, 0)",PLACE,PLACE,PLACE,1,1,1,0,PLACE,PLACE,"(1, 1)","(4, 2)",onion,soup,"[((2, 0), 'items2'), ((4, 0), 'empty')]"
5006,119,32,COOK_START,"(2, 0)",HOLD,COOK_START,COOK_START,0,1,1,1,HOLD,COOK_START,"(2, 1)","(5, 1)",,onion,"[((2, 0), 'items3'), ((4, 0), 'empty')]"
5006,120,33,FETCH,"(0, 1)",HOLD,FETCH,FETCH,0,1,1,0,,FETCH,"(2, 1)","(5, 2)",,onion,"[((2, 0), 'cooking'), ((4, 0), 'empty')]"
5006,122,34,PLACE,"(4, 0)",PLACE,PLACE,PLACE,1,1,1,0,,PLACE,"(1, 1)","(4, 1)",onion,onion,"[((2, 0), 'cooking'), ((4, 0), 'empty')]"
5006,128,35,FETCH,"(6, 1)",FETCH,FETCH,FETCH,1,1,1,0,,FETCH,"(4, 1)","(3, 1)",,,"[((2, 0), 'cooking'), ((4, 0), 'items2')]"
5006,130,36,PLACE,"(4, 0)",PLACE,PLACE,PLACE,1,1,1,0,,PLACE,"(5, 1)","(3, 1)",onion,,"[((2, 0), 'cooking'), ((4, 0), 'items2')]"
5006,134,37,COOK_START,"(4, 0)",COOK_START,COOK_START,COOK_START,1,1,1,0,,COOK_START,"(4, 1)","(3, 1)",,,"[((2, 0), 'cooking'), ((4, 0), 'items3')]"
5006,135,38,GET_DISH,"(2, 3)",GET_DISH,GET_DISH,GET_DISH,1,1,1,0,,GET_DISH,"(4, 1)","(3, 2)",,,"[((2, 0), 'cooking'), ((4, 0), 'cooking')]"
5006,143,39,PICKUP,"(2, 0)",PICKUP,PICKUP,PICKUP,1,1,1,0,,PICKUP,"(2, 2)","(3, 1)",dish,,"[((2, 0), 'ready'), ((4, 0), 'cooking')]"
5006,145,40,DELIVER,"(4, 3)",DELIVER,DELIVER,DELIVER,1,1,1,0,,DELIVER,"(2, 1)","(3, 1)",soup,,"[((2, 0), 'empty'), ((4, 0), 'cooking')]"
5006,151,41,FETCH,"(6, 1)",FETCH,FETCH,FETCH,1,1,1,0,,FETCH,"(4, 2)","(3, 1)",,,"[((2, 0), 'empty'), ((4, 0), 'cooking')]"
5006,154,42,PLACE,"(2, 0)",PLACE,PLACE,PLACE,1,1,1,0,,PLACE,"(5, 1)","(2, 2)",onion,dish,"[((2, 0), 'empty'), ((4, 0), 'ready')]"
5006,161,43,FETCH,"(0, 1)",FETCH,FETCH,FETCH,1,1,1,0,,FETCH,"(2, 1)","(4, 2)",,,"[((2, 0), 'items1'), ((4, 0), 'empty')]"
5006,163,44,PLACE,"(2, 0)",PLACE,PLACE,PLACE,1,1,1,0,,PLACE,"(1, 1)","(5, 1)",onion,,"[((2, 0), 'items1'), ((4, 0), 'empty')]"
5006,167,45,FETCH,"(0, 1)",FETCH,FETCH,FETCH,1,1,1,0,,FETCH,"(2, 1)","(4, 2)",,onion,"[((2, 0), 'items2'), ((4, 0), 'empty')]"
5006,169,46,PLACE,"(2, 0)",PLACE,PLACE,PLACE,1,1,1,0,,PLACE,"(1, 1)","(2, 2)",onion,onion,"[((2, 0), 'items2'), ((4, 0), 'empty')]"
5006,171,47,PLACE,"(4, 0)",PLACE,PLACE,PLACE,1,1,1,0,,PLACE,"(1, 2)","(2, 1)",onion,,"[((2, 0), 'items3'), ((4, 0), 'empty')]"
5006,176,48,FETCH,"(6, 1)",FETCH,FETCH,FETCH,1,1,1,0,,FETCH,"(4, 1)","(3, 1)",,,"[((2, 0), 'cooking'), ((4, 0), 'items1')]"
5006,178,49,PLACE,"(4, 0)",PLACE,PLACE,PLACE,1,1,1,0,,PLACE,"(5, 1)","(3, 1)",onion,,"[((2, 0), 'cooking'), ((4, 0), 'items1')]"
5006,182,50,FETCH,"(6, 1)",FETCH,FETCH,FETCH,1,1,1,0,,FETCH,"(4, 1)","(3, 1)",,,"[((2, 0), 'cooking'), ((4, 0), 'items2')]"
5006,184,51,PLACE,"(4, 0)",PLACE,PLACE,PLACE,1,1,1,0,,PLACE,"(5, 1)","(3, 1)",onion,,"[((2, 0), 'cooking'), ((4, 0), 'items2')]"
5006,188,52,COOK_START,"(4, 0)",COOK_START,COOK_START,COOK_START,1,1,1,0,,COOK_START,"(4, 1)","(3, 1)",,,"[((2, 0), 'cooking'), ((4, 0), 'items3')]"
5006,189,53,GET_DISH,"(2, 3)",GET_DISH,GET_DISH,GET_DISH,1,1,1,0,,GET_DISH,"(4, 1)","(3, 2)",,,"[((2, 0), 'cooking'), ((4, 0), 'cooking')]"
5006,197,54,PICKUP,"(2, 0)",PICKUP,PICKUP,PICKUP,1,1,1,0,,PICKUP,"(2, 2)","(3, 1)",dish,,"[((2, 0), 'ready'), ((4, 0), 'cooking')]"
5006,199,55,DELIVER,"(4, 3)",DELIVER,DELIVER,DELIVER,1,1,1,0,,DELIVER,"(2, 1)","(3, 1)",soup,,"[((2, 0), 'empty'), ((4, 0), 'cooking')]"
5006,205,56,FETCH,"(6, 1)",FETCH,FETCH,FETCH,1,1,1,0,,FETCH,"(4, 2)","(3, 1)",,,"[((2, 0), 'empty'), ((4, 0), 'cooking')]"
5006,208,57,PLACE,"(2, 0)",PLACE,PLACE,PLACE,1,1,1,0,,PLACE,"(5, 1)","(2, 2)",onion,dish,"[((2, 0), 'empty'), ((4, 0), 'ready')]"
5006,215,58,FETCH,"(0, 1)",FETCH,FETCH,FETCH,1,1,1,0,,FETCH,"(2, 1)","(4, 2)",,,"[((2, 0), 'items1'), ((4, 0), 'empty')]"
5006,217,59,PLACE,"(2, 0)",PLACE,PLACE,PLACE,1,1,1,0,,PLACE,"(1, 1)","(5, 1)",onion,,"[((2, 0), 'items1'), ((4, 0), 'empty')]"
5006,221,60,FETCH,"(0, 1)",FETCH,FETCH,FETCH,1,1,1,0,,FETCH,"(2, 1)","(4, 2)",,onion,"[((2, 0), 'items2'), ((4, 0), 'empty')]"
5006,223,61,PLACE,"(2, 0)",PLACE,PLACE,PLACE,1,1,1,0,,PLACE,"(1, 1)","(2, 2)",onion,onion,"[((2, 0), 'items2'), ((4, 0), 'empty')]"
5006,225,62,PLACE,"(4, 0)",PLACE,PLACE,PLACE,1,1,1,0,,PLACE,"(1, 2)","(2, 1)",onion,,"[((2, 0), 'items3'), ((4, 0), 'empty')]"
5006,230,63,FETCH,"(6, 1)",FETCH,FETCH,FETCH,1,1,1,0,,FETCH,"(4, 1)","(3, 1)",,,"[((2, 0), 'cooking'), ((4, 0), 'items1')]"
5006,232,64,PLACE,"(4, 0)",PLACE,PLACE,PLACE,1,1,1,0,,PLACE,"(5, 1)","(3, 1)",onion,,"[((2, 0), 'cooking'), ((4, 0), 'items1')]"
5006,236,65,FETCH,"(6, 1)",FETCH,FETCH,FETCH,1,1,1,0,,FETCH,"(4, 1)","(3, 1)",,,"[((2, 0), 'cooking'), ((4, 0), 'items2')]"
5006,238,66,PLACE,"(4, 0)",PLACE,PLACE,PLACE,1,1,1,0,,PLACE,"(5, 1)","(3, 1)",onion,,"[((2, 0), 'cooking'), ((4, 0), 'items2')]"
5006,242,67,COOK_START,"(4, 0)",COOK_START,COOK_START,COOK_START,1,1,1,0,,COOK_START,"(4, 1)","(3, 1)",,,"[((2, 0), 'cooking'), ((4, 0), 'items3')]"
5006,243,68,GET_DISH,"(2, 3)",GET_DISH,GET_DISH,GET_DISH,1,1,1,0,,GET_DISH,"(4, 1)","(3, 2)",,,"[((2, 0), 'cooking'), ((4, 0), 'cooking')]"
5006,251,69,PICKUP,"(2, 0)",PICKUP,PICKUP,PICKUP,1,1,1,0,,PICKUP,"(2, 2)","(3, 1)",dish,,"[((2, 0), 'ready'), ((4, 0), 'cooking')]"
5006,253,70,DELIVER,"(4, 3)",DELIVER,DELIVER,DELIVER,1,1,1,0,,DELIVER,"(2, 1)","(3, 1)",soup,,"[((2, 0), 'empty'), ((4, 0), 'cooking')]"
5006,259,71,FETCH,"(6, 1)",FETCH,FETCH,FETCH,1,1,1,0,,FETCH,"(4, 2)","(3, 1)",,,"[((2, 0), 'empty'), ((4, 0), 'cooking')]"
5006,262,72,PLACE,"(2, 0)",PLACE,PLACE,PLACE,1,1,1,0,,PLACE,"(5, 1)","(2, 2)",onion,dish,"[((2, 0), 'empty'), ((4, 0), 'ready')]"
5006,269,73,FETCH,"(0, 1)",HOLD,FETCH,FETCH,0,1,1,0,,FETCH,"(2, 1)","(4, 2)",,,"[((2, 0), 'items1'), ((4, 0), 'empty')]"
5006,271,74,PLACE,"(2, 0)",PLACE,PLACE,PLACE,1,1,1,0,,PLACE,"(1, 1)","(5, 1)",onion,,"[((2, 0), 'items1'), ((4, 0), 'empty')]"
5006,275,75,FETCH,"(0, 1)",FETCH,FETCH,FETCH,1,1,1,0,,FETCH,"(2, 1)","(4, 2)",,onion,"[((2, 0), 'items2'), ((4, 0), 'empty')]"
5006,277,76,PLACE,"(2, 0)",PLACE,PLACE,PLACE,1,1,1,0,,PLACE,"(1, 1)","(2, 2)",onion,onion,"[((2, 0), 'items2'), ((4, 0), 'empty')]"
5006,279,77,PLACE,"(4, 0)",PLACE,PLACE,PLACE,1,1,1,0,,PLACE,"(1, 2)","(2, 1)",onion,,"[((2, 0), 'items3'), ((4, 0), 'empty')]"
5006,284,78,FETCH,"(6, 1)",GET_DISH,FETCH,FETCH,0,1,1,0,,FETCH,"(4, 1)","(3, 1)",,,"[((2, 0), 'cooking'), ((4, 0), 'items1')]"
5006,286,79,PLACE,"(4, 0)",PLACE,PLACE,PLACE,1,1,1,0,,PLACE,"(5, 1)","(3, 1)",onion,,"[((2, 0), 'cooking'), ((4, 0), 'items1')]"
5006,290,80,FETCH,"(6, 1)",GET_DISH,FETCH,FETCH,0,1,1,0,,FETCH,"(4, 1)","(3, 1)",,,"[((2, 0), 'cooking'), ((4, 0), 'items2')]"
5006,292,81,PLACE,"(4, 0)",PLACE,PLACE,PLACE,1,1,1,0,,PLACE,"(5, 1)","(3, 1)",onion,,"[((2, 0), 'cooking'), ((4, 0), 'items2')]"
5006,296,82,COOK_START,"(4, 0)",COOK_START,COOK_START,COOK_START,1,1,1,0,,COOK_START,"(4, 1)","(3, 1)",,,"[((2, 0), 'cooking'), ((4, 0), 'items3')]"
5006,297,83,GET_DISH,"(2, 3)",GET_DISH,GET_DISH,GET_DISH,1,1,1,0,,GET_DISH,"(4, 1)","(3, 2)",,,"[((2, 0), 'cooking'), ((4, 0), 'cooking')]"
5006,305,84,PICKUP,"(2, 0)",PICKUP,PICKUP,PICKUP,1,1,1,0,,PICKUP,"(2, 2)","(3, 1)",dish,,"[((2, 0), 'ready'), ((4, 0), 'cooking')]"
5006,307,85,DELIVER,"(4, 3)",DELIVER,DELIVER,DELIVER,1,1,1,0,,DELIVER,"(2, 1)","(3, 1)",soup,,"[((2, 0), 'empty'), ((4, 0), 'cooking')]"
5006,313,86,FETCH,"(6, 1)",FETCH,FETCH,FETCH,1,1,1,0,,FETCH,"(4, 2)","(3, 1)",,,"[((2, 0), 'empty'), ((4, 0), 'cooking')]"
5006,316,87,PLACE,"(2, 0)",PLACE,PLACE,PLACE,1,1,1,0,,PLACE,"(5, 1)","(2, 2)",onion,dish,"[((2, 0), 'empty'), ((4, 0), 'ready')]"
5006,323,88,FETCH,"(0, 1)",HOLD,FETCH,FETCH,0,1,1,0,,FETCH,"(2, 1)","(4, 2)",,,"[((2, 0), 'items1'), ((4, 0), 'empty')]"
5006,325,89,PLACE,"(2, 0)",PLACE,PLACE,PLACE,1,1,1,0,,PLACE,"(1, 1)","(5, 1)",onion,,"[((2, 0), 'items1'), ((4, 0), 'empty')]"
5006,329,90,FETCH,"(0, 1)",FETCH,FETCH,FETCH,1,1,1,0,,FETCH,"(2, 1)","(4, 2)",,onion,"[((2, 0), 'items2'), ((4, 0), 'empty')]"
5006,331,91,PLACE,"(2, 0)",PLACE,PLACE,PLACE,1,1,1,0,,PLACE,"(1, 1)","(2, 2)",onion,onion,"[((2, 0), 'items2'), ((4, 0), 'empty')]"
5006,333,92,PLACE,"(4, 0)",PLACE,PLACE,PLACE,1,1,1,0,,PLACE,"(1, 2)","(2, 1)",onion,,"[((2, 0), 'items3'), ((4, 0), 'empty')]"
5006,338,93,FETCH,"(6, 1)",GET_DISH,FETCH,FETCH,0,1,1,0,,FETCH,"(4, 1)","(3, 1)",,,"[((2, 0), 'cooking'), ((4, 0), 'items1')]"
5006,340,94,PLACE,"(4, 0)",PLACE,PLACE,PLACE,1,1,1,0,,PLACE,"(5, 1)","(3, 1)",onion,,"[((2, 0), 'cooking'), ((4, 0), 'items1')]"
5006,344,95,FETCH,"(6, 1)",GET_DISH,FETCH,FETCH,0,1,1,0,,FETCH,"(4, 1)","(3, 1)",,,"[((2, 0), 'cooking'), ((4, 0), 'items2')]"
5006,346,96,PLACE,"(4, 0)",PLACE,PLACE,PLACE,1,1,1,0,,PLACE,"(5, 1)","(3, 1)",onion,,"[((2, 0), 'cooking'), ((4, 0), 'items2')]"
5006,350,97,COOK_START,"(4, 0)",GET_DISH,COOK_START,COOK_START,0,1,1,0,,COOK_START,"(4, 1)","(3, 1)",,,"[((2, 0), 'cooking'), ((4, 0), 'items3')]"
5006,351,98,GET_DISH,"(2, 3)",HOLD,GET_DISH,GET_DISH,0,1,1,0,,GET_DISH,"(4, 1)","(3, 2)",,,"[((2, 0), 'cooking'), ((4, 0), 'cooking')]"
5006,359,99,PICKUP,"(2, 0)",PICKUP,PICKUP,PICKUP,1,1,1,0,,PICKUP,"(2, 2)","(3, 1)",dish,,"[((2, 0), 'ready'), ((4, 0), 'cooking')]"
5006,361,100,DELIVER,"(4, 3)",DELIVER,DELIVER,DELIVER,1,1,1,0,,DELIVER,"(2, 1)","(3, 1)",soup,,"[((2, 0), 'empty'), ((4, 0), 'cooking')]"
5006,367,101,FETCH,"(6, 1)",GET_DISH,FETCH,FETCH,0,1,1,0,,FETCH,"(4, 2)","(3, 1)",,,"[((2, 0), 'empty'), ((4, 0), 'cooking')]"
5006,370,102,PLACE,"(2, 0)",PLACE,PLACE,PLACE,1,1,1,0,,PLACE,"(5, 1)","(2, 2)",onion,dish,"[((2, 0), 'empty'), ((4, 0), 'ready')]"
5006,377,103,FETCH,"(0, 1)",HOLD,FETCH,FETCH,0,1,1,0,,FETCH,"(2, 1)","(4, 2)",,,"[((2, 0), 'items1'), ((4, 0), 'empty')]"
5006,379,104,PLACE,"(2, 0)",HOLD,PLACE,PLACE,0,1,1,0,,PLACE,"(1, 1)","(5, 1)",onion,,"[((2, 0), 'items1'), ((4, 0), 'empty')]"
5006,383,105,FETCH,"(0, 1)",FETCH,FETCH,FETCH,1,1,1,0,,FETCH,"(2, 1)","(4, 2)",,onion,"[((2, 0), 'items2'), ((4, 0), 'empty')]"
5006,385,106,PLACE,"(2, 0)",PLACE,PLACE,PLACE,1,1,1,0,,PLACE,"(1, 1)","(2, 2)",onion,onion,"[((2, 0), 'items2'), ((4, 0), 'empty')]"
5006,387,107,PLACE,"(4, 0)",PLACE,PLACE,PLACE,1,1,1,0,,PLACE,"(1, 2)","(2, 1)",onion,,"[((2, 0), 'items3'), ((4, 0), 'empty')]"
5006,392,108,FETCH,"(6, 1)",GET_DISH,FETCH,FETCH,0,1,1,0,,FETCH,"(4, 1)","(3, 1)",,,"[((2, 0), 'cooking'), ((4, 0), 'items1')]"
5006,394,109,PLACE,"(4, 0)",PLACE,PLACE,PLACE,1,1,1,0,,PLACE,"(5, 1)","(3, 1)",onion,,"[((2, 0), 'cooking'), ((4, 0), 'items1')]"
5006,398,110,FETCH,"(6, 1)",GET_DISH,FETCH,FETCH,0,1,1,0,,FETCH,"(4, 1)","(3, 1)",,,"[((2, 0), 'cooking'), ((4, 0), 'items2')]"
5006,400,111,PLACE,"(4, 0)",HOLD,PLACE,PLACE,0,1,1,0,,PLACE,"(5, 1)","(3, 1)",onion,,"[((2, 0), 'cooking'), ((4, 0), 'items2')]"
5006,404,112,COOK_START,"(4, 0)",GET_DISH,COOK_START,COOK_START,0,1,1,0,,COOK_START,"(4, 1)","(3, 1)",,,"[((2, 0), 'cooking'), ((4, 0), 'items3')]"
5006,405,113,GET_DISH,"(2, 3)",HOLD,GET_DISH,GET_DISH,0,1,1,0,,GET_DISH,"(4, 1)","(3, 2)",,,"[((2, 0), 'cooking'), ((4, 0), 'cooking')]"
5006,413,114,PICKUP,"(2, 0)",PICKUP,PICKUP,PICKUP,1,1,1,0,,PICKUP,"(2, 2)","(3, 1)",dish,,"[((2, 0), 'ready'), ((4, 0), 'cooking')]"
5006,415,115,DELIVER,"(4, 3)",DELIVER,DELIVER,DELIVER,1,1,1,0,,DELIVER,"(2, 1)","(3, 1)",soup,,"[((2, 0), 'empty'), ((4, 0), 'cooking')]"
5006,421,116,FETCH,"(6, 1)",GET_DISH,FETCH,FETCH,0,1,1,0,,FETCH,"(4, 2)","(3, 1)",,,"[((2, 0), 'empty'), ((4, 0), 'cooking')]"
5006,424,117,PLACE,"(2, 0)",PLACE,PLACE,PLACE,1,1,1,0,,PLACE,"(5, 1)","(2, 2)",onion,dish,"[((2, 0), 'empty'), ((4, 0), 'ready')]"
5006,431,118,FETCH,"(0, 1)",HOLD,FETCH,FETCH,0,1,1,0,,FETCH,"(2, 1)","(4, 2)",,,"[((2, 0), 'items1'), ((4, 0), 'empty')]"
5006,433,119,PLACE,"(2, 0)",HOLD,PLACE,PLACE,0,1,1,0,,PLACE,"(1, 1)","(5, 1)",onion,,"[((2, 0), 'items1'), ((4, 0), 'empty')]"
5006,437,120,FETCH,"(0, 1)",FETCH,FETCH,FETCH,1,1,1,0,,FETCH,"(2, 1)","(4, 2)",,onion,"[((2, 0), 'items2'), ((4, 0), 'empty')]"
5006,439,121,PLACE,"(2, 0)",PLACE,PLACE,PLACE,1,1,1,0,,PLACE,"(1, 1)","(2, 2)",onion,onion,"[((2, 0), 'items2'), ((4, 0), 'empty')]"
5006,441,122,PLACE,"(4, 0)",PLACE,PLACE,PLACE,1,1,1,0,,PLACE,"(1, 2)","(2, 1)",onion,,"[((2, 0), 'items3'), ((4, 0), 'empty')]"
5006,446,123,FETCH,"(6, 1)",GET_DISH,FETCH,FETCH,0,1,1,0,,FETCH,"(4, 1)","(3, 1)",,,"[((2, 0), 'cooking'), ((4, 0), 'items1')]"
5006,448,124,PLACE,"(4, 0)",PLACE,PLACE,PLACE,1,1,1,0,,PLACE,"(5, 1)","(3, 1)",onion,,"[((2, 0), 'cooking'), ((4, 0), 'items1')]"
5006,452,125,FETCH,"(6, 1)",GET_DISH,FETCH,FETCH,0,1,1,0,,FETCH,"(4, 1)","(3, 1)",,,"[((2, 0), 'cooking'), ((4, 0), 'items2')]"
5006,454,126,PLACE,"(4, 0)",HOLD,PLACE,PLACE,0,1,1,0,,PLACE,"(5, 1)","(3, 1)",onion,,"[((2, 0), 'cooking'), ((4, 0), 'items2')]"
5006,458,127,COOK_START,"(4, 0)",GET_DISH,COOK_START,COOK_START,0,1,1,0,,COOK_START,"(4, 1)","(3, 1)",,,"[((2, 0), 'cooking'), ((4, 0), 'items3')]"
5006,459,128,GET_DISH,"(2, 3)",HOLD,GET_DISH,GET_DISH,0,1,1,0,,GET_DISH,"(4, 1)","(3, 2)",,,"[((2, 0), 'cooking'), ((4, 0), 'cooking')]"
5006,467,129,PICKUP,"(2, 0)",PICKUP,PICKUP,PICKUP,1,1,1,0,,PICKUP,"(2, 2)","(3, 1)",dish,,"[((2, 0), 'ready'), ((4, 0), 'cooking')]"
5006,469,130,DELIVER,"(4, 3)",DELIVER,DELIVER,DELIVER,1,1,1,0,,DELIVER,"(2, 1)","(3, 1)",soup,,"[((2, 0), 'empty'), ((4, 0), 'cooking')]"
5006,475,131,FETCH,"(6, 1)",GET_DISH,FETCH,FETCH,0,1,1,0,,FETCH,"(4, 2)","(3, 1)",,,"[((2, 0), 'empty'), ((4, 0), 'cooking')]"
5006,478,132,PLACE,"(2, 0)",PLACE,PLACE,PLACE,1,1,1,0,,PLACE,"(5, 1)","(2, 2)",onion,dish,"[((2, 0), 'empty'), ((4, 0), 'ready')]"
5006,485,133,FETCH,"(0, 1)",HOLD,FETCH,FETCH,0,1,1,0,,FETCH,"(2, 1)","(4, 2)",,,"[((2, 0), 'items1'), ((4, 0), 'empty')]"
5006,487,134,PLACE,"(2, 0)",HOLD,PLACE,PLACE,0,1,1,0,,PLACE,"(1, 1)","(5, 1)",onion,,"[((2, 0), 'items1'), ((4, 0), 'empty')]"
5006,491,135,FETCH,"(0, 1)",FETCH,FETCH,FETCH,1,1,1,0,,FETCH,"(2, 1)","(4, 2)",,onion,"[((2, 0), 'items2'), ((4, 0), 'empty')]"
5006,493,136,PLACE,"(2, 0)",PLACE,PLACE,PLACE,1,1,1,0,,PLACE,"(1, 1)","(2, 2)",onion,onion,"[((2, 0), 'items2'), ((4, 0), 'empty')]"
5006,495,137,PLACE,"(4, 0)",PLACE,PLACE,PLACE,1,1,1,0,,PLACE,"(1, 2)","(2, 1)",onion,,"[((2, 0), 'items3'), ((4, 0), 'empty')]"
5006,500,138,FETCH,"(6, 1)",GET_DISH,FETCH,FETCH,0,1,1,0,,FETCH,"(4, 1)","(3, 1)",,,"[((2, 0), 'cooking'), ((4, 0), 'items1')]"
5006,502,139,PLACE,"(4, 0)",PLACE,PLACE,PLACE,1,1,1,0,,PLACE,"(5, 1)","(3, 1)",onion,,"[((2, 0), 'cooking'), ((4, 0), 'items1')]"
5006,506,140,FETCH,"(6, 1)",HOLD,FETCH,FETCH,0,1,1,0,,FETCH,"(4, 1)","(3, 1)",,,"[((2, 0), 'cooking'), ((4, 0), 'items2')]"
5006,508,141,PLACE,"(4, 0)",HOLD,PLACE,PLACE,0,1,1,0,,PLACE,"(5, 1)","(3, 1)",onion,,"[((2, 0), 'cooking'), ((4, 0), 'items2')]"
5006,512,142,COOK_START,"(4, 0)",GET_DISH,COOK_START,COOK_START,0,1,1,0,,COOK_START,"(4, 1)","(3, 1)",,,"[((2, 0), 'cooking'), ((4, 0), 'items3')]"
5006,513,143,GET_DISH,"(2, 3)",HOLD,GET_DISH,GET_DISH,0,1,1,0,,GET_DISH,"(4, 1)","(3, 2)",,,"[((2, 0), 'cooking'), ((4, 0), 'cooking')]"
5006,521,144,PICKUP,"(2, 0)",PICKUP,PICKUP,PICKUP,1,1,1,0,,PICKUP,"(2, 2)","(3, 1)",dish,,"[((2, 0), 'ready'), ((4, 0), 'cooking')]"
5006,523,145,DELIVER,"(4, 3)",DELIVER,DELIVER,DELIVER,1,1,1,0,,DELIVER,"(2, 1)","(3, 1)",soup,,"[((2, 0), 'empty'), ((4, 0), 'cooking')]"
5006,529,146,FETCH,"(6, 1)",GET_DISH,FETCH,FETCH,0,1,1,0,,FETCH,"(4, 2)","(3, 1)",,,"[((2, 0), 'empty'), ((4, 0), 'cooking')]"
5006,532,147,PLACE,"(2, 0)",PLACE,PLACE,PLACE,1,1,1,0,,PLACE,"(5, 1)","(2, 2)",onion,dish,"[((2, 0), 'empty'), ((4, 0), 'ready')]"
5006,539,148,FETCH,"(0, 1)",HOLD,FETCH,FETCH,0,1,1,0,,FETCH,"(2, 1)","(4, 2)",,,"[((2, 0), 'items1'), ((4, 0), 'empty')]"
5006,541,149,PLACE,"(2, 0)",HOLD,PLACE,PLACE,0,1,1,0,,PLACE,"(1, 1)","(5, 1)",onion,,"[((2, 0), 'items1'), ((4, 0), 'empty')]"
5006,545,150,FETCH,"(0, 1)",FETCH,FETCH,FETCH,1,1,1,0,,FETCH,"(2, 1)","(4, 2)",,onion,"[((2, 0), 'items2'), ((4, 0), 'empty')]"
5006,547,151,PLACE,"(2, 0)",PLACE,PLACE,PLACE,1,1,1,0,,PLACE,"(1, 1)","(2, 2)",onion,onion,"[((2, 0), 'items2'), ((4, 0), 'empty')]"
5006,549,152,PLACE,"(4, 0)",PLACE,PLACE,PLACE,1,1,1,0,,PLACE,"(1, 2)","(2, 1)",onion,,"[((2, 0), 'items3'), ((4, 0), 'empty')]"
5006,554,153,FETCH,"(6, 1)",GET_DISH,FETCH,FETCH,0,1,1,0,,FETCH,"(4, 1)","(3, 1)",,,"[((2, 0), 'cooking'), ((4, 0), 'items1')]"
5006,556,154,PLACE,"(4, 0)",HOLD,PLACE,PLACE,0,1,1,0,,PLACE,"(5, 1)","(3, 1)",onion,,"[((2, 0), 'cooking'), ((4, 0), 'items1')]"
5006,560,155,FETCH,"(6, 1)",HOLD,FETCH,FETCH,0,1,1,0,,FETCH,"(4, 1)","(3, 1)",,,"[((2, 0), 'cooking'), ((4, 0), 'items2')]"
5006,562,156,PLACE,"(4, 0)",HOLD,PLACE,PLACE,0,1,1,0,,PLACE,"(5, 1)","(3, 1)",onion,,"[((2, 0), 'cooking'), ((4, 0), 'items2')]"
5006,566,157,COOK_START,"(4, 0)",GET_DISH,COOK_START,COOK_START,0,1,1,0,,COOK_START,"(4, 1)","(3, 1)",,,"[((2, 0), 'cooking'), ((4, 0), 'items3')]"
5006,567,158,GET_DISH,"(2, 3)",HOLD,GET_DISH,GET_DISH,0,1,1,0,,GET_DISH,"(4, 1)","(3, 2)",,,"[((2, 0), 'cooking'), ((4, 0), 'cooking')]"
5006,575,159,PICKUP,"(2, 0)",PICKUP,PICKUP,PICKUP,1,1,1,0,,PICKUP,"(2, 2)","(3, 1)",dish,,"[((2, 0), 'ready'), ((4, 0), 'cooking')]"
5006,577,160,DELIVER,"(4, 3)",DELIVER,DELIVER,DELIVER,1,1,1,0,,DELIVER,"(2, 1)","(3, 1)",soup,,"[((2, 0), 'empty'), ((4, 0), 'cooking')]"
5006,583,161,FETCH,"(6, 1)",GET_DISH,FETCH,FETCH,0,1,1,0,,FETCH,"(4, 2)","(3, 1)",,,"[((2, 0), 'empty'), ((4, 0), 'cooking')]"
5006,586,162,PLACE,"(2, 0)",PLACE,PLACE,PLACE,1,1,1,0,,PLACE,"(5, 1)","(2, 2)",onion,dish,"[((2, 0), 'empty'), ((4, 0), 'ready')]"
5006,593,163,FETCH,"(0, 1)",HOLD,FETCH,FETCH,0,1,1,0,,FETCH,"(2, 1)","(4, 2)",,,"[((2, 0), 'items1'), ((4, 0), 'empty')]"
5006,595,164,PLACE,"(2, 0)",HOLD,PLACE,PLACE,0,1,1,0,,PLACE,"(1, 1)","(5, 1)",onion,,"[((2, 0), 'items1'), ((4, 0), 'empty')]"
5006,599,165,FETCH,"(0, 1)",FETCH,FETCH,FETCH,1,1,1,0,,FETCH,"(2, 1)","(4, 2)",,onion,"[((2, 0), 'items2'), ((4, 0), 'empty')]"
5006,601,166,PLACE,"(2, 0)",PLACE,PLACE,PLACE,1,1,1,0,,PLACE,"(1, 1)","(2, 2)",onion,onion,"[((2, 0), 'items2'), ((4, 0), 'empty')]"
5006,603,167,PLACE,"(4, 0)",PLACE,PLACE,PLACE,1,1,1,0,,PLACE,"(1, 2)","(2, 1)",onion,,"[((2, 0), 'items3'), ((4, 0), 'empty')]"
5006,608,168,FETCH,"(6, 1)",GET_DISH,FETCH,FETCH,0,1,1,0,,FETCH,"(4, 1)","(3, 1)",,,"[((2, 0), 'cooking'), ((4, 0), 'items1')]"
5006,610,169,PLACE,"(4, 0)",HOLD,PLACE,PLACE,0,1,1,0,,PLACE,"(5, 1)","(3, 1)",onion,,"[((2, 0), 'cooking'), ((4, 0), 'items1')]"
5006,614,170,FETCH,"(6, 1)",HOLD,FETCH,FETCH,0,1,1,0,,FETCH,"(4, 1)","(3, 1)",,,"[((2, 0), 'cooking'), ((4, 0), 'items2')]"
5006,616,171,PLACE,"(4, 0)",HOLD,PLACE,PLACE,0,1,1,0,,PLACE,"(5, 1)","(3, 1)",onion,,"[((2, 0), 'cooking'), ((4, 0), 'items2')]"
5006,620,172,COOK_START,"(4, 0)",HOLD,COOK_START,COOK_START,0,1,1,0,,COOK_START,"(4, 1)","(3, 1)",,,"[((2, 0), 'cooking'), ((4, 0), 'items3')]"
5006,621,173,GET_DISH,"(2, 3)",HOLD,GET_DISH,GET_DISH,0,1,1,0,,GET_DISH,"(4, 1)","(3, 2)",,,"[((2, 0), 'cooking'), ((4, 0), 'cooking')]"
5006,629,174,PICKUP,"(2, 0)",PICKUP,PICKUP,PICKUP,1,1,1,0,,PICKUP,"(2, 2)","(3, 1)",dish,,"[((2, 0), 'ready'), ((4, 0), 'cooking')]"
5006,631,175,DELIVER,"(4, 3)",DELIVER,DELIVER,DELIVER,1,1,1,0,,DELIVER,"(2, 1)","(3, 1)",soup,,"[((2, 0), 'empty'), ((4, 0), 'cooking')]"
5006,637,176,FETCH,"(6, 1)",GET_DISH,FETCH,FETCH,0,1,1,0,,FETCH,"(4, 2)","(3, 1)",,,"[((2, 0), 'empty'), ((4, 0), 'cooking')]"
5006,640,177,PLACE,"(2, 0)",PLACE,PLACE,PLACE,1,1,1,0,,PLACE,"(5, 1)","(2, 2)",onion,dish,"[((2, 0), 'empty'), ((4, 0), 'ready')]"
5006,647,178,FETCH,"(0, 1)",HOLD,FETCH,FETCH,0,1,1,0,,FETCH,"(2, 1)","(4, 2)",,,"[((2, 0), 'items1'), ((4, 0), 'empty')]"
5006,649,179,PLACE,"(2, 0)",HOLD,PLACE,PLACE,0,1,1,0,,PLACE,"(1, 1)","(5, 1)",onion,,"[((2, 0), 'items1'), ((4, 0), 'empty')]"
5006,653,180,FETCH,"(0, 1)",FETCH,FETCH,FETCH,1,1,1,0,,FETCH,"(2, 1)","(4, 2)",,onion,"[((2, 0), 'items2'), ((4, 0), 'empty')]"
5006,655,181,PLACE,"(2, 0)",PLACE,PLACE,PLACE,1,1,1,0,,PLACE,"(1, 1)","(2, 2)",onion,onion,"[((2, 0), 'items2'), ((4, 0), 'empty')]"
5006,657,182,PLACE,"(4, 0)",PLACE,PLACE,PLACE,1,1,1,0,,PLACE,"(1, 2)","(2, 1)",onion,,"[((2, 0), 'items3'), ((4, 0), 'empty')]"
5006,662,183,FETCH,"(6, 1)",GET_DISH,FETCH,FETCH,0,1,1,0,,FETCH,"(4, 1)","(3, 1)",,,"[((2, 0), 'cooking'), ((4, 0), 'items1')]"
5006,664,184,PLACE,"(4, 0)",HOLD,PLACE,PLACE,0,1,1,0,,PLACE,"(5, 1)","(3, 1)",onion,,"[((2, 0), 'cooking'), ((4, 0), 'items1')]"
5006,668,185,FETCH,"(6, 1)",HOLD,FETCH,FETCH,0,1,1,0,,FETCH,"(4, 1)","(3, 1)",,,"[((2, 0), 'cooking'), ((4, 0), 'items2')]"
5006,670,186,PLACE,"(4, 0)",HOLD,PLACE,PLACE,0,1,1,0,,PLACE,"(5, 1)","(3, 1)",onion,,"[((2, 0), 'cooking'), ((4, 0), 'items2')]"
5006,674,187,COOK_START,"(4, 0)",HOLD,COOK_START,COOK_START,0,1,1,0,,COOK_START,"(4, 1)","(3, 1)",,,"[((2, 0), 'cooking'), ((4, 0), 'items3')]"
5006,675,188,GET_DISH,"(2, 3)",HOLD,GET_DISH,GET_DISH,0,1,1,0,,GET_DISH,"(4, 1)","(3, 2)",,,"[((2, 0), 'cooking'), ((4, 0), 'cooking')]"
5006,683,189,PICKUP,"(2, 0)",PICKUP,PICKUP,PICKUP,1,1,1,0,,PICKUP,"(2, 2)","(3, 1)",dish,,"[((2, 0), 'ready'), ((4, 0), 'cooking')]"
5006,685,190,DELIVER,"(4, 3)",DELIVER,DELIVER,DELIVER,1,1,1,0,,DELIVER,"(2, 1)","(3, 1)",soup,,"[((2, 0), 'empty'), ((4, 0), 'cooking')]"
5006,691,191,FETCH,"(6, 1)",GET_DISH,FETCH,FETCH,0,1,1,0,,FETCH,"(4, 2)","(3, 1)",,,"[((2, 0), 'empty'), ((4, 0), 'cooking')]"
5006,694,192,PLACE,"(2, 0)",PLACE,PLACE,PLACE,1,1,1,0,,PLACE,"(5, 1)","(2, 2)",onion,dish,"[((2, 0), 'empty'), ((4, 0), 'ready')]"
5007,0,1,FETCH,"(0, 1)",FETCH,FETCH,FETCH,1,1,1,0,FETCH,FETCH,"(3, 1)","(2, 2)",,,"[((2, 0), 'empty'), ((4, 0), 'empty')]"
5007,3,2,PLACE,"(2, 0)",PLACE,PLACE,PLACE,1,1,1,0,PLACE,PLACE,"(1, 1)","(5, 2)",onion,,"[((2, 0), 'empty'), ((4, 0), 'empty')]"
5007,7,3,FETCH,"(0, 1)",FETCH,FETCH,FETCH,1,1,1,0,FETCH,FETCH,"(2, 1)","(5, 2)",,,"[((2, 0), 'items1'), ((4, 0), 'empty')]"
5007,9,4,PLACE,"(2, 0)",PLACE,PLACE,PLACE,1,1,1,0,PLACE,PLACE,"(1, 1)","(5, 2)",onion,,"[((2, 0), 'items1'), ((4, 0), 'empty')]"
5007,13,5,FETCH,"(0, 1)",FETCH,FETCH,FETCH,1,1,1,0,FETCH,FETCH,"(2, 1)","(5, 2)",,,"[((2, 0), 'items2'), ((4, 0), 'empty')]"
5007,15,6,PLACE,"(2, 0)",PLACE,PLACE,PLACE,1,1,1,0,PLACE,PLACE,"(1, 1)","(5, 2)",onion,,"[((2, 0), 'items2'), ((4, 0), 'empty')]"
5007,19,7,COOK_START,"(2, 0)",COOK_START,COOK_START,COOK_START,1,1,1,0,COOK_START,COOK_START,"(2, 1)","(5, 2)",,,"[((2, 0), 'items3'), ((4, 0), 'empty')]"
5007,20,8,FETCH,"(0, 1)",HOLD,FETCH,HOLD,0,1,0,1,HOLD,FETCH,"(2, 1)","(5, 2)",,,"[((2, 0), 'cooking'), ((4, 0), 'empty')]"
5007,22,9,PLACE,"(4, 0)",HOLD,PLACE,PLACE,0,1,1,0,,PLACE,"(1, 1)","(5, 1)",onion,,"[((2, 0), 'cooking'), ((4, 0), 'empty')]"
5007,28,10,FETCH,"(6, 1)",FETCH,FETCH,FETCH,1,1,1,0,,FETCH,"(4, 1)","(3, 2)",,dish,"[((2, 0), 'cooking'), ((4, 0), 'items1')]"
5007,30,11,PLACE,"(4, 0)",PLACE,PLACE,PLACE,1,1,1,0,,PLACE,"(5, 1)","(3, 2)",onion,dish,"[((2, 0), 'cooking'), ((4, 0), 'items1')]"
5007,34,12,FETCH,"(6, 1)",FETCH,FETCH,FETCH,1,1,1,0,,FETCH,"(4, 1)","(3, 2)",,dish,"[((2, 0), 'cooking'), ((4, 0), 'items2')]"
5007,36,13,PLACE,"(4, 0)",PLACE,PLACE,PLACE,1,1,1,0,,PLACE,"(5, 1)","(3, 2)",onion,dish,"[((2, 0), 'cooking'), ((4, 0), 'items2')]"
5007,40,14,COOK_START,"(4, 0)",COOK_START,COOK_START,COOK_START,1,1,1,0,,COOK_START,"(4, 1)","(2, 2)",,dish,"[((2, 0), 'ready'), ((4, 0), 'items3')]"
5007,41,15,GET_DISH,"(2, 3)",GET_DISH,GET_DISH,GET_DISH,1,1,1,0,,GET_DISH,"(4, 1)","(2, 1)",,dish,"[((2, 0), 'ready'), ((4, 0), 'cooking')]"
5007,50,16,PRE,"(4, 0)",PRE,PRE,PRE,1,1,1,0,,PRE,"(2, 2)","(4, 2)",dish,,"[((2, 0), 'empty'), ((4, 0), 'cooking')]"
5007,60,17,PICKUP,"(4, 0)",PICKUP,PICKUP,PICKUP,1,1,1,0,,PICKUP,"(3, 2)","(3, 1)",dish,,"[((2, 0), 'empty'), ((4, 0), 'ready')]"
5007,63,18,DELIVER,"(4, 3)",DELIVER,DELIVER,DELIVER,1,1,1,0,,DELIVER,"(4, 1)","(3, 1)",soup,,"[((2, 0), 'empty'), ((4, 0), 'empty')]"
5007,65,19,FETCH,"(6, 1)",FETCH,FETCH,FETCH,1,1,1,0,FETCH,FETCH,"(4, 2)","(1, 1)",,,"[((2, 0), 'empty'), ((4, 0), 'empty')]"
5007,68,20,PLACE,"(4, 0)",PLACE,PLACE,PLACE,1,1,1,0,PLACE,PLACE,"(5, 1)","(3, 2)",onion,,"[((2, 0), 'empty'), ((4, 0), 'empty')]"
5007,79,21,FETCH,"(6, 1)",FETCH,FETCH,FETCH,1,1,1,0,FETCH,FETCH,"(4, 1)","(5, 2)",,,"[((2, 0), 'empty'), ((4, 0), 'items1')]"
5007,81,22,PLACE,"(4, 0)",PLACE,PLACE,PLACE,1,1,1,0,PLACE,PLACE,"(5, 1)","(5, 2)",onion,,"[((2, 0), 'empty'), ((4, 0), 'items1')]"
5007,85,23,FETCH,"(6, 1)",FETCH,FETCH,FETCH,1,1,1,0,FETCH,FETCH,"(4, 1)","(5, 2)",,,"[((2, 0), 'empty'), ((4, 0), 'items2')]"
5007,87,24,PLACE,"(4, 0)",PLACE,PLACE,PLACE,1,1,1,0,PLACE,PLACE,"(5, 1)","(5, 2)",onion,,"[((2, 0), 'empty'), ((4, 0), 'items2')]"
5007,91,25,COOK_START,"(4, 0)",COOK_START,COOK_START,COOK_START,1,1,1,0,COOK_START,COOK_START,"(4, 1)","(5, 2)",,,"[((2, 0), 'empty'), ((4, 0), 'items3')]"
5007,92,26,FETCH,"(6, 1)",FETCH,FETCH,FETCH,1,1,1,0,FETCH,FETCH,"(4, 1)","(5, 2)",,,"[((2, 0), 'empty'), ((4, 0), 'cooking')]"
5007,94,27,PLACE,"(2, 0)",PLACE,PLACE,PLACE,1,1,1,0,PLACE,PLACE,"(5, 1)","(4, 1)",onion,,"[((2, 0), 'empty'), ((4, 0), 'cooking')]"
5007,107,28,FETCH,"(0, 1)",HOLD,FETCH,FETCH,0,1,1,1,HOLD,FETCH,"(2, 1)","(3, 2)",,dish,"[((2, 0), 'items1'), ((4, 0), 'cooking')]"
5007,109,29,PLACE,"(2, 0)",PLACE,PLACE,PLACE,1,1,1,0,PLACE,PLACE,"(1, 1)","(3, 2)",onion,dish,"[((2, 0), 'items1'), ((4, 0), 'cooking')]"
5007,113,30,FETCH,"(0, 1)",FETCH,FETCH,FETCH,1,1,1,0,FETCH,FETCH,"(2, 1)","(4, 1)",,dish,"[((2, 0), 'items2'), ((4, 0), 'ready')]"
5007,115,31,PLACE,"(2, 0)",PLACE,PLACE,PLACE,1,1,1,0,PLACE,PLACE,"(1, 1)","(4, 2)",onion,soup,"[((2, 0), 'items2'), ((4, 0), 'empty')]"
5007,119,32,COOK_START,"(2, 0)",HOLD,COOK_START,COOK_START,0,1,1,1,HOLD,COOK_START,"(2, 1)","(5, 1)",,onion,"[((2, 0), 'items3'), ((4, 0), 'empty')]"
5007,120,33,FETCH,"(0, 1)",HOLD,FETCH,FETCH,0,1,1,0,,FETCH,"(2, 1)","(5, 2)",,onion,"[((2, 0), 'cooking'), ((4, 0), 'empty')]"
5007,122,34,PLACE,"(4, 0)",PLACE,PLACE,PLACE,1,1,1,0,,PLACE,"(1, 1)","(4, 1)",onion,onion,"[((2, 0), 'cooking'), ((4, 0), 'empty')]"
5007,128,35,FETCH,"(6, 1)",FETCH,FETCH,FETCH,1,1,1,0,,FETCH,"(4, 1)","(3, 1)",,,"[((2, 0), 'cooking'), ((4, 0), 'items2')]"
5007,130,36,PLACE,"(4, 0)",PLACE,PLACE,PLACE,1,1,1,0,,PLACE,"(5, 1)","(3, 1)",onion,,"[((2, 0), 'cooking'), ((4, 0), 'items2')]"
5007,134,37,COOK_START,"(4, 0)",COOK_START,COOK_START,COOK_START,1,1,1,0,,COOK_START,"(4, 1)","(3, 1)",,,"[((2, 0), 'cooking'), ((4, 0), 'items3')]"
5007,135,38,GET_DISH,"(2, 3)",GET_DISH,GET_DISH,GET_DISH,1,1,1,0,,GET_DISH,"(4, 1)","(3, 2)",,,"[((2, 0), 'cooking'), ((4, 0), 'cooking')]"
5007,143,39,PICKUP,"(2, 0)",PICKUP,PICKUP,PICKUP,1,1,1,0,,PICKUP,"(2, 2)","(3, 1)",dish,,"[((2, 0), 'ready'), ((4, 0), 'cooking')]"
5007,145,40,DELIVER,"(4, 3)",DELIVER,DELIVER,DELIVER,1,1,1,0,,DELIVER,"(2, 1)","(3, 1)",soup,,"[((2, 0), 'empty'), ((4, 0), 'cooking')]"
5007,151,41,FETCH,"(6, 1)",FETCH,FETCH,FETCH,1,1,1,0,,FETCH,"(4, 2)","(3, 1)",,,"[((2, 0), 'empty'), ((4, 0), 'cooking')]"
5007,154,42,PLACE,"(2, 0)",PLACE,PLACE,PLACE,1,1,1,0,,PLACE,"(5, 1)","(2, 2)",onion,dish,"[((2, 0), 'empty'), ((4, 0), 'ready')]"
5007,161,43,FETCH,"(0, 1)",FETCH,FETCH,FETCH,1,1,1,0,,FETCH,"(2, 1)","(4, 2)",,,"[((2, 0), 'items1'), ((4, 0), 'empty')]"
5007,163,44,PLACE,"(2, 0)",PLACE,PLACE,PLACE,1,1,1,0,,PLACE,"(1, 1)","(5, 1)",onion,,"[((2, 0), 'items1'), ((4, 0), 'empty')]"
5007,167,45,FETCH,"(0, 1)",FETCH,FETCH,FETCH,1,1,1,0,,FETCH,"(2, 1)","(4, 2)",,onion,"[((2, 0), 'items2'), ((4, 0), 'empty')]"
5007,169,46,PLACE,"(2, 0)",PLACE,PLACE,PLACE,1,1,1,0,,PLACE,"(1, 1)","(2, 2)",onion,onion,"[((2, 0), 'items2'), ((4, 0), 'empty')]"
5007,171,47,PLACE,"(4, 0)",PLACE,PLACE,PLACE,1,1,1,0,,PLACE,"(1, 2)","(2, 1)",onion,,"[((2, 0), 'items3'), ((4, 0), 'empty')]"
5007,176,48,FETCH,"(6, 1)",FETCH,FETCH,FETCH,1,1,1,0,,FETCH,"(4, 1)","(3, 1)",,,"[((2, 0), 'cooking'), ((4, 0), 'items1')]"
5007,178,49,PLACE,"(4, 0)",PLACE,PLACE,PLACE,1,1,1,0,,PLACE,"(5, 1)","(3, 1)",onion,,"[((2, 0), 'cooking'), ((4, 0), 'items1')]"
5007,182,50,FETCH,"(6, 1)",FETCH,FETCH,FETCH,1,1,1,0,,FETCH,"(4, 1)","(3, 1)",,,"[((2, 0), 'cooking'), ((4, 0), 'items2')]"
5007,184,51,PLACE,"(4, 0)",PLACE,PLACE,PLACE,1,1,1,0,,PLACE,"(5, 1)","(3, 1)",onion,,"[((2, 0), 'cooking'), ((4, 0), 'items2')]"
5007,188,52,COOK_START,"(4, 0)",COOK_START,COOK_START,COOK_START,1,1,1,0,,COOK_START,"(4, 1)","(3, 1)",,,"[((2, 0), 'cooking'), ((4, 0), 'items3')]"
5007,189,53,GET_DISH,"(2, 3)",GET_DISH,GET_DISH,GET_DISH,1,1,1,0,,GET_DISH,"(4, 1)","(3, 2)",,,"[((2, 0), 'cooking'), ((4, 0), 'cooking')]"
5007,197,54,PICKUP,"(2, 0)",PICKUP,PICKUP,PICKUP,1,1,1,0,,PICKUP,"(2, 2)","(3, 1)",dish,,"[((2, 0), 'ready'), ((4, 0), 'cooking')]"
5007,199,55,DELIVER,"(4, 3)",DELIVER,DELIVER,DELIVER,1,1,1,0,,DELIVER,"(2, 1)","(3, 1)",soup,,"[((2, 0), 'empty'), ((4, 0), 'cooking')]"
5007,205,56,FETCH,"(6, 1)",FETCH,FETCH,FETCH,1,1,1,0,,FETCH,"(4, 2)","(3, 1)",,,"[((2, 0), 'empty'), ((4, 0), 'cooking')]"
5007,208,57,PLACE,"(2, 0)",PLACE,PLACE,PLACE,1,1,1,0,,PLACE,"(5, 1)","(2, 2)",onion,dish,"[((2, 0), 'empty'), ((4, 0), 'ready')]"
5007,215,58,FETCH,"(0, 1)",FETCH,FETCH,FETCH,1,1,1,0,,FETCH,"(2, 1)","(4, 2)",,,"[((2, 0), 'items1'), ((4, 0), 'empty')]"
5007,217,59,PLACE,"(2, 0)",PLACE,PLACE,PLACE,1,1,1,0,,PLACE,"(1, 1)","(5, 1)",onion,,"[((2, 0), 'items1'), ((4, 0), 'empty')]"
5007,221,60,FETCH,"(0, 1)",FETCH,FETCH,FETCH,1,1,1,0,,FETCH,"(2, 1)","(4, 2)",,onion,"[((2, 0), 'items2'), ((4, 0), 'empty')]"
5007,223,61,PLACE,"(2, 0)",PLACE,PLACE,PLACE,1,1,1,0,,PLACE,"(1, 1)","(2, 2)",onion,onion,"[((2, 0), 'items2'), ((4, 0), 'empty')]"
5007,225,62,PLACE,"(4, 0)",PLACE,PLACE,PLACE,1,1,1,0,,PLACE,"(1, 2)","(2, 1)",onion,,"[((2, 0), 'items3'), ((4, 0), 'empty')]"
5007,230,63,FETCH,"(6, 1)",FETCH,FETCH,FETCH,1,1,1,0,,FETCH,"(4, 1)","(3, 1)",,,"[((2, 0), 'cooking'), ((4, 0), 'items1')]"
5007,232,64,PLACE,"(4, 0)",PLACE,PLACE,PLACE,1,1,1,0,,PLACE,"(5, 1)","(3, 1)",onion,,"[((2, 0), 'cooking'), ((4, 0), 'items1')]"
5007,236,65,FETCH,"(6, 1)",FETCH,FETCH,FETCH,1,1,1,0,,FETCH,"(4, 1)","(3, 1)",,,"[((2, 0), 'cooking'), ((4, 0), 'items2')]"
5007,238,66,PLACE,"(4, 0)",PLACE,PLACE,PLACE,1,1,1,0,,PLACE,"(5, 1)","(3, 1)",onion,,"[((2, 0), 'cooking'), ((4, 0), 'items2')]"
5007,242,67,COOK_START,"(4, 0)",COOK_START,COOK_START,COOK_START,1,1,1,0,,COOK_START,"(4, 1)","(3, 1)",,,"[((2, 0), 'cooking'), ((4, 0), 'items3')]"
5007,243,68,GET_DISH,"(2, 3)",GET_DISH,GET_DISH,GET_DISH,1,1,1,0,,GET_DISH,"(4, 1)","(3, 2)",,,"[((2, 0), 'cooking'), ((4, 0), 'cooking')]"
5007,251,69,PICKUP,"(2, 0)",PICKUP,PICKUP,PICKUP,1,1,1,0,,PICKUP,"(2, 2)","(3, 1)",dish,,"[((2, 0), 'ready'), ((4, 0), 'cooking')]"
5007,253,70,DELIVER,"(4, 3)",DELIVER,DELIVER,DELIVER,1,1,1,0,,DELIVER,"(2, 1)","(3, 1)",soup,,"[((2, 0), 'empty'), ((4, 0), 'cooking')]"
5007,259,71,FETCH,"(6, 1)",FETCH,FETCH,FETCH,1,1,1,0,,FETCH,"(4, 2)","(3, 1)",,,"[((2, 0), 'empty'), ((4, 0), 'cooking')]"
5007,262,72,PLACE,"(2, 0)",PLACE,PLACE,PLACE,1,1,1,0,,PLACE,"(5, 1)","(2, 2)",onion,dish,"[((2, 0), 'empty'), ((4, 0), 'ready')]"
5007,269,73,FETCH,"(0, 1)",HOLD,FETCH,FETCH,0,1,1,0,,FETCH,"(2, 1)","(4, 2)",,,"[((2, 0), 'items1'), ((4, 0), 'empty')]"
5007,271,74,PLACE,"(2, 0)",PLACE,PLACE,PLACE,1,1,1,0,,PLACE,"(1, 1)","(5, 1)",onion,,"[((2, 0), 'items1'), ((4, 0), 'empty')]"
5007,275,75,FETCH,"(0, 1)",FETCH,FETCH,FETCH,1,1,1,0,,FETCH,"(2, 1)","(4, 2)",,onion,"[((2, 0), 'items2'), ((4, 0), 'empty')]"
5007,277,76,PLACE,"(2, 0)",PLACE,PLACE,PLACE,1,1,1,0,,PLACE,"(1, 1)","(2, 2)",onion,onion,"[((2, 0), 'items2'), ((4, 0), 'empty')]"
5007,279,77,PLACE,"(4, 0)",PLACE,PLACE,PLACE,1,1,1,0,,PLACE,"(1, 2)","(2, 1)",onion,,"[((2, 0), 'items3'), ((4, 0), 'empty')]"
5007,284,78,FETCH,"(6, 1)",GET_DISH,FETCH,FETCH,0,1,1,0,,FETCH,"(4, 1)","(3, 1)",,,"[((2, 0), 'cooking'), ((4, 0), 'items1')]"
5007,286,79,PLACE,"(4, 0)",PLACE,PLACE,PLACE,1,1,1,0,,PLACE,"(5, 1)","(3, 1)",onion,,"[((2, 0), 'cooking'), ((4, 0), 'items1')]"
5007,290,80,FETCH,"(6, 1)",GET_DISH,FETCH,FETCH,0,1,1,0,,FETCH,"(4, 1)","(3, 1)",,,"[((2, 0), 'cooking'), ((4, 0), 'items2')]"
5007,292,81,PLACE,"(4, 0)",PLACE,PLACE,PLACE,1,1,1,0,,PLACE,"(5, 1)","(3, 1)",onion,,"[((2, 0), 'cooking'), ((4, 0), 'items2')]"
5007,296,82,COOK_START,"(4, 0)",COOK_START,COOK_START,COOK_START,1,1,1,0,,COOK_START,"(4, 1)","(3, 1)",,,"[((2, 0), 'cooking'), ((4, 0), 'items3')]"
5007,297,83,GET_DISH,"(2, 3)",GET_DISH,GET_DISH,GET_DISH,1,1,1,0,,GET_DISH,"(4, 1)","(3, 2)",,,"[((2, 0), 'cooking'), ((4, 0), 'cooking')]"
5007,305,84,PICKUP,"(2, 0)",PICKUP,PICKUP,PICKUP,1,1,1,0,,PICKUP,"(2, 2)","(3, 1)",dish,,"[((2, 0), 'ready'), ((4, 0), 'cooking')]"
5007,307,85,DELIVER,"(4, 3)",DELIVER,DELIVER,DELIVER,1,1,1,0,,DELIVER,"(2, 1)","(3, 1)",soup,,"[((2, 0), 'empty'), ((4, 0), 'cooking')]"
5007,313,86,FETCH,"(6, 1)",FETCH,FETCH,FETCH,1,1,1,0,,FETCH,"(4, 2)","(3, 1)",,,"[((2, 0), 'empty'), ((4, 0), 'cooking')]"
5007,316,87,PLACE,"(2, 0)",PLACE,PLACE,PLACE,1,1,1,0,,PLACE,"(5, 1)","(2, 2)",onion,dish,"[((2, 0), 'empty'), ((4, 0), 'ready')]"
5007,323,88,FETCH,"(0, 1)",HOLD,FETCH,FETCH,0,1,1,0,,FETCH,"(2, 1)","(4, 2)",,,"[((2, 0), 'items1'), ((4, 0), 'empty')]"
5007,325,89,PLACE,"(2, 0)",PLACE,PLACE,PLACE,1,1,1,0,,PLACE,"(1, 1)","(5, 1)",onion,,"[((2, 0), 'items1'), ((4, 0), 'empty')]"
5007,329,90,FETCH,"(0, 1)",FETCH,FETCH,FETCH,1,1,1,0,,FETCH,"(2, 1)","(4, 2)",,onion,"[((2, 0), 'items2'), ((4, 0), 'empty')]"
5007,331,91,PLACE,"(2, 0)",PLACE,PLACE,PLACE,1,1,1,0,,PLACE,"(1, 1)","(2, 2)",onion,onion,"[((2, 0), 'items2'), ((4, 0), 'empty')]"
5007,333,92,PLACE,"(4, 0)",PLACE,PLACE,PLACE,1,1,1,0,,PLACE,"(1, 2)","(2, 1)",onion,,"[((2, 0), 'items3'), ((4, 0), 'empty')]"
5007,338,93,FETCH,"(6, 1)",GET_DISH,FETCH,FETCH,0,1,1,0,,FETCH,"(4, 1)","(3, 1)",,,"[((2, 0), 'cooking'), ((4, 0), 'items1')]"
5007,340,94,PLACE,"(4, 0)",PLACE,PLACE,PLACE,1,1,1,0,,PLACE,"(5, 1)","(3, 1)",onion,,"[((2, 0), 'cooking'), ((4, 0), 'items1')]"
5007,344,95,FETCH,"(6, 1)",GET_DISH,FETCH,FETCH,0,1,1,0,,FETCH,"(4, 1)","(3, 1)",,,"[((2, 0), 'cooking'), ((4, 0), 'items2')]"
5007,346,96,PLACE,"(4, 0)",PLACE,PLACE,PLACE,1,1,1,0,,PLACE,"(5, 1)","(3, 1)",onion,,"[((2, 0), 'cooking'), ((4, 0), 'items2')]"
5007,350,97,COOK_START,"(4, 0)",GET_DISH,COOK_START,COOK_START,0,1,1,0,,COOK_START,"(4, 1)","(3, 1)",,,"[((2, 0), 'cooking'), ((4, 0), 'items3')]"
5007,351,98,GET_DISH,"(2, 3)",HOLD,GET_DISH,GET_DISH,0,1,1,0,,GET_DISH,"(4, 1)","(3, 2)",,,"[((2, 0), 'cooking'), ((4, 0), 'cooking')]"
5007,359,99,PICKUP,"(2, 0)",PICKUP,PICKUP,PICKUP,1,1,1,0,,PICKUP,"(2, 2)","(3, 1)",dish,,"[((2, 0), 'ready'), ((4, 0), 'cooking')]"
5007,361,100,DELIVER,"(4, 3)",DELIVER,DELIVER,DELIVER,1,1,1,0,,DELIVER,"(2, 1)","(3, 1)",soup,,"[((2, 0), 'empty'), ((4, 0), 'cooking')]"
5007,367,101,FETCH,"(6, 1)",GET_DISH,FETCH,FETCH,0,1,1,0,,FETCH,"(4, 2)","(3, 1)",,,"[((2, 0), 'empty'), ((4, 0), 'cooking')]"
5007,370,102,PLACE,"(2, 0)",PLACE,PLACE,PLACE,1,1,1,0,,PLACE,"(5, 1)","(2, 2)",onion,dish,"[((2, 0), 'empty'), ((4, 0), 'ready')]"
5007,377,103,FETCH,"(0, 1)",HOLD,FETCH,FETCH,0,1,1,0,,FETCH,"(2, 1)","(4, 2)",,,"[((2, 0), 'items1'), ((4, 0), 'empty')]"
5007,379,104,PLACE,"(2, 0)",HOLD,PLACE,PLACE,0,1,1,0,,PLACE,"(1, 1)","(5, 1)",onion,,"[((2, 0), 'items1'), ((4, 0), 'empty')]"
5007,383,105,FETCH,"(0, 1)",FETCH,FETCH,FETCH,1,1,1,0,,FETCH,"(2, 1)","(4, 2)",,onion,"[((2, 0), 'items2'), ((4, 0), 'empty')]"
5007,385,106,PLACE,"(2, 0)",PLACE,PLACE,PLACE,1,1,1,0,,PLACE,"(1, 1)","(2, 2)",onion,onion,"[((2, 0), 'items2'), ((4, 0), 'empty')]"
5007,387,107,PLACE,"(4, 0)",PLACE,PLACE,PLACE,1,1,1,0,,PLACE,"(1, 2)","(2, 1)",onion,,"[((2, 0), 'items3'), ((4, 0), 'empty')]"
5007,392,108,FETCH,"(6, 1)",GET_DISH,FETCH,FETCH,0,1,1,0,,FETCH,"(4, 1)","(3, 1)",,,"[((2, 0), 'cooking'), ((4, 0), 'items1')]"
5007,394,109,PLACE,"(4, 0)",PLACE,PLACE,PLACE,1,1,1,0,,PLACE,"(5, 1)","(3, 1)",onion,,"[((2, 0), 'cooking'), ((4, 0), 'items1')]"
5007,398,110,FETCH,"(6, 1)",GET_DISH,FETCH,FETCH,0,1,1,0,,FETCH,"(4, 1)","(3, 1)",,,"[((2, 0), 'cooking'), ((4, 0), 'items2')]"
5007,400,111,PLACE,"(4, 0)",HOLD,PLACE,PLACE,0,1,1,0,,PLACE,"(5, 1)","(3, 1)",onion,,"[((2, 0), 'cooking'), ((4, 0), 'items2')]"
5007,404,112,COOK_START,"(4, 0)",GET_DISH,COOK_START,COOK_START,0,1,1,0,,COOK_START,"(4, 1)","(3, 1)",,,"[((2, 0), 'cooking'), ((4, 0), 'items3')]"
5007,405,113,GET_DISH,"(2, 3)",HOLD,GET_DISH,GET_DISH,0,1,1,0,,GET_DISH,"(4, 1)","(3, 2)",,,"[((2, 0), 'cooking'), ((4, 0), 'cooking')]"
5007,413,114,PICKUP,"(2, 0)",PICKUP,PICKUP,PICKUP,1,1,1,0,,PICKUP,"(2, 2)","(3, 1)",dish,,"[((2, 0), 'ready'), ((4, 0), 'cooking')]"
5007,415,115,DELIVER,"(4, 3)",DELIVER,DELIVER,DELIVER,1,1,1,0,,DELIVER,"(2, 1)","(3, 1)",soup,,"[((2, 0), 'empty'), ((4, 0), 'cooking')]"
5007,421,116,FETCH,"(6, 1)",GET_DISH,FETCH,FETCH,0,1,1,0,,FETCH,"(4, 2)","(3, 1)",,,"[((2, 0), 'empty'), ((4, 0), 'cooking')]"
5007,424,117,PLACE,"(2, 0)",PLACE,PLACE,PLACE,1,1,1,0,,PLACE,"(5, 1)","(2, 2)",onion,dish,"[((2, 0), 'empty'), ((4, 0), 'ready')]"
5007,431,118,FETCH,"(0, 1)",HOLD,FETCH,FETCH,0,1,1,0,,FETCH,"(2, 1)","(4, 2)",,,"[((2, 0), 'items1'), ((4, 0), 'empty')]"
5007,433,119,PLACE,"(2, 0)",HOLD,PLACE,PLACE,0,1,1,0,,PLACE,"(1, 1)","(5, 1)",onion,,"[((2, 0), 'items1'), ((4, 0), 'empty')]"
5007,437,120,FETCH,"(0, 1)",FETCH,FETCH,FETCH,1,1,1,0,,FETCH,"(2, 1)","(4, 2)",,onion,"[((2, 0), 'items2'), ((4, 0), 'empty')]"
5007,439,121,PLACE,"(2, 0)",PLACE,PLACE,PLACE,1,1,1,0,,PLACE,"(1, 1)","(2, 2)",onion,onion,"[((2, 0), 'items2'), ((4, 0), 'empty')]"
5007,441,122,PLACE,"(4, 0)",PLACE,PLACE,PLACE,1,1,1,0,,PLACE,"(1, 2)","(2, 1)",onion,,"[((2, 0), 'items3'), ((4, 0), 'empty')]"
5007,446,123,FETCH,"(6, 1)",GET_DISH,FETCH,FETCH,0,1,1,0,,FETCH,"(4, 1)","(3, 1)",,,"[((2, 0), 'cooking'), ((4, 0), 'items1')]"
5007,448,124,PLACE,"(4, 0)",PLACE,PLACE,PLACE,1,1,1,0,,PLACE,"(5, 1)","(3, 1)",onion,,"[((2, 0), 'cooking'), ((4, 0), 'items1')]"
5007,452,125,FETCH,"(6, 1)",GET_DISH,FETCH,FETCH,0,1,1,0,,FETCH,"(4, 1)","(3, 1)",,,"[((2, 0), 'cooking'), ((4, 0), 'items2')]"
5007,454,126,PLACE,"(4, 0)",HOLD,PLACE,PLACE,0,1,1,0,,PLACE,"(5, 1)","(3, 1)",onion,,"[((2, 0), 'cooking'), ((4, 0), 'items2')]"
5007,458,127,COOK_START,"(4, 0)",GET_DISH,COOK_START,COOK_START,0,1,1,0,,COOK_START,"(4, 1)","(3, 1)",,,"[((2, 0), 'cooking'), ((4, 0), 'items3')]"
5007,459,128,GET_DISH,"(2, 3)",HOLD,GET_DISH,GET_DISH,0,1,1,0,,GET_DISH,"(4, 1)","(3, 2)",,,"[((2, 0), 'cooking'), ((4, 0), 'cooking')]"
5007,467,129,PICKUP,"(2, 0)",PICKUP,PICKUP,PICKUP,1,1,1,0,,PICKUP,"(2, 2)","(3, 1)",dish,,"[((2, 0), 'ready'), ((4, 0), 'cooking')]"
5007,469,130,DELIVER,"(4, 3)",DELIVER,DELIVER,DELIVER,1,1,1,0,,DELIVER,"(2, 1)","(3, 1)",soup,,"[((2, 0), 'empty'), ((4, 0), 'cooking')]"
5007,475,131,FETCH,"(6, 1)",GET_DISH,FETCH,FETCH,0,1,1,0,,FETCH,"(4, 2)","(3, 1)",,,"[((2, 0), 'empty'), ((4, 0), 'cooking')]"
5007,478,132,PLACE,"(2, 0)",PLACE,PLACE,PLACE,1,1,1,0,,PLACE,"(5, 1)","(2, 2)",onion,dish,"[((2, 0), 'empty'), ((4, 0), 'ready')]"
5007,485,133,FETCH,"(0, 1)",HOLD,FETCH,FETCH,0,1,1,0,,FETCH,"(2, 1)","(4, 2)",,,"[((2, 0), 'items1'), ((4, 0), 'empty')]"
5007,487,134,PLACE,"(2, 0)",HOLD,PLACE,PLACE,0,1,1,0,,PLACE,"(1, 1)","(5, 1)",onion,,"[((2, 0), 'items1'), ((4, 0), 'empty')]"
5007,491,135,FETCH,"(0, 1)",FETCH,FETCH,FETCH,1,1,1,0,,FETCH,"(2, 1)","(4, 2)",,onion,"[((2, 0), 'items2'), ((4, 0), 'empty')]"
5007,493,136,PLACE,"(2, 0)",PLACE,PLACE,PLACE,1,1,1,0,,PLACE,"(1, 1)","(2, 2)",onion,onion,"[((2, 0), 'items2'), ((4, 0), 'empty')]"
5007,495,137,PLACE,"(4, 0)",PLACE,PLACE,PLACE,1,1,1,0,,PLACE,"(1, 2)","(2, 1)",onion,,"[((2, 0), 'items3'), ((4, 0), 'empty')]"
5007,500,138,FETCH,"(6, 1)",GET_DISH,FETCH,FETCH,0,1,1,0,,FETCH,"(4, 1)","(3, 1)",,,"[((2, 0), 'cooking'), ((4, 0), 'items1')]"
5007,502,139,PLACE,"(4, 0)",PLACE,PLACE,PLACE,1,1,1,0,,PLACE,"(5, 1)","(3, 1)",onion,,"[((2, 0), 'cooking'), ((4, 0), 'items1')]"
5007,506,140,FETCH,"(6, 1)",HOLD,FETCH,FETCH,0,1,1,0,,FETCH,"(4, 1)","(3, 1)",,,"[((2, 0), 'cooking'), ((4, 0), 'items2')]"
5007,508,141,PLACE,"(4, 0)",HOLD,PLACE,PLACE,0,1,1,0,,PLACE,"(5, 1)","(3, 1)",onion,,"[((2, 0), 'cooking'), ((4, 0), 'items2')]"
5007,512,142,COOK_START,"(4, 0)",GET_DISH,COOK_START,COOK_START,0,1,1,0,,COOK_START,"(4, 1)","(3, 1)",,,"[((2, 0), 'cooking'), ((4, 0), 'items3')]"
5007,513,143,GET_DISH,"(2, 3)",HOLD,GET_DISH,GET_DISH,0,1,1,0,,GET_DISH,"(4, 1)","(3, 2)",,,"[((2, 0), 'cooking'), ((4, 0), 'cooking')]"
5007,521,144,PICKUP,"(2, 0)",PICKUP,PICKUP,PICKUP,1,1,1,0,,PICKUP,"(2, 2)","(3, 1)",dish,,"[((2, 0), 'ready'), ((4, 0), 'cooking')]"
5007,523,145,DELIVER,"(4, 3)",DELIVER,DELIVER,DELIVER,1,1,1,0,,DELIVER,"(2, 1)","(3, 1)",soup,,"[((2, 0), 'empty'), ((4, 0), 'cooking')]"
5007,529,146,FETCH,"(6, 1)",GET_DISH,FETCH,FETCH,0,1,1,0,,FETCH,"(4, 2)","(3, 1)",,,"[((2, 0), 'empty'), ((4, 0), 'cooking')]"
5007,532,147,PLACE,"(2, 0)",PLACE,PLACE,PLACE,1,1,1,0,,PLACE,"(5, 1)","(2, 2)",onion,dish,"[((2, 0), 'empty'), ((4, 0), 'ready')]"
5007,539,148,FETCH,"(0, 1)",HOLD,FETCH,FETCH,0,1,1,0,,FETCH,"(2, 1)","(4, 2)",,,"[((2, 0), 'items1'), ((4, 0), 'empty')]"
5007,541,149,PLACE,"(2, 0)",HOLD,PLACE,PLACE,0,1,1,0,,PLACE,"(1, 1)","(5, 1)",onion,,"[((2, 0), 'items1'), ((4, 0), 'empty')]"
5007,545,150,FETCH,"(0, 1)",FETCH,FETCH,FETCH,1,1,1,0,,FETCH,"(2, 1)","(4, 2)",,onion,"[((2, 0), 'items2'), ((4, 0), 'empty')]"
5007,547,151,PLACE,"(2, 0)",PLACE,PLACE,PLACE,1,1,1,0,,PLACE,"(1, 1)","(2, 2)",onion,onion,"[((2, 0), 'items2'), ((4, 0), 'empty')]"
5007,549,152,PLACE,"(4, 0)",PLACE,PLACE,PLACE,1,1,1,0,,PLACE,"(1, 2)","(2, 1)",onion,,"[((2, 0), 'items3'), ((4, 0), 'empty')]"
5007,554,153,FETCH,"(6, 1)",GET_DISH,FETCH,FETCH,0,1,1,0,,FETCH,"(4, 1)","(3, 1)",,,"[((2, 0), 'cooking'), ((4, 0), 'items1')]"
5007,556,154,PLACE,"(4, 0)",HOLD,PLACE,PLACE,0,1,1,0,,PLACE,"(5, 1)","(3, 1)",onion,,"[((2, 0), 'cooking'), ((4, 0), 'items1')]"
5007,560,155,FETCH,"(6, 1)",HOLD,FETCH,FETCH,0,1,1,0,,FETCH,"(4, 1)","(3, 1)",,,"[((2, 0), 'cooking'), ((4, 0), 'items2')]"
5007,562,156,PLACE,"(4, 0)",HOLD,PLACE,PLACE,0,1,1,0,,PLACE,"(5, 1)","(3, 1)",onion,,"[((2, 0), 'cooking'), ((4, 0), 'items2')]"
5007,566,157,COOK_START,"(4, 0)",GET_DISH,COOK_START,COOK_START,0,1,1,0,,COOK_START,"(4, 1)","(3, 1)",,,"[((2, 0), 'cooking'), ((4, 0), 'items3')]"
5007,567,158,GET_DISH,"(2, 3)",HOLD,GET_DISH,GET_DISH,0,1,1,0,,GET_DISH,"(4, 1)","(3, 2)",,,"[((2, 0), 'cooking'), ((4, 0), 'cooking')]"
5007,575,159,PICKUP,"(2, 0)",PICKUP,PICKUP,PICKUP,1,1,1,0,,PICKUP,"(2, 2)","(3, 1)",dish,,"[((2, 0), 'ready'), ((4, 0), 'cooking')]"
5007,577,160,DELIVER,"(4, 3)",DELIVER,DELIVER,DELIVER,1,1,1,0,,DELIVER,"(2, 1)","(3, 1)",soup,,"[((2, 0), 'empty'), ((4, 0), 'cooking')]"
5007,583,161,FETCH,"(6, 1)",GET_DISH,FETCH,FETCH,0,1,1,0,,FETCH,"(4, 2)","(3, 1)",,,"[((2, 0), 'empty'), ((4, 0), 'cooking')]"
5007,586,162,PLACE,"(2, 0)",PLACE,PLACE,PLACE,1,1,1,0,,PLACE,"(5, 1)","(2, 2)",onion,dish,"[((2, 0), 'empty'), ((4, 0), 'ready')]"
5007,593,163,FETCH,"(0, 1)",HOLD,FETCH,FETCH,0,1,1,0,,FETCH,"(2, 1)","(4, 2)",,,"[((2, 0), 'items1'), ((4, 0), 'empty')]"
5007,595,164,PLACE,"(2, 0)",HOLD,PLACE,PLACE,0,1,1,0,,PLACE,"(1, 1)","(5, 1)",onion,,"[((2, 0), 'items1'), ((4, 0), 'empty')]"
5007,599,165,FETCH,"(0, 1)",FETCH,FETCH,FETCH,1,1,1,0,,FETCH,"(2, 1)","(4, 2)",,onion,"[((2, 0), 'items2'), ((4, 0), 'empty')]"
5007,601,166,PLACE,"(2, 0)",PLACE,PLACE,PLACE,1,1,1,0,,PLACE,"(1, 1)","(2, 2)",onion,onion,"[((2, 0), 'items2'), ((4, 0), 'empty')]"
5007,603,167,PLACE,"(4, 0)",PLACE,PLACE,PLACE,1,1,1,0,,PLACE,"(1, 2)","(2, 1)",onion,,"[((2, 0), 'items3'), ((4, 0), 'empty')]"
5007,608,168,FETCH,"(6, 1)",GET_DISH,FETCH,FETCH,0,1,1,0,,FETCH,"(4, 1)","(3, 1)",,,"[((2, 0), 'cooking'), ((4, 0), 'items1')]"
5007,610,169,PLACE,"(4, 0)",HOLD,PLACE,PLACE,0,1,1,0,,PLACE,"(5, 1)","(3, 1)",onion,,"[((2, 0), 'cooking'), ((4, 0), 'items1')]"
5007,614,170,FETCH,"(6, 1)",HOLD,FETCH,FETCH,0,1,1,0,,FETCH,"(4, 1)","(3, 1)",,,"[((2, 0), 'cooking'), ((4, 0), 'items2')]"
5007,616,171,PLACE,"(4, 0)",HOLD,PLACE,PLACE,0,1,1,0,,PLACE,"(5, 1)","(3, 1)",onion,,"[((2, 0), 'cooking'), ((4, 0), 'items2')]"
5007,620,172,COOK_START,"(4, 0)",HOLD,COOK_START,COOK_START,0,1,1,0,,COOK_START,"(4, 1)","(3, 1)",,,"[((2, 0), 'cooking'), ((4, 0), 'items3')]"
5007,621,173,GET_DISH,"(2, 3)",HOLD,GET_DISH,GET_DISH,0,1,1,0,,GET_DISH,"(4, 1)","(3, 2)",,,"[((2, 0), 'cooking'), ((4, 0), 'cooking')]"
5007,629,174,PICKUP,"(2, 0)",PICKUP,PICKUP,PICKUP,1,1,1,0,,PICKUP,"(2, 2)","(3, 1)",dish,,"[((2, 0), 'ready'), ((4, 0), 'cooking')]"
5007,631,175,DELIVER,"(4, 3)",DELIVER,DELIVER,DELIVER,1,1,1,0,,DELIVER,"(2, 1)","(3, 1)",soup,,"[((2, 0), 'empty'), ((4, 0), 'cooking')]"
5007,637,176,FETCH,"(6, 1)",GET_DISH,FETCH,FETCH,0,1,1,0,,FETCH,"(4, 2)","(3, 1)",,,"[((2, 0), 'empty'), ((4, 0), 'cooking')]"
5007,640,177,PLACE,"(2, 0)",PLACE,PLACE,PLACE,1,1,1,0,,PLACE,"(5, 1)","(2, 2)",onion,dish,"[((2, 0), 'empty'), ((4, 0), 'ready')]"
5007,647,178,FETCH,"(0, 1)",HOLD,FETCH,FETCH,0,1,1,0,,FETCH,"(2, 1)","(4, 2)",,,"[((2, 0), 'items1'), ((4, 0), 'empty')]"
5007,649,179,PLACE,"(2, 0)",HOLD,PLACE,PLACE,0,1,1,0,,PLACE,"(1, 1)","(5, 1)",onion,,"[((2, 0), 'items1'), ((4, 0), 'empty')]"
5007,653,180,FETCH,"(0, 1)",FETCH,FETCH,FETCH,1,1,1,0,,FETCH,"(2, 1)","(4, 2)",,onion,"[((2, 0), 'items2'), ((4, 0), 'empty')]"
5007,655,181,PLACE,"(2, 0)",PLACE,PLACE,PLACE,1,1,1,0,,PLACE,"(1, 1)","(2, 2)",onion,onion,"[((2, 0), 'items2'), ((4, 0), 'empty')]"
5007,657,182,PLACE,"(4, 0)",PLACE,PLACE,PLACE,1,1,1,0,,PLACE,"(1, 2)","(2, 1)",onion,,"[((2, 0), 'items3'), ((4, 0), 'empty')]"
5007,662,183,FETCH,"(6, 1)",GET_DISH,FETCH,FETCH,0,1,1,0,,FETCH,"(4, 1)","(3, 1)",,,"[((2, 0), 'cooking'), ((4, 0), 'items1')]"
5007,664,184,PLACE,"(4, 0)",HOLD,PLACE,PLACE,0,1,1,0,,PLACE,"(5, 1)","(3, 1)",onion,,"[((2, 0), 'cooking'), ((4, 0), 'items1')]"
5007,668,185,FETCH,"(6, 1)",HOLD,FETCH,FETCH,0,1,1,0,,FETCH,"(4, 1)","(3, 1)",,,"[((2, 0), 'cooking'), ((4, 0), 'items2')]"
5007,670,186,PLACE,"(4, 0)",HOLD,PLACE,PLACE,0,1,1,0,,PLACE,"(5, 1)","(3, 1)",onion,,"[((2, 0), 'cooking'), ((4, 0), 'items2')]"
5007,674,187,COOK_START,"(4, 0)",HOLD,COOK_START,COOK_START,0,1,1,0,,COOK_START,"(4, 1)","(3, 1)",,,"[((2, 0), 'cooking'), ((4, 0), 'items3')]"
5007,675,188,GET_DISH,"(2, 3)",HOLD,GET_DISH,GET_DISH,0,1,1,0,,GET_DISH,"(4, 1)","(3, 2)",,,"[((2, 0), 'cooking'), ((4, 0), 'cooking')]"
5007,683,189,PICKUP,"(2, 0)",PICKUP,PICKUP,PICKUP,1,1,1,0,,PICKUP,"(2, 2)","(3, 1)",dish,,"[((2, 0), 'ready'), ((4, 0), 'cooking')]"
5007,685,190,DELIVER,"(4, 3)",DELIVER,DELIVER,DELIVER,1,1,1,0,,DELIVER,"(2, 1)","(3, 1)",soup,,"[((2, 0), 'empty'), ((4, 0), 'cooking')]"
5007,691,191,FETCH,"(6, 1)",GET_DISH,FETCH,FETCH,0,1,1,0,,FETCH,"(4, 2)","(3, 1)",,,"[((2, 0), 'empty'), ((4, 0), 'cooking')]"
5007,694,192,PLACE,"(2, 0)",PLACE,PLACE,PLACE,1,1,1,0,,PLACE,"(5, 1)","(2, 2)",onion,dish,"[((2, 0), 'empty'), ((4, 0), 'ready')]"
5008,0,1,FETCH,"(0, 1)",FETCH,FETCH,FETCH,1,1,1,0,,,"(2, 1)","(3, 3)",,,"[((2, 0), 'empty'), ((4, 0), 'empty')]"
5008,2,2,PLACE,"(2, 0)",PLACE,PLACE,PLACE,1,1,1,0,,,"(1, 1)","(4, 2)",onion,,"[((2, 0), 'empty'), ((4, 0), 'empty')]"
5008,6,3,FETCH,"(0, 1)",FETCH,FETCH,FETCH,1,1,1,0,FETCH,FETCH,"(2, 1)","(5, 2)",,,"[((2, 0), 'items1'), ((4, 0), 'empty')]"
5008,8,4,PLACE,"(2, 0)",PLACE,PLACE,PLACE,1,1,1,0,PLACE,PLACE,"(1, 1)","(5, 2)",onion,,"[((2, 0), 'items1'), ((4, 0), 'empty')]"
5008,12,5,FETCH,"(0, 1)",FETCH,FETCH,FETCH,1,1,1,0,FETCH,FETCH,"(2, 1)","(5, 2)",,,"[((2, 0), 'items2'), ((4, 0), 'empty')]"
5008,14,6,PLACE,"(2, 0)",PLACE,PLACE,PLACE,1,1,1,0,PLACE,PLACE,"(1, 1)","(5, 2)",onion,,"[((2, 0), 'items2'), ((4, 0), 'empty')]"
5008,18,7,COOK_START,"(2, 0)",COOK_START,COOK_START,COOK_START,1,1,1,0,COOK_START,COOK_START,"(2, 1)","(5, 2)",,,"[((2, 0), 'items3'), ((4, 0), 'empty')]"
5008,19,8,FETCH,"(0, 1)",HOLD,FETCH,HOLD,0,1,0,1,HOLD,FETCH,"(2, 1)","(5, 2)",,,"[((2, 0), 'cooking'), ((4, 0), 'empty')]"
5008,21,9,PLACE,"(4, 0)",HOLD,PLACE,PLACE,0,1,1,0,,PLACE,"(1, 1)","(5, 1)",onion,,"[((2, 0), 'cooking'), ((4, 0), 'empty')]"
5008,27,10,FETCH,"(6, 1)",FETCH,FETCH,FETCH,1,1,1,0,,FETCH,"(4, 1)","(3, 2)",,dish,"[((2, 0), 'cooking'), ((4, 0), 'items1')]"
5008,29,11,PLACE,"(4, 0)",PLACE,PLACE,PLACE,1,1,1,0,,PLACE,"(5, 1)","(3, 2)",onion,dish,"[((2, 0), 'cooking'), ((4, 0), 'items1')]"
5008,33,12,FETCH,"(6, 1)",FETCH,FETCH,FETCH,1,1,1,0,,FETCH,"(4, 1)","(3, 2)",,dish,"[((2, 0), 'cooking'), ((4, 0), 'items2')]"
5008,35,13,PLACE,"(4, 0)",PLACE,PLACE,PLACE,1,1,1,0,,PLACE,"(5, 1)","(3, 2)",onion,dish,"[((2, 0), 'cooking'), ((4, 0), 'items2')]"
5008,39,14,COOK_START,"(4, 0)",COOK_START,COOK_START,COOK_START,1,1,1,0,,COOK_START,"(4, 1)","(2, 2)",,dish,"[((2, 0), 'ready'), ((4, 0), 'items3')]"
5008,40,15,GET_DISH,"(2, 3)",GET_DISH,GET_DISH,GET_DISH,1,1,1,0,,GET_DISH,"(4, 1)","(2, 1)",,dish,"[((2, 0), 'ready'), ((4, 0), 'cooking')]"
5008,49,16,PRE,"(4, 0)",PRE,PRE,PRE,1,1,1,0,,PRE,"(2, 2)","(4, 2)",dish,,"[((2, 0), 'empty'), ((4, 0), 'cooking')]"
5008,59,17,PICKUP,"(4, 0)",PICKUP,PICKUP,PICKUP,1,1,1,0,,PICKUP,"(3, 2)","(3, 1)",dish,,"[((2, 0), 'empty'), ((4, 0), 'ready')]"
5008,62,18,DELIVER,"(4, 3)",DELIVER,DELIVER,DELIVER,1,1,1,0,,DELIVER,"(4, 1)","(3, 1)",soup,,"[((2, 0), 'empty'), ((4, 0), 'empty')]"
5008,64,19,FETCH,"(6, 1)",FETCH,FETCH,FETCH,1,1,1,0,FETCH,FETCH,"(4, 2)","(1, 1)",,,"[((2, 0), 'empty'), ((4, 0), 'empty')]"
5008,67,20,PLACE,"(4, 0)",PLACE,PLACE,PLACE,1,1,1,0,PLACE,PLACE,"(5, 1)","(3, 2)",onion,,"[((2, 0), 'empty'), ((4, 0), 'empty')]"
5008,78,21,FETCH,"(6, 1)",FETCH,FETCH,FETCH,1,1,1,0,FETCH,FETCH,"(4, 1)","(5, 2)",,,"[((2, 0), 'empty'), ((4, 0), 'items1')]"
5008,80,22,PLACE,"(4, 0)",PLACE,PLACE,PLACE,1,1,1,0,PLACE,PLACE,"(5, 1)","(5, 2)",onion,,"[((2, 0), 'empty'), ((4, 0), 'items1')]"
5008,84,23,FETCH,"(6, 1)",FETCH,FETCH,FETCH,1,1,1,0,FETCH,FETCH,"(4, 1)","(5, 2)",,,"[((2, 0), 'empty'), ((4, 0), 'items2')]"
5008,86,24,PLACE,"(4, 0)",PLACE,PLACE,PLACE,1,1,1,0,PLACE,PLACE,"(5, 1)","(5, 2)",onion,,"[((2, 0), 'empty'), ((4, 0), 'items2')]"
5008,90,25,COOK_START,"(4, 0)",COOK_START,COOK_START,COOK_START,1,1,1,0,COOK_START,COOK_START,"(4, 1)","(5, 2)",,,"[((2, 0), 'empty'), ((4, 0), 'items3')]"
5008,91,26,FETCH,"(6, 1)",FETCH,FETCH,FETCH,1,1,1,0,FETCH,FETCH,"(4, 1)","(5, 2)",,,"[((2, 0), 'empty'), ((4, 0), 'cooking')]"
5008,93,27,PLACE,"(2, 0)",PLACE,PLACE,PLACE,1,1,1,0,PLACE,PLACE,"(5, 1)","(4, 1)",onion,,"[((2, 0), 'empty'), ((4, 0), 'cooking')]"
5008,106,28,FETCH,"(0, 1)",HOLD,FETCH,FETCH,0,1,1,1,HOLD,FETCH,"(2, 1)","(3, 2)",,dish,"[((2, 0), 'items1'), ((4, 0), 'cooking')]"
5008,108,29,PLACE,"(2, 0)",PLACE,PLACE,PLACE,1,1,1,0,PLACE,PLACE,"(1, 1)","(3, 2)",onion,dish,"[((2, 0), 'items1'), ((4, 0), 'cooking')]"
5008,112,30,FETCH,"(0, 1)",FETCH,FETCH,FETCH,1,1,1,0,FETCH,FETCH,"(2, 1)","(4, 1)",,dish,"[((2, 0), 'items2'), ((4, 0), 'ready')]"
5008,114,31,PLACE,"(2, 0)",PLACE,PLACE,PLACE,1,1,1,0,PLACE,PLACE,"(1, 1)","(4, 2)",onion,soup,"[((2, 0), 'items2'), ((4, 0), 'empty')]"
5008,118,32,COOK_START,"(2, 0)",HOLD,COOK_START,COOK_START,0,1,1,1,HOLD,COOK_START,"(2, 1)","(5, 1)",,onion,"[((2, 0), 'items3'), ((4, 0), 'empty')]"
5008,119,33,FETCH,"(0, 1)",HOLD,FETCH,FETCH,0,1,1,0,,FETCH,"(2, 1)","(5, 2)",,onion,"[((2, 0), 'cooking'), ((4, 0), 'empty')]"
5008,121,34,PLACE,"(4, 0)",PLACE,PLACE,PLACE,1,1,1,0,,PLACE,"(1, 1)","(4, 1)",onion,onion,"[((2, 0), 'cooking'), ((4, 0), 'empty')]"
5008,127,35,FETCH,"(6, 1)",FETCH,FETCH,FETCH,1,1,1,0,,FETCH,"(4, 1)","(3, 1)",,,"[((2, 0), 'cooking'), ((4, 0), 'items2')]"
5008,129,36,PLACE,"(4, 0)",PLACE,PLACE,PLACE,1,1,1,0,,PLACE,"(5, 1)","(3, 1)",onion,,"[((2, 0), 'cooking'), ((4, 0), 'items2')]"
5008,133,37,COOK_START,"(4, 0)",COOK_START,COOK_START,COOK_START,1,1,1,0,,COOK_START,"(4, 1)","(3, 1)",,,"[((2, 0), 'cooking'), ((4, 0), 'items3')]"
5008,134,38,GET_DISH,"(2, 3)",GET_DISH,GET_DISH,GET_DISH,1,1,1,0,,GET_DISH,"(4, 1)","(3, 2)",,,"[((2, 0), 'cooking'), ((4, 0), 'cooking')]"
5008,142,39,PICKUP,"(2, 0)",PICKUP,PICKUP,PICKUP,1,1,1,0,,PICKUP,"(2, 2)","(3, 1)",dish,,"[((2, 0), 'ready'), ((4, 0), 'cooking')]"
5008,144,40,DELIVER,"(4, 3)",DELIVER,DELIVER,DELIVER,1,1,1,0,,DELIVER,"(2, 1)","(3, 1)",soup,,"[((2, 0), 'empty'), ((4, 0), 'cooking')]"
5008,150,41,FETCH,"(6, 1)",FETCH,FETCH,FETCH,1,1,1,0,,FETCH,"(4, 2)","(3, 1)",,,"[((2, 0), 'empty'), ((4, 0), 'cooking')]"
5008,153,42,PLACE,"(2, 0)",PLACE,PLACE,PLACE,1,1,1,0,,PLACE,"(5, 1)","(2, 2)",onion,dish,"[((2, 0), 'empty'), ((4, 0), 'ready')]"
5008,160,43,FETCH,"(0, 1)",FETCH,FETCH,FETCH,1,1,1,0,,FETCH,"(2, 1)","(4, 2)",,,"[((2, 0), 'items1'), ((4, 0), 'empty')]"
5008,162,44,PLACE,"(2, 0)",PLACE,PLACE,PLACE,1,1,1,0,,PLACE,"(1, 1)","(5, 1)",onion,,"[((2, 0), 'items1'), ((4, 0), 'empty')]"
5008,166,45,FETCH,"(0, 1)",FETCH,FETCH,FETCH,1,1,1,0,,FETCH,"(2, 1)","(4, 2)",,onion,"[((2, 0), 'items2'), ((4, 0), 'empty')]"
5008,168,46,PLACE,"(2, 0)",PLACE,PLACE,PLACE,1,1,1,0,,PLACE,"(1, 1)","(2, 2)",onion,onion,"[((2, 0), 'items2'), ((4, 0), 'empty')]"
5008,170,47,PLACE,"(4, 0)",PLACE,PLACE,PLACE,1,1,1,0,,PLACE,"(1, 2)","(2, 1)",onion,,"[((2, 0), 'items3'), ((4, 0), 'empty')]"
5008,175,48,FETCH,"(6, 1)",FETCH,FETCH,FETCH,1,1,1,0,,FETCH,"(4, 1)","(3, 1)",,,"[((2, 0), 'cooking'), ((4, 0), 'items1')]"
5008,177,49,PLACE,"(4, 0)",PLACE,PLACE,PLACE,1,1,1,0,,PLACE,"(5, 1)","(3, 1)",onion,,"[((2, 0), 'cooking'), ((4, 0), 'items1')]"
5008,181,50,FETCH,"(6, 1)",FETCH,FETCH,FETCH,1,1,1,0,,FETCH,"(4, 1)","(3, 1)",,,"[((2, 0), 'cooking'), ((4, 0), 'items2')]"
5008,183,51,PLACE,"(4, 0)",PLACE,PLACE,PLACE,1,1,1,0,,PLACE,"(5, 1)","(3, 1)",onion,,"[((2, 0), 'cooking'), ((4, 0), 'items2')]"
5008,187,52,COOK_START,"(4, 0)",COOK_START,COOK_START,COOK_START,1,1,1,0,,COOK_START,"(4, 1)","(3, 1)",,,"[((2, 0), 'cooking'), ((4, 0), 'items3')]"
5008,188,53,GET_DISH,"(2, 3)",GET_DISH,GET_DISH,GET_DISH,1,1,1,0,,GET_DISH,"(4, 1)","(3, 2)",,,"[((2, 0), 'cooking'), ((4, 0), 'cooking')]"
5008,196,54,PICKUP,"(2, 0)",PICKUP,PICKUP,PICKUP,1,1,1,0,,PICKUP,"(2, 2)","(3, 1)",dish,,"[((2, 0), 'ready'), ((4, 0), 'cooking')]"
5008,198,55,DELIVER,"(4, 3)",DELIVER,DELIVER,DELIVER,1,1,1,0,,DELIVER,"(2, 1)","(3, 1)",soup,,"[((2, 0), 'empty'), ((4, 0), 'cooking')]"
5008,204,56,FETCH,"(6, 1)",FETCH,FETCH,FETCH,1,1,1,0,,FETCH,"(4, 2)","(3, 1)",,,"[((2, 0), 'empty'), ((4, 0), 'cooking')]"
5008,207,57,PLACE,"(2, 0)",PLACE,PLACE,PLACE,1,1,1,0,,PLACE,"(5, 1)","(2, 2)",onion,dish,"[((2, 0), 'empty'), ((4, 0), 'ready')]"
5008,214,58,FETCH,"(0, 1)",FETCH,FETCH,FETCH,1,1,1,0,,FETCH,"(2, 1)","(4, 2)",,,"[((2, 0), 'items1'), ((4, 0), 'empty')]"
5008,216,59,PLACE,"(2, 0)",PLACE,PLACE,PLACE,1,1,1,0,,PLACE,"(1, 1)","(5, 1)",onion,,"[((2, 0), 'items1'), ((4, 0), 'empty')]"
5008,220,60,FETCH,"(0, 1)",FETCH,FETCH,FETCH,1,1,1,0,,FETCH,"(2, 1)","(4, 2)",,onion,"[((2, 0), 'items2'), ((4, 0), 'empty')]"
5008,222,61,PLACE,"(2, 0)",PLACE,PLACE,PLACE,1,1,1,0,,PLACE,"(1, 1)","(2, 2)",onion,onion,"[((2, 0), 'items2'), ((4, 0), 'empty')]"
5008,224,62,PLACE,"(4, 0)",PLACE,PLACE,PLACE,1,1,1,0,,PLACE,"(1, 2)","(2, 1)",onion,,"[((2, 0), 'items3'), ((4, 0), 'empty')]"
5008,229,63,FETCH,"(6, 1)",FETCH,FETCH,FETCH,1,1,1,0,,FETCH,"(4, 1)","(3, 1)",,,"[((2, 0), 'cooking'), ((4, 0), 'items1')]"
5008,231,64,PLACE,"(4, 0)",PLACE,PLACE,PLACE,1,1,1,0,,PLACE,"(5, 1)","(3, 1)",onion,,"[((2, 0), 'cooking'), ((4, 0), 'items1')]"
5008,235,65,FETCH,"(6, 1)",FETCH,FETCH,FETCH,1,1,1,0,,FETCH,"(4, 1)","(3, 1)",,,"[((2, 0), 'cooking'), ((4, 0), 'items2')]"
5008,237,66,PLACE,"(4, 0)",PLACE,PLACE,PLACE,1,1,1,0,,PLACE,"(5, 1)","(3, 1)",onion,,"[((2, 0), 'cooking'), ((4, 0), 'items2')]"
5008,241,67,COOK_START,"(4, 0)",COOK_START,COOK_START,COOK_START,1,1,1,0,,COOK_START,"(4, 1)","(3, 1)",,,"[((2, 0), 'cooking'), ((4, 0), 'items3')]"
5008,242,68,GET_DISH,"(2, 3)",GET_DISH,GET_DISH,GET_DISH,1,1,1,0,,GET_DISH,"(4, 1)","(3, 2)",,,"[((2, 0), 'cooking'), ((4, 0), 'cooking')]"
5008,250,69,PICKUP,"(2, 0)",PICKUP,PICKUP,PICKUP,1,1,1,0,,PICKUP,"(2, 2)","(3, 1)",dish,,"[((2, 0), 'ready'), ((4, 0), 'cooking')]"
5008,252,70,DELIVER,"(4, 3)",DELIVER,DELIVER,DELIVER,1,1,1,0,,DELIVER,"(2, 1)","(3, 1)",soup,,"[((2, 0), 'empty'), ((4, 0), 'cooking')]"
5008,258,71,FETCH,"(6, 1)",FETCH,FETCH,FETCH,1,1,1,0,,FETCH,"(4, 2)","(3, 1)",,,"[((2, 0), 'empty'), ((4, 0), 'cooking')]"
5008,261,72,PLACE,"(2, 0)",PLACE,PLACE,PLACE,1,1,1,0,,PLACE,"(5, 1)","(2, 2)",onion,dish,"[((2, 0), 'empty'), ((4, 0), 'ready')]"
5008,268,73,FETCH,"(0, 1)",HOLD,FETCH,FETCH,0,1,1,0,,FETCH,"(2, 1)","(4, 2)",,,"[((2, 0), 'items1'), ((4, 0), 'empty')]"
5008,270,74,PLACE,"(2, 0)",PLACE,PLACE,PLACE,1,1,1,0,,PLACE,"(1, 1)","(5, 1)",onion,,"[((2, 0), 'items1'), ((4, 0), 'empty')]"
5008,274,75,FETCH,"(0, 1)",FETCH,FETCH,FETCH,1,1,1,0,,FETCH,"(2, 1)","(4, 2)",,onion,"[((2, 0), 'items2'), ((4, 0), 'empty')]"
5008,276,76,PLACE,"(2, 0)",PLACE,PLACE,PLACE,1,1,1,0,,PLACE,"(1, 1)","(2, 2)",onion,onion,"[((2, 0), 'items2'), ((4, 0), 'empty')]"
5008,278,77,PLACE,"(4, 0)",PLACE,PLACE,PLACE,1,1,1,0,,PLACE,"(1, 2)","(2, 1)",onion,,"[((2, 0), 'items3'), ((4, 0), 'empty')]"
5008,283,78,FETCH,"(6, 1)",GET_DISH,FETCH,FETCH,0,1,1,0,,FETCH,"(4, 1)","(3, 1)",,,"[((2, 0), 'cooking'), ((4, 0), 'items1')]"
5008,285,79,PLACE,"(4, 0)",PLACE,PLACE,PLACE,1,1,1,0,,PLACE,"(5, 1)","(3, 1)",onion,,"[((2, 0), 'cooking'), ((4, 0), 'items1')]"
5008,289,80,FETCH,"(6, 1)",GET_DISH,FETCH,FETCH,0,1,1,0,,FETCH,"(4, 1)","(3, 1)",,,"[((2, 0), 'cooking'), ((4, 0), 'items2')]"
5008,291,81,PLACE,"(4, 0)",PLACE,PLACE,PLACE,1,1,1,0,,PLACE,"(5, 1)","(3, 1)",onion,,"[((2, 0), 'cooking'), ((4, 0), 'items2')]"
5008,295,82,COOK_START,"(4, 0)",COOK_START,COOK_START,COOK_START,1,1,1,0,,COOK_START,"(4, 1)","(3, 1)",,,"[((2, 0), 'cooking'), ((4, 0), 'items3')]"
5008,296,83,GET_DISH,"(2, 3)",GET_DISH,GET_DISH,GET_DISH,1,1,1,0,,GET_DISH,"(4, 1)","(3, 2)",,,"[((2, 0), 'cooking'), ((4, 0), 'cooking')]"
5008,304,84,PICKUP,"(2, 0)",PICKUP,PICKUP,PICKUP,1,1,1,0,,PICKUP,"(2, 2)","(3, 1)",dish,,"[((2, 0), 'ready'), ((4, 0), 'cooking')]"
5008,306,85,DELIVER,"(4, 3)",DELIVER,DELIVER,DELIVER,1,1,1,0,,DELIVER,"(2, 1)","(3, 1)",soup,,"[((2, 0), 'empty'), ((4, 0), 'cooking')]"
5008,312,86,FETCH,"(6, 1)",FETCH,FETCH,FETCH,1,1,1,0,,FETCH,"(4, 2)","(3, 1)",,,"[((2, 0), 'empty'), ((4, 0), 'cooking')]"
5008,315,87,PLACE,"(2, 0)",PLACE,PLACE,PLACE,1,1,1,0,,PLACE,"(5, 1)","(2, 2)",onion,dish,"[((2, 0), 'empty'), ((4, 0), 'ready')]"
5008,322,88,FETCH,"(0, 1)",HOLD,FETCH,FETCH,0,1,1,0,,FETCH,"(2, 1)","(4, 2)",,,"[((2, 0), 'items1'), ((4, 0), 'empty')]"
5008,324,89,PLACE,"(2, 0)",PLACE,PLACE,PLACE,1,1,1,0,,PLACE,"(1, 1)","(5, 1)",onion,,"[((2, 0), 'items1'), ((4, 0), 'empty')]"
5008,328,90,FETCH,"(0, 1)",FETCH,FETCH,FETCH,1,1,1,0,,FETCH,"(2, 1)","(4, 2)",,onion,"[((2, 0), 'items2'), ((4, 0), 'empty')]"
5008,330,91,PLACE,"(2, 0)",PLACE,PLACE,PLACE,1,1,1,0,,PLACE,"(1, 1)","(2, 2)",onion,onion,"[((2, 0), 'items2'), ((4, 0), 'empty')]"
5008,332,92,PLACE,"(4, 0)",PLACE,PLACE,PLACE,1,1,1,0,,PLACE,"(1, 2)","(2, 1)",onion,,"[((2, 0), 'items3'), ((4, 0), 'empty')]"
5008,337,93,FETCH,"(6, 1)",GET_DISH,FETCH,FETCH,0,1,1,0,,FETCH,"(4, 1)","(3, 1)",,,"[((2, 0), 'cooking'), ((4, 0), 'items1')]"
5008,339,94,PLACE,"(4, 0)",PLACE,PLACE,PLACE,1,1,1,0,,PLACE,"(5, 1)","(3, 1)",onion,,"[((2, 0), 'cooking'), ((4, 0), 'items1')]"
5008,343,95,FETCH,"(6, 1)",GET_DISH,FETCH,FETCH,0,1,1,0,,FETCH,"(4, 1)","(3, 1)",,,"[((2, 0), 'cooking'), ((4, 0), 'items2')]"
5008,345,96,PLACE,"(4, 0)",PLACE,PLACE,PLACE,1,1,1,0,,PLACE,"(5, 1)","(3, 1)",onion,,"[((2, 0), 'cooking'), ((4, 0), 'items2')]"
5008,349,97,COOK_START,"(4, 0)",GET_DISH,COOK_START,COOK_START,0,1,1,0,,COOK_START,"(4, 1)","(3, 1)",,,"[((2, 0), 'cooking'), ((4, 0), 'items3')]"
5008,350,98,GET_DISH,"(2, 3)",HOLD,GET_DISH,GET_DISH,0,1,1,0,,GET_DISH,"(4, 1)","(3, 2)",,,"[((2, 0), 'cooking'), ((4, 0), 'cooking')]"
5008,358,99,PICKUP,"(2, 0)",PICKUP,PICKUP,PICKUP,1,1,1,0,,PICKUP,"(2, 2)","(3, 1)",dish,,"[((2, 0), 'ready'), ((4, 0), 'cooking')]"
5008,360,100,DELIVER,"(4, 3)",DELIVER,DELIVER,DELIVER,1,1,1,0,,DELIVER,"(2, 1)","(3, 1)",soup,,"[((2, 0), 'empty'), ((4, 0), 'cooking')]"
5008,366,101,FETCH,"(6, 1)",GET_DISH,FETCH,FETCH,0,1,1,0,,FETCH,"(4, 2)","(3, 1)",,,"[((2, 0), 'empty'), ((4, 0), 'cooking')]"
5008,369,102,PLACE,"(2, 0)",PLACE,PLACE,PLACE,1,1,1,0,,PLACE,"(5, 1)","(2, 2)",onion,dish,"[((2, 0), 'empty'), ((4, 0), 'ready')]"
5008,376,103,FETCH,"(0, 1)",HOLD,FETCH,FETCH,0,1,1,0,,FETCH,"(2, 1)","(4, 2)",,,"[((2, 0), 'items1'), ((4, 0), 'empty')]"
5008,378,104,PLACE,"(2, 0)",HOLD,PLACE,PLACE,0,1,1,0,,PLACE,"(1, 1)","(5, 1)",onion,,"[((2, 0), 'items1'), ((4, 0), 'empty')]"
5008,382,105,FETCH,"(0, 1)",FETCH,FETCH,FETCH,1,1,1,0,,FETCH,"(2, 1)","(4, 2)",,onion,"[((2, 0), 'items2'), ((4, 0), 'empty')]"
5008,384,106,PLACE,"(2, 0)",PLACE,PLACE,PLACE,1,1,1,0,,PLACE,"(1, 1)","(2, 2)",onion,onion,"[((2, 0), 'items2'), ((4, 0), 'empty')]"
5008,386,107,PLACE,"(4, 0)",PLACE,PLACE,PLACE,1,1,1,0,,PLACE,"(1, 2)","(2, 1)",onion,,"[((2, 0), 'items3'), ((4, 0), 'empty')]"
5008,391,108,FETCH,"(6, 1)",GET_DISH,FETCH,FETCH,0,1,1,0,,FETCH,"(4, 1)","(3, 1)",,,"[((2, 0), 'cooking'), ((4, 0), 'items1')]"
5008,393,109,PLACE,"(4, 0)",PLACE,PLACE,PLACE,1,1,1,0,,PLACE,"(5, 1)","(3, 1)",onion,,"[((2, 0), 'cooking'), ((4, 0), 'items1')]"
5008,397,110,FETCH,"(6, 1)",GET_DISH,FETCH,FETCH,0,1,1,0,,FETCH,"(4, 1)","(3, 1)",,,"[((2, 0), 'cooking'), ((4, 0), 'items2')]"
5008,399,111,PLACE,"(4, 0)",HOLD,PLACE,PLACE,0,1,1,0,,PLACE,"(5, 1)","(3, 1)",onion,,"[((2, 0), 'cooking'), ((4, 0), 'items2')]"
5008,403,112,COOK_START,"(4, 0)",GET_DISH,COOK_START,COOK_START,0,1,1,0,,COOK_START,"(4, 1)","(3, 1)",,,"[((2, 0), 'cooking'), ((4, 0), 'items3')]"
5008,404,113,GET_DISH,"(2, 3)",HOLD,GET_DISH,GET_DISH,0,1,1,0,,GET_DISH,"(4, 1)","(3, 2)",,,"[((2, 0), 'cooking'), ((4, 0), 'cooking')]"
5008,412,114,PICKUP,"(2, 0)",PICKUP,PICKUP,PICKUP,1,1,1,0,,PICKUP,"(2, 2)","(3, 1)",dish,,"[((2, 0), 'ready'), ((4, 0), 'cooking')]"
5008,414,115,DELIVER,"(4, 3)",DELIVER,DELIVER,DELIVER,1,1,1,0,,DELIVER,"(2, 1)","(3, 1)",soup,,"[((2, 0), 'empty'), ((4, 0), 'cooking')]"
5008,420,116,FETCH,"(6, 1)",GET_DISH,FETCH,FETCH,0,1,1,0,,FETCH,"(4, 2)","(3, 1)",,,"[((2, 0), 'empty'), ((4, 0), 'cooking')]"
5008,423,117,PLACE,"(2, 0)",PLACE,PLACE,PLACE,1,1,1,0,,PLACE,"(5, 1)","(2, 2)",onion,dish,"[((2, 0), 'empty'), ((4, 0), 'ready')]"
5008,430,118,FETCH,"(0, 1)",HOLD,FETCH,FETCH,0,1,1,0,,FETCH,"(2, 1)","(4, 2)",,,"[((2, 0), 'items1'), ((4, 0), 'empty')]"
5008,432,119,PLACE,"(2, 0)",HOLD,PLACE,PLACE,0,1,1,0,,PLACE,"(1, 1)","(5, 1)",onion,,"[((2, 0), 'items1'), ((4, 0), 'empty')]"
5008,436,120,FETCH,"(0, 1)",FETCH,FETCH,FETCH,1,1,1,0,,FETCH,"(2, 1)","(4, 2)",,onion,"[((2, 0), 'items2'), ((4, 0), 'empty')]"
5008,438,121,PLACE,"(2, 0)",PLACE,PLACE,PLACE,1,1,1,0,,PLACE,"(1, 1)","(2, 2)",onion,onion,"[((2, 0), 'items2'), ((4, 0), 'empty')]"
5008,440,122,PLACE,"(4, 0)",PLACE,PLACE,PLACE,1,1,1,0,,PLACE,"(1, 2)","(2, 1)",onion,,"[((2, 0), 'items3'), ((4, 0), 'empty')]"
5008,445,123,FETCH,"(6, 1)",GET_DISH,FETCH,FETCH,0,1,1,0,,FETCH,"(4, 1)","(3, 1)",,,"[((2, 0), 'cooking'), ((4, 0), 'items1')]"
5008,447,124,PLACE,"(4, 0)",PLACE,PLACE,PLACE,1,1,1,0,,PLACE,"(5, 1)","(3, 1)",onion,,"[((2, 0), 'cooking'), ((4, 0), 'items1')]"
5008,451,125,FETCH,"(6, 1)",GET_DISH,FETCH,FETCH,0,1,1,0,,FETCH,"(4, 1)","(3, 1)",,,"[((2, 0), 'cooking'), ((4, 0), 'items2')]"
5008,453,126,PLACE,"(4, 0)",HOLD,PLACE,PLACE,0,1,1,0,,PLACE,"(5, 1)","(3, 1)",onion,,"[((2, 0), 'cooking'), ((4, 0), 'items2')]"
5008,457,127,COOK_START,"(4, 0)",GET_DISH,COOK_START,COOK_START,0,1,1,0,,COOK_START,"(4, 1)","(3, 1)",,,"[((2, 0), 'cooking'), ((4, 0), 'items3')]"
5008,458,128,GET_DISH,"(2, 3)",HOLD,GET_DISH,GET_DISH,0,1,1,0,,GET_DISH,"(4, 1)","(3, 2)",,,"[((2, 0), 'cooking'), ((4, 0), 'cooking')]"
5008,466,129,PICKUP,"(2, 0)",PICKUP,PICKUP,PICKUP,1,1,1,0,,PICKUP,"(2, 2)","(3, 1)",dish,,"[((2, 0), 'ready'), ((4, 0), 'cooking')]"
5008,468,130,DELIVER,"(4, 3)",DELIVER,DELIVER,DELIVER,1,1,1,0,,DELIVER,"(2, 1)","(3, 1)",soup,,"[((2, 0), 'empty'), ((4, 0), 'cooking')]"
5008,474,131,FETCH,"(6, 1)",GET_DISH,FETCH,FETCH,0,1,1,0,,FETCH,"(4, 2)","(3, 1)",,,"[((2, 0), 'empty'), ((4, 0), 'cooking')]"
5008,477,132,PLACE,"(2, 0)",PLACE,PLACE,PLACE,1,1,1,0,,PLACE,"(5, 1)","(2, 2)",onion,dish,"[((2, 0), 'empty'), ((4, 0), 'ready')]"
5008,484,133,FETCH,"(0, 1)",HOLD,FETCH,FETCH,0,1,1,0,,FETCH,"(2, 1)","(4, 2)",,,"[((2, 0), 'items1'), ((4, 0), 'empty')]"
5008,486,134,PLACE,"(2, 0)",HOLD,PLACE,PLACE,0,1,1,0,,PLACE,"(1, 1)","(5, 1)",onion,,"[((2, 0), 'items1'), ((4, 0), 'empty')]"
5008,490,135,FETCH,"(0, 1)",FETCH,FETCH,FETCH,1,1,1,0,,FETCH,"(2, 1)","(4, 2)",,onion,"[((2, 0), 'items2'), ((4, 0), 'empty')]"
5008,492,136,PLACE,"(2, 0)",PLACE,PLACE,PLACE,1,1,1,0,,PLACE,"(1, 1)","(2, 2)",onion,onion,"[((2, 0), 'items2'), ((4, 0), 'empty')]"
5008,494,137,PLACE,"(4, 0)",PLACE,PLACE,PLACE,1,1,1,0,,PLACE,"(1, 2)","(2, 1)",onion,,"[((2, 0), 'items3'), ((4, 0), 'empty')]"
5008,499,138,FETCH,"(6, 1)",GET_DISH,FETCH,FETCH,0,1,1,0,,FETCH,"(4, 1)","(3, 1)",,,"[((2, 0), 'cooking'), ((4, 0), 'items1')]"
5008,501,139,PLACE,"(4, 0)",PLACE,PLACE,PLACE,1,1,1,0,,PLACE,"(5, 1)","(3, 1)",onion,,"[((2, 0), 'cooking'), ((4, 0), 'items1')]"
5008,505,140,FETCH,"(6, 1)",HOLD,FETCH,FETCH,0,1,1,0,,FETCH,"(4, 1)","(3, 1)",,,"[((2, 0), 'cooking'), ((4, 0), 'items2')]"
5008,507,141,PLACE,"(4, 0)",HOLD,PLACE,PLACE,0,1,1,0,,PLACE,"(5, 1)","(3, 1)",onion,,"[((2, 0), 'cooking'), ((4, 0), 'items2')]"
5008,511,142,COOK_START,"(4, 0)",GET_DISH,COOK_START,COOK_START,0,1,1,0,,COOK_START,"(4, 1)","(3, 1)",,,"[((2, 0), 'cooking'), ((4, 0), 'items3')]"
5008,512,143,GET_DISH,"(2, 3)",HOLD,GET_DISH,GET_DISH,0,1,1,0,,GET_DISH,"(4, 1)","(3, 2)",,,"[((2, 0), 'cooking'), ((4, 0), 'cooking')]"
5008,520,144,PICKUP,"(2, 0)",PICKUP,PICKUP,PICKUP,1,1,1,0,,PICKUP,"(2, 2)","(3, 1)",dish,,"[((2, 0), 'ready'), ((4, 0), 'cooking')]"
5008,522,145,DELIVER,"(4, 3)",DELIVER,DELIVER,DELIVER,1,1,1,0,,DELIVER,"(2, 1)","(3, 1)",soup,,"[((2, 0), 'empty'), ((4, 0), 'cooking')]"
5008,528,146,FETCH,"(6, 1)",GET_DISH,FETCH,FETCH,0,1,1,0,,FETCH,"(4, 2)","(3, 1)",,,"[((2, 0), 'empty'), ((4, 0), 'cooking')]"
5008,531,147,PLACE,"(2, 0)",PLACE,PLACE,PLACE,1,1,1,0,,PLACE,"(5, 1)","(2, 2)",onion,dish,"[((2, 0), 'empty'), ((4, 0), 'ready')]"
5008,538,148,FETCH,"(0, 1)",HOLD,FETCH,FETCH,0,1,1,0,,FETCH,"(2, 1)","(4, 2)",,,"[((2, 0), 'items1'), ((4, 0), 'empty')]"
5008,540,149,PLACE,"(2, 0)",HOLD,PLACE,PLACE,0,1,1,0,,PLACE,"(1, 1)","(5, 1)",onion,,"[((2, 0), 'items1'), ((4, 0), 'empty')]"
5008,544,150,FETCH,"(0, 1)",FETCH,FETCH,FETCH,1,1,1,0,,FETCH,"(2, 1)","(4, 2)",,onion,"[((2, 0), 'items2'), ((4, 0), 'empty')]"
5008,546,151,PLACE,"(2, 0)",PLACE,PLACE,PLACE,1,1,1,0,,PLACE,"(1, 1)","(2, 2)",onion,onion,"[((2, 0), 'items2'), ((4, 0), 'empty')]"
5008,548,152,PLACE,"(4, 0)",PLACE,PLACE,PLACE,1,1,1,0,,PLACE,"(1, 2)","(2, 1)",onion,,"[((2, 0), 'items3'), ((4, 0), 'empty')]"
5008,553,153,FETCH,"(6, 1)",GET_DISH,FETCH,FETCH,0,1,1,0,,FETCH,"(4, 1)","(3, 1)",,,"[((2, 0), 'cooking'), ((4, 0), 'items1')]"
5008,555,154,PLACE,"(4, 0)",HOLD,PLACE,PLACE,0,1,1,0,,PLACE,"(5, 1)","(3, 1)",onion,,"[((2, 0), 'cooking'), ((4, 0), 'items1')]"
5008,559,155,FETCH,"(6, 1)",HOLD,FETCH,FETCH,0,1,1,0,,FETCH,"(4, 1)","(3, 1)",,,"[((2, 0), 'cooking'), ((4, 0), 'items2')]"
5008,561,156,PLACE,"(4, 0)",HOLD,PLACE,PLACE,0,1,1,0,,PLACE,"(5, 1)","(3, 1)",onion,,"[((2, 0), 'cooking'), ((4, 0), 'items2')]"
5008,565,157,COOK_START,"(4, 0)",GET_DISH,COOK_START,COOK_START,0,1,1,0,,COOK_START,"(4, 1)","(3, 1)",,,"[((2, 0), 'cooking'), ((4, 0), 'items3')]"
5008,566,158,GET_DISH,"(2, 3)",HOLD,GET_DISH,GET_DISH,0,1,1,0,,GET_DISH,"(4, 1)","(3, 2)",,,"[((2, 0), 'cooking'), ((4, 0), 'cooking')]"
5008,574,159,PICKUP,"(2, 0)",PICKUP,PICKUP,PICKUP,1,1,1,0,,PICKUP,"(2, 2)","(3, 1)",dish,,"[((2, 0), 'ready'), ((4, 0), 'cooking')]"
5008,576,160,DELIVER,"(4, 3)",DELIVER,DELIVER,DELIVER,1,1,1,0,,DELIVER,"(2, 1)","(3, 1)",soup,,"[((2, 0), 'empty'), ((4, 0), 'cooking')]"
5008,582,161,FETCH,"(6, 1)",GET_DISH,FETCH,FETCH,0,1,1,0,,FETCH,"(4, 2)","(3, 1)",,,"[((2, 0), 'empty'), ((4, 0), 'cooking')]"
5008,585,162,PLACE,"(2, 0)",PLACE,PLACE,PLACE,1,1,1,0,,PLACE,"(5, 1)","(2, 2)",onion,dish,"[((2, 0), 'empty'), ((4, 0), 'ready')]"
5008,592,163,FETCH,"(0, 1)",HOLD,FETCH,FETCH,0,1,1,0,,FETCH,"(2, 1)","(4, 2)",,,"[((2, 0), 'items1'), ((4, 0), 'empty')]"
5008,594,164,PLACE,"(2, 0)",HOLD,PLACE,PLACE,0,1,1,0,,PLACE,"(1, 1)","(5, 1)",onion,,"[((2, 0), 'items1'), ((4, 0), 'empty')]"
5008,598,165,FETCH,"(0, 1)",FETCH,FETCH,FETCH,1,1,1,0,,FETCH,"(2, 1)","(4, 2)",,onion,"[((2, 0), 'items2'), ((4, 0), 'empty')]"
5008,600,166,PLACE,"(2, 0)",PLACE,PLACE,PLACE,1,1,1,0,,PLACE,"(1, 1)","(2, 2)",onion,onion,"[((2, 0), 'items2'), ((4, 0), 'empty')]"
5008,602,167,PLACE,"(4, 0)",PLACE,PLACE,PLACE,1,1,1,0,,PLACE,"(1, 2)","(2, 1)",onion,,"[((2, 0), 'items3'), ((4, 0), 'empty')]"
5008,607,168,FETCH,"(6, 1)",GET_DISH,FETCH,FETCH,0,1,1,0,,FETCH,"(4, 1)","(3, 1)",,,"[((2, 0), 'cooking'), ((4, 0), 'items1')]"
5008,609,169,PLACE,"(4, 0)",HOLD,PLACE,PLACE,0,1,1,0,,PLACE,"(5, 1)","(3, 1)",onion,,"[((2, 0), 'cooking'), ((4, 0), 'items1')]"
5008,613,170,FETCH,"(6, 1)",HOLD,FETCH,FETCH,0,1,1,0,,FETCH,"(4, 1)","(3, 1)",,,"[((2, 0), 'cooking'), ((4, 0), 'items2')]"
5008,615,171,PLACE,"(4, 0)",HOLD,PLACE,PLACE,0,1,1,0,,PLACE,"(5, 1)","(3, 1)",onion,,"[((2, 0), 'cooking'), ((4, 0), 'items2')]"
5008,619,172,COOK_START,"(4, 0)",HOLD,COOK_START,COOK_START,0,1,1,0,,COOK_START,"(4, 1)","(3, 1)",,,"[((2, 0), 'cooking'), ((4, 0), 'items3')]"
5008,620,173,GET_DISH,"(2, 3)",HOLD,GET_DISH,GET_DISH,0,1,1,0,,GET_DISH,"(4, 1)","(3, 2)",,,"[((2, 0), 'cooking'), ((4, 0), 'cooking')]"
5008,628,174,PICKUP,"(2, 0)",PICKUP,PICKUP,PICKUP,1,1,1,0,,PICKUP,"(2, 2)","(3, 1)",dish,,"[((2, 0), 'ready'), ((4, 0), 'cooking')]"
5008,630,175,DELIVER,"(4, 3)",DELIVER,DELIVER,DELIVER,1,1,1,0,,DELIVER,"(2, 1)","(3, 1)",soup,,"[((2, 0), 'empty'), ((4, 0), 'cooking')]"
5008,636,176,FETCH,"(6, 1)",GET_DISH,FETCH,FETCH,0,1,1,0,,FETCH,"(4, 2)","(3, 1)",,,"[((2, 0), 'empty'), ((4, 0), 'cooking')]"
5008,639,177,PLACE,"(2, 0)",PLACE,PLACE,PLACE,1,1,1,0,,PLACE,"(5, 1)","(2, 2)",onion,dish,"[((2, 0), 'empty'), ((4, 0), 'ready')]"
5008,646,178,FETCH,"(0, 1)",HOLD,FETCH,FETCH,0,1,1,0,,FETCH,"(2, 1)","(4, 2)",,,"[((2, 0), 'items1'), ((4, 0), 'empty')]"
5008,648,179,PLACE,"(2, 0)",HOLD,PLACE,PLACE,0,1,1,0,,PLACE,"(1, 1)","(5, 1)",onion,,"[((2, 0), 'items1'), ((4, 0), 'empty')]"
5008,652,180,FETCH,"(0, 1)",FETCH,FETCH,FETCH,1,1,1,0,,FETCH,"(2, 1)","(4, 2)",,onion,"[((2, 0), 'items2'), ((4, 0), 'empty')]"
5008,654,181,PLACE,"(2, 0)",PLACE,PLACE,PLACE,1,1,1,0,,PLACE,"(1, 1)","(2, 2)",onion,onion,"[((2, 0), 'items2'), ((4, 0), 'empty')]"
5008,656,182,PLACE,"(4, 0)",PLACE,PLACE,PLACE,1,1,1,0,,PLACE,"(1, 2)","(2, 1)",onion,,"[((2, 0), 'items3'), ((4, 0), 'empty')]"
5008,661,183,FETCH,"(6, 1)",GET_DISH,FETCH,FETCH,0,1,1,0,,FETCH,"(4, 1)","(3, 1)",,,"[((2, 0), 'cooking'), ((4, 0), 'items1')]"
5008,663,184,PLACE,"(4, 0)",HOLD,PLACE,PLACE,0,1,1,0,,PLACE,"(5, 1)","(3, 1)",onion,,"[((2, 0), 'cooking'), ((4, 0), 'items1')]"
5008,667,185,FETCH,"(6, 1)",HOLD,FETCH,FETCH,0,1,1,0,,FETCH,"(4, 1)","(3, 1)",,,"[((2, 0), 'cooking'), ((4, 0), 'items2')]"
5008,669,186,PLACE,"(4, 0)",HOLD,PLACE,PLACE,0,1,1,0,,PLACE,"(5, 1)","(3, 1)",onion,,"[((2, 0), 'cooking'), ((4, 0), 'items2')]"
5008,673,187,COOK_START,"(4, 0)",HOLD,COOK_START,COOK_START,0,1,1,0,,COOK_START,"(4, 1)","(3, 1)",,,"[((2, 0), 'cooking'), ((4, 0), 'items3')]"
5008,674,188,GET_DISH,"(2, 3)",HOLD,GET_DISH,GET_DISH,0,1,1,0,,GET_DISH,"(4, 1)","(3, 2)",,,"[((2, 0), 'cooking'), ((4, 0), 'cooking')]"
5008,682,189,PICKUP,"(2, 0)",PICKUP,PICKUP,PICKUP,1,1,1,0,,PICKUP,"(2, 2)","(3, 1)",dish,,"[((2, 0), 'ready'), ((4, 0), 'cooking')]"
5008,684,190,DELIVER,"(4, 3)",DELIVER,DELIVER,DELIVER,1,1,1,0,,DELIVER,"(2, 1)","(3, 1)",soup,,"[((2, 0), 'empty'), ((4, 0), 'cooking')]"
5008,690,191,FETCH,"(6, 1)",GET_DISH,FETCH,FETCH,0,1,1,0,,FETCH,"(4, 2)","(3, 1)",,,"[((2, 0), 'empty'), ((4, 0), 'cooking')]"
5008,693,192,PLACE,"(2, 0)",PLACE,PLACE,PLACE,1,1,1,0,,PLACE,"(5, 1)","(2, 2)",onion,dish,"[((2, 0), 'empty'), ((4, 0), 'ready')]"
5009,0,1,FETCH,"(6, 1)",FETCH,FETCH,FETCH,1,1,1,0,,,"(4, 2)","(4, 1)",,,"[((2, 0), 'empty'), ((4, 0), 'empty')]"
5009,4,2,PLACE,"(4, 0)",PLACE,PLACE,PLACE,1,1,1,0,PLACE,PLACE,"(5, 1)","(5, 2)",onion,,"[((2, 0), 'empty'), ((4, 0), 'empty')]"
5009,8,3,FETCH,"(6, 1)",FETCH,FETCH,FETCH,1,1,1,0,FETCH,FETCH,"(4, 1)","(5, 2)",,,"[((2, 0), 'empty'), ((4, 0), 'items1')]"
5009,10,4,PLACE,"(4, 0)",PLACE,PLACE,PLACE,1,1,1,0,PLACE,PLACE,"(5, 1)","(5, 2)",onion,,"[((2, 0), 'empty'), ((4, 0), 'items1')]"
5009,14,5,FETCH,"(6, 1)",FETCH,FETCH,FETCH,1,1,1,0,FETCH,FETCH,"(4, 1)","(5, 2)",,,"[((2, 0), 'empty'), ((4, 0), 'items2')]"
5009,16,6,PLACE,"(4, 0)",PLACE,PLACE,PLACE,1,1,1,0,PLACE,PLACE,"(5, 1)","(5, 2)",onion,,"[((2, 0), 'empty'), ((4, 0), 'items2')]"
5009,20,7,COOK_START,"(4, 0)",COOK_START,COOK_START,COOK_START,1,1,1,0,COOK_START,COOK_START,"(4, 1)","(5, 2)",,,"[((2, 0), 'empty'), ((4, 0), 'items3')]"
5009,21,8,FETCH,"(6, 1)",FETCH,FETCH,FETCH,1,1,1,0,FETCH,FETCH,"(4, 1)","(5, 2)",,,"[((2, 0), 'empty'), ((4, 0), 'cooking')]"
5009,23,9,PLACE,"(2, 0)",PLACE,PLACE,PLACE,1,1,1,0,PLACE,PLACE,"(5, 1)","(4, 1)",onion,,"[((2, 0), 'empty'), ((4, 0), 'cooking')]"
5009,36,10,FETCH,"(0, 1)",FETCH,FETCH,FETCH,1,1,1,1,HOLD,FETCH,"(2, 1)","(3, 2)",,dish,"[((2, 0), 'items1'), ((4, 0), 'cooking')]"
5009,38,11,PLACE,"(2, 0)",PLACE,PLACE,PLACE,1,1,1,0,PLACE,PLACE,"(1, 1)","(3, 2)",onion,dish,"[((2, 0), 'items1'), ((4, 0), 'cooking')]"
5009,42,12,FETCH,"(0, 1)",FETCH,FETCH,FETCH,1,1,1,0,FETCH,FETCH,"(2, 1)","(4, 1)",,dish,"[((2, 0), 'items2'), ((4, 0), 'ready')]"
5009,44,13,PLACE,"(2, 0)",PLACE,PLACE,PLACE,1,1,1,0,PLACE,PLACE,"(1, 1)","(4, 2)",onion,soup,"[((2, 0), 'items2'), ((4, 0), 'empty')]"
5009,48,14,COOK_START,"(2, 0)",HOLD,COOK_START,COOK_START,0,1,1,1,HOLD,COOK_START,"(2, 1)","(5, 1)",,onion,"[((2, 0), 'items3'), ((4, 0), 'empty')]"
5009,49,15,FETCH,"(0, 1)",HOLD,FETCH,FETCH,0,1,1,0,,FETCH,"(2, 1)","(5, 2)",,onion,"[((2, 0), 'cooking'), ((4, 0), 'empty')]"
5009,51,16,PLACE,"(4, 0)",PLACE,PLACE,PLACE,1,1,1,0,,PLACE,"(1, 1)","(4, 1)",onion,onion,"[((2, 0), 'cooking'), ((4, 0), 'empty')]"
5009,57,17,FETCH,"(6, 1)",FETCH,FETCH,FETCH,1,1,1,0,,FETCH,"(4, 1)","(3, 1)",,,"[((2, 0), 'cooking'), ((4, 0), 'items2')]"
5009,59,18,PLACE,"(4, 0)",PLACE,PLACE,PLACE,1,1,1,0,,PLACE,"(5, 1)","(3, 1)",onion,,"[((2, 0), 'cooking'), ((4, 0), 'items2')]"
5009,63,19,COOK_START,"(4, 0)",COOK_START,COOK_START,COOK_START,1,1,1,0,,COOK_START,"(4, 1)","(3, 1)",,,"[((2, 0), 'cooking'), ((4, 0), 'items3')]"
5009,64,20,GET_DISH,"(2, 3)",GET_DISH,GET_DISH,GET_DISH,1,1,1,0,,GET_DISH,"(4, 1)","(3, 2)",,,"[((2, 0), 'cooking'), ((4, 0), 'cooking')]"
5009,72,21,PICKUP,"(2, 0)",PICKUP,PICKUP,PICKUP,1,1,1,0,,PICKUP,"(2, 2)","(3, 1)",dish,,"[((2, 0), 'ready'), ((4, 0), 'cooking')]"
5009,74,22,DELIVER,"(4, 3)",DELIVER,DELIVER,DELIVER,1,1,1,0,,DELIVER,"(2, 1)","(3, 1)",soup,,"[((2, 0), 'empty'), ((4, 0), 'cooking')]"
5009,80,23,FETCH,"(6, 1)",FETCH,FETCH,FETCH,1,1,1,0,,FETCH,"(4, 2)","(3, 1)",,,"[((2, 0), 'empty'), ((4, 0), 'cooking')]"
5009,83,24,PLACE,"(2, 0)",PLACE,PLACE,PLACE,1,1,1,0,,PLACE,"(5, 1)","(2, 2)",onion,dish,"[((2, 0), 'empty'), ((4, 0), 'ready')]"
5009,90,25,FETCH,"(0, 1)",FETCH,FETCH,FETCH,1,1,1,0,,FETCH,"(2, 1)","(4, 2)",,,"[((2, 0), 'items1'), ((4, 0), 'empty')]"
5009,92,26,PLACE,"(2, 0)",PLACE,PLACE,PLACE,1,1,1,0,,PLACE,"(1, 1)","(5, 1)",onion,,"[((2, 0), 'items1'), ((4, 0), 'empty')]"
5009,96,27,FETCH,"(0, 1)",FETCH,FETCH,FETCH,1,1,1,0,,FETCH,"(2, 1)","(4, 2)",,onion,"[((2, 0), 'items2'), ((4, 0), 'empty')]"
5009,98,28,PLACE,"(2, 0)",PLACE,PLACE,PLACE,1,1,1,0,,PLACE,"(1, 1)","(2, 2)",onion,onion,"[((2, 0), 'items2'), ((4, 0), 'empty')]"
5009,100,29,PLACE,"(4, 0)",PLACE,PLACE,PLACE,1,1,1,0,,PLACE,"(1, 2)","(2, 1)",onion,,"[((2, 0), 'items3'), ((4, 0), 'empty')]"
5009,105,30,FETCH,"(6, 1)",FETCH,FETCH,FETCH,1,1,1,0,,FETCH,"(4, 1)","(3, 1)",,,"[((2, 0), 'cooking'), ((4, 0), 'items1')]"
5009,107,31,PLACE,"(4, 0)",PLACE,PLACE,PLACE,1,1,1,0,,PLACE,"(5, 1)","(3, 1)",onion,,"[((2, 0), 'cooking'), ((4, 0), 'items1')]"
5009,111,32,FETCH,"(6, 1)",FETCH,FETCH,FETCH,1,1,1,0,,FETCH,"(4, 1)","(3, 1)",,,"[((2, 0), 'cooking'), ((4, 0), 'items2')]"
5009,113,33,PLACE,"(4, 0)",PLACE,PLACE,PLACE,1,1,1,0,,PLACE,"(5, 1)","(3, 1)",onion,,"[((2, 0), 'cooking'), ((4, 0), 'items2')]"
5009,117,34,COOK_START,"(4, 0)",COOK_START,COOK_START,COOK_START,1,1,1,0,,COOK_START,"(4, 1)","(3, 1)",,,"[((2, 0), 'cooking'), ((4, 0), 'items3')]"
5009,118,35,GET_DISH,"(2, 3)",GET_DISH,GET_DISH,GET_DISH,1,1,1,0,,GET_DISH,"(4, 1)","(3, 2)",,,"[((2, 0), 'cooking'), ((4, 0), 'cooking')]"
5009,126,36,PICKUP,"(2, 0)",PICKUP,PICKUP,PICKUP,1,1,1,0,,PICKUP,"(2, 2)","(3, 1)",dish,,"[((2, 0), 'ready'), ((4, 0), 'cooking')]"
5009,128,37,DELIVER,"(4, 3)",DELIVER,DELIVER,DELIVER,1,1,1,0,,DELIVER,"(2, 1)","(3, 1)",soup,,"[((2, 0), 'empty'), ((4, 0), 'cooking')]"
5009,134,38,FETCH,"(6, 1)",FETCH,FETCH,FETCH,1,1,1,0,,FETCH,"(4, 2)","(3, 1)",,,"[((2, 0), 'empty'), ((4, 0), 'cooking')]"
5009,137,39,PLACE,"(2, 0)",PLACE,PLACE,PLACE,1,1,1,0,,PLACE,"(5, 1)","(2, 2)",onion,dish,"[((2, 0), 'empty'), ((4, 0), 'ready')]"
5009,144,40,FETCH,"(0, 1)",FETCH,FETCH,FETCH,1,1,1,0,,FETCH,"(2, 1)","(4, 2)",,,"[((2, 0), 'items1'), ((4, 0), 'empty')]"
5009,146,41,PLACE,"(2, 0)",PLACE,PLACE,PLACE,1,1,1,0,,PLACE,"(1, 1)","(5, 1)",onion,,"[((2, 0), 'items1'), ((4, 0), 'empty')]"
5009,150,42,FETCH,"(0, 1)",FETCH,FETCH,FETCH,1,1,1,0,,FETCH,"(2, 1)","(4, 2)",,onion,"[((2, 0), 'items2'), ((4, 0), 'empty')]"
5009,152,43,PLACE,"(2, 0)",PLACE,PLACE,PLACE,1,1,1,0,,PLACE,"(1, 1)","(2, 2)",onion,onion,"[((2, 0), 'items2'), ((4, 0), 'empty')]"
5009,154,44,PLACE,"(4, 0)",PLACE,PLACE,PLACE,1,1,1,0,,PLACE,"(1, 2)","(2, 1)",onion,,"[((2, 0), 'items3'), ((4, 0), 'empty')]"
5009,159,45,FETCH,"(6, 1)",FETCH,FETCH,FETCH,1,1,1,0,,FETCH,"(4, 1)","(3, 1)",,,"[((2, 0), 'cooking'), ((4, 0), 'items1')]"
5009,161,46,PLACE,"(4, 0)",PLACE,PLACE,PLACE,1,1,1,0,,PLACE,"(5, 1)","(3, 1)",onion,,"[((2, 0), 'cooking'), ((4, 0), 'items1')]"
5009,165,47,FETCH,"(6, 1)",FETCH,FETCH,FETCH,1,1,1,0,,FETCH,"(4, 1)","(3, 1)",,,"[((2, 0), 'cooking'), ((4, 0), 'items2')]"
5009,167,48,PLACE,"(4, 0)",PLACE,PLACE,PLACE,1,1,1,0,,PLACE,"(5, 1)","(3, 1)",onion,,"[((2, 0), 'cooking'), ((4, 0), 'items2')]"
5009,171,49,COOK_START,"(4, 0)",COOK_START,COOK_START,COOK_START,1,1,1,0,,COOK_START,"(4, 1)","(3, 1)",,,"[((2, 0), 'cooking'), ((4, 0), 'items3')]"
5009,172,50,GET_DISH,"(2, 3)",GET_DISH,GET_DISH,GET_DISH,1,1,1,0,,GET_DISH,"(4, 1)","(3, 2)",,,"[((2, 0), 'cooking'), ((4, 0), 'cooking')]"
5009,180,51,PICKUP,"(2, 0)",PICKUP,PICKUP,PICKUP,1,1,1,0,,PICKUP,"(2, 2)","(3, 1)",dish,,"[((2, 0), 'ready'), ((4, 0), 'cooking')]"
5009,182,52,DELIVER,"(4, 3)",DELIVER,DELIVER,DELIVER,1,1,1,0,,DELIVER,"(2, 1)","(3, 1)",soup,,"[((2, 0), 'empty'), ((4, 0), 'cooking')]"
5009,188,53,FETCH,"(6, 1)",FETCH,FETCH,FETCH,1,1,1,0,,FETCH,"(4, 2)","(3, 1)",,,"[((2, 0), 'empty'), ((4, 0), 'cooking')]"
5009,191,54,PLACE,"(2, 0)",PLACE,PLACE,PLACE,1,1,1,0,,PLACE,"(5, 1)","(2, 2)",onion,dish,"[((2, 0), 'empty'), ((4, 0), 'ready')]"
5009,198,55,FETCH,"(0, 1)",FETCH,FETCH,FETCH,1,1,1,0,,FETCH,"(2, 1)","(4, 2)",,,"[((2, 0), 'items1'), ((4, 0), 'empty')]"
5009,200,56,PLACE,"(2, 0)",PLACE,PLACE,PLACE,1,1,1,0,,PLACE,"(1, 1)","(5, 1)",onion,,"[((2, 0), 'items1'), ((4, 0), 'empty')]"
5009,204,57,FETCH,"(0, 1)",FETCH,FETCH,FETCH,1,1,1,0,,FETCH,"(2, 1)","(4, 2)",,onion,"[((2, 0), 'items2'), ((4, 0), 'empty')]"
5009,206,58,PLACE,"(2, 0)",PLACE,PLACE,PLACE,1,1,1,0,,PLACE,"(1, 1)","(2, 2)",onion,onion,"[((2, 0), 'items2'), ((4, 0), 'empty')]"
5009,208,59,PLACE,"(4, 0)",PLACE,PLACE,PLACE,1,1,1,0,,PLACE,"(1, 2)","(2, 1)",onion,,"[((2, 0), 'items3'), ((4, 0), 'empty')]"
5009,213,60,FETCH,"(6, 1)",FETCH,FETCH,FETCH,1,1,1,0,,FETCH,"(4, 1)","(3, 1)",,,"[((2, 0), 'cooking'), ((4, 0), 'items1')]"
5009,215,61,PLACE,"(4, 0)",PLACE,PLACE,PLACE,1,1,1,0,,PLACE,"(5, 1)","(3, 1)",onion,,"[((2, 0), 'cooking'), ((4, 0), 'items1')]"
5009,219,62,FETCH,"(6, 1)",FETCH,FETCH,FETCH,1,1,1,0,,FETCH,"(4, 1)","(3, 1)",,,"[((2, 0), 'cooking'), ((4, 0), 'items2')]"
5009,221,63,PLACE,"(4, 0)",PLACE,PLACE,PLACE,1,1,1,0,,PLACE,"(5, 1)","(3, 1)",onion,,"[((2, 0), 'cooking'), ((4, 0), 'items2')]"
5009,225,64,COOK_START,"(4, 0)",COOK_START,COOK_START,COOK_START,1,1,1,0,,COOK_START,"(4, 1)","(3, 1)",,,"[((2, 0), 'cooking'), ((4, 0), 'items3')]"
5009,226,65,GET_DISH,"(2, 3)",GET_DISH,GET_DISH,GET_DISH,1,1,1,0,,GET_DISH,"(4, 1)","(3, 2)",,,"[((2, 0), 'cooking'), ((4, 0), 'cooking')]"
5009,234,66,PICKUP,"(2, 0)",PICKUP,PICKUP,PICKUP,1,1,1,0,,PICKUP,"(2, 2)","(3, 1)",dish,,"[((2, 0), 'ready'), ((4, 0), 'cooking')]"
5009,236,67,DELIVER,"(4, 3)",DELIVER,DELIVER,DELIVER,1,1,1,0,,DELIVER,"(2, 1)","(3, 1)",soup,,"[((2, 0), 'empty'), ((4, 0), 'cooking')]"
5009,242,68,FETCH,"(6, 1)",FETCH,FETCH,FETCH,1,1,1,0,,FETCH,"(4, 2)","(3, 1)",,,"[((2, 0), 'empty'), ((4, 0), 'cooking')]"
5009,245,69,PLACE,"(2, 0)",PLACE,PLACE,PLACE,1,1,1,0,,PLACE,"(5, 1)","(2, 2)",onion,dish,"[((2, 0), 'empty'), ((4, 0), 'ready')]"
5009,252,70,FETCH,"(0, 1)",HOLD,FETCH,FETCH,0,1,1,0,,FETCH,"(2, 1)","(4, 2)",,,"[((2, 0), 'items1'), ((4, 0), 'empty')]"
5009,254,71,PLACE,"(2, 0)",PLACE,PLACE,PLACE,1,1,1,0,,PLACE,"(1, 1)","(5, 1)",onion,,"[((2, 0), 'items1'), ((4, 0), 'empty')]"
5009,258,72,FETCH,"(0, 1)",FETCH,FETCH,FETCH,1,1,1,0,,FETCH,"(2, 1)","(4, 2)",,onion,"[((2, 0), 'items2'), ((4, 0), 'empty')]"
5009,260,73,PLACE,"(2, 0)",PLACE,PLACE,PLACE,1,1,1,0,,PLACE,"(1, 1)","(2, 2)",onion,onion,"[((2, 0), 'items2'), ((4, 0), 'empty')]"
5009,262,74,PLACE,"(4, 0)",PLACE,PLACE,PLACE,1,1,1,0,,PLACE,"(1, 2)","(2, 1)",onion,,"[((2, 0), 'items3'), ((4, 0), 'empty')]"
5009,267,75,FETCH,"(6, 1)",GET_DISH,FETCH,FETCH,0,1,1,0,,FETCH,"(4, 1)","(3, 1)",,,"[((2, 0), 'cooking'), ((4, 0), 'items1')]"
5009,269,76,PLACE,"(4, 0)",PLACE,PLACE,PLACE,1,1,1,0,,PLACE,"(5, 1)","(3, 1)",onion,,"[((2, 0), 'cooking'), ((4, 0), 'items1')]"
5009,273,77,FETCH,"(6, 1)",GET_DISH,FETCH,FETCH,0,1,1,0,,FETCH,"(4, 1)","(3, 1)",,,"[((2, 0), 'cooking'), ((4, 0), 'items2')]"
5009,275,78,PLACE,"(4, 0)",PLACE,PLACE,PLACE,1,1,1,0,,PLACE,"(5, 1)","(3, 1)",onion,,"[((2, 0), 'cooking'), ((4, 0), 'items2')]"
5009,279,79,COOK_START,"(4, 0)",COOK_START,COOK_START,COOK_START,1,1,1,0,,COOK_START,"(4, 1)","(3, 1)",,,"[((2, 0), 'cooking'), ((4, 0), 'items3')]"
5009,280,80,GET_DISH,"(2, 3)",GET_DISH,GET_DISH,GET_DISH,1,1,1,0,,GET_DISH,"(4, 1)","(3, 2)",,,"[((2, 0), 'cooking'), ((4, 0), 'cooking')]"
5009,288,81,PICKUP,"(2, 0)",PICKUP,PICKUP,PICKUP,1,1,1,0,,PICKUP,"(2, 2)","(3, 1)",dish,,"[((2, 0), 'ready'), ((4, 0), 'cooking')]"
5009,290,82,DELIVER,"(4, 3)",DELIVER,DELIVER,DELIVER,1,1,1,0,,DELIVER,"(2, 1)","(3, 1)",soup,,"[((2, 0), 'empty'), ((4, 0), 'cooking')]"
5009,296,83,FETCH,"(6, 1)",FETCH,FETCH,FETCH,1,1,1,0,,FETCH,"(4, 2)","(3, 1)",,,"[((2, 0), 'empty'), ((4, 0), 'cooking')]"
5009,299,84,PLACE,"(2, 0)",PLACE,PLACE,PLACE,1,1,1,0,,PLACE,"(5, 1)","(2, 2)",onion,dish,"[((2, 0), 'empty'), ((4, 0), 'ready')]"
5009,306,85,FETCH,"(0, 1)",HOLD,FETCH,FETCH,0,1,1,0,,FETCH,"(2, 1)","(4, 2)",,,"[((2, 0), 'items1'), ((4, 0), 'empty')]"
5009,308,86,PLACE,"(2, 0)",PLACE,PLACE,PLACE,1,1,1,0,,PLACE,"(1, 1)","(5, 1)",onion,,"[((2, 0), 'items1'), ((4, 0), 'empty')]"
5009,312,87,FETCH,"(0, 1)",FETCH,FETCH,FETCH,1,1,1,0,,FETCH,"(2, 1)","(4, 2)",,onion,"[((2, 0), 'items2'), ((4, 0), 'empty')]"
5009,314,88,PLACE,"(2, 0)",PLACE,PLACE,PLACE,1,1,1,0,,PLACE,"(1, 1)","(2, 2)",onion,onion,"[((2, 0), 'items2'), ((4, 0), 'empty')]"
5009,316,89,PLACE,"(4, 0)",PLACE,PLACE,PLACE,1,1,1,0,,PLACE,"(1, 2)","(2, 1)",onion,,"[((2, 0), 'items3'), ((4, 0), 'empty')]"
5009,321,90,FETCH,"(6, 1)",GET_DISH,FETCH,FETCH,0,1,1,0,,FETCH,"(4, 1)","(3, 1)",,,"[((2, 0), 'cooking'), ((4, 0), 'items1')]"
5009,323,91,PLACE,"(4, 0)",PLACE,PLACE,PLACE,1,1,1,0,,PLACE,"(5, 1)","(3, 1)",onion,,"[((2, 0), 'cooking'), ((4, 0), 'items1')]"
5009,327,92,FETCH,"(6, 1)",GET_DISH,FETCH,FETCH,0,1,1,0,,FETCH,"(4, 1)","(3, 1)",,,"[((2, 0), 'cooking'), ((4, 0), 'items2')]"
5009,329,93,PLACE,"(4, 0)",PLACE,PLACE,PLACE,1,1,1,0,,PLACE,"(5, 1)","(3, 1)",onion,,"[((2, 0), 'cooking'), ((4, 0), 'items2')]"
5009,333,94,COOK_START,"(4, 0)",GET_DISH,COOK_START,COOK_START,0,1,1,0,,COOK_START,"(4, 1)","(3, 1)",,,"[((2, 0), 'cooking'), ((4, 0), 'items3')]"
5009,334,95,GET_DISH,"(2, 3)",HOLD,GET_DISH,GET_DISH,0,1,1,0,,GET_DISH,"(4, 1)","(3, 2)",,,"[((2, 0), 'cooking'), ((4, 0), 'cooking')]"
5009,342,96,PICKUP,"(2, 0)",PICKUP,PICKUP,PICKUP,1,1,1,0,,PICKUP,"(2, 2)","(3, 1)",dish,,"[((2, 0), 'ready'), ((4, 0), 'cooking')]"
5009,344,97,DELIVER,"(4, 3)",DELIVER,DELIVER,DELIVER,1,1,1,0,,DELIVER,"(2, 1)","(3, 1)",soup,,"[((2, 0), 'empty'), ((4, 0), 'cooking')]"
5009,350,98,FETCH,"(6, 1)",GET_DISH,FETCH,FETCH,0,1,1,0,,FETCH,"(4, 2)","(3, 1)",,,"[((2, 0), 'empty'), ((4, 0), 'cooking')]"
5009,353,99,PLACE,"(2, 0)",PLACE,PLACE,PLACE,1,1,1,0,,PLACE,"(5, 1)","(2, 2)",onion,dish,"[((2, 0), 'empty'), ((4, 0), 'ready')]"
5009,360,100,FETCH,"(0, 1)",HOLD,FETCH,FETCH,0,1,1,0,,FETCH,"(2, 1)","(4, 2)",,,"[((2, 0), 'items1'), ((4, 0), 'empty')]"
5009,362,101,PLACE,"(2, 0)",HOLD,PLACE,PLACE,0,1,1,0,,PLACE,"(1, 1)","(5, 1)",onion,,"[((2, 0), 'items1'), ((4, 0), 'empty')]"
5009,366,102,FETCH,"(0, 1)",FETCH,FETCH,FETCH,1,1,1,0,,FETCH,"(2, 1)","(4, 2)",,onion,"[((2, 0), 'items2'), ((4, 0), 'empty')]"
5009,368,103,PLACE,"(2, 0)",PLACE,PLACE,PLACE,1,1,1,0,,PLACE,"(1, 1)","(2, 2)",onion,onion,"[((2, 0), 'items2'), ((4, 0), 'empty')]"
5009,370,104,PLACE,"(4, 0)",PLACE,PLACE,PLACE,1,1,1,0,,PLACE,"(1, 2)","(2, 1)",onion,,"[((2, 0), 'items3'), ((4, 0), 'empty')]"
5009,375,105,FETCH,"(6, 1)",GET_DISH,FETCH,FETCH,0,1,1,0,,FETCH,"(4, 1)","(3, 1)",,,"[((2, 0), 'cooking'), ((4, 0), 'items1')]"
5009,377,106,PLACE,"(4, 0)",PLACE,PLACE,PLACE,1,1,1,0,,PLACE,"(5, 1)","(3, 1)",onion,,"[((2, 0), 'cooking'), ((4, 0), 'items1')]"
5009,381,107,FETCH,"(6, 1)",GET_DISH,FETCH,FETCH,0,1,1,0,,FETCH,"(4, 1)","(3, 1)",,,"[((2, 0), 'cooking'), ((4, 0), 'items2')]"
5009,383,108,PLACE,"(4, 0)",HOLD,PLACE,PLACE,0,1,1,0,,PLACE,"(5, 1)","(3, 1)",onion,,"[((2, 0), 'cooking'), ((4, 0), 'items2')]"
5009,387,109,COOK_START,"(4, 0)",GET_DISH,COOK_START,COOK_START,0,1,1,0,,COOK_START,"(4, 1)","(3, 1)",,,"[((2, 0), 'cooking'), ((4, 0), 'items3')]"
5009,388,110,GET_DISH,"(2, 3)",HOLD,GET_DISH,GET_DISH,0,1,1,0,,GET_DISH,"(4, 1)","(3, 2)",,,"[((2, 0), 'cooking'), ((4, 0), 'cooking')]"
5009,396,111,PICKUP,"(2, 0)",PICKUP,PICKUP,PICKUP,1,1,1,0,,PICKUP,"(2, 2)","(3, 1)",dish,,"[((2, 0), 'ready'), ((4, 0), 'cooking')]"
5009,398,112,DELIVER,"(4, 3)",DELIVER,DELIVER,DELIVER,1,1,1,0,,DELIVER,"(2, 1)","(3, 1)",soup,,"[((2, 0), 'empty'), ((4, 0), 'cooking')]"
5009,404,113,FETCH,"(6, 1)",GET_DISH,FETCH,FETCH,0,1,1,0,,FETCH,"(4, 2)","(3, 1)",,,"[((2, 0), 'empty'), ((4, 0), 'cooking')]"
5009,407,114,PLACE,"(2, 0)",PLACE,PLACE,PLACE,1,1,1,0,,PLACE,"(5, 1)","(2, 2)",onion,dish,"[((2, 0), 'empty'), ((4, 0), 'ready')]"
5009,414,115,FETCH,"(0, 1)",HOLD,FETCH,FETCH,0,1,1,0,,FETCH,"(2, 1)","(4, 2)",,,"[((2, 0), 'items1'), ((4, 0), 'empty')]"
5009,416,116,PLACE,"(2, 0)",HOLD,PLACE,PLACE,0,1,1,0,,PLACE,"(1, 1)","(5, 1)",onion,,"[((2, 0), 'items1'), ((4, 0), 'empty')]"
5009,420,117,FETCH,"(0, 1)",FETCH,FETCH,FETCH,1,1,1,0,,FETCH,"(2, 1)","(4, 2)",,onion,"[((2, 0), 'items2'), ((4, 0), 'empty')]"
5009,422,118,PLACE,"(2, 0)",PLACE,PLACE,PLACE,1,1,1,0,,PLACE,"(1, 1)","(2, 2)",onion,onion,"[((2, 0), 'items2'), ((4, 0), 'empty')]"
5009,424,119,PLACE,"(4, 0)",PLACE,PLACE,PLACE,1,1,1,0,,PLACE,"(1, 2)","(2, 1)",onion,,"[((2, 0), 'items3'), ((4, 0), 'empty')]"
5009,429,120,FETCH,"(6, 1)",GET_DISH,FETCH,FETCH,0,1,1,0,,FETCH,"(4, 1)","(3, 1)",,,"[((2, 0), 'cooking'), ((4, 0), 'items1')]"
5009,431,121,PLACE,"(4, 0)",PLACE,PLACE,PLACE,1,1,1,0,,PLACE,"(5, 1)","(3, 1)",onion,,"[((2, 0), 'cooking'), ((4, 0), 'items1')]"
5009,435,122,FETCH,"(6, 1)",GET_DISH,FETCH,FETCH,0,1,1,0,,FETCH,"(4, 1)","(3, 1)",,,"[((2, 0), 'cooking'), ((4, 0), 'items2')]"
5009,437,123,PLACE,"(4, 0)",HOLD,PLACE,PLACE,0,1,1,0,,PLACE,"(5, 1)","(3, 1)",onion,,"[((2, 0), 'cooking'), ((4, 0), 'items2')]"
5009,441,124,COOK_START,"(4, 0)",GET_DISH,COOK_START,COOK_START,0,1,1,0,,COOK_START,"(4, 1)","(3, 1)",,,"[((2, 0), 'cooking'), ((4, 0), 'items3')]"
5009,442,125,GET_DISH,"(2, 3)",HOLD,GET_DISH,GET_DISH,0,1,1,0,,GET_DISH,"(4, 1)","(3, 2)",,,"[((2, 0), 'cooking'), ((4, 0), 'cooking')]"
5009,450,126,PICKUP,"(2, 0)",PICKUP,PICKUP,PICKUP,1,1,1,0,,PICKUP,"(2, 2)","(3, 1)",dish,,"[((2, 0), 'ready'), ((4, 0), 'cooking')]"
5009,452,127,DELIVER,"(4, 3)",DELIVER,DELIVER,DELIVER,1,1,1,0,,DELIVER,"(2, 1)","(3, 1)",soup,,"[((2, 0), 'empty'), ((4, 0), 'cooking')]"
5009,458,128,FETCH,"(6, 1)",GET_DISH,FETCH,FETCH,0,1,1,0,,FETCH,"(4, 2)","(3, 1)",,,"[((2, 0), 'empty'), ((4, 0), 'cooking')]"
5009,461,129,PLACE,"(2, 0)",PLACE,PLACE,PLACE,1,1,1,0,,PLACE,"(5, 1)","(2, 2)",onion,dish,"[((2, 0), 'empty'), ((4, 0), 'ready')]"
5009,468,130,FETCH,"(0, 1)",HOLD,FETCH,FETCH,0,1,1,0,,FETCH,"(2, 1)","(4, 2)",,,"[((2, 0), 'items1'), ((4, 0), 'empty')]"
5009,470,131,PLACE,"(2, 0)",HOLD,PLACE,PLACE,0,1,1,0,,PLACE,"(1, 1)","(5, 1)",onion,,"[((2, 0), 'items1'), ((4, 0), 'empty')]"
5009,474,132,FETCH,"(0, 1)",FETCH,FETCH,FETCH,1,1,1,0,,FETCH,"(2, 1)","(4, 2)",,onion,"[((2, 0), 'items2'), ((4, 0), 'empty')]"
5009,476,133,PLACE,"(2, 0)",PLACE,PLACE,PLACE,1,1,1,0,,PLACE,"(1, 1)","(2, 2)",onion,onion,"[((2, 0), 'items2'), ((4, 0), 'empty')]"
5009,478,134,PLACE,"(4, 0)",PLACE,PLACE,PLACE,1,1,1,0,,PLACE,"(1, 2)","(2, 1)",onion,,"[((2, 0), 'items3'), ((4, 0), 'empty')]"
5009,483,135,FETCH,"(6, 1)",GET_DISH,FETCH,FETCH,0,1,1,0,,FETCH,"(4, 1)","(3, 1)",,,"[((2, 0), 'cooking'), ((4, 0), 'items1')]"
5009,485,136,PLACE,"(4, 0)",PLACE,PLACE,PLACE,1,1,1,0,,PLACE,"(5, 1)","(3, 1)",onion,,"[((2, 0), 'cooking'), ((4, 0), 'items1')]"
5009,489,137,FETCH,"(6, 1)",HOLD,FETCH,FETCH,0,1,1,0,,FETCH,"(4, 1)","(3, 1)",,,"[((2, 0), 'cooking'), ((4, 0), 'items2')]"
5009,491,138,PLACE,"(4, 0)",HOLD,PLACE,PLACE,0,1,1,0,,PLACE,"(5, 1)","(3, 1)",onion,,"[((2, 0), 'cooking'), ((4, 0), 'items2')]"
5009,495,139,COOK_START,"(4, 0)",GET_DISH,COOK_START,COOK_START,0,1,1,0,,COOK_START,"(4, 1)","(3, 1)",,,"[((2, 0), 'cooking'), ((4, 0), 'items3')]"
5009,496,140,GET_DISH,"(2, 3)",HOLD,GET_DISH,GET_DISH,0,1,1,0,,GET_DISH,"(4, 1)","(3, 2)",,,"[((2, 0), 'cooking'), ((4, 0), 'cooking')]"
5009,504,141,PICKUP,"(2, 0)",PICKUP,PICKUP,PICKUP,1,1,1,0,,PICKUP,"(2, 2)","(3, 1)",dish,,"[((2, 0), 'ready'), ((4, 0), 'cooking')]"
5009,506,142,DELIVER,"(4, 3)",DELIVER,DELIVER,DELIVER,1,1,1,0,,DELIVER,"(2, 1)","(3, 1)",soup,,"[((2, 0), 'empty'), ((4, 0), 'cooking')]"
5009,512,143,FETCH,"(6, 1)",GET_DISH,FETCH,FETCH,0,1,1,0,,FETCH,"(4, 2)","(3, 1)",,,"[((2, 0), 'empty'), ((4, 0), 'cooking')]"
5009,515,144,PLACE,"(2, 0)",PLACE,PLACE,PLACE,1,1,1,0,,PLACE,"(5, 1)","(2, 2)",onion,dish,"[((2, 0), 'empty'), ((4, 0), 'ready')]"
5009,522,145,FETCH,"(0, 1)",HOLD,FETCH,FETCH,0,1,1,0,,FETCH,"(2, 1)","(4, 2)",,,"[((2, 0), 'items1'), ((4, 0), 'empty')]"
5009,524,146,PLACE,"(2, 0)",HOLD,PLACE,PLACE,0,1,1,0,,PLACE,"(1, 1)","(5, 1)",onion,,"[((2, 0), 'items1'), ((4, 0), 'empty')]"
5009,528,147,FETCH,"(0, 1)",FETCH,FETCH,FETCH,1,1,1,0,,FETCH,"(2, 1)","(4, 2)",,onion,"[((2, 0), 'items2'), ((4, 0), 'empty')]"
5009,530,148,PLACE,"(2, 0)",PLACE,PLACE,PLACE,1,1,1,0,,PLACE,"(1, 1)","(2, 2)",onion,onion,"[((2, 0), 'items2'), ((4, 0), 'empty')]"
5009,532,149,PLACE,"(4, 0)",PLACE,PLACE,PLACE,1,1,1,0,,PLACE,"(1, 2)","(2, 1)",onion,,"[((2, 0), 'items3'), ((4, 0), 'empty')]"
5009,537,150,FETCH,"(6, 1)",GET_DISH,FETCH,FETCH,0,1,1,0,,FETCH,"(4, 1)","(3, 1)",,,"[((2, 0), 'cooking'), ((4, 0), 'items1')]"
5009,539,151,PLACE,"(4, 0)",HOLD,PLACE,PLACE,0,1,1,0,,PLACE,"(5, 1)","(3, 1)",onion,,"[((2, 0), 'cooking'), ((4, 0), 'items1')]"
5009,543,152,FETCH,"(6, 1)",HOLD,FETCH,FETCH,0,1,1,0,,FETCH,"(4, 1)","(3, 1)",,,"[((2, 0), 'cooking'), ((4, 0), 'items2')]"
5009,545,153,PLACE,"(4, 0)",HOLD,PLACE,PLACE,0,1,1,0,,PLACE,"(5, 1)","(3, 1)",onion,,"[((2, 0), 'cooking'), ((4, 0), 'items2')]"
5009,549,154,COOK_START,"(4, 0)",GET_DISH,COOK_START,COOK_START,0,1,1,0,,COOK_START,"(4, 1)","(3, 1)",,,"[((2, 0), 'cooking'), ((4, 0), 'items3')]"
5009,550,155,GET_DISH,"(2, 3)",HOLD,GET_DISH,GET_DISH,0,1,1,0,,GET_DISH,"(4, 1)","(3, 2)",,,"[((2, 0), 'cooking'), ((4, 0), 'cooking')]"
5009,558,156,PICKUP,"(2, 0)",PICKUP,PICKUP,PICKUP,1,1,1,0,,PICKUP,"(2, 2)","(3, 1)",dish,,"[((2, 0), 'ready'), ((4, 0), 'cooking')]"
5009,560,157,DELIVER,"(4, 3)",DELIVER,DELIVER,DELIVER,1,1,1,0,,DELIVER,"(2, 1)","(3, 1)",soup,,"[((2, 0), 'empty'), ((4, 0), 'cooking')]"
5009,566,158,FETCH,"(6, 1)",GET_DISH,FETCH,FETCH,0,1,1,0,,FETCH,"(4, 2)","(3, 1)",,,"[((2, 0), 'empty'), ((4, 0), 'cooking')]"
5009,569,159,PLACE,"(2, 0)",PLACE,PLACE,PLACE,1,1,1,0,,PLACE,"(5, 1)","(2, 2)",onion,dish,"[((2, 0), 'empty'), ((4, 0), 'ready')]"
5009,576,160,FETCH,"(0, 1)",HOLD,FETCH,FETCH,0,1,1,0,,FETCH,"(2, 1)","(4, 2)",,,"[((2, 0), 'items1'), ((4, 0), 'empty')]"
5009,578,161,PLACE,"(2, 0)",HOLD,PLACE,PLACE,0,1,1,0,,PLACE,"(1, 1)","(5, 1)",onion,,"[((2, 0), 'items1'), ((4, 0), 'empty')]"
5009,582,162,FETCH,"(0, 1)",FETCH,FETCH,FETCH,1,1,1,0,,FETCH,"(2, 1)","(4, 2)",,onion,"[((2, 0), 'items2'), ((4, 0), 'empty')]"
5009,584,163,PLACE,"(2, 0)",PLACE,PLACE,PLACE,1,1,1,0,,PLACE,"(1, 1)","(2, 2)",onion,onion,"[((2, 0), 'items2'), ((4, 0), 'empty')]"
5009,586,164,PLACE,"(4, 0)",PLACE,PLACE,PLACE,1,1,1,0,,PLACE,"(1, 2)","(2, 1)",onion,,"[((2, 0), 'items3'), ((4, 0), 'empty')]"
5009,591,165,FETCH,"(6, 1)",GET_DISH,FETCH,FETCH,0,1,1,0,,FETCH,"(4, 1)","(3, 1)",,,"[((2, 0), 'cooking'), ((4, 0), 'items1')]"
5009,593,166,PLACE,"(4, 0)",HOLD,PLACE,PLACE,0,1,1,0,,PLACE,"(5, 1)","(3, 1)",onion,,"[((2, 0), 'cooking'), ((4, 0), 'items1')]"
5009,597,167,FETCH,"(6, 1)",HOLD,FETCH,FETCH,0,1,1,0,,FETCH,"(4, 1)","(3, 1)",,,"[((2, 0), 'cooking'), ((4, 0), 'items2')]"
5009,599,168,PLACE,"(4, 0)",HOLD,PLACE,PLACE,0,1,1,0,,PLACE,"(5, 1)","(3, 1)",onion,,"[((2, 0), 'cooking'), ((4, 0), 'items2')]"
5009,603,169,COOK_START,"(4, 0)",HOLD,COOK_START,COOK_START,0,1,1,0,,COOK_START,"(4, 1)","(3, 1)",,,"[((2, 0), 'cooking'), ((4, 0), 'items3')]"
5009,604,170,GET_DISH,"(2, 3)",HOLD,GET_DISH,GET_DISH,0,1,1,0,,GET_DISH,"(4, 1)","(3, 2)",,,"[((2, 0), 'cooking'), ((4, 0), 'cooking')]"
5009,612,171,PICKUP,"(2, 0)",PICKUP,PICKUP,PICKUP,1,1,1,0,,PICKUP,"(2, 2)","(3, 1)",dish,,"[((2, 0), 'ready'), ((4, 0), 'cooking')]"
5009,614,172,DELIVER,"(4, 3)",DELIVER,DELIVER,DELIVER,1,1,1,0,,DELIVER,"(2, 1)","(3, 1)",soup,,"[((2, 0), 'empty'), ((4, 0), 'cooking')]"
5009,620,173,FETCH,"(6, 1)",GET_DISH,FETCH,FETCH,0,1,1,0,,FETCH,"(4, 2)","(3, 1)",,,"[((2, 0), 'empty'), ((4, 0), 'cooking')]"
5009,623,174,PLACE,"(2, 0)",PLACE,PLACE,PLACE,1,1,1,0,,PLACE,"(5, 1)","(2, 2)",onion,dish,"[((2, 0), 'empty'), ((4, 0), 'ready')]"
5009,630,175,FETCH,"(0, 1)",HOLD,FETCH,FETCH,0,1,1,0,,FETCH,"(2, 1)","(4, 2)",,,"[((2, 0), 'items1'), ((4, 0), 'empty')]"
5009,632,176,PLACE,"(2, 0)",HOLD,PLACE,PLACE,0,1,1,0,,PLACE,"(1, 1)","(5, 1)",onion,,"[((2, 0), 'items1'), ((4, 0), 'empty')]"
5009,636,177,FETCH,"(0, 1)",FETCH,FETCH,FETCH,1,1,1,0,,FETCH,"(2, 1)","(4, 2)",,onion,"[((2, 0), 'items2'), ((4, 0), 'empty')]"
5009,638,178,PLACE,"(2, 0)",PLACE,PLACE,PLACE,1,1,1,0,,PLACE,"(1, 1)","(2, 2)",onion,onion,"[((2, 0), 'items2'), ((4, 0), 'empty')]"
5009,640,179,PLACE,"(4, 0)",PLACE,PLACE,PLACE,1,1,1,0,,PLACE,"(1, 2)","(2, 1)",onion,,"[((2, 0), 'items3'), ((4, 0), 'empty')]"
5009,645,180,FETCH,"(6, 1)",GET_DISH,FETCH,FETCH,0,1,1,0,,FETCH,"(4, 1)","(3, 1)",,,"[((2, 0), 'cooking'), ((4, 0), 'items1')]"
5009,647,181,PLACE,"(4, 0)",HOLD,PLACE,PLACE,0,1,1,0,,PLACE,"(5, 1)","(3, 1)",onion,,"[((2, 0), 'cooking'), ((4, 0), 'items1')]"
5009,651,182,FETCH,"(6, 1)",HOLD,FETCH,FETCH,0,1,1,0,,FETCH,"(4, 1)","(3, 1)",,,"[((2, 0), 'cooking'), ((4, 0), 'items2')]"
5009,653,183,PLACE,"(4, 0)",HOLD,PLACE,PLACE,0,1,1,0,,PLACE,"(5, 1)","(3, 1)",onion,,"[((2, 0), 'cooking'), ((4, 0), 'items2')]"
5009,657,184,COOK_START,"(4, 0)",HOLD,COOK_START,COOK_START,0,1,1,0,,COOK_START,"(4, 1)","(3, 1)",,,"[((2, 0), 'cooking'), ((4, 0), 'items3')]"
5009,658,185,GET_DISH,"(2, 3)",HOLD,GET_DISH,GET_DISH,0,1,1,0,,GET_DISH,"(4, 1)","(3, 2)",,,"[((2, 0), 'cooking'), ((4, 0), 'cooking')]"
5009,666,186,PICKUP,"(2, 0)",PICKUP,PICKUP,PICKUP,1,1,1,0,,PICKUP,"(2, 2)","(3, 1)",dish,,"[((2, 0), 'ready'), ((4, 0), 'cooking')]"
5009,668,187,DELIVER,"(4, 3)",DELIVER,DELIVER,DELIVER,1,1,1,0,,DELIVER,"(2, 1)","(3, 1)",soup,,"[((2, 0), 'empty'), ((4, 0), 'cooking')]"
5009,674,188,FETCH,"(6, 1)",GET_DISH,FETCH,FETCH,0,1,1,0,,FETCH,"(4, 2)","(3, 1)",,,"[((2, 0), 'empty'), ((4, 0), 'cooking')]"
5009,677,189,PLACE,"(2, 0)",PLACE,PLACE,PLACE,1,1,1,0,,PLACE,"(5, 1)","(2, 2)",onion,dish,"[((2, 0), 'empty'), ((4, 0), 'ready')]"
5009,684,190,FETCH,"(0, 1)",HOLD,FETCH,FETCH,0,1,1,0,,FETCH,"(2, 1)","(4, 2)",,,"[((2, 0), 'items1'), ((4, 0), 'empty')]"
5009,686,191,PLACE,"(2, 0)",HOLD,PLACE,PLACE,0,1,1,0,,PLACE,"(1, 1)","(5, 1)",onion,,"[((2, 0), 'items1'), ((4, 0), 'empty')]"
5009,690,192,FETCH,"(0, 1)",FETCH,FETCH,FETCH,1,1,1,0,,FETCH,"(2, 1)","(4, 2)",,onion,"[((2, 0), 'items2'), ((4, 0), 'empty')]"
5009,692,193,PLACE,"(2, 0)",PLACE,PLACE,PLACE,1,1,1,0,,PLACE,"(1, 1)","(2, 2)",onion,onion,"[((2, 0), 'items2'), ((4, 0), 'empty')]"
5009,694,194,PLACE,"(4, 0)",PLACE,PLACE,PLACE,1,1,1,0,,PLACE,"(1, 2)","(2, 1)",onion,,"[((2, 0), 'items3'), ((4, 0), 'empty')]"
5009,699,195,FETCH,"(6, 1)",GET_DISH,FETCH,FETCH,0,1,1,0,,FETCH,"(4, 1)","(3, 1)",,,"[((2, 0), 'cooking'), ((4, 0), 'items1')]"
5010,0,1,FETCH,"(0, 1)",HOLD,FETCH,HOLD,0,1,0,0,,,"(3, 1)","(5, 1)",,,"[((2, 0), 'empty'), ((4, 0), 'empty')]"
5010,3,2,PLACE,"(2, 0)",PLACE,PLACE,PLACE,1,1,1,0,PLACE,PLACE,"(1, 1)","(5, 2)",onion,,"[((2, 0), 'empty'), ((4, 0), 'empty')]"
5010,7,3,FETCH,"(0, 1)",FETCH,FETCH,FETCH,1,1,1,0,FETCH,FETCH,"(2, 1)","(5, 2)",,,"[((2, 0), 'items1'), ((4, 0), 'empty')]"
5010,9,4,PLACE,"(2, 0)",PLACE,PLACE,PLACE,1,1,1,0,PLACE,PLACE,"(1, 1)","(5, 2)",onion,,"[((2, 0), 'items1'), ((4, 0), 'empty')]"
5010,13,5,FETCH,"(0, 1)",FETCH,FETCH,FETCH,1,1,1,0,FETCH,FETCH,"(2, 1)","(5, 2)",,,"[((2, 0), 'items2'), ((4, 0), 'empty')]"
5010,15,6,PLACE,"(2, 0)",PLACE,PLACE,PLACE,1,1,1,0,PLACE,PLACE,"(1, 1)","(5, 2)",onion,,"[((2, 0), 'items2'), ((4, 0), 'empty')]"
5010,19,7,COOK_START,"(2, 0)",COOK_START,COOK_START,COOK_START,1,1,1,0,COOK_START,COOK_START,"(2, 1)","(5, 2)",,,"[((2, 0), 'items3'), ((4, 0), 'empty')]"
5010,20,8,FETCH,"(0, 1)",HOLD,FETCH,HOLD,0,1,0,1,HOLD,FETCH,"(2, 1)","(5, 2)",,,"[((2, 0), 'cooking'), ((4, 0), 'empty')]"
5010,22,9,PLACE,"(4, 0)",HOLD,PLACE,PLACE,0,1,1,0,,PLACE,"(1, 1)","(5, 1)",onion,,"[((2, 0), 'cooking'), ((4, 0), 'empty')]"
5010,28,10,FETCH,"(6, 1)",FETCH,FETCH,FETCH,1,1,1,0,,FETCH,"(4, 1)","(3, 2)",,dish,"[((2, 0), 'cooking'), ((4, 0), 'items1')]"
5010,30,11,PLACE,"(4, 0)",PLACE,PLACE,PLACE,1,1,1,0,,PLACE,"(5, 1)","(3, 2)",onion,dish,"[((2, 0), 'cooking'), ((4, 0), 'items1')]"
5010,34,12,FETCH,"(6, 1)",FETCH,FETCH,FETCH,1,1,1,0,,FETCH,"(4, 1)","(3, 2)",,dish,"[((2, 0), 'cooking'), ((4, 0), 'items2')]"
5010,36,13,PLACE,"(4, 0)",PLACE,PLACE,PLACE,1,1,1,0,,PLACE,"(5, 1)","(3, 2)",onion,dish,"[((2, 0), 'cooking'), ((4, 0), 'items2')]"
5010,40,14,COOK_START,"(4, 0)",COOK_START,COOK_START,COOK_START,1,1,1,0,,COOK_START,"(4, 1)","(2, 2)",,dish,"[((2, 0), 'ready'), ((4, 0), 'items3')]"
5010,41,15,GET_DISH,"(2, 3)",GET_DISH,GET_DISH,GET_DISH,1,1,1,0,,GET_DISH,"(4, 1)","(2, 1)",,dish,"[((2, 0), 'ready'), ((4, 0), 'cooking')]"
5010,50,16,PRE,"(4, 0)",PRE,PRE,PRE,1,1,1,0,,PRE,"(2, 2)","(4, 2)",dish,,"[((2, 0), 'empty'), ((4, 0), 'cooking')]"
5010,60,17,PICKUP,"(4, 0)",PICKUP,PICKUP,PICKUP,1,1,1,0,,PICKUP,"(3, 2)","(3, 1)",dish,,"[((2, 0), 'empty'), ((4, 0), 'ready')]"
5010,63,18,DELIVER,"(4, 3)",DELIVER,DELIVER,DELIVER,1,1,1,0,,DELIVER,"(4, 1)","(3, 1)",soup,,"[((2, 0), 'empty'), ((4, 0), 'empty')]"
5010,65,19,FETCH,"(6, 1)",FETCH,FETCH,FETCH,1,1,1,0,FETCH,FETCH,"(4, 2)","(1, 1)",,,"[((2, 0), 'empty'), ((4, 0), 'empty')]"
5010,68,20,PLACE,"(4, 0)",PLACE,PLACE,PLACE,1,1,1,0,PLACE,PLACE,"(5, 1)","(3, 2)",onion,,"[((2, 0), 'empty'), ((4, 0), 'empty')]"
5010,79,21,FETCH,"(6, 1)",FETCH,FETCH,FETCH,1,1,1,0,FETCH,FETCH,"(4, 1)","(5, 2)",,,"[((2, 0), 'empty'), ((4, 0), 'items1')]"
5010,81,22,PLACE,"(4, 0)",PLACE,PLACE,PLACE,1,1,1,0,PLACE,PLACE,"(5, 1)","(5, 2)",onion,,"[((2, 0), 'empty'), ((4, 0), 'items1')]"
5010,85,23,FETCH,"(6, 1)",FETCH,FETCH,FETCH,1,1,1,0,FETCH,FETCH,"(4, 1)","(5, 2)",,,"[((2, 0), 'empty'), ((4, 0), 'items2')]"
5010,87,24,PLACE,"(4, 0)",PLACE,PLACE,PLACE,1,1,1,0,PLACE,PLACE,"(5, 1)","(5, 2)",onion,,"[((2, 0), 'empty'), ((4, 0), 'items2')]"
5010,91,25,COOK_START,"(4, 0)",COOK_START,COOK_START,COOK_START,1,1,1,0,COOK_START,COOK_START,"(4, 1)","(5, 2)",,,"[((2, 0), 'empty'), ((4, 0), 'items3')]"
5010,92,26,FETCH,"(6, 1)",FETCH,FETCH,FETCH,1,1,1,0,FETCH,FETCH,"(4, 1)","(5, 2)",,,"[((2, 0), 'empty'), ((4, 0), 'cooking')]"
5010,94,27,PLACE,"(2, 0)",PLACE,PLACE,PLACE,1,1,1,0,PLACE,PLACE,"(5, 1)","(4, 1)",onion,,"[((2, 0), 'empty'), ((4, 0), 'cooking')]"
5010,107,28,FETCH,"(0, 1)",HOLD,FETCH,FETCH,0,1,1,1,HOLD,FETCH,"(2, 1)","(3, 2)",,dish,"[((2, 0), 'items1'), ((4, 0), 'cooking')]"
5010,109,29,PLACE,"(2, 0)",PLACE,PLACE,PLACE,1,1,1,0,PLACE,PLACE,"(1, 1)","(3, 2)",onion,dish,"[((2, 0), 'items1'), ((4, 0), 'cooking')]"
5010,113,30,FETCH,"(0, 1)",FETCH,FETCH,FETCH,1,1,1,0,FETCH,FETCH,"(2, 1)","(4, 1)",,dish,"[((2, 0), 'items2'), ((4, 0), 'ready')]"
5010,115,31,PLACE,"(2, 0)",PLACE,PLACE,PLACE,1,1,1,0,PLACE,PLACE,"(1, 1)","(4, 2)",onion,soup,"[((2, 0), 'items2'), ((4, 0), 'empty')]"
5010,119,32,COOK_START,"(2, 0)",HOLD,COOK_START,COOK_START,0,1,1,1,HOLD,COOK_START,"(2, 1)","(5, 1)",,onion,"[((2, 0), 'items3'), ((4, 0), 'empty')]"
5010,120,33,FETCH,"(0, 1)",HOLD,FETCH,FETCH,0,1,1,0,,FETCH,"(2, 1)","(5, 2)",,onion,"[((2, 0), 'cooking'), ((4, 0), 'empty')]"
5010,122,34,PLACE,"(4, 0)",PLACE,PLACE,PLACE,1,1,1,0,,PLACE,"(1, 1)","(4, 1)",onion,onion,"[((2, 0), 'cooking'), ((4, 0), 'empty')]"
5010,128,35,FETCH,"(6, 1)",FETCH,FETCH,FETCH,1,1,1,0,,FETCH,"(4, 1)","(3, 1)",,,"[((2, 0), 'cooking'), ((4, 0), 'items2')]"
5010,130,36,PLACE,"(4, 0)",PLACE,PLACE,PLACE,1,1,1,0,,PLACE,"(5, 1)","(3, 1)",onion,,"[((2, 0), 'cooking'), ((4, 0), 'items2')]"
5010,134,37,COOK_START,"(4, 0)",COOK_START,COOK_START,COOK_START,1,1,1,0,,COOK_START,"(4, 1)","(3, 1)",,,"[((2, 0), 'cooking'), ((4, 0), 'items3')]"
5010,135,38,GET_DISH,"(2, 3)",GET_DISH,GET_DISH,GET_DISH,1,1,1,0,,GET_DISH,"(4, 1)","(3, 2)",,,"[((2, 0), 'cooking'), ((4, 0), 'cooking')]"
5010,143,39,PICKUP,"(2, 0)",PICKUP,PICKUP,PICKUP,1,1,1,0,,PICKUP,"(2, 2)","(3, 1)",dish,,"[((2, 0), 'ready'), ((4, 0), 'cooking')]"
5010,145,40,DELIVER,"(4, 3)",DELIVER,DELIVER,DELIVER,1,1,1,0,,DELIVER,"(2, 1)","(3, 1)",soup,,"[((2, 0), 'empty'), ((4, 0), 'cooking')]"
5010,151,41,FETCH,"(6, 1)",FETCH,FETCH,FETCH,1,1,1,0,,FETCH,"(4, 2)","(3, 1)",,,"[((2, 0), 'empty'), ((4, 0), 'cooking')]"
5010,154,42,PLACE,"(2, 0)",PLACE,PLACE,PLACE,1,1,1,0,,PLACE,"(5, 1)","(2, 2)",onion,dish,"[((2, 0), 'empty'), ((4, 0), 'ready')]"
5010,161,43,FETCH,"(0, 1)",FETCH,FETCH,FETCH,1,1,1,0,,FETCH,"(2, 1)","(4, 2)",,,"[((2, 0), 'items1'), ((4, 0), 'empty')]"
5010,163,44,PLACE,"(2, 0)",PLACE,PLACE,PLACE,1,1,1,0,,PLACE,"(1, 1)","(5, 1)",onion,,"[((2, 0), 'items1'), ((4, 0), 'empty')]"
5010,167,45,FETCH,"(0, 1)",FETCH,FETCH,FETCH,1,1,1,0,,FETCH,"(2, 1)","(4, 2)",,onion,"[((2, 0), 'items2'), ((4, 0), 'empty')]"
5010,169,46,PLACE,"(2, 0)",PLACE,PLACE,PLACE,1,1,1,0,,PLACE,"(1, 1)","(2, 2)",onion,onion,"[((2, 0), 'items2'), ((4, 0), 'empty')]"
5010,171,47,PLACE,"(4, 0)",PLACE,PLACE,PLACE,1,1,1,0,,PLACE,"(1, 2)","(2, 1)",onion,,"[((2, 0), 'items3'), ((4, 0), 'empty')]"
5010,176,48,FETCH,"(6, 1)",FETCH,FETCH,FETCH,1,1,1,0,,FETCH,"(4, 1)","(3, 1)",,,"[((2, 0), 'cooking'), ((4, 0), 'items1')]"
5010,178,49,PLACE,"(4, 0)",PLACE,PLACE,PLACE,1,1,1,0,,PLACE,"(5, 1)","(3, 1)",onion,,"[((2, 0), 'cooking'), ((4, 0), 'items1')]"
5010,182,50,FETCH,"(6, 1)",FETCH,FETCH,FETCH,1,1,1,0,,FETCH,"(4, 1)","(3, 1)",,,"[((2, 0), 'cooking'), ((4, 0), 'items2')]"
5010,184,51,PLACE,"(4, 0)",PLACE,PLACE,PLACE,1,1,1,0,,PLACE,"(5, 1)","(3, 1)",onion,,"[((2, 0), 'cooking'), ((4, 0), 'items2')]"
5010,188,52,COOK_START,"(4, 0)",COOK_START,COOK_START,COOK_START,1,1,1,0,,COOK_START,"(4, 1)","(3, 1)",,,"[((2, 0), 'cooking'), ((4, 0), 'items3')]"
5010,189,53,GET_DISH,"(2, 3)",GET_DISH,GET_DISH,GET_DISH,1,1,1,0,,GET_DISH,"(4, 1)","(3, 2)",,,"[((2, 0), 'cooking'), ((4, 0), 'cooking')]"
5010,197,54,PICKUP,"(2, 0)",PICKUP,PICKUP,PICKUP,1,1,1,0,,PICKUP,"(2, 2)","(3, 1)",dish,,"[((2, 0), 'ready'), ((4, 0), 'cooking')]"
5010,199,55,DELIVER,"(4, 3)",DELIVER,DELIVER,DELIVER,1,1,1,0,,DELIVER,"(2, 1)","(3, 1)",soup,,"[((2, 0), 'empty'), ((4, 0), 'cooking')]"
5010,205,56,FETCH,"(6, 1)",FETCH,FETCH,FETCH,1,1,1,0,,FETCH,"(4, 2)","(3, 1)",,,"[((2, 0), 'empty'), ((4, 0), 'cooking')]"
5010,208,57,PLACE,"(2, 0)",PLACE,PLACE,PLACE,1,1,1,0,,PLACE,"(5, 1)","(2, 2)",onion,dish,"[((2, 0), 'empty'), ((4, 0), 'ready')]"
5010,215,58,FETCH,"(0, 1)",FETCH,FETCH,FETCH,1,1,1,0,,FETCH,"(2, 1)","(4, 2)",,,"[((2, 0), 'items1'), ((4, 0), 'empty')]"
5010,217,59,PLACE,"(2, 0)",PLACE,PLACE,PLACE,1,1,1,0,,PLACE,"(1, 1)","(5, 1)",onion,,"[((2, 0), 'items1'), ((4, 0), 'empty')]"
5010,221,60,FETCH,"(0, 1)",FETCH,FETCH,FETCH,1,1,1,0,,FETCH,"(2, 1)","(4, 2)",,onion,"[((2, 0), 'items2'), ((4, 0), 'empty')]"
5010,223,61,PLACE,"(2, 0)",PLACE,PLACE,PLACE,1,1,1,0,,PLACE,"(1, 1)","(2, 2)",onion,onion,"[((2, 0), 'items2'), ((4, 0), 'empty')]"
5010,225,62,PLACE,"(4, 0)",PLACE,PLACE,PLACE,1,1,1,0,,PLACE,"(1, 2)","(2, 1)",onion,,"[((2, 0), 'items3'), ((4, 0), 'empty')]"
5010,230,63,FETCH,"(6, 1)",FETCH,FETCH,FETCH,1,1,1,0,,FETCH,"(4, 1)","(3, 1)",,,"[((2, 0), 'cooking'), ((4, 0), 'items1')]"
5010,232,64,PLACE,"(4, 0)",PLACE,PLACE,PLACE,1,1,1,0,,PLACE,"(5, 1)","(3, 1)",onion,,"[((2, 0), 'cooking'), ((4, 0), 'items1')]"
5010,236,65,FETCH,"(6, 1)",FETCH,FETCH,FETCH,1,1,1,0,,FETCH,"(4, 1)","(3, 1)",,,"[((2, 0), 'cooking'), ((4, 0), 'items2')]"
5010,238,66,PLACE,"(4, 0)",PLACE,PLACE,PLACE,1,1,1,0,,PLACE,"(5, 1)","(3, 1)",onion,,"[((2, 0), 'cooking'), ((4, 0), 'items2')]"
5010,242,67,COOK_START,"(4, 0)",COOK_START,COOK_START,COOK_START,1,1,1,0,,COOK_START,"(4, 1)","(3, 1)",,,"[((2, 0), 'cooking'), ((4, 0), 'items3')]"
5010,243,68,GET_DISH,"(2, 3)",GET_DISH,GET_DISH,GET_DISH,1,1,1,0,,GET_DISH,"(4, 1)","(3, 2)",,,"[((2, 0), 'cooking'), ((4, 0), 'cooking')]"
5010,251,69,PICKUP,"(2, 0)",PICKUP,PICKUP,PICKUP,1,1,1,0,,PICKUP,"(2, 2)","(3, 1)",dish,,"[((2, 0), 'ready'), ((4, 0), 'cooking')]"
5010,253,70,DELIVER,"(4, 3)",DELIVER,DELIVER,DELIVER,1,1,1,0,,DELIVER,"(2, 1)","(3, 1)",soup,,"[((2, 0), 'empty'), ((4, 0), 'cooking')]"
5010,259,71,FETCH,"(6, 1)",FETCH,FETCH,FETCH,1,1,1,0,,FETCH,"(4, 2)","(3, 1)",,,"[((2, 0), 'empty'), ((4, 0), 'cooking')]"
5010,262,72,PLACE,"(2, 0)",PLACE,PLACE,PLACE,1,1,1,0,,PLACE,"(5, 1)","(2, 2)",onion,dish,"[((2, 0), 'empty'), ((4, 0), 'ready')]"
5010,269,73,FETCH,"(0, 1)",HOLD,FETCH,FETCH,0,1,1,0,,FETCH,"(2, 1)","(4, 2)",,,"[((2, 0), 'items1'), ((4, 0), 'empty')]"
5010,271,74,PLACE,"(2, 0)",PLACE,PLACE,PLACE,1,1,1,0,,PLACE,"(1, 1)","(5, 1)",onion,,"[((2, 0), 'items1'), ((4, 0), 'empty')]"
5010,275,75,FETCH,"(0, 1)",FETCH,FETCH,FETCH,1,1,1,0,,FETCH,"(2, 1)","(4, 2)",,onion,"[((2, 0), 'items2'), ((4, 0), 'empty')]"
5010,277,76,PLACE,"(2, 0)",PLACE,PLACE,PLACE,1,1,1,0,,PLACE,"(1, 1)","(2, 2)",onion,onion,"[((2, 0), 'items2'), ((4, 0), 'empty')]"
5010,279,77,PLACE,"(4, 0)",PLACE,PLACE,PLACE,1,1,1,0,,PLACE,"(1, 2)","(2, 1)",onion,,"[((2, 0), 'items3'), ((4, 0), 'empty')]"
5010,284,78,FETCH,"(6, 1)",GET_DISH,FETCH,FETCH,0,1,1,0,,FETCH,"(4, 1)","(3, 1)",,,"[((2, 0), 'cooking'), ((4, 0), 'items1')]"
5010,286,79,PLACE,"(4, 0)",PLACE,PLACE,PLACE,1,1,1,0,,PLACE,"(5, 1)","(3, 1)",onion,,"[((2, 0), 'cooking'), ((4, 0), 'items1')]"
5010,290,80,FETCH,"(6, 1)",GET_DISH,FETCH,FETCH,0,1,1,0,,FETCH,"(4, 1)","(3, 1)",,,"[((2, 0), 'cooking'), ((4, 0), 'items2')]"
5010,292,81,PLACE,"(4, 0)",PLACE,PLACE,PLACE,1,1,1,0,,PLACE,"(5, 1)","(3, 1)",onion,,"[((2, 0), 'cooking'), ((4, 0), 'items2')]"
5010,296,82,COOK_START,"(4, 0)",COOK_START,COOK_START,COOK_START,1,1,1,0,,COOK_START,"(4, 1)","(3, 1)",,,"[((2, 0), 'cooking'), ((4, 0), 'items3')]"
5010,297,83,GET_DISH,"(2, 3)",GET_DISH,GET_DISH,GET_DISH,1,1,1,0,,GET_DISH,"(4, 1)","(3, 2)",,,"[((2, 0), 'cooking'), ((4, 0), 'cooking')]"
5010,305,84,PICKUP,"(2, 0)",PICKUP,PICKUP,PICKUP,1,1,1,0,,PICKUP,"(2, 2)","(3, 1)",dish,,"[((2, 0), 'ready'), ((4, 0), 'cooking')]"
5010,307,85,DELIVER,"(4, 3)",DELIVER,DELIVER,DELIVER,1,1,1,0,,DELIVER,"(2, 1)","(3, 1)",soup,,"[((2, 0), 'empty'), ((4, 0), 'cooking')]"
5010,313,86,FETCH,"(6, 1)",FETCH,FETCH,FETCH,1,1,1,0,,FETCH,"(4, 2)","(3, 1)",,,"[((2, 0), 'empty'), ((4, 0), 'cooking')]"
5010,316,87,PLACE,"(2, 0)",PLACE,PLACE,PLACE,1,1,1,0,,PLACE,"(5, 1)","(2, 2)",onion,dish,"[((2, 0), 'empty'), ((4, 0), 'ready')]"
5010,323,88,FETCH,"(0, 1)",HOLD,FETCH,FETCH,0,1,1,0,,FETCH,"(2, 1)","(4, 2)",,,"[((2, 0), 'items1'), ((4, 0), 'empty')]"
5010,325,89,PLACE,"(2, 0)",PLACE,PLACE,PLACE,1,1,1,0,,PLACE,"(1, 1)","(5, 1)",onion,,"[((2, 0), 'items1'), ((4, 0), 'empty')]"
5010,329,90,FETCH,"(0, 1)",FETCH,FETCH,FETCH,1,1,1,0,,FETCH,"(2, 1)","(4, 2)",,onion,"[((2, 0), 'items2'), ((4, 0), 'empty')]"
5010,331,91,PLACE,"(2, 0)",PLACE,PLACE,PLACE,1,1,1,0,,PLACE,"(1, 1)","(2, 2)",onion,onion,"[((2, 0), 'items2'), ((4, 0), 'empty')]"
5010,333,92,PLACE,"(4, 0)",PLACE,PLACE,PLACE,1,1,1,0,,PLACE,"(1, 2)","(2, 1)",onion,,"[((2, 0), 'items3'), ((4, 0), 'empty')]"
5010,338,93,FETCH,"(6, 1)",GET_DISH,FETCH,FETCH,0,1,1,0,,FETCH,"(4, 1)","(3, 1)",,,"[((2, 0), 'cooking'), ((4, 0), 'items1')]"
5010,340,94,PLACE,"(4, 0)",PLACE,PLACE,PLACE,1,1,1,0,,PLACE,"(5, 1)","(3, 1)",onion,,"[((2, 0), 'cooking'), ((4, 0), 'items1')]"
5010,344,95,FETCH,"(6, 1)",GET_DISH,FETCH,FETCH,0,1,1,0,,FETCH,"(4, 1)","(3, 1)",,,"[((2, 0), 'cooking'), ((4, 0), 'items2')]"
5010,346,96,PLACE,"(4, 0)",PLACE,PLACE,PLACE,1,1,1,0,,PLACE,"(5, 1)","(3, 1)",onion,,"[((2, 0), 'cooking'), ((4, 0), 'items2')]"
5010,350,97,COOK_START,"(4, 0)",GET_DISH,COOK_START,COOK_START,0,1,1,0,,COOK_START,"(4, 1)","(3, 1)",,,"[((2, 0), 'cooking'), ((4, 0), 'items3')]"
5010,351,98,GET_DISH,"(2, 3)",HOLD,GET_DISH,GET_DISH,0,1,1,0,,GET_DISH,"(4, 1)","(3, 2)",,,"[((2, 0), 'cooking'), ((4, 0), 'cooking')]"
5010,359,99,PICKUP,"(2, 0)",PICKUP,PICKUP,PICKUP,1,1,1,0,,PICKUP,"(2, 2)","(3, 1)",dish,,"[((2, 0), 'ready'), ((4, 0), 'cooking')]"
5010,361,100,DELIVER,"(4, 3)",DELIVER,DELIVER,DELIVER,1,1,1,0,,DELIVER,"(2, 1)","(3, 1)",soup,,"[((2, 0), 'empty'), ((4, 0), 'cooking')]"
5010,367,101,FETCH,"(6, 1)",GET_DISH,FETCH,FETCH,0,1,1,0,,FETCH,"(4, 2)","(3, 1)",,,"[((2, 0), 'empty'), ((4, 0), 'cooking')]"
5010,370,102,PLACE,"(2, 0)",PLACE,PLACE,PLACE,1,1,1,0,,PLACE,"(5, 1)","(2, 2)",onion,dish,"[((2, 0), 'empty'), ((4, 0), 'ready')]"
5010,377,103,FETCH,"(0, 1)",HOLD,FETCH,FETCH,0,1,1,0,,FETCH,"(2, 1)","(4, 2)",,,"[((2, 0), 'items1'), ((4, 0), 'empty')]"
5010,379,104,PLACE,"(2, 0)",HOLD,PLACE,PLACE,0,1,1,0,,PLACE,"(1, 1)","(5, 1)",onion,,"[((2, 0), 'items1'), ((4, 0), 'empty')]"
5010,383,105,FETCH,"(0, 1)",FETCH,FETCH,FETCH,1,1,1,0,,FETCH,"(2, 1)","(4, 2)",,onion,"[((2, 0), 'items2'), ((4, 0), 'empty')]"
5010,385,106,PLACE,"(2, 0)",PLACE,PLACE,PLACE,1,1,1,0,,PLACE,"(1, 1)","(2, 2)",onion,onion,"[((2, 0), 'items2'), ((4, 0), 'empty')]"
5010,387,107,PLACE,"(4, 0)",PLACE,PLACE,PLACE,1,1,1,0,,PLACE,"(1, 2)","(2, 1)",onion,,"[((2, 0), 'items3'), ((4, 0), 'empty')]"
5010,392,108,FETCH,"(6, 1)",GET_DISH,FETCH,FETCH,0,1,1,0,,FETCH,"(4, 1)","(3, 1)",,,"[((2, 0), 'cooking'), ((4, 0), 'items1')]"
5010,394,109,PLACE,"(4, 0)",PLACE,PLACE,PLACE,1,1,1,0,,PLACE,"(5, 1)","(3, 1)",onion,,"[((2, 0), 'cooking'), ((4, 0), 'items1')]"
5010,398,110,FETCH,"(6, 1)",GET_DISH,FETCH,FETCH,0,1,1,0,,FETCH,"(4, 1)","(3, 1)",,,"[((2, 0), 'cooking'), ((4, 0), 'items2')]"
5010,400,111,PLACE,"(4, 0)",HOLD,PLACE,PLACE,0,1,1,0,,PLACE,"(5, 1)","(3, 1)",onion,,"[((2, 0), 'cooking'), ((4, 0), 'items2')]"
5010,404,112,COOK_START,"(4, 0)",GET_DISH,COOK_START,COOK_START,0,1,1,0,,COOK_START,"(4, 1)","(3, 1)",,,"[((2, 0), 'cooking'), ((4, 0), 'items3')]"
5010,405,113,GET_DISH,"(2, 3)",HOLD,GET_DISH,GET_DISH,0,1,1,0,,GET_DISH,"(4, 1)","(3, 2)",,,"[((2, 0), 'cooking'), ((4, 0), 'cooking')]"
5010,413,114,PICKUP,"(2, 0)",PICKUP,PICKUP,PICKUP,1,1,1,0,,PICKUP,"(2, 2)","(3, 1)",dish,,"[((2, 0), 'ready'), ((4, 0), 'cooking')]"
5010,415,115,DELIVER,"(4, 3)",DELIVER,DELIVER,DELIVER,1,1,1,0,,DELIVER,"(2, 1)","(3, 1)",soup,,"[((2, 0), 'empty'), ((4, 0), 'cooking')]"
5010,421,116,FETCH,"(6, 1)",GET_DISH,FETCH,FETCH,0,1,1,0,,FETCH,"(4, 2)","(3, 1)",,,"[((2, 0), 'empty'), ((4, 0), 'cooking')]"
5010,424,117,PLACE,"(2, 0)",PLACE,PLACE,PLACE,1,1,1,0,,PLACE,"(5, 1)","(2, 2)",onion,dish,"[((2, 0), 'empty'), ((4, 0), 'ready')]"
5010,431,118,FETCH,"(0, 1)",HOLD,FETCH,FETCH,0,1,1,0,,FETCH,"(2, 1)","(4, 2)",,,"[((2, 0), 'items1'), ((4, 0), 'empty')]"
5010,433,119,PLACE,"(2, 0)",HOLD,PLACE,PLACE,0,1,1,0,,PLACE,"(1, 1)","(5, 1)",onion,,"[((2, 0), 'items1'), ((4, 0), 'empty')]"
5010,437,120,FETCH,"(0, 1)",FETCH,FETCH,FETCH,1,1,1,0,,FETCH,"(2, 1)","(4, 2)",,onion,"[((2, 0), 'items2'), ((4, 0), 'empty')]"
5010,439,121,PLACE,"(2, 0)",PLACE,PLACE,PLACE,1,1,1,0,,PLACE,"(1, 1)","(2, 2)",onion,onion,"[((2, 0), 'items2'), ((4, 0), 'empty')]"
5010,441,122,PLACE,"(4, 0)",PLACE,PLACE,PLACE,1,1,1,0,,PLACE,"(1, 2)","(2, 1)",onion,,"[((2, 0), 'items3'), ((4, 0), 'empty')]"
5010,446,123,FETCH,"(6, 1)",GET_DISH,FETCH,FETCH,0,1,1,0,,FETCH,"(4, 1)","(3, 1)",,,"[((2, 0), 'cooking'), ((4, 0), 'items1')]"
5010,448,124,PLACE,"(4, 0)",PLACE,PLACE,PLACE,1,1,1,0,,PLACE,"(5, 1)","(3, 1)",onion,,"[((2, 0), 'cooking'), ((4, 0), 'items1')]"
5010,452,125,FETCH,"(6, 1)",GET_DISH,FETCH,FETCH,0,1,1,0,,FETCH,"(4, 1)","(3, 1)",,,"[((2, 0), 'cooking'), ((4, 0), 'items2')]"
5010,454,126,PLACE,"(4, 0)",HOLD,PLACE,PLACE,0,1,1,0,,PLACE,"(5, 1)","(3, 1)",onion,,"[((2, 0), 'cooking'), ((4, 0), 'items2')]"
5010,458,127,COOK_START,"(4, 0)",GET_DISH,COOK_START,COOK_START,0,1,1,0,,COOK_START,"(4, 1)","(3, 1)",,,"[((2, 0), 'cooking'), ((4, 0), 'items3')]"
5010,459,128,GET_DISH,"(2, 3)",HOLD,GET_DISH,GET_DISH,0,1,1,0,,GET_DISH,"(4, 1)","(3, 2)",,,"[((2, 0), 'cooking'), ((4, 0), 'cooking')]"
5010,467,129,PICKUP,"(2, 0)",PICKUP,PICKUP,PICKUP,1,1,1,0,,PICKUP,"(2, 2)","(3, 1)",dish,,"[((2, 0), 'ready'), ((4, 0), 'cooking')]"
5010,469,130,DELIVER,"(4, 3)",DELIVER,DELIVER,DELIVER,1,1,1,0,,DELIVER,"(2, 1)","(3, 1)",soup,,"[((2, 0), 'empty'), ((4, 0), 'cooking')]"
5010,475,131,FETCH,"(6, 1)",GET_DISH,FETCH,FETCH,0,1,1,0,,FETCH,"(4, 2)","(3, 1)",,,"[((2, 0), 'empty'), ((4, 0), 'cooking')]"
5010,478,132,PLACE,"(2, 0)",PLACE,PLACE,PLACE,1,1,1,0,,PLACE,"(5, 1)","(2, 2)",onion,dish,"[((2, 0), 'empty'), ((4, 0), 'ready')]"
5010,485,133,FETCH,"(0, 1)",HOLD,FETCH,FETCH,0,1,1,0,,FETCH,"(2, 1)","(4, 2)",,,"[((2, 0), 'items1'), ((4, 0), 'empty')]"
5010,487,134,PLACE,"(2, 0)",HOLD,PLACE,PLACE,0,1,1,0,,PLACE,"(1, 1)","(5, 1)",onion,,"[((2, 0), 'items1'), ((4, 0), 'empty')]"
5010,491,135,FETCH,"(0, 1)",FETCH,FETCH,FETCH,1,1,1,0,,FETCH,"(2, 1)","(4, 2)",,onion,"[((2, 0), 'items2'), ((4, 0), 'empty')]"
5010,493,136,PLACE,"(2, 0)",PLACE,PLACE,PLACE,1,1,1,0,,PLACE,"(1, 1)","(2, 2)",onion,onion,"[((2, 0), 'items2'), ((4, 0), 'empty')]"
5010,495,137,PLACE,"(4, 0)",PLACE,PLACE,PLACE,1,1,1,0,,PLACE,"(1, 2)","(2, 1)",onion,,"[((2, 0), 'items3'), ((4, 0), 'empty')]"
5010,500,138,FETCH,"(6, 1)",GET_DISH,FETCH,FETCH,0,1,1,0,,FETCH,"(4, 1)","(3, 1)",,,"[((2, 0), 'cooking'), ((4, 0), 'items1')]"
5010,502,139,PLACE,"(4, 0)",PLACE,PLACE,PLACE,1,1,1,0,,PLACE,"(5, 1)","(3, 1)",onion,,"[((2, 0), 'cooking'), ((4, 0), 'items1')]"
5010,506,140,FETCH,"(6, 1)",HOLD,FETCH,FETCH,0,1,1,0,,FETCH,"(4, 1)","(3, 1)",,,"[((2, 0), 'cooking'), ((4, 0), 'items2')]"
5010,508,141,PLACE,"(4, 0)",HOLD,PLACE,PLACE,0,1,1,0,,PLACE,"(5, 1)","(3, 1)",onion,,"[((2, 0), 'cooking'), ((4, 0), 'items2')]"
5010,512,142,COOK_START,"(4, 0)",GET_DISH,COOK_START,COOK_START,0,1,1,0,,COOK_START,"(4, 1)","(3, 1)",,,"[((2, 0), 'cooking'), ((4, 0), 'items3')]"
5010,513,143,GET_DISH,"(2, 3)",HOLD,GET_DISH,GET_DISH,0,1,1,0,,GET_DISH,"(4, 1)","(3, 2)",,,"[((2, 0), 'cooking'), ((4, 0), 'cooking')]"
5010,521,144,PICKUP,"(2, 0)",PICKUP,PICKUP,PICKUP,1,1,1,0,,PICKUP,"(2, 2)","(3, 1)",dish,,"[((2, 0), 'ready'), ((4, 0), 'cooking')]"
5010,523,145,DELIVER,"(4, 3)",DELIVER,DELIVER,DELIVER,1,1,1,0,,DELIVER,"(2, 1)","(3, 1)",soup,,"[((2, 0), 'empty'), ((4, 0), 'cooking')]"
5010,529,146,FETCH,"(6, 1)",GET_DISH,FETCH,FETCH,0,1,1,0,,FETCH,"(4, 2)","(3, 1)",,,"[((2, 0), 'empty'), ((4, 0), 'cooking')]"
5010,532,147,PLACE,"(2, 0)",PLACE,PLACE,PLACE,1,1,1,0,,PLACE,"(5, 1)","(2, 2)",onion,dish,"[((2, 0), 'empty'), ((4, 0), 'ready')]"
5010,539,148,FETCH,"(0, 1)",HOLD,FETCH,FETCH,0,1,1,0,,FETCH,"(2, 1)","(4, 2)",,,"[((2, 0), 'items1'), ((4, 0), 'empty')]"
5010,541,149,PLACE,"(2, 0)",HOLD,PLACE,PLACE,0,1,1,0,,PLACE,"(1, 1)","(5, 1)",onion,,"[((2, 0), 'items1'), ((4, 0), 'empty')]"
5010,545,150,FETCH,"(0, 1)",FETCH,FETCH,FETCH,1,1,1,0,,FETCH,"(2, 1)","(4, 2)",,onion,"[((2, 0), 'items2'), ((4, 0), 'empty')]"
5010,547,151,PLACE,"(2, 0)",PLACE,PLACE,PLACE,1,1,1,0,,PLACE,"(1, 1)","(2, 2)",onion,onion,"[((2, 0), 'items2'), ((4, 0), 'empty')]"
5010,549,152,PLACE,"(4, 0)",PLACE,PLACE,PLACE,1,1,1,0,,PLACE,"(1, 2)","(2, 1)",onion,,"[((2, 0), 'items3'), ((4, 0), 'empty')]"
5010,554,153,FETCH,"(6, 1)",GET_DISH,FETCH,FETCH,0,1,1,0,,FETCH,"(4, 1)","(3, 1)",,,"[((2, 0), 'cooking'), ((4, 0), 'items1')]"
5010,556,154,PLACE,"(4, 0)",HOLD,PLACE,PLACE,0,1,1,0,,PLACE,"(5, 1)","(3, 1)",onion,,"[((2, 0), 'cooking'), ((4, 0), 'items1')]"
5010,560,155,FETCH,"(6, 1)",HOLD,FETCH,FETCH,0,1,1,0,,FETCH,"(4, 1)","(3, 1)",,,"[((2, 0), 'cooking'), ((4, 0), 'items2')]"
5010,562,156,PLACE,"(4, 0)",HOLD,PLACE,PLACE,0,1,1,0,,PLACE,"(5, 1)","(3, 1)",onion,,"[((2, 0), 'cooking'), ((4, 0), 'items2')]"
5010,566,157,COOK_START,"(4, 0)",GET_DISH,COOK_START,COOK_START,0,1,1,0,,COOK_START,"(4, 1)","(3, 1)",,,"[((2, 0), 'cooking'), ((4, 0), 'items3')]"
5010,567,158,GET_DISH,"(2, 3)",HOLD,GET_DISH,GET_DISH,0,1,1,0,,GET_DISH,"(4, 1)","(3, 2)",,,"[((2, 0), 'cooking'), ((4, 0), 'cooking')]"
5010,575,159,PICKUP,"(2, 0)",PICKUP,PICKUP,PICKUP,1,1,1,0,,PICKUP,"(2, 2)","(3, 1)",dish,,"[((2, 0), 'ready'), ((4, 0), 'cooking')]"
5010,577,160,DELIVER,"(4, 3)",DELIVER,DELIVER,DELIVER,1,1,1,0,,DELIVER,"(2, 1)","(3, 1)",soup,,"[((2, 0), 'empty'), ((4, 0), 'cooking')]"
5010,583,161,FETCH,"(6, 1)",GET_DISH,FETCH,FETCH,0,1,1,0,,FETCH,"(4, 2)","(3, 1)",,,"[((2, 0), 'empty'), ((4, 0), 'cooking')]"
5010,586,162,PLACE,"(2, 0)",PLACE,PLACE,PLACE,1,1,1,0,,PLACE,"(5, 1)","(2, 2)",onion,dish,"[((2, 0), 'empty'), ((4, 0), 'ready')]"
5010,593,163,FETCH,"(0, 1)",HOLD,FETCH,FETCH,0,1,1,0,,FETCH,"(2, 1)","(4, 2)",,,"[((2, 0), 'items1'), ((4, 0), 'empty')]"
5010,595,164,PLACE,"(2, 0)",HOLD,PLACE,PLACE,0,1,1,0,,PLACE,"(1, 1)","(5, 1)",onion,,"[((2, 0), 'items1'), ((4, 0), 'empty')]"
5010,599,165,FETCH,"(0, 1)",FETCH,FETCH,FETCH,1,1,1,0,,FETCH,"(2, 1)","(4, 2)",,onion,"[((2, 0), 'items2'), ((4, 0), 'empty')]"
5010,601,166,PLACE,"(2, 0)",PLACE,PLACE,PLACE,1,1,1,0,,PLACE,"(1, 1)","(2, 2)",onion,onion,"[((2, 0), 'items2'), ((4, 0), 'empty')]"
5010,603,167,PLACE,"(4, 0)",PLACE,PLACE,PLACE,1,1,1,0,,PLACE,"(1, 2)","(2, 1)",onion,,"[((2, 0), 'items3'), ((4, 0), 'empty')]"
5010,608,168,FETCH,"(6, 1)",GET_DISH,FETCH,FETCH,0,1,1,0,,FETCH,"(4, 1)","(3, 1)",,,"[((2, 0), 'cooking'), ((4, 0), 'items1')]"
5010,610,169,PLACE,"(4, 0)",HOLD,PLACE,PLACE,0,1,1,0,,PLACE,"(5, 1)","(3, 1)",onion,,"[((2, 0), 'cooking'), ((4, 0), 'items1')]"
5010,614,170,FETCH,"(6, 1)",HOLD,FETCH,FETCH,0,1,1,0,,FETCH,"(4, 1)","(3, 1)",,,"[((2, 0), 'cooking'), ((4, 0), 'items2')]"
5010,616,171,PLACE,"(4, 0)",HOLD,PLACE,PLACE,0,1,1,0,,PLACE,"(5, 1)","(3, 1)",onion,,"[((2, 0), 'cooking'), ((4, 0), 'items2')]"
5010,620,172,COOK_START,"(4, 0)",HOLD,COOK_START,COOK_START,0,1,1,0,,COOK_START,"(4, 1)","(3, 1)",,,"[((2, 0), 'cooking'), ((4, 0), 'items3')]"
5010,621,173,GET_DISH,"(2, 3)",HOLD,GET_DISH,GET_DISH,0,1,1,0,,GET_DISH,"(4, 1)","(3, 2)",,,"[((2, 0), 'cooking'), ((4, 0), 'cooking')]"
5010,629,174,PICKUP,"(2, 0)",PICKUP,PICKUP,PICKUP,1,1,1,0,,PICKUP,"(2, 2)","(3, 1)",dish,,"[((2, 0), 'ready'), ((4, 0), 'cooking')]"
5010,631,175,DELIVER,"(4, 3)",DELIVER,DELIVER,DELIVER,1,1,1,0,,DELIVER,"(2, 1)","(3, 1)",soup,,"[((2, 0), 'empty'), ((4, 0), 'cooking')]"
5010,637,176,FETCH,"(6, 1)",GET_DISH,FETCH,FETCH,0,1,1,0,,FETCH,"(4, 2)","(3, 1)",,,"[((2, 0), 'empty'), ((4, 0), 'cooking')]"
5010,640,177,PLACE,"(2, 0)",PLACE,PLACE,PLACE,1,1,1,0,,PLACE,"(5, 1)","(2, 2)",onion,dish,"[((2, 0), 'empty'), ((4, 0), 'ready')]"
5010,647,178,FETCH,"(0, 1)",HOLD,FETCH,FETCH,0,1,1,0,,FETCH,"(2, 1)","(4, 2)",,,"[((2, 0), 'items1'), ((4, 0), 'empty')]"
5010,649,179,PLACE,"(2, 0)",HOLD,PLACE,PLACE,0,1,1,0,,PLACE,"(1, 1)","(5, 1)",onion,,"[((2, 0), 'items1'), ((4, 0), 'empty')]"
5010,653,180,FETCH,"(0, 1)",FETCH,FETCH,FETCH,1,1,1,0,,FETCH,"(2, 1)","(4, 2)",,onion,"[((2, 0), 'items2'), ((4, 0), 'empty')]"
5010,655,181,PLACE,"(2, 0)",PLACE,PLACE,PLACE,1,1,1,0,,PLACE,"(1, 1)","(2, 2)",onion,onion,"[((2, 0), 'items2'), ((4, 0), 'empty')]"
5010,657,182,PLACE,"(4, 0)",PLACE,PLACE,PLACE,1,1,1,0,,PLACE,"(1, 2)","(2, 1)",onion,,"[((2, 0), 'items3'), ((4, 0), 'empty')]"
5010,662,183,FETCH,"(6, 1)",GET_DISH,FETCH,FETCH,0,1,1,0,,FETCH,"(4, 1)","(3, 1)",,,"[((2, 0), 'cooking'), ((4, 0), 'items1')]"
5010,664,184,PLACE,"(4, 0)",HOLD,PLACE,PLACE,0,1,1,0,,PLACE,"(5, 1)","(3, 1)",onion,,"[((2, 0), 'cooking'), ((4, 0), 'items1')]"
5010,668,185,FETCH,"(6, 1)",HOLD,FETCH,FETCH,0,1,1,0,,FETCH,"(4, 1)","(3, 1)",,,"[((2, 0), 'cooking'), ((4, 0), 'items2')]"
5010,670,186,PLACE,"(4, 0)",HOLD,PLACE,PLACE,0,1,1,0,,PLACE,"(5, 1)","(3, 1)",onion,,"[((2, 0), 'cooking'), ((4, 0), 'items2')]"
5010,674,187,COOK_START,"(4, 0)",HOLD,COOK_START,COOK_START,0,1,1,0,,COOK_START,"(4, 1)","(3, 1)",,,"[((2, 0), 'cooking'), ((4, 0), 'items3')]"
5010,675,188,GET_DISH,"(2, 3)",HOLD,GET_DISH,GET_DISH,0,1,1,0,,GET_DISH,"(4, 1)","(3, 2)",,,"[((2, 0), 'cooking'), ((4, 0), 'cooking')]"
5010,683,189,PICKUP,"(2, 0)",PICKUP,PICKUP,PICKUP,1,1,1,0,,PICKUP,"(2, 2)","(3, 1)",dish,,"[((2, 0), 'ready'), ((4, 0), 'cooking')]"
5010,685,190,DELIVER,"(4, 3)",DELIVER,DELIVER,DELIVER,1,1,1,0,,DELIVER,"(2, 1)","(3, 1)",soup,,"[((2, 0), 'empty'), ((4, 0), 'cooking')]"
5010,691,191,FETCH,"(6, 1)",GET_DISH,FETCH,FETCH,0,1,1,0,,FETCH,"(4, 2)","(3, 1)",,,"[((2, 0), 'empty'), ((4, 0), 'cooking')]"
5010,694,192,PLACE,"(2, 0)",PLACE,PLACE,PLACE,1,1,1,0,,PLACE,"(5, 1)","(2, 2)",onion,dish,"[((2, 0), 'empty'), ((4, 0), 'ready')]"
5011,0,1,FETCH,"(0, 1)",FETCH,FETCH,FETCH,1,1,1,0,,,"(2, 2)","(2, 1)",,,"[((2, 0), 'empty'), ((4, 0), 'empty')]"
5011,4,2,PLACE,"(2, 0)",PLACE,PLACE,PLACE,1,1,1,0,PLACE,PLACE,"(1, 1)","(5, 2)",onion,,"[((2, 0), 'empty'), ((4, 0), 'empty')]"
5011,8,3,FETCH,"(0, 1)",FETCH,FETCH,FETCH,1,1,1,0,FETCH,FETCH,"(2, 1)","(5, 2)",,,"[((2, 0), 'items1'), ((4, 0), 'empty')]"
5011,10,4,PLACE,"(2, 0)",PLACE,PLACE,PLACE,1,1,1,0,PLACE,PLACE,"(1, 1)","(5, 2)",onion,,"[((2, 0), 'items1'), ((4, 0), 'empty')]"
5011,14,5,FETCH,"(0, 1)",FETCH,FETCH,FETCH,1,1,1,0,FETCH,FETCH,"(2, 1)","(5, 2)",,,"[((2, 0), 'items2'), ((4, 0), 'empty')]"
5011,16,6,PLACE,"(2, 0)",PLACE,PLACE,PLACE,1,1,1,0,PLACE,PLACE,"(1, 1)","(5, 2)",onion,,"[((2, 0), 'items2'), ((4, 0), 'empty')]"
5011,20,7,COOK_START,"(2, 0)",COOK_START,COOK_START,COOK_START,1,1,1,0,COOK_START,COOK_START,"(2, 1)","(5, 2)",,,"[((2, 0), 'items3'), ((4, 0), 'empty')]"
5011,21,8,FETCH,"(0, 1)",HOLD,FETCH,HOLD,0,1,0,1,HOLD,FETCH,"(2, 1)","(5, 2)",,,"[((2, 0), 'cooking'), ((4, 0), 'empty')]"
5011,23,9,PLACE,"(4, 0)",HOLD,PLACE,PLACE,0,1,1,0,,PLACE,"(1, 1)","(5, 1)",onion,,"[((2, 0), 'cooking'), ((4, 0), 'empty')]"
5011,29,10,FETCH,"(6, 1)",FETCH,FETCH,FETCH,1,1,1,0,,FETCH,"(4, 1)","(3, 2)",,dish,"[((2, 0), 'cooking'), ((4, 0), 'items1')]"
5011,31,11,PLACE,"(4, 0)",PLACE,PLACE,PLACE,1,1,1,0,,PLACE,"(5, 1)","(3, 2)",onion,dish,"[((2, 0), 'cooking'), ((4, 0), 'items1')]"
5011,35,12,FETCH,"(6, 1)",FETCH,FETCH,FETCH,1,1,1,0,,FETCH,"(4, 1)","(3, 2)",,dish,"[((2, 0), 'cooking'), ((4, 0), 'items2')]"
5011,37,13,PLACE,"(4, 0)",PLACE,PLACE,PLACE,1,1,1,0,,PLACE,"(5, 1)","(3, 2)",onion,dish,"[((2, 0), 'cooking'), ((4, 0), 'items2')]"
5011,41,14,COOK_START,"(4, 0)",COOK_START,COOK_START,COOK_START,1,1,1,0,,COOK_START,"(4, 1)","(2, 2)",,dish,"[((2, 0), 'ready'), ((4, 0), 'items3')]"
5011,42,15,GET_DISH,"(2, 3)",GET_DISH,GET_DISH,GET_DISH,1,1,1,0,,GET_DISH,"(4, 1)","(2, 1)",,dish,"[((2, 0), 'ready'), ((4, 0), 'cooking')]"
5011,51,16,PRE,"(4, 0)",PRE,PRE,PRE,1,1,1,0,,PRE,"(2, 2)","(4, 2)",dish,,"[((2, 0), 'empty'), ((4, 0), 'cooking')]"
5011,61,17,PICKUP,"(4, 0)",PICKUP,PICKUP,PICKUP,1,1,1,0,,PICKUP,"(3, 2)","(3, 1)",dish,,"[((2, 0), 'empty'), ((4, 0), 'ready')]"
5011,64,18,DELIVER,"(4, 3)",DELIVER,DELIVER,DELIVER,1,1,1,0,,DELIVER,"(4, 1)","(3, 1)",soup,,"[((2, 0), 'empty'), ((4, 0), 'empty')]"
5011,66,19,FETCH,"(6, 1)",FETCH,FETCH,FETCH,1,1,1,0,FETCH,FETCH,"(4, 2)","(1, 1)",,,"[((2, 0), 'empty'), ((4, 0), 'empty')]"
5011,69,20,PLACE,"(4, 0)",PLACE,PLACE,PLACE,1,1,1,0,PLACE,PLACE,"(5, 1)","(3, 2)",onion,,"[((2, 0), 'empty'), ((4, 0), 'empty')]"
5011,80,21,FETCH,"(6, 1)",FETCH,FETCH,FETCH,1,1,1,0,FETCH,FETCH,"(4, 1)","(5, 2)",,,"[((2, 0), 'empty'), ((4, 0), 'items1')]"
5011,82,22,PLACE,"(4, 0)",PLACE,PLACE,PLACE,1,1,1,0,PLACE,PLACE,"(5, 1)","(5, 2)",onion,,"[((2, 0), 'empty'), ((4, 0), 'items1')]"
5011,86,23,FETCH,"(6, 1)",FETCH,FETCH,FETCH,1,1,1,0,FETCH,FETCH,"(4, 1)","(5, 2)",,,"[((2, 0), 'empty'), ((4, 0), 'items2')]"
5011,88,24,PLACE,"(4, 0)",PLACE,PLACE,PLACE,1,1,1,0,PLACE,PLACE,"(5, 1)","(5, 2)",onion,,"[((2, 0), 'empty'), ((4, 0), 'items2')]"
5011,92,25,COOK_START,"(4, 0)",COOK_START,COOK_START,COOK_START,1,1,1,0,COOK_START,COOK_START,"(4, 1)","(5, 2)",,,"[((2, 0), 'empty'), ((4, 0), 'items3')]"
5011,93,26,FETCH,"(6, 1)",FETCH,FETCH,FETCH,1,1,1,0,FETCH,FETCH,"(4, 1)","(5, 2)",,,"[((2, 0), 'empty'), ((4, 0), 'cooking')]"
5011,95,27,PLACE,"(2, 0)",PLACE,PLACE,PLACE,1,1,1,0,PLACE,PLACE,"(5, 1)","(4, 1)",onion,,"[((2, 0), 'empty'), ((4, 0), 'cooking')]"
5011,108,28,FETCH,"(0, 1)",HOLD,FETCH,HOLD,0,1,0,1,HOLD,FETCH,"(2, 1)","(3, 2)",,dish,"[((2, 0), 'items1'), ((4, 0), 'cooking')]"
5011,110,29,PLACE,"(2, 0)",PLACE,PLACE,PLACE,1,1,1,0,PLACE,PLACE,"(1, 1)","(3, 2)",onion,dish,"[((2, 0), 'items1'), ((4, 0), 'cooking')]"
5011,114,30,FETCH,"(0, 1)",FETCH,FETCH,FETCH,1,1,1,0,FETCH,FETCH,"(2, 1)","(4, 1)",,dish,"[((2, 0), 'items2'), ((4, 0), 'ready')]"
5011,116,31,PLACE,"(2, 0)",PLACE,PLACE,PLACE,1,1,1,0,PLACE,PLACE,"(1, 1)","(4, 2)",onion,soup,"[((2, 0), 'items2'), ((4, 0), 'empty')]"
5011,120,32,COOK_START,"(2, 0)",HOLD,COOK_START,COOK_START,0,1,1,1,HOLD,COOK_START,"(2, 1)","(5, 1)",,onion,"[((2, 0), 'items3'), ((4, 0), 'empty')]"
5011,121,33,FETCH,"(0, 1)",HOLD,FETCH,FETCH,0,1,1,0,,FETCH,"(2, 1)","(5, 2)",,onion,"[((2, 0), 'cooking'), ((4, 0), 'empty')]"
5011,123,34,PLACE,"(4, 0)",PLACE,PLACE,PLACE,1,1,1,0,,PLACE,"(1, 1)","(4, 1)",onion,onion,"[((2, 0), 'cooking'), ((4, 0), 'empty')]"
5011,129,35,FETCH,"(6, 1)",FETCH,FETCH,FETCH,1,1,1,0,,FETCH,"(4, 1)","(3, 1)",,,"[((2, 0), 'cooking'), ((4, 0), 'items2')]"
5011,131,36,PLACE,"(4, 0)",PLACE,PLACE,PLACE,1,1,1,0,,PLACE,"(5, 1)","(3, 1)",onion,,"[((2, 0), 'cooking'), ((4, 0), 'items2')]"
5011,135,37,COOK_START,"(4, 0)",COOK_START,COOK_START,COOK_START,1,1,1,0,,COOK_START,"(4, 1)","(3, 1)",,,"[((2, 0), 'cooking'), ((4, 0), 'items3')]"
5011,136,38,GET_DISH,"(2, 3)",GET_DISH,GET_DISH,GET_DISH,1,1,1,0,,GET_DISH,"(4, 1)","(3, 2)",,,"[((2, 0), 'cooking'), ((4, 0), 'cooking')]"
5011,144,39,PICKUP,"(2, 0)",PICKUP,PICKUP,PICKUP,1,1,1,0,,PICKUP,"(2, 2)","(3, 1)",dish,,"[((2, 0), 'ready'), ((4, 0), 'cooking')]"
5011,146,40,DELIVER,"(4, 3)",DELIVER,DELIVER,DELIVER,1,1,1,0,,DELIVER,"(2, 1)","(3, 1)",soup,,"[((2, 0), 'empty'), ((4, 0), 'cooking')]"
5011,152,41,FETCH,"(6, 1)",FETCH,FETCH,FETCH,1,1,1,0,,FETCH,"(4, 2)","(3, 1)",,,"[((2, 0), 'empty'), ((4, 0), 'cooking')]"
5011,155,42,PLACE,"(2, 0)",PLACE,PLACE,PLACE,1,1,1,0,,PLACE,"(5, 1)","(2, 2)",onion,dish,"[((2, 0), 'empty'), ((4, 0), 'ready')]"
5011,162,43,FETCH,"(0, 1)",FETCH,FETCH,FETCH,1,1,1,0,,FETCH,"(2, 1)","(4, 2)",,,"[((2, 0), 'items1'), ((4, 0), 'empty')]"
5011,164,44,PLACE,"(2, 0)",PLACE,PLACE,PLACE,1,1,1,0,,PLACE,"(1, 1)","(5, 1)",onion,,"[((2, 0), 'items1'), ((4, 0), 'empty')]"
5011,168,45,FETCH,"(0, 1)",FETCH,FETCH,FETCH,1,1,1,0,,FETCH,"(2, 1)","(4, 2)",,onion,"[((2, 0), 'items2'), ((4, 0), 'empty')]"
5011,170,46,PLACE,"(2, 0)",PLACE,PLACE,PLACE,1,1,1,0,,PLACE,"(1, 1)","(2, 2)",onion,onion,"[((2, 0), 'items2'), ((4, 0), 'empty')]"
5011,172,47,PLACE,"(4, 0)",PLACE,PLACE,PLACE,1,1,1,0,,PLACE,"(1, 2)","(2, 1)",onion,,"[((2, 0), 'items3'), ((4, 0), 'empty')]"
5011,177,48,FETCH,"(6, 1)",FETCH,FETCH,FETCH,1,1,1,0,,FETCH,"(4, 1)","(3, 1)",,,"[((2, 0), 'cooking'), ((4, 0), 'items1')]"
5011,179,49,PLACE,"(4, 0)",PLACE,PLACE,PLACE,1,1,1,0,,PLACE,"(5, 1)","(3, 1)",onion,,"[((2, 0), 'cooking'), ((4, 0), 'items1')]"
5011,183,50,FETCH,"(6, 1)",FETCH,FETCH,FETCH,1,1,1,0,,FETCH,"(4, 1)","(3, 1)",,,"[((2, 0), 'cooking'), ((4, 0), 'items2')]"
5011,185,51,PLACE,"(4, 0)",PLACE,PLACE,PLACE,1,1,1,0,,PLACE,"(5, 1)","(3, 1)",onion,,"[((2, 0), 'cooking'), ((4, 0), 'items2')]"
5011,189,52,COOK_START,"(4, 0)",COOK_START,COOK_START,COOK_START,1,1,1,0,,COOK_START,"(4, 1)","(3, 1)",,,"[((2, 0), 'cooking'), ((4, 0), 'items3')]"
5011,190,53,GET_DISH,"(2, 3)",GET_DISH,GET_DISH,GET_DISH,1,1,1,0,,GET_DISH,"(4, 1)","(3, 2)",,,"[((2, 0), 'cooking'), ((4, 0), 'cooking')]"
5011,198,54,PICKUP,"(2, 0)",PICKUP,PICKUP,PICKUP,1,1,1,0,,PICKUP,"(2, 2)","(3, 1)",dish,,"[((2, 0), 'ready'), ((4, 0), 'cooking')]"
5011,200,55,DELIVER,"(4, 3)",DELIVER,DELIVER,DELIVER,1,1,1,0,,DELIVER,"(2, 1)","(3, 1)",soup,,"[((2, 0), 'empty'), ((4, 0), 'cooking')]"
5011,206,56,FETCH,"(6, 1)",FETCH,FETCH,FETCH,1,1,1,0,,FETCH,"(4, 2)","(3, 1)",,,"[((2, 0), 'empty'), ((4, 0), 'cooking')]"
5011,209,57,PLACE,"(2, 0)",PLACE,PLACE,PLACE,1,1,1,0,,PLACE,"(5, 1)","(2, 2)",onion,dish,"[((2, 0), 'empty'), ((4, 0), 'ready')]"
5011,216,58,FETCH,"(0, 1)",FETCH,FETCH,FETCH,1,1,1,0,,FETCH,"(2, 1)","(4, 2)",,,"[((2, 0), 'items1'), ((4, 0), 'empty')]"
5011,218,59,PLACE,"(2, 0)",PLACE,PLACE,PLACE,1,1,1,0,,PLACE,"(1, 1)","(5, 1)",onion,,"[((2, 0), 'items1'), ((4, 0), 'empty')]"
5011,222,60,FETCH,"(0, 1)",FETCH,FETCH,FETCH,1,1,1,0,,FETCH,"(2, 1)","(4, 2)",,onion,"[((2, 0), 'items2'), ((4, 0), 'empty')]"
5011,224,61,PLACE,"(2, 0)",PLACE,PLACE,PLACE,1,1,1,0,,PLACE,"(1, 1)","(2, 2)",onion,onion,"[((2, 0), 'items2'), ((4, 0), 'empty')]"
5011,226,62,PLACE,"(4, 0)",PLACE,PLACE,PLACE,1,1,1,0,,PLACE,"(1, 2)","(2, 1)",onion,,"[((2, 0), 'items3'), ((4, 0), 'empty')]"
5011,231,63,FETCH,"(6, 1)",FETCH,FETCH,FETCH,1,1,1,0,,FETCH,"(4, 1)","(3, 1)",,,"[((2, 0), 'cooking'), ((4, 0), 'items1')]"
5011,233,64,PLACE,"(4, 0)",PLACE,PLACE,PLACE,1,1,1,0,,PLACE,"(5, 1)","(3, 1)",onion,,"[((2, 0), 'cooking'), ((4, 0), 'items1')]"
5011,237,65,FETCH,"(6, 1)",FETCH,FETCH,FETCH,1,1,1,0,,FETCH,"(4, 1)","(3, 1)",,,"[((2, 0), 'cooking'), ((4, 0), 'items2')]"
5011,239,66,PLACE,"(4, 0)",PLACE,PLACE,PLACE,1,1,1,0,,PLACE,"(5, 1)","(3, 1)",onion,,"[((2, 0), 'cooking'), ((4, 0), 'items2')]"
5011,243,67,COOK_START,"(4, 0)",COOK_START,COOK_START,COOK_START,1,1,1,0,,COOK_START,"(4, 1)","(3, 1)",,,"[((2, 0), 'cooking'), ((4, 0), 'items3')]"
5011,244,68,GET_DISH,"(2, 3)",GET_DISH,GET_DISH,GET_DISH,1,1,1,0,,GET_DISH,"(4, 1)","(3, 2)",,,"[((2, 0), 'cooking'), ((4, 0), 'cooking')]"
5011,252,69,PICKUP,"(2, 0)",PICKUP,PICKUP,PICKUP,1,1,1,0,,PICKUP,"(2, 2)","(3, 1)",dish,,"[((2, 0), 'ready'), ((4, 0), 'cooking')]"
5011,254,70,DELIVER,"(4, 3)",DELIVER,DELIVER,DELIVER,1,1,1,0,,DELIVER,"(2, 1)","(3, 1)",soup,,"[((2, 0), 'empty'), ((4, 0), 'cooking')]"
5011,260,71,FETCH,"(6, 1)",FETCH,FETCH,FETCH,1,1,1,0,,FETCH,"(4, 2)","(3, 1)",,,"[((2, 0), 'empty'), ((4, 0), 'cooking')]"
5011,263,72,PLACE,"(2, 0)",PLACE,PLACE,PLACE,1,1,1,0,,PLACE,"(5, 1)","(2, 2)",onion,dish,"[((2, 0), 'empty'), ((4, 0), 'ready')]"
5011,270,73,FETCH,"(0, 1)",HOLD,FETCH,FETCH,0,1,1,0,,FETCH,"(2, 1)","(4, 2)",,,"[((2, 0), 'items1'), ((4, 0), 'empty')]"
5011,272,74,PLACE,"(2, 0)",PLACE,PLACE,PLACE,1,1,1,0,,PLACE,"(1, 1)","(5, 1)",onion,,"[((2, 0), 'items1'), ((4, 0), 'empty')]"
5011,276,75,FETCH,"(0, 1)",FETCH,FETCH,FETCH,1,1,1,0,,FETCH,"(2, 1)","(4, 2)",,onion,"[((2, 0), 'items2'), ((4, 0), 'empty')]"
5011,278,76,PLACE,"(2, 0)",PLACE,PLACE,PLACE,1,1,1,0,,PLACE,"(1, 1)","(2, 2)",onion,onion,"[((2, 0), 'items2'), ((4, 0), 'empty')]"
5011,280,77,PLACE,"(4, 0)",PLACE,PLACE,PLACE,1,1,1,0,,PLACE,"(1, 2)","(2, 1)",onion,,"[((2, 0), 'items3'), ((4, 0), 'empty')]"
5011,285,78,FETCH,"(6, 1)",GET_DISH,FETCH,FETCH,0,1,1,0,,FETCH,"(4, 1)","(3, 1)",,,"[((2, 0), 'cooking'), ((4, 0), 'items1')]"
5011,287,79,PLACE,"(4, 0)",PLACE,PLACE,PLACE,1,1,1,0,,PLACE,"(5, 1)","(3, 1)",onion,,"[((2, 0), 'cooking'), ((4, 0), 'items1')]"
5011,291,80,FETCH,"(6, 1)",GET_DISH,FETCH,FETCH,0,1,1,0,,FETCH,"(4, 1)","(3, 1)",,,"[((2, 0), 'cooking'), ((4, 0), 'items2')]"
5011,293,81,PLACE,"(4, 0)",PLACE,PLACE,PLACE,1,1,1,0,,PLACE,"(5, 1)","(3, 1)",onion,,"[((2, 0), 'cooking'), ((4, 0), 'items2')]"
5011,297,82,COOK_START,"(4, 0)",COOK_START,COOK_START,COOK_START,1,1,1,0,,COOK_START,"(4, 1)","(3, 1)",,,"[((2, 0), 'cooking'), ((4, 0), 'items3')]"
5011,298,83,GET_DISH,"(2, 3)",GET_DISH,GET_DISH,GET_DISH,1,1,1,0,,GET_DISH,"(4, 1)","(3, 2)",,,"[((2, 0), 'cooking'), ((4, 0), 'cooking')]"
5011,306,84,PICKUP,"(2, 0)",PICKUP,PICKUP,PICKUP,1,1,1,0,,PICKUP,"(2, 2)","(3, 1)",dish,,"[((2, 0), 'ready'), ((4, 0), 'cooking')]"
5011,308,85,DELIVER,"(4, 3)",DELIVER,DELIVER,DELIVER,1,1,1,0,,DELIVER,"(2, 1)","(3, 1)",soup,,"[((2, 0), 'empty'), ((4, 0), 'cooking')]"
5011,314,86,FETCH,"(6, 1)",FETCH,FETCH,FETCH,1,1,1,0,,FETCH,"(4, 2)","(3, 1)",,,"[((2, 0), 'empty'), ((4, 0), 'cooking')]"
5011,317,87,PLACE,"(2, 0)",PLACE,PLACE,PLACE,1,1,1,0,,PLACE,"(5, 1)","(2, 2)",onion,dish,"[((2, 0), 'empty'), ((4, 0), 'ready')]"
5011,324,88,FETCH,"(0, 1)",HOLD,FETCH,FETCH,0,1,1,0,,FETCH,"(2, 1)","(4, 2)",,,"[((2, 0), 'items1'), ((4, 0), 'empty')]"
5011,326,89,PLACE,"(2, 0)",PLACE,PLACE,PLACE,1,1,1,0,,PLACE,"(1, 1)","(5, 1)",onion,,"[((2, 0), 'items1'), ((4, 0), 'empty')]"
5011,330,90,FETCH,"(0, 1)",FETCH,FETCH,FETCH,1,1,1,0,,FETCH,"(2, 1)","(4, 2)",,onion,"[((2, 0), 'items2'), ((4, 0), 'empty')]"
5011,332,91,PLACE,"(2, 0)",PLACE,PLACE,PLACE,1,1,1,0,,PLACE,"(1, 1)","(2, 2)",onion,onion,"[((2, 0), 'items2'), ((4, 0), 'empty')]"
5011,334,92,PLACE,"(4, 0)",PLACE,PLACE,PLACE,1,1,1,0,,PLACE,"(1, 2)","(2, 1)",onion,,"[((2, 0), 'items3'), ((4, 0), 'empty')]"
5011,339,93,FETCH,"(6, 1)",GET_DISH,FETCH,FETCH,0,1,1,0,,FETCH,"(4, 1)","(3, 1)",,,"[((2, 0), 'cooking'), ((4, 0), 'items1')]"
5011,341,94,PLACE,"(4, 0)",PLACE,PLACE,PLACE,1,1,1,0,,PLACE,"(5, 1)","(3, 1)",onion,,"[((2, 0), 'cooking'), ((4, 0), 'items1')]"
5011,345,95,FETCH,"(6, 1)",GET_DISH,FETCH,FETCH,0,1,1,0,,FETCH,"(4, 1)","(3, 1)",,,"[((2, 0), 'cooking'), ((4, 0), 'items2')]"
5011,347,96,PLACE,"(4, 0)",PLACE,PLACE,PLACE,1,1,1,0,,PLACE,"(5, 1)","(3, 1)",onion,,"[((2, 0), 'cooking'), ((4, 0), 'items2')]"
5011,351,97,COOK_START,"(4, 0)",GET_DISH,COOK_START,COOK_START,0,1,1,0,,COOK_START,"(4, 1)","(3, 1)",,,"[((2, 0), 'cooking'), ((4, 0), 'items3')]"
5011,352,98,GET_DISH,"(2, 3)",HOLD,GET_DISH,GET_DISH,0,1,1,0,,GET_DISH,"(4, 1)","(3, 2)",,,"[((2, 0), 'cooking'), ((4, 0), 'cooking')]"
5011,360,99,PICKUP,"(2, 0)",PICKUP,PICKUP,PICKUP,1,1,1,0,,PICKUP,"(2, 2)","(3, 1)",dish,,"[((2, 0), 'ready'), ((4, 0), 'cooking')]"
5011,362,100,DELIVER,"(4, 3)",DELIVER,DELIVER,DELIVER,1,1,1,0,,DELIVER,"(2, 1)","(3, 1)",soup,,"[((2, 0), 'empty'), ((4, 0), 'cooking')]"
5011,368,101,FETCH,"(6, 1)",GET_DISH,FETCH,FETCH,0,1,1,0,,FETCH,"(4, 2)","(3, 1)",,,"[((2, 0), 'empty'), ((4, 0), 'cooking')]"
5011,371,102,PLACE,"(2, 0)",PLACE,PLACE,PLACE,1,1,1,0,,PLACE,"(5, 1)","(2, 2)",onion,dish,"[((2, 0), 'empty'), ((4, 0), 'ready')]"
5011,378,103,FETCH,"(0, 1)",HOLD,FETCH,FETCH,0,1,1,0,,FETCH,"(2, 1)","(4, 2)",,,"[((2, 0), 'items1'), ((4, 0), 'empty')]"
5011,380,104,PLACE,"(2, 0)",HOLD,PLACE,PLACE,0,1,1,0,,PLACE,"(1, 1)","(5, 1)",onion,,"[((2, 0), 'items1'), ((4, 0), 'empty')]"
5011,384,105,FETCH,"(0, 1)",FETCH,FETCH,FETCH,1,1,1,0,,FETCH,"(2, 1)","(4, 2)",,onion,"[((2, 0), 'items2'), ((4, 0), 'empty')]"
5011,386,106,PLACE,"(2, 0)",PLACE,PLACE,PLACE,1,1,1,0,,PLACE,"(1, 1)","(2, 2)",onion,onion,"[((2, 0), 'items2'), ((4, 0), 'empty')]"
5011,388,107,PLACE,"(4, 0)",PLACE,PLACE,PLACE,1,1,1,0,,PLACE,"(1, 2)","(2, 1)",onion,,"[((2, 0), 'items3'), ((4, 0), 'empty')]"
5011,393,108,FETCH,"(6, 1)",GET_DISH,FETCH,FETCH,0,1,1,0,,FETCH,"(4, 1)","(3, 1)",,,"[((2, 0), 'cooking'), ((4, 0), 'items1')]"
5011,395,109,PLACE,"(4, 0)",PLACE,PLACE,PLACE,1,1,1,0,,PLACE,"(5, 1)","(3, 1)",onion,,"[((2, 0), 'cooking'), ((4, 0), 'items1')]"
5011,399,110,FETCH,"(6, 1)",GET_DISH,FETCH,FETCH,0,1,1,0,,FETCH,"(4, 1)","(3, 1)",,,"[((2, 0), 'cooking'), ((4, 0), 'items2')]"
5011,401,111,PLACE,"(4, 0)",HOLD,PLACE,PLACE,0,1,1,0,,PLACE,"(5, 1)","(3, 1)",onion,,"[((2, 0), 'cooking'), ((4, 0), 'items2')]"
5011,405,112,COOK_START,"(4, 0)",GET_DISH,COOK_START,COOK_START,0,1,1,0,,COOK_START,"(4, 1)","(3, 1)",,,"[((2, 0), 'cooking'), ((4, 0), 'items3')]"
5011,406,113,GET_DISH,"(2, 3)",HOLD,GET_DISH,GET_DISH,0,1,1,0,,GET_DISH,"(4, 1)","(3, 2)",,,"[((2, 0), 'cooking'), ((4, 0), 'cooking')]"
5011,414,114,PICKUP,"(2, 0)",PICKUP,PICKUP,PICKUP,1,1,1,0,,PICKUP,"(2, 2)","(3, 1)",dish,,"[((2, 0), 'ready'), ((4, 0), 'cooking')]"
5011,416,115,DELIVER,"(4, 3)",DELIVER,DELIVER,DELIVER,1,1,1,0,,DELIVER,"(2, 1)","(3, 1)",soup,,"[((2, 0), 'empty'), ((4, 0), 'cooking')]"
5011,422,116,FETCH,"(6, 1)",GET_DISH,FETCH,FETCH,0,1,1,0,,FETCH,"(4, 2)","(3, 1)",,,"[((2, 0), 'empty'), ((4, 0), 'cooking')]"
5011,425,117,PLACE,"(2, 0)",PLACE,PLACE,PLACE,1,1,1,0,,PLACE,"(5, 1)","(2, 2)",onion,dish,"[((2, 0), 'empty'), ((4, 0), 'ready')]"
5011,432,118,FETCH,"(0, 1)",HOLD,FETCH,FETCH,0,1,1,0,,FETCH,"(2, 1)","(4, 2)",,,"[((2, 0), 'items1'), ((4, 0), 'empty')]"
5011,434,119,PLACE,"(2, 0)",HOLD,PLACE,PLACE,0,1,1,0,,PLACE,"(1, 1)","(5, 1)",onion,,"[((2, 0), 'items1'), ((4, 0), 'empty')]"
5011,438,120,FETCH,"(0, 1)",FETCH,FETCH,FETCH,1,1,1,0,,FETCH,"(2, 1)","(4, 2)",,onion,"[((2, 0), 'items2'), ((4, 0), 'empty')]"
5011,440,121,PLACE,"(2, 0)",PLACE,PLACE,PLACE,1,1,1,0,,PLACE,"(1, 1)","(2, 2)",onion,onion,"[((2, 0), 'items2'), ((4, 0), 'empty')]"
5011,442,122,PLACE,"(4, 0)",PLACE,PLACE,PLACE,1,1,1,0,,PLACE,"(1, 2)","(2, 1)",onion,,"[((2, 0), 'items3'), ((4, 0), 'empty')]"
5011,447,123,FETCH,"(6, 1)",GET_DISH,FETCH,FETCH,0,1,1,0,,FETCH,"(4, 1)","(3, 1)",,,"[((2, 0), 'cooking'), ((4, 0), 'items1')]"
5011,449,124,PLACE,"(4, 0)",PLACE,PLACE,PLACE,1,1,1,0,,PLACE,"(5, 1)","(3, 1)",onion,,"[((2, 0), 'cooking'), ((4, 0), 'items1')]"
5011,453,125,FETCH,"(6, 1)",GET_DISH,FETCH,FETCH,0,1,1,0,,FETCH,"(4, 1)","(3, 1)",,,"[((2, 0), 'cooking'), ((4, 0), 'items2')]"
5011,455,126,PLACE,"(4, 0)",HOLD,PLACE,PLACE,0,1,1,0,,PLACE,"(5, 1)","(3, 1)",onion,,"[((2, 0), 'cooking'), ((4, 0), 'items2')]"
5011,459,127,COOK_START,"(4, 0)",GET_DISH,COOK_START,COOK_START,0,1,1,0,,COOK_START,"(4, 1)","(3, 1)",,,"[((2, 0), 'cooking'), ((4, 0), 'items3')]"
5011,460,128,GET_DISH,"(2, 3)",HOLD,GET_DISH,GET_DISH,0,1,1,0,,GET_DISH,"(4, 1)","(3, 2)",,,"[((2, 0), 'cooking'), ((4, 0), 'cooking')]"
5011,468,129,PICKUP,"(2, 0)",PICKUP,PICKUP,PICKUP,1,1,1,0,,PICKUP,"(2, 2)","(3, 1)",dish,,"[((2, 0), 'ready'), ((4, 0), 'cooking')]"
5011,470,130,DELIVER,"(4, 3)",DELIVER,DELIVER,DELIVER,1,1,1,0,,DELIVER,"(2, 1)","(3, 1)",soup,,"[((2, 0), 'empty'), ((4, 0), 'cooking')]"
5011,476,131,FETCH,"(6, 1)",GET_DISH,FETCH,FETCH,0,1,1,0,,FETCH,"(4, 2)","(3, 1)",,,"[((2, 0), 'empty'), ((4, 0), 'cooking')]"
5011,479,132,PLACE,"(2, 0)",PLACE,PLACE,PLACE,1,1,1,0,,PLACE,"(5, 1)","(2, 2)",onion,dish,"[((2, 0), 'empty'), ((4, 0), 'ready')]"
5011,486,133,FETCH,"(0, 1)",HOLD,FETCH,FETCH,0,1,1,0,,FETCH,"(2, 1)","(4, 2)",,,"[((2, 0), 'items1'), ((4, 0), 'empty')]"
5011,488,134,PLACE,"(2, 0)",HOLD,PLACE,PLACE,0,1,1,0,,PLACE,"(1, 1)","(5, 1)",onion,,"[((2, 0), 'items1'), ((4, 0), 'empty')]"
5011,492,135,FETCH,"(0, 1)",FETCH,FETCH,FETCH,1,1,1,0,,FETCH,"(2, 1)","(4, 2)",,onion,"[((2, 0), 'items2'), ((4, 0), 'empty')]"
5011,494,136,PLACE,"(2, 0)",PLACE,PLACE,PLACE,1,1,1,0,,PLACE,"(1, 1)","(2, 2)",onion,onion,"[((2, 0), 'items2'), ((4, 0), 'empty')]"
5011,496,137,PLACE,"(4, 0)",PLACE,PLACE,PLACE,1,1,1,0,,PLACE,"(1, 2)","(2, 1)",onion,,"[((2, 0), 'items3'), ((4, 0), 'empty')]"
5011,501,138,FETCH,"(6, 1)",GET_DISH,FETCH,FETCH,0,1,1,0,,FETCH,"(4, 1)","(3, 1)",,,"[((2, 0), 'cooking'), ((4, 0), 'items1')]"
5011,503,139,PLACE,"(4, 0)",PLACE,PLACE,PLACE,1,1,1,0,,PLACE,"(5, 1)","(3, 1)",onion,,"[((2, 0), 'cooking'), ((4, 0), 'items1')]"
5011,507,140,FETCH,"(6, 1)",HOLD,FETCH,FETCH,0,1,1,0,,FETCH,"(4, 1)","(3, 1)",,,"[((2, 0), 'cooking'), ((4, 0), 'items2')]"
5011,509,141,PLACE,"(4, 0)",HOLD,PLACE,PLACE,0,1,1,0,,PLACE,"(5, 1)","(3, 1)",onion,,"[((2, 0), 'cooking'), ((4, 0), 'items2')]"
5011,513,142,COOK_START,"(4, 0)",GET_DISH,COOK_START,COOK_START,0,1,1,0,,COOK_START,"(4, 1)","(3, 1)",,,"[((2, 0), 'cooking'), ((4, 0), 'items3')]"
5011,514,143,GET_DISH,"(2, 3)",HOLD,GET_DISH,GET_DISH,0,1,1,0,,GET_DISH,"(4, 1)","(3, 2)",,,"[((2, 0), 'cooking'), ((4, 0), 'cooking')]"
5011,522,144,PICKUP,"(2, 0)",PICKUP,PICKUP,PICKUP,1,1,1,0,,PICKUP,"(2, 2)","(3, 1)",dish,,"[((2, 0), 'ready'), ((4, 0), 'cooking')]"
5011,524,145,DELIVER,"(4, 3)",DELIVER,DELIVER,DELIVER,1,1,1,0,,DELIVER,"(2, 1)","(3, 1)",soup,,"[((2, 0), 'empty'), ((4, 0), 'cooking')]"
5011,530,146,FETCH,"(6, 1)",GET_DISH,FETCH,FETCH,0,1,1,0,,FETCH,"(4, 2)","(3, 1)",,,"[((2, 0), 'empty'), ((4, 0), 'cooking')]"
5011,533,147,PLACE,"(2, 0)",PLACE,PLACE,PLACE,1,1,1,0,,PLACE,"(5, 1)","(2, 2)",onion,dish,"[((2, 0), 'empty'), ((4, 0), 'ready')]"
5011,540,148,FETCH,"(0, 1)",HOLD,FETCH,FETCH,0,1,1,0,,FETCH,"(2, 1)","(4, 2)",,,"[((2, 0), 'items1'), ((4, 0), 'empty')]"
5011,542,149,PLACE,"(2, 0)",HOLD,PLACE,PLACE,0,1,1,0,,PLACE,"(1, 1)","(5, 1)",onion,,"[((2, 0), 'items1'), ((4, 0), 'empty')]"
5011,546,150,FETCH,"(0, 1)",FETCH,FETCH,FETCH,1,1,1,0,,FETCH,"(2, 1)","(4, 2)",,onion,"[((2, 0), 'items2'), ((4, 0), 'empty')]"
5011,548,151,PLACE,"(2, 0)",PLACE,PLACE,PLACE,1,1,1,0,,PLACE,"(1, 1)","(2, 2)",onion,onion,"[((2, 0), 'items2'), ((4, 0), 'empty')]"
5011,550,152,PLACE,"(4, 0)",PLACE,PLACE,PLACE,1,1,1,0,,PLACE,"(1, 2)","(2, 1)",onion,,"[((2, 0), 'items3'), ((4, 0), 'empty')]"
5011,555,153,FETCH,"(6, 1)",GET_DISH,FETCH,FETCH,0,1,1,0,,FETCH,"(4, 1)","(3, 1)",,,"[((2, 0), 'cooking'), ((4, 0), 'items1')]"
5011,557,154,PLACE,"(4, 0)",HOLD,PLACE,PLACE,0,1,1,0,,PLACE,"(5, 1)","(3, 1)",onion,,"[((2, 0), 'cooking'), ((4, 0), 'items1')]"
5011,561,155,FETCH,"(6, 1)",HOLD,FETCH,FETCH,0,1,1,0,,FETCH,"(4, 1)","(3, 1)",,,"[((2, 0), 'cooking'), ((4, 0), 'items2')]"
5011,563,156,PLACE,"(4, 0)",HOLD,PLACE,PLACE,0,1,1,0,,PLACE,"(5, 1)","(3, 1)",onion,,"[((2, 0), 'cooking'), ((4, 0), 'items2')]"
5011,567,157,COOK_START,"(4, 0)",GET_DISH,COOK_START,COOK_START,0,1,1,0,,COOK_START,"(4, 1)","(3, 1)",,,"[((2, 0), 'cooking'), ((4, 0), 'items3')]"
5011,568,158,GET_DISH,"(2, 3)",HOLD,GET_DISH,GET_DISH,0,1,1,0,,GET_DISH,"(4, 1)","(3, 2)",,,"[((2, 0), 'cooking'), ((4, 0), 'cooking')]"
5011,576,159,PICKUP,"(2, 0)",PICKUP,PICKUP,PICKUP,1,1,1,0,,PICKUP,"(2, 2)","(3, 1)",dish,,"[((2, 0), 'ready'), ((4, 0), 'cooking')]"
5011,578,160,DELIVER,"(4, 3)",DELIVER,DELIVER,DELIVER,1,1,1,0,,DELIVER,"(2, 1)","(3, 1)",soup,,"[((2, 0), 'empty'), ((4, 0), 'cooking')]"
5011,584,161,FETCH,"(6, 1)",GET_DISH,FETCH,FETCH,0,1,1,0,,FETCH,"(4, 2)","(3, 1)",,,"[((2, 0), 'empty'), ((4, 0), 'cooking')]"
5011,587,162,PLACE,"(2, 0)",PLACE,PLACE,PLACE,1,1,1,0,,PLACE,"(5, 1)","(2, 2)",onion,dish,"[((2, 0), 'empty'), ((4, 0), 'ready')]"
5011,594,163,FETCH,"(0, 1)",HOLD,FETCH,FETCH,0,1,1,0,,FETCH,"(2, 1)","(4, 2)",,,"[((2, 0), 'items1'), ((4, 0), 'empty')]"
5011,596,164,PLACE,"(2, 0)",HOLD,PLACE,PLACE,0,1,1,0,,PLACE,"(1, 1)","(5, 1)",onion,,"[((2, 0), 'items1'), ((4, 0), 'empty')]"
5011,600,165,FETCH,"(0, 1)",FETCH,FETCH,FETCH,1,1,1,0,,FETCH,"(2, 1)","(4, 2)",,onion,"[((2, 0), 'items2'), ((4, 0), 'empty')]"
5011,602,166,PLACE,"(2, 0)",PLACE,PLACE,PLACE,1,1,1,0,,PLACE,"(1, 1)","(2, 2)",onion,onion,"[((2, 0), 'items2'), ((4, 0), 'empty')]"
5011,604,167,PLACE,"(4, 0)",PLACE,PLACE,PLACE,1,1,1,0,,PLACE,"(1, 2)","(2, 1)",onion,,"[((2, 0), 'items3'), ((4, 0), 'empty')]"
5011,609,168,FETCH,"(6, 1)",GET_DISH,FETCH,FETCH,0,1,1,0,,FETCH,"(4, 1)","(3, 1)",,,"[((2, 0), 'cooking'), ((4, 0), 'items1')]"
5011,611,169,PLACE,"(4, 0)",HOLD,PLACE,PLACE,0,1,1,0,,PLACE,"(5, 1)","(3, 1)",onion,,"[((2, 0), 'cooking'), ((4, 0), 'items1')]"
5011,615,170,FETCH,"(6, 1)",HOLD,FETCH,FETCH,0,1,1,0,,FETCH,"(4, 1)","(3, 1)",,,"[((2, 0), 'cooking'), ((4, 0), 'items2')]"
5011,617,171,PLACE,"(4, 0)",HOLD,PLACE,PLACE,0,1,1,0,,PLACE,"(5, 1)","(3, 1)",onion,,"[((2, 0), 'cooking'), ((4, 0), 'items2')]"
5011,621,172,COOK_START,"(4, 0)",HOLD,COOK_START,COOK_START,0,1,1,0,,COOK_START,"(4, 1)","(3, 1)",,,"[((2, 0), 'cooking'), ((4, 0), 'items3')]"
5011,622,173,GET_DISH,"(2, 3)",HOLD,GET_DISH,GET_DISH,0,1,1,0,,GET_DISH,"(4, 1)","(3, 2)",,,"[((2, 0), 'cooking'), ((4, 0), 'cooking')]"
5011,630,174,PICKUP,"(2, 0)",PICKUP,PICKUP,PICKUP,1,1,1,0,,PICKUP,"(2, 2)","(3, 1)",dish,,"[((2, 0), 'ready'), ((4, 0), 'cooking')]"
5011,632,175,DELIVER,"(4, 3)",DELIVER,DELIVER,DELIVER,1,1,1,0,,DELIVER,"(2, 1)","(3, 1)",soup,,"[((2, 0), 'empty'), ((4, 0), 'cooking')]"
5011,638,176,FETCH,"(6, 1)",GET_DISH,FETCH,FETCH,0,1,1,0,,FETCH,"(4, 2)","(3, 1)",,,"[((2, 0), 'empty'), ((4, 0), 'cooking')]"
5011,641,177,PLACE,"(2, 0)",PLACE,PLACE,PLACE,1,1,1,0,,PLACE,"(5, 1)","(2, 2)",onion,dish,"[((2, 0), 'empty'), ((4, 0), 'ready')]"
5011,648,178,FETCH,"(0, 1)",HOLD,FETCH,FETCH,0,1,1,0,,FETCH,"(2, 1)","(4, 2)",,,"[((2, 0), 'items1'), ((4, 0), 'empty')]"
5011,650,179,PLACE,"(2, 0)",HOLD,PLACE,PLACE,0,1,1,0,,PLACE,"(1, 1)","(5, 1)",onion,,"[((2, 0), 'items1'), ((4, 0), 'empty')]"
5011,654,180,FETCH,"(0, 1)",FETCH,FETCH,FETCH,1,1,1,0,,FETCH,"(2, 1)","(4, 2)",,onion,"[((2, 0), 'items2'), ((4, 0), 'empty')]"
5011,656,181,PLACE,"(2, 0)",PLACE,PLACE,PLACE,1,1,1,0,,PLACE,"(1, 1)","(2, 2)",onion,onion,"[((2, 0), 'items2'), ((4, 0), 'empty')]"
5011,658,182,PLACE,"(4, 0)",PLACE,PLACE,PLACE,1,1,1,0,,PLACE,"(1, 2)","(2, 1)",onion,,"[((2, 0), 'items3'), ((4, 0), 'empty')]"
5011,663,183,FETCH,"(6, 1)",GET_DISH,FETCH,FETCH,0,1,1,0,,FETCH,"(4, 1)","(3, 1)",,,"[((2, 0), 'cooking'), ((4, 0), 'items1')]"
5011,665,184,PLACE,"(4, 0)",HOLD,PLACE,PLACE,0,1,1,0,,PLACE,"(5, 1)","(3, 1)",onion,,"[((2, 0), 'cooking'), ((4, 0), 'items1')]"
5011,669,185,FETCH,"(6, 1)",HOLD,FETCH,FETCH,0,1,1,0,,FETCH,"(4, 1)","(3, 1)",,,"[((2, 0), 'cooking'), ((4, 0), 'items2')]"
5011,671,186,PLACE,"(4, 0)",HOLD,PLACE,PLACE,0,1,1,0,,PLACE,"(5, 1)","(3, 1)",onion,,"[((2, 0), 'cooking'), ((4, 0), 'items2')]"
5011,675,187,COOK_START,"(4, 0)",HOLD,COOK_START,COOK_START,0,1,1,0,,COOK_START,"(4, 1)","(3, 1)",,,"[((2, 0), 'cooking'), ((4, 0), 'items3')]"
5011,676,188,GET_DISH,"(2, 3)",HOLD,GET_DISH,GET_DISH,0,1,1,0,,GET_DISH,"(4, 1)","(3, 2)",,,"[((2, 0), 'cooking'), ((4, 0), 'cooking')]"
5011,684,189,PICKUP,"(2, 0)",PICKUP,PICKUP,PICKUP,1,1,1,0,,PICKUP,"(2, 2)","(3, 1)",dish,,"[((2, 0), 'ready'), ((4, 0), 'cooking')]"
5011,686,190,DELIVER,"(4, 3)",DELIVER,DELIVER,DELIVER,1,1,1,0,,DELIVER,"(2, 1)","(3, 1)",soup,,"[((2, 0), 'empty'), ((4, 0), 'cooking')]"
5011,692,191,FETCH,"(6, 1)",GET_DISH,FETCH,FETCH,0,1,1,0,,FETCH,"(4, 2)","(3, 1)",,,"[((2, 0), 'empty'), ((4, 0), 'cooking')]"
5011,695,192,PLACE,"(2, 0)",PLACE,PLACE,PLACE,1,1,1,0,,PLACE,"(5, 1)","(2, 2)",onion,dish,"[((2, 0), 'empty'), ((4, 0), 'ready')]"
5012,0,1,FETCH,"(6, 1)",FETCH,FETCH,FETCH,1,1,1,0,,,"(5, 3)","(4, 1)",,,"[((2, 0), 'empty'), ((4, 0), 'empty')]"
5012,10,2,PLACE,"(4, 0)",PLACE,PLACE,PLACE,1,1,1,0,PLACE,PLACE,"(5, 1)","(5, 2)",onion,,"[((2, 0), 'empty'), ((4, 0), 'empty')]"
5012,14,3,FETCH,"(6, 1)",FETCH,FETCH,FETCH,1,1,1,0,FETCH,FETCH,"(4, 1)","(5, 2)",,,"[((2, 0), 'empty'), ((4, 0), 'items1')]"
5012,16,4,PLACE,"(4, 0)",PLACE,PLACE,PLACE,1,1,1,0,PLACE,PLACE,"(5, 1)","(5, 2)",onion,,"[((2, 0), 'empty'), ((4, 0), 'items1')]"
5012,20,5,FETCH,"(6, 1)",FETCH,FETCH,FETCH,1,1,1,0,FETCH,FETCH,"(4, 1)","(5, 2)",,,"[((2, 0), 'empty'), ((4, 0), 'items2')]"
5012,22,6,PLACE,"(4, 0)",PLACE,PLACE,PLACE,1,1,1,0,PLACE,PLACE,"(5, 1)","(5, 2)",onion,,"[((2, 0), 'empty'), ((4, 0), 'items2')]"
5012,26,7,COOK_START,"(4, 0)",COOK_START,COOK_START,COOK_START,1,1,1,0,COOK_START,COOK_START,"(4, 1)","(5, 2)",,,"[((2, 0), 'empty'), ((4, 0), 'items3')]"
5012,27,8,FETCH,"(6, 1)",FETCH,FETCH,FETCH,1,1,1,0,FETCH,FETCH,"(4, 1)","(5, 2)",,,"[((2, 0), 'empty'), ((4, 0), 'cooking')]"
5012,29,9,PLACE,"(2, 0)",PLACE,PLACE,PLACE,1,1,1,0,PLACE,PLACE,"(5, 1)","(4, 1)",onion,,"[((2, 0), 'empty'), ((4, 0), 'cooking')]"
5012,42,10,FETCH,"(0, 1)",FETCH,FETCH,FETCH,1,1,1,1,HOLD,FETCH,"(2, 1)","(3, 2)",,dish,"[((2, 0), 'items1'), ((4, 0), 'cooking')]"
5012,44,11,PLACE,"(2, 0)",PLACE,PLACE,PLACE,1,1,1,0,PLACE,PLACE,"(1, 1)","(3, 2)",onion,dish,"[((2, 0), 'items1'), ((4, 0), 'cooking')]"
5012,48,12,FETCH,"(0, 1)",FETCH,FETCH,FETCH,1,1,1,0,FETCH,FETCH,"(2, 1)","(4, 1)",,dish,"[((2, 0), 'items2'), ((4, 0), 'ready')]"
5012,50,13,PLACE,"(2, 0)",PLACE,PLACE,PLACE,1,1,1,0,PLACE,PLACE,"(1, 1)","(4, 2)",onion,soup,"[((2, 0), 'items2'), ((4, 0), 'empty')]"
5012,54,14,COOK_START,"(2, 0)",HOLD,COOK_START,COOK_START,0,1,1,1,HOLD,COOK_START,"(2, 1)","(5, 1)",,onion,"[((2, 0), 'items3'), ((4, 0), 'empty')]"
5012,55,15,FETCH,"(0, 1)",HOLD,FETCH,FETCH,0,1,1,0,,FETCH,"(2, 1)","(5, 2)",,onion,"[((2, 0), 'cooking'), ((4, 0), 'empty')]"
5012,57,16,PLACE,"(4, 0)",PLACE,PLACE,PLACE,1,1,1,0,,PLACE,"(1, 1)","(4, 1)",onion,onion,"[((2, 0), 'cooking'), ((4, 0), 'empty')]"
5012,63,17,FETCH,"(6, 1)",FETCH,FETCH,FETCH,1,1,1,0,,FETCH,"(4, 1)","(3, 1)",,,"[((2, 0), 'cooking'), ((4, 0), 'items2')]"
5012,65,18,PLACE,"(4, 0)",PLACE,PLACE,PLACE,1,1,1,0,,PLACE,"(5, 1)","(3, 1)",onion,,"[((2, 0), 'cooking'), ((4, 0), 'items2')]"
5012,69,19,COOK_START,"(4, 0)",COOK_START,COOK_START,COOK_START,1,1,1,0,,COOK_START,"(4, 1)","(3, 1)",,,"[((2, 0), 'cooking'), ((4, 0), 'items3')]"
5012,70,20,GET_DISH,"(2, 3)",GET_DISH,GET_DISH,GET_DISH,1,1,1,0,,GET_DISH,"(4, 1)","(3, 2)",,,"[((2, 0), 'cooking'), ((4, 0), 'cooking')]"
5012,78,21,PICKUP,"(2, 0)",PICKUP,PICKUP,PICKUP,1,1,1,0,,PICKUP,"(2, 2)","(3, 1)",dish,,"[((2, 0), 'ready'), ((4, 0), 'cooking')]"
5012,80,22,DELIVER,"(4, 3)",DELIVER,DELIVER,DELIVER,1,1,1,0,,DELIVER,"(2, 1)","(3, 1)",soup,,"[((2, 0), 'empty'), ((4, 0), 'cooking')]"
5012,86,23,FETCH,"(6, 1)",FETCH,FETCH,FETCH,1,1,1,0,,FETCH,"(4, 2)","(3, 1)",,,"[((2, 0), 'empty'), ((4, 0), 'cooking')]"
5012,89,24,PLACE,"(2, 0)",PLACE,PLACE,PLACE,1,1,1,0,,PLACE,"(5, 1)","(2, 2)",onion,dish,"[((2, 0), 'empty'), ((4, 0), 'ready')]"
5012,96,25,FETCH,"(0, 1)",FETCH,FETCH,FETCH,1,1,1,0,,FETCH,"(2, 1)","(4, 2)",,,"[((2, 0), 'items1'), ((4, 0), 'empty')]"
5012,98,26,PLACE,"(2, 0)",PLACE,PLACE,PLACE,1,1,1,0,,PLACE,"(1, 1)","(5, 1)",onion,,"[((2, 0), 'items1'), ((4, 0), 'empty')]"
5012,102,27,FETCH,"(0, 1)",FETCH,FETCH,FETCH,1,1,1,0,,FETCH,"(2, 1)","(4, 2)",,onion,"[((2, 0), 'items2'), ((4, 0), 'empty')]"
5012,104,28,PLACE,"(2, 0)",PLACE,PLACE,PLACE,1,1,1,0,,PLACE,"(1, 1)","(2, 2)",onion,onion,"[((2, 0), 'items2'), ((4, 0), 'empty')]"
5012,106,29,PLACE,"(4, 0)",PLACE,PLACE,PLACE,1,1,1,0,,PLACE,"(1, 2)","(2, 1)",onion,,"[((2, 0), 'items3'), ((4, 0), 'empty')]"
5012,111,30,FETCH,"(6, 1)",FETCH,FETCH,FETCH,1,1,1,0,,FETCH,"(4, 1)","(3, 1)",,,"[((2, 0), 'cooking'), ((4, 0), 'items1')]"
5012,113,31,PLACE,"(4, 0)",PLACE,PLACE,PLACE,1,1,1,0,,PLACE,"(5, 1)","(3, 1)",onion,,"[((2, 0), 'cooking'), ((4, 0), 'items1')]"
5012,117,32,FETCH,"(6, 1)",FETCH,FETCH,FETCH,1,1,1,0,,FETCH,"(4, 1)","(3, 1)",,,"[((2, 0), 'cooking'), ((4, 0), 'items2')]"
5012,119,33,PLACE,"(4, 0)",PLACE,PLACE,PLACE,1,1,1,0,,PLACE,"(5, 1)","(3, 1)",onion,,"[((2, 0), 'cooking'), ((4, 0), 'items2')]"
5012,123,34,COOK_START,"(4, 0)",COOK_START,COOK_START,COOK_START,1,1,1,0,,COOK_START,"(4, 1)","(3, 1)",,,"[((2, 0), 'cooking'), ((4, 0), 'items3')]"
5012,124,35,GET_DISH,"(2, 3)",GET_DISH,GET_DISH,GET_DISH,1,1,1,0,,GET_DISH,"(4, 1)","(3, 2)",,,"[((2, 0), 'cooking'), ((4, 0), 'cooking')]"
5012,132,36,PICKUP,"(2, 0)",PICKUP,PICKUP,PICKUP,1,1,1,0,,PICKUP,"(2, 2)","(3, 1)",dish,,"[((2, 0), 'ready'), ((4, 0), 'cooking')]"
5012,134,37,DELIVER,"(4, 3)",DELIVER,DELIVER,DELIVER,1,1,1,0,,DELIVER,"(2, 1)","(3, 1)",soup,,"[((2, 0), 'empty'), ((4, 0), 'cooking')]"
5012,140,38,FETCH,"(6, 1)",FETCH,FETCH,FETCH,1,1,1,0,,FETCH,"(4, 2)","(3, 1)",,,"[((2, 0), 'empty'), ((4, 0), 'cooking')]"
5012,143,39,PLACE,"(2, 0)",PLACE,PLACE,PLACE,1,1,1,0,,PLACE,"(5, 1)","(2, 2)",onion,dish,"[((2, 0), 'empty'), ((4, 0), 'ready')]"
5012,150,40,FETCH,"(0, 1)",FETCH,FETCH,FETCH,1,1,1,0,,FETCH,"(2, 1)","(4, 2)",,,"[((2, 0), 'items1'), ((4, 0), 'empty')]"
5012,152,41,PLACE,"(2, 0)",PLACE,PLACE,PLACE,1,1,1,0,,PLACE,"(1, 1)","(5, 1)",onion,,"[((2, 0), 'items1'), ((4, 0), 'empty')]"
5012,156,42,FETCH,"(0, 1)",FETCH,FETCH,FETCH,1,1,1,0,,FETCH,"(2, 1)","(4, 2)",,onion,"[((2, 0), 'items2'), ((4, 0), 'empty')]"
5012,158,43,PLACE,"(2, 0)",PLACE,PLACE,PLACE,1,1,1,0,,PLACE,"(1, 1)","(2, 2)",onion,onion,"[((2, 0), 'items2'), ((4, 0), 'empty')]"
5012,160,44,PLACE,"(4, 0)",PLACE,PLACE,PLACE,1,1,1,0,,PLACE,"(1, 2)","(2, 1)",onion,,"[((2, 0), 'items3'), ((4, 0), 'empty')]"
5012,165,45,FETCH,"(6, 1)",FETCH,FETCH,FETCH,1,1,1,0,,FETCH,"(4, 1)","(3, 1)",,,"[((2, 0), 'cooking'), ((4, 0), 'items1')]"
5012,167,46,PLACE,"(4, 0)",PLACE,PLACE,PLACE,1,1,1,0,,PLACE,"(5, 1)","(3, 1)",onion,,"[((2, 0), 'cooking'), ((4, 0), 'items1')]"
5012,171,47,FETCH,"(6, 1)",FETCH,FETCH,FETCH,1,1,1,0,,FETCH,"(4, 1)","(3, 1)",,,"[((2, 0), 'cooking'), ((4, 0), 'items2')]"
5012,173,48,PLACE,"(4, 0)",PLACE,PLACE,PLACE,1,1,1,0,,PLACE,"(5, 1)","(3, 1)",onion,,"[((2, 0), 'cooking'), ((4, 0), 'items2')]"
5012,177,49,COOK_START,"(4, 0)",COOK_START,COOK_START,COOK_START,1,1,1,0,,COOK_START,"(4, 1)","(3, 1)",,,"[((2, 0), 'cooking'), ((4, 0), 'items3')]"
5012,178,50,GET_DISH,"(2, 3)",GET_DISH,GET_DISH,GET_DISH,1,1,1,0,,GET_DISH,"(4, 1)","(3, 2)",,,"[((2, 0), 'cooking'), ((4, 0), 'cooking')]"
5012,186,51,PICKUP,"(2, 0)",PICKUP,PICKUP,PICKUP,1,1,1,0,,PICKUP,"(2, 2)","(3, 1)",dish,,"[((2, 0), 'ready'), ((4, 0), 'cooking')]"
5012,188,52,DELIVER,"(4, 3)",DELIVER,DELIVER,DELIVER,1,1,1,0,,DELIVER,"(2, 1)","(3, 1)",soup,,"[((2, 0), 'empty'), ((4, 0), 'cooking')]"
5012,194,53,FETCH,"(6, 1)",FETCH,FETCH,FETCH,1,1,1,0,,FETCH,"(4, 2)","(3, 1)",,,"[((2, 0), 'empty'), ((4, 0), 'cooking')]"
5012,197,54,PLACE,"(2, 0)",PLACE,PLACE,PLACE,1,1,1,0,,PLACE,"(5, 1)","(2, 2)",onion,dish,"[((2, 0), 'empty'), ((4, 0), 'ready')]"
5012,204,55,FETCH,"(0, 1)",FETCH,FETCH,FETCH,1,1,1,0,,FETCH,"(2, 1)","(4, 2)",,,"[((2, 0), 'items1'), ((4, 0), 'empty')]"
5012,206,56,PLACE,"(2, 0)",PLACE,PLACE,PLACE,1,1,1,0,,PLACE,"(1, 1)","(5, 1)",onion,,"[((2, 0), 'items1'), ((4, 0), 'empty')]"
5012,210,57,FETCH,"(0, 1)",FETCH,FETCH,FETCH,1,1,1,0,,FETCH,"(2, 1)","(4, 2)",,onion,"[((2, 0), 'items2'), ((4, 0), 'empty')]"
5012,212,58,PLACE,"(2, 0)",PLACE,PLACE,PLACE,1,1,1,0,,PLACE,"(1, 1)","(2, 2)",onion,onion,"[((2, 0), 'items2'), ((4, 0), 'empty')]"
5012,214,59,PLACE,"(4, 0)",PLACE,PLACE,PLACE,1,1,1,0,,PLACE,"(1, 2)","(2, 1)",onion,,"[((2, 0), 'items3'), ((4, 0), 'empty')]"
5012,219,60,FETCH,"(6, 1)",FETCH,FETCH,FETCH,1,1,1,0,,FETCH,"(4, 1)","(3, 1)",,,"[((2, 0), 'cooking'), ((4, 0), 'items1')]"
5012,221,61,PLACE,"(4, 0)",PLACE,PLACE,PLACE,1,1,1,0,,PLACE,"(5, 1)","(3, 1)",onion,,"[((2, 0), 'cooking'), ((4, 0), 'items1')]"
5012,225,62,FETCH,"(6, 1)",FETCH,FETCH,FETCH,1,1,1,0,,FETCH,"(4, 1)","(3, 1)",,,"[((2, 0), 'cooking'), ((4, 0), 'items2')]"
5012,227,63,PLACE,"(4, 0)",PLACE,PLACE,PLACE,1,1,1,0,,PLACE,"(5, 1)","(3, 1)",onion,,"[((2, 0), 'cooking'), ((4, 0), 'items2')]"
5012,231,64,COOK_START,"(4, 0)",COOK_START,COOK_START,COOK_START,1,1,1,0,,COOK_START,"(4, 1)","(3, 1)",,,"[((2, 0), 'cooking'), ((4, 0), 'items3')]"
5012,232,65,GET_DISH,"(2, 3)",GET_DISH,GET_DISH,GET_DISH,1,1,1,0,,GET_DISH,"(4, 1)","(3, 2)",,,"[((2, 0), 'cooking'), ((4, 0), 'cooking')]"
5012,240,66,PICKUP,"(2, 0)",PICKUP,PICKUP,PICKUP,1,1,1,0,,PICKUP,"(2, 2)","(3, 1)",dish,,"[((2, 0), 'ready'), ((4, 0), 'cooking')]"
5012,242,67,DELIVER,"(4, 3)",DELIVER,DELIVER,DELIVER,1,1,1,0,,DELIVER,"(2, 1)","(3, 1)",soup,,"[((2, 0), 'empty'), ((4, 0), 'cooking')]"
5012,248,68,FETCH,"(6, 1)",FETCH,FETCH,FETCH,1,1,1,0,,FETCH,"(4, 2)","(3, 1)",,,"[((2, 0), 'empty'), ((4, 0), 'cooking')]"
5012,251,69,PLACE,"(2, 0)",PLACE,PLACE,PLACE,1,1,1,0,,PLACE,"(5, 1)","(2, 2)",onion,dish,"[((2, 0), 'empty'), ((4, 0), 'ready')]"
5012,258,70,FETCH,"(0, 1)",HOLD,FETCH,FETCH,0,1,1,0,,FETCH,"(2, 1)","(4, 2)",,,"[((2, 0), 'items1'), ((4, 0), 'empty')]"
5012,260,71,PLACE,"(2, 0)",PLACE,PLACE,PLACE,1,1,1,0,,PLACE,"(1, 1)","(5, 1)",onion,,"[((2, 0), 'items1'), ((4, 0), 'empty')]"
5012,264,72,FETCH,"(0, 1)",FETCH,FETCH,FETCH,1,1,1,0,,FETCH,"(2, 1)","(4, 2)",,onion,"[((2, 0), 'items2'), ((4, 0), 'empty')]"
5012,266,73,PLACE,"(2, 0)",PLACE,PLACE,PLACE,1,1,1,0,,PLACE,"(1, 1)","(2, 2)",onion,onion,"[((2, 0), 'items2'), ((4, 0), 'empty')]"
5012,268,74,PLACE,"(4, 0)",PLACE,PLACE,PLACE,1,1,1,0,,PLACE,"(1, 2)","(2, 1)",onion,,"[((2, 0), 'items3'), ((4, 0), 'empty')]"
5012,273,75,FETCH,"(6, 1)",GET_DISH,FETCH,FETCH,0,1,1,0,,FETCH,"(4, 1)","(3, 1)",,,"[((2, 0), 'cooking'), ((4, 0), 'items1')]"
5012,275,76,PLACE,"(4, 0)",PLACE,PLACE,PLACE,1,1,1,0,,PLACE,"(5, 1)","(3, 1)",onion,,"[((2, 0), 'cooking'), ((4, 0), 'items1')]"
5012,279,77,FETCH,"(6, 1)",GET_DISH,FETCH,FETCH,0,1,1,0,,FETCH,"(4, 1)","(3, 1)",,,"[((2, 0), 'cooking'), ((4, 0), 'items2')]"
5012,281,78,PLACE,"(4, 0)",PLACE,PLACE,PLACE,1,1,1,0,,PLACE,"(5, 1)","(3, 1)",onion,,"[((2, 0), 'cooking'), ((4, 0), 'items2')]"
5012,285,79,COOK_START,"(4, 0)",COOK_START,COOK_START,COOK_START,1,1,1,0,,COOK_START,"(4, 1)","(3, 1)",,,"[((2, 0), 'cooking'), ((4, 0), 'items3')]"
5012,286,80,GET_DISH,"(2, 3)",GET_DISH,GET_DISH,GET_DISH,1,1,1,0,,GET_DISH,"(4, 1)","(3, 2)",,,"[((2, 0), 'cooking'), ((4, 0), 'cooking')]"
5012,294,81,PICKUP,"(2, 0)",PICKUP,PICKUP,PICKUP,1,1,1,0,,PICKUP,"(2, 2)","(3, 1)",dish,,"[((2, 0), 'ready'), ((4, 0), 'cooking')]"
5012,296,82,DELIVER,"(4, 3)",DELIVER,DELIVER,DELIVER,1,1,1,0,,DELIVER,"(2, 1)","(3, 1)",soup,,"[((2, 0), 'empty'), ((4, 0), 'cooking')]"
5012,302,83,FETCH,"(6, 1)",FETCH,FETCH,FETCH,1,1,1,0,,FETCH,"(4, 2)","(3, 1)",,,"[((2, 0), 'empty'), ((4, 0), 'cooking')]"
5012,305,84,PLACE,"(2, 0)",PLACE,PLACE,PLACE,1,1,1,0,,PLACE,"(5, 1)","(2, 2)",onion,dish,"[((2, 0), 'empty'), ((4, 0), 'ready')]"
5012,312,85,FETCH,"(0, 1)",HOLD,FETCH,FETCH,0,1,1,0,,FETCH,"(2, 1)","(4, 2)",,,"[((2, 0), 'items1'), ((4, 0), 'empty')]"
5012,314,86,PLACE,"(2, 0)",PLACE,PLACE,PLACE,1,1,1,0,,PLACE,"(1, 1)","(5, 1)",onion,,"[((2, 0), 'items1'), ((4, 0), 'empty')]"
5012,318,87,FETCH,"(0, 1)",FETCH,FETCH,FETCH,1,1,1,0,,FETCH,"(2, 1)","(4, 2)",,onion,"[((2, 0), 'items2'), ((4, 0), 'empty')]"
5012,320,88,PLACE,"(2, 0)",PLACE,PLACE,PLACE,1,1,1,0,,PLACE,"(1, 1)","(2, 2)",onion,onion,"[((2, 0), 'items2'), ((4, 0), 'empty')]"
5012,322,89,PLACE,"(4, 0)",PLACE,PLACE,PLACE,1,1,1,0,,PLACE,"(1, 2)","(2, 1)",onion,,"[((2, 0), 'items3'), ((4, 0), 'empty')]"
5012,327,90,FETCH,"(6, 1)",GET_DISH,FETCH,FETCH,0,1,1,0,,FETCH,"(4, 1)","(3, 1)",,,"[((2, 0), 'cooking'), ((4, 0), 'items1')]"
5012,329,91,PLACE,"(4, 0)",PLACE,PLACE,PLACE,1,1,1,0,,PLACE,"(5, 1)","(3, 1)",onion,,"[((2, 0), 'cooking'), ((4, 0), 'items1')]"
5012,333,92,FETCH,"(6, 1)",GET_DISH,FETCH,FETCH,0,1,1,0,,FETCH,"(4, 1)","(3, 1)",,,"[((2, 0), 'cooking'), ((4, 0), 'items2')]"
5012,335,93,PLACE,"(4, 0)",PLACE,PLACE,PLACE,1,1,1,0,,PLACE,"(5, 1)","(3, 1)",onion,,"[((2, 0), 'cooking'), ((4, 0), 'items2')]"
5012,339,94,COOK_START,"(4, 0)",GET_DISH,COOK_START,COOK_START,0,1,1,0,,COOK_START,"(4, 1)","(3, 1)",,,"[((2, 0), 'cooking'), ((4, 0), 'items3')]"
5012,340,95,GET_DISH,"(2, 3)",HOLD,GET_DISH,GET_DISH,0,1,1,0,,GET_DISH,"(4, 1)","(3, 2)",,,"[((2, 0), 'cooking'), ((4, 0), 'cooking')]"
5012,348,96,PICKUP,"(2, 0)",PICKUP,PICKUP,PICKUP,1,1,1,0,,PICKUP,"(2, 2)","(3, 1)",dish,,"[((2, 0), 'ready'), ((4, 0), 'cooking')]"
5012,350,97,DELIVER,"(4, 3)",DELIVER,DELIVER,DELIVER,1,1,1,0,,DELIVER,"(2, 1)","(3, 1)",soup,,"[((2, 0), 'empty'), ((4, 0), 'cooking')]"
5012,356,98,FETCH,"(6, 1)",GET_DISH,FETCH,FETCH,0,1,1,0,,FETCH,"(4, 2)","(3, 1)",,,"[((2, 0), 'empty'), ((4, 0), 'cooking')]"
5012,359,99,PLACE,"(2, 0)",PLACE,PLACE,PLACE,1,1,1,0,,PLACE,"(5, 1)","(2, 2)",onion,dish,"[((2, 0), 'empty'), ((4, 0), 'ready')]"
5012,366,100,FETCH,"(0, 1)",HOLD,FETCH,FETCH,0,1,1,0,,FETCH,"(2, 1)","(4, 2)",,,"[((2, 0), 'items1'), ((4, 0), 'empty')]"
5012,368,101,PLACE,"(2, 0)",HOLD,PLACE,PLACE,0,1,1,0,,PLACE,"(1, 1)","(5, 1)",onion,,"[((2, 0), 'items1'), ((4, 0), 'empty')]"
5012,372,102,FETCH,"(0, 1)",FETCH,FETCH,FETCH,1,1,1,0,,FETCH,"(2, 1)","(4, 2)",,onion,"[((2, 0), 'items2'), ((4, 0), 'empty')]"
5012,374,103,PLACE,"(2, 0)",PLACE,PLACE,PLACE,1,1,1,0,,PLACE,"(1, 1)","(2, 2)",onion,onion,"[((2, 0), 'items2'), ((4, 0), 'empty')]"
5012,376,104,PLACE,"(4, 0)",PLACE,PLACE,PLACE,1,1,1,0,,PLACE,"(1, 2)","(2, 1)",onion,,"[((2, 0), 'items3'), ((4, 0), 'empty')]"
5012,381,105,FETCH,"(6, 1)",GET_DISH,FETCH,FETCH,0,1,1,0,,FETCH,"(4, 1)","(3, 1)",,,"[((2, 0), 'cooking'), ((4, 0), 'items1')]"
5012,383,106,PLACE,"(4, 0)",PLACE,PLACE,PLACE,1,1,1,0,,PLACE,"(5, 1)","(3, 1)",onion,,"[((2, 0), 'cooking'), ((4, 0), 'items1')]"
5012,387,107,FETCH,"(6, 1)",GET_DISH,FETCH,FETCH,0,1,1,0,,FETCH,"(4, 1)","(3, 1)",,,"[((2, 0), 'cooking'), ((4, 0), 'items2')]"
5012,389,108,PLACE,"(4, 0)",HOLD,PLACE,PLACE,0,1,1,0,,PLACE,"(5, 1)","(3, 1)",onion,,"[((2, 0), 'cooking'), ((4, 0), 'items2')]"
5012,393,109,COOK_START,"(4, 0)",GET_DISH,COOK_START,COOK_START,0,1,1,0,,COOK_START,"(4, 1)","(3, 1)",,,"[((2, 0), 'cooking'), ((4, 0), 'items3')]"
5012,394,110,GET_DISH,"(2, 3)",HOLD,GET_DISH,GET_DISH,0,1,1,0,,GET_DISH,"(4, 1)","(3, 2)",,,"[((2, 0), 'cooking'), ((4, 0), 'cooking')]"
5012,402,111,PICKUP,"(2, 0)",PICKUP,PICKUP,PICKUP,1,1,1,0,,PICKUP,"(2, 2)","(3, 1)",dish,,"[((2, 0), 'ready'), ((4, 0), 'cooking')]"
5012,404,112,DELIVER,"(4, 3)",DELIVER,DELIVER,DELIVER,1,1,1,0,,DELIVER,"(2, 1)","(3, 1)",soup,,"[((2, 0), 'empty'), ((4, 0), 'cooking')]"
5012,410,113,FETCH,"(6, 1)",GET_DISH,FETCH,FETCH,0,1,1,0,,FETCH,"(4, 2)","(3, 1)",,,"[((2, 0), 'empty'), ((4, 0), 'cooking')]"
5012,413,114,PLACE,"(2, 0)",PLACE,PLACE,PLACE,1,1,1,0,,PLACE,"(5, 1)","(2, 2)",onion,dish,"[((2, 0), 'empty'), ((4, 0), 'ready')]"
5012,420,115,FETCH,"(0, 1)",HOLD,FETCH,FETCH,0,1,1,0,,FETCH,"(2, 1)","(4, 2)",,,"[((2, 0), 'items1'), ((4, 0), 'empty')]"
5012,422,116,PLACE,"(2, 0)",HOLD,PLACE,PLACE,0,1,1,0,,PLACE,"(1, 1)","(5, 1)",onion,,"[((2, 0), 'items1'), ((4, 0), 'empty')]"
5012,426,117,FETCH,"(0, 1)",FETCH,FETCH,FETCH,1,1,1,0,,FETCH,"(2, 1)","(4, 2)",,onion,"[((2, 0), 'items2'), ((4, 0), 'empty')]"
5012,428,118,PLACE,"(2, 0)",PLACE,PLACE,PLACE,1,1,1,0,,PLACE,"(1, 1)","(2, 2)",onion,onion,"[((2, 0), 'items2'), ((4, 0), 'empty')]"
5012,430,119,PLACE,"(4, 0)",PLACE,PLACE,PLACE,1,1,1,0,,PLACE,"(1, 2)","(2, 1)",onion,,"[((2, 0), 'items3'), ((4, 0), 'empty')]"
5012,435,120,FETCH,"(6, 1)",GET_DISH,FETCH,FETCH,0,1,1,0,,FETCH,"(4, 1)","(3, 1)",,,"[((2, 0), 'cooking'), ((4, 0), 'items1')]"
5012,437,121,PLACE,"(4, 0)",PLACE,PLACE,PLACE,1,1,1,0,,PLACE,"(5, 1)","(3, 1)",onion,,"[((2, 0), 'cooking'), ((4, 0), 'items1')]"
5012,441,122,FETCH,"(6, 1)",GET_DISH,FETCH,FETCH,0,1,1,0,,FETCH,"(4, 1)","(3, 1)",,,"[((2, 0), 'cooking'), ((4, 0), 'items2')]"
5012,443,123,PLACE,"(4, 0)",HOLD,PLACE,PLACE,0,1,1,0,,PLACE,"(5, 1)","(3, 1)",onion,,"[((2, 0), 'cooking'), ((4, 0), 'items2')]"
5012,447,124,COOK_START,"(4, 0)",GET_DISH,COOK_START,COOK_START,0,1,1,0,,COOK_START,"(4, 1)","(3, 1)",,,"[((2, 0), 'cooking'), ((4, 0), 'items3')]"
5012,448,125,GET_DISH,"(2, 3)",HOLD,GET_DISH,GET_DISH,0,1,1,0,,GET_DISH,"(4, 1)","(3, 2)",,,"[((2, 0), 'cooking'), ((4, 0), 'cooking')]"
5012,456,126,PICKUP,"(2, 0)",PICKUP,PICKUP,PICKUP,1,1,1,0,,PICKUP,"(2, 2)","(3, 1)",dish,,"[((2, 0), 'ready'), ((4, 0), 'cooking')]"
5012,458,127,DELIVER,"(4, 3)",DELIVER,DELIVER,DELIVER,1,1,1,0,,DELIVER,"(2, 1)","(3, 1)",soup,,"[((2, 0), 'empty'), ((4, 0), 'cooking')]"
5012,464,128,FETCH,"(6, 1)",GET_DISH,FETCH,FETCH,0,1,1,0,,FETCH,"(4, 2)","(3, 1)",,,"[((2, 0), 'empty'), ((4, 0), 'cooking')]"
5012,467,129,PLACE,"(2, 0)",PLACE,PLACE,PLACE,1,1,1,0,,PLACE,"(5, 1)","(2, 2)",onion,dish,"[((2, 0), 'empty'), ((4, 0), 'ready')]"
5012,474,130,FETCH,"(0, 1)",HOLD,FETCH,FETCH,0,1,1,0,,FETCH,"(2, 1)","(4, 2)",,,"[((2, 0), 'items1'), ((4, 0), 'empty')]"
5012,476,131,PLACE,"(2, 0)",HOLD,PLACE,PLACE,0,1,1,0,,PLACE,"(1, 1)","(5, 1)",onion,,"[((2, 0), 'items1'), ((4, 0), 'empty')]"
5012,480,132,FETCH,"(0, 1)",FETCH,FETCH,FETCH,1,1,1,0,,FETCH,"(2, 1)","(4, 2)",,onion,"[((2, 0), 'items2'), ((4, 0), 'empty')]"
5012,482,133,PLACE,"(2, 0)",PLACE,PLACE,PLACE,1,1,1,0,,PLACE,"(1, 1)","(2, 2)",onion,onion,"[((2, 0), 'items2'), ((4, 0), 'empty')]"
5012,484,134,PLACE,"(4, 0)",PLACE,PLACE,PLACE,1,1,1,0,,PLACE,"(1, 2)","(2, 1)",onion,,"[((2, 0), 'items3'), ((4, 0), 'empty')]"
5012,489,135,FETCH,"(6, 1)",GET_DISH,FETCH,FETCH,0,1,1,0,,FETCH,"(4, 1)","(3, 1)",,,"[((2, 0), 'cooking'), ((4, 0), 'items1')]"
5012,491,136,PLACE,"(4, 0)",PLACE,PLACE,PLACE,1,1,1,0,,PLACE,"(5, 1)","(3, 1)",onion,,"[((2, 0), 'cooking'), ((4, 0), 'items1')]"
5012,495,137,FETCH,"(6, 1)",HOLD,FETCH,FETCH,0,1,1,0,,FETCH,"(4, 1)","(3, 1)",,,"[((2, 0), 'cooking'), ((4, 0), 'items2')]"
5012,497,138,PLACE,"(4, 0)",HOLD,PLACE,PLACE,0,1,1,0,,PLACE,"(5, 1)","(3, 1)",onion,,"[((2, 0), 'cooking'), ((4, 0), 'items2')]"
5012,501,139,COOK_START,"(4, 0)",GET_DISH,COOK_START,COOK_START,0,1,1,0,,COOK_START,"(4, 1)","(3, 1)",,,"[((2, 0), 'cooking'), ((4, 0), 'items3')]"
5012,502,140,GET_DISH,"(2, 3)",HOLD,GET_DISH,GET_DISH,0,1,1,0,,GET_DISH,"(4, 1)","(3, 2)",,,"[((2, 0), 'cooking'), ((4, 0), 'cooking')]"
5012,510,141,PICKUP,"(2, 0)",PICKUP,PICKUP,PICKUP,1,1,1,0,,PICKUP,"(2, 2)","(3, 1)",dish,,"[((2, 0), 'ready'), ((4, 0), 'cooking')]"
5012,512,142,DELIVER,"(4, 3)",DELIVER,DELIVER,DELIVER,1,1,1,0,,DELIVER,"(2, 1)","(3, 1)",soup,,"[((2, 0), 'empty'), ((4, 0), 'cooking')]"
5012,518,143,FETCH,"(6, 1)",GET_DISH,FETCH,FETCH,0,1,1,0,,FETCH,"(4, 2)","(3, 1)",,,"[((2, 0), 'empty'), ((4, 0), 'cooking')]"
5012,521,144,PLACE,"(2, 0)",PLACE,PLACE,PLACE,1,1,1,0,,PLACE,"(5, 1)","(2, 2)",onion,dish,"[((2, 0), 'empty'), ((4, 0), 'ready')]"
5012,528,145,FETCH,"(0, 1)",HOLD,FETCH,FETCH,0,1,1,0,,FETCH,"(2, 1)","(4, 2)",,,"[((2, 0), 'items1'), ((4, 0), 'empty')]"
5012,530,146,PLACE,"(2, 0)",HOLD,PLACE,PLACE,0,1,1,0,,PLACE,"(1, 1)","(5, 1)",onion,,"[((2, 0), 'items1'), ((4, 0), 'empty')]"
5012,534,147,FETCH,"(0, 1)",FETCH,FETCH,FETCH,1,1,1,0,,FETCH,"(2, 1)","(4, 2)",,onion,"[((2, 0), 'items2'), ((4, 0), 'empty')]"
5012,536,148,PLACE,"(2, 0)",PLACE,PLACE,PLACE,1,1,1,0,,PLACE,"(1, 1)","(2, 2)",onion,onion,"[((2, 0), 'items2'), ((4, 0), 'empty')]"
5012,538,149,PLACE,"(4, 0)",PLACE,PLACE,PLACE,1,1,1,0,,PLACE,"(1, 2)","(2, 1)",onion,,"[((2, 0), 'items3'), ((4, 0), 'empty')]"
5012,543,150,FETCH,"(6, 1)",GET_DISH,FETCH,FETCH,0,1,1,0,,FETCH,"(4, 1)","(3, 1)",,,"[((2, 0), 'cooking'), ((4, 0), 'items1')]"
5012,545,151,PLACE,"(4, 0)",HOLD,PLACE,PLACE,0,1,1,0,,PLACE,"(5, 1)","(3, 1)",onion,,"[((2, 0), 'cooking'), ((4, 0), 'items1')]"
5012,549,152,FETCH,"(6, 1)",HOLD,FETCH,FETCH,0,1,1,0,,FETCH,"(4, 1)","(3, 1)",,,"[((2, 0), 'cooking'), ((4, 0), 'items2')]"
5012,551,153,PLACE,"(4, 0)",HOLD,PLACE,PLACE,0,1,1,0,,PLACE,"(5, 1)","(3, 1)",onion,,"[((2, 0), 'cooking'), ((4, 0), 'items2')]"
5012,555,154,COOK_START,"(4, 0)",GET_DISH,COOK_START,COOK_START,0,1,1,0,,COOK_START,"(4, 1)","(3, 1)",,,"[((2, 0), 'cooking'), ((4, 0), 'items3')]"
5012,556,155,GET_DISH,"(2, 3)",HOLD,GET_DISH,GET_DISH,0,1,1,0,,GET_DISH,"(4, 1)","(3, 2)",,,"[((2, 0), 'cooking'), ((4, 0), 'cooking')]"
5012,564,156,PICKUP,"(2, 0)",PICKUP,PICKUP,PICKUP,1,1,1,0,,PICKUP,"(2, 2)","(3, 1)",dish,,"[((2, 0), 'ready'), ((4, 0), 'cooking')]"
5012,566,157,DELIVER,"(4, 3)",DELIVER,DELIVER,DELIVER,1,1,1,0,,DELIVER,"(2, 1)","(3, 1)",soup,,"[((2, 0), 'empty'), ((4, 0), 'cooking')]"
5012,572,158,FETCH,"(6, 1)",GET_DISH,FETCH,FETCH,0,1,1,0,,FETCH,"(4, 2)","(3, 1)",,,"[((2, 0), 'empty'), ((4, 0), 'cooking')]"
5012,575,159,PLACE,"(2, 0)",PLACE,PLACE,PLACE,1,1,1,0,,PLACE,"(5, 1)","(2, 2)",onion,dish,"[((2, 0), 'empty'), ((4, 0), 'ready')]"
5012,582,160,FETCH,"(0, 1)",HOLD,FETCH,FETCH,0,1,1,0,,FETCH,"(2, 1)","(4, 2)",,,"[((2, 0), 'items1'), ((4, 0), 'empty')]"
5012,584,161,PLACE,"(2, 0)",HOLD,PLACE,PLACE,0,1,1,0,,PLACE,"(1, 1)","(5, 1)",onion,,"[((2, 0), 'items1'), ((4, 0), 'empty')]"
5012,588,162,FETCH,"(0, 1)",FETCH,FETCH,FETCH,1,1,1,0,,FETCH,"(2, 1)","(4, 2)",,onion,"[((2, 0), 'items2'), ((4, 0), 'empty')]"
5012,590,163,PLACE,"(2, 0)",PLACE,PLACE,PLACE,1,1,1,0,,PLACE,"(1, 1)","(2, 2)",onion,onion,"[((2, 0), 'items2'), ((4, 0), 'empty')]"
5012,592,164,PLACE,"(4, 0)",PLACE,PLACE,PLACE,1,1,1,0,,PLACE,"(1, 2)","(2, 1)",onion,,"[((2, 0), 'items3'), ((4, 0), 'empty')]"
5012,597,165,FETCH,"(6, 1)",GET_DISH,FETCH,FETCH,0,1,1,0,,FETCH,"(4, 1)","(3, 1)",,,"[((2, 0), 'cooking'), ((4, 0), 'items1')]"
5012,599,166,PLACE,"(4, 0)",HOLD,PLACE,PLACE,0,1,1,0,,PLACE,"(5, 1)","(3, 1)",onion,,"[((2, 0), 'cooking'), ((4, 0), 'items1')]"
5012,603,167,FETCH,"(6, 1)",HOLD,FETCH,FETCH,0,1,1,0,,FETCH,"(4, 1)","(3, 1)",,,"[((2, 0), 'cooking'), ((4, 0), 'items2')]"
5012,605,168,PLACE,"(4, 0)",HOLD,PLACE,PLACE,0,1,1,0,,PLACE,"(5, 1)","(3, 1)",onion,,"[((2, 0), 'cooking'), ((4, 0), 'items2')]"
5012,609,169,COOK_START,"(4, 0)",HOLD,COOK_START,COOK_START,0,1,1,0,,COOK_START,"(4, 1)","(3, 1)",,,"[((2, 0), 'cooking'), ((4, 0), 'items3')]"
5012,610,170,GET_DISH,"(2, 3)",HOLD,GET_DISH,GET_DISH,0,1,1,0,,GET_DISH,"(4, 1)","(3, 2)",,,"[((2, 0), 'cooking'), ((4, 0), 'cooking')]"
5012,618,171,PICKUP,"(2, 0)",PICKUP,PICKUP,PICKUP,1,1,1,0,,PICKUP,"(2, 2)","(3, 1)",dish,,"[((2, 0), 'ready'), ((4, 0), 'cooking')]"
5012,620,172,DELIVER,"(4, 3)",DELIVER,DELIVER,DELIVER,1,1,1,0,,DELIVER,"(2, 1)","(3, 1)",soup,,"[((2, 0), 'empty'), ((4, 0), 'cooking')]"
5012,626,173,FETCH,"(6, 1)",GET_DISH,FETCH,FETCH,0,1,1,0,,FETCH,"(4, 2)","(3, 1)",,,"[((2, 0), 'empty'), ((4, 0), 'cooking')]"
5012,629,174,PLACE,"(2, 0)",PLACE,PLACE,PLACE,1,1,1,0,,PLACE,"(5, 1)","(2, 2)",onion,dish,"[((2, 0), 'empty'), ((4, 0), 'ready')]"
5012,636,175,FETCH,"(0, 1)",HOLD,FETCH,FETCH,0,1,1,0,,FETCH,"(2, 1)","(4, 2)",,,"[((2, 0), 'items1'), ((4, 0), 'empty')]"
5012,638,176,PLACE,"(2, 0)",HOLD,PLACE,PLACE,0,1,1,0,,PLACE,"(1, 1)","(5, 1)",onion,,"[((2, 0), 'items1'), ((4, 0), 'empty')]"
5012,642,177,FETCH,"(0, 1)",FETCH,FETCH,FETCH,1,1,1,0,,FETCH,"(2, 1)","(4, 2)",,onion,"[((2, 0), 'items2'), ((4, 0), 'empty')]"
5012,644,178,PLACE,"(2, 0)",PLACE,PLACE,PLACE,1,1,1,0,,PLACE,"(1, 1)","(2, 2)",onion,onion,"[((2, 0), 'items2'), ((4, 0), 'empty')]"
5012,646,179,PLACE,"(4, 0)",PLACE,PLACE,PLACE,1,1,1,0,,PLACE,"(1, 2)","(2, 1)",onion,,"[((2, 0), 'items3'), ((4, 0), 'empty')]"
5012,651,180,FETCH,"(6, 1)",GET_DISH,FETCH,FETCH,0,1,1,0,,FETCH,"(4, 1)","(3, 1)",,,"[((2, 0), 'cooking'), ((4, 0), 'items1')]"
5012,653,181,PLACE,"(4, 0)",HOLD,PLACE,PLACE,0,1,1,0,,PLACE,"(5, 1)","(3, 1)",onion,,"[((2, 0), 'cooking'), ((4, 0), 'items1')]"
5012,657,182,FETCH,"(6, 1)",HOLD,FETCH,FETCH,0,1,1,0,,FETCH,"(4, 1)","(3, 1)",,,"[((2, 0), 'cooking'), ((4, 0), 'items2')]"
5012,659,183,PLACE,"(4, 0)",HOLD,PLACE,PLACE,0,1,1,0,,PLACE,"(5, 1)","(3, 1)",onion,,"[((2, 0), 'cooking'), ((4, 0), 'items2')]"
5012,663,184,COOK_START,"(4, 0)",HOLD,COOK_START,COOK_START,0,1,1,0,,COOK_START,"(4, 1)","(3, 1)",,,"[((2, 0), 'cooking'), ((4, 0), 'items3')]"
5012,664,185,GET_DISH,"(2, 3)",HOLD,GET_DISH,GET_DISH,0,1,1,0,,GET_DISH,"(4, 1)","(3, 2)",,,"[((2, 0), 'cooking'), ((4, 0), 'cooking')]"
5012,672,186,PICKUP,"(2, 0)",PICKUP,PICKUP,PICKUP,1,1,1,0,,PICKUP,"(2, 2)","(3, 1)",dish,,"[((2, 0), 'ready'), ((4, 0), 'cooking')]"
5012,674,187,DELIVER,"(4, 3)",DELIVER,DELIVER,DELIVER,1,1,1,0,,DELIVER,"(2, 1)","(3, 1)",soup,,"[((2, 0), 'empty'), ((4, 0), 'cooking')]"
5012,680,188,FETCH,"(6, 1)",GET_DISH,FETCH,FETCH,0,1,1,0,,FETCH,"(4, 2)","(3, 1)",,,"[((2, 0), 'empty'), ((4, 0), 'cooking')]"
5012,683,189,PLACE,"(2, 0)",PLACE,PLACE,PLACE,1,1,1,0,,PLACE,"(5, 1)","(2, 2)",onion,dish,"[((2, 0), 'empty'), ((4, 0), 'ready')]"
5012,690,190,FETCH,"(0, 1)",HOLD,FETCH,FETCH,0,1,1,0,,FETCH,"(2, 1)","(4, 2)",,,"[((2, 0), 'items1'), ((4, 0), 'empty')]"
5012,692,191,PLACE,"(2, 0)",HOLD,PLACE,PLACE,0,1,1,0,,PLACE,"(1, 1)","(5, 1)",onion,,"[((2, 0), 'items1'), ((4, 0), 'empty')]"
5012,696,192,FETCH,"(0, 1)",HOLD,FETCH,FETCH,0,1,1,0,,FETCH,"(2, 1)","(4, 2)",,onion,"[((2, 0), 'items2'), ((4, 0), 'empty')]"
5012,698,193,PLACE,"(2, 0)",PLACE,PLACE,PLACE,1,1,1,0,,PLACE,"(1, 1)","(2, 2)",onion,onion,"[((2, 0), 'items2'), ((4, 0), 'empty')]"
5013,0,1,FETCH,"(6, 1)",FETCH,FETCH,FETCH,1,1,1,0,FETCH,FETCH,"(5, 1)","(4, 2)",,,"[((2, 0), 'empty'), ((4, 0), 'empty')]"
5013,1,2,PLACE,"(4, 0)",PLACE,PLACE,PLACE,1,1,1,0,PLACE,PLACE,"(5, 1)","(5, 2)",onion,,"[((2, 0), 'empty'), ((4, 0), 'empty')]"
5013,5,3,FETCH,"(6, 1)",FETCH,FETCH,FETCH,1,1,1,0,FETCH,FETCH,"(4, 1)","(5, 2)",,,"[((2, 0), 'empty'), ((4, 0), 'items1')]"
5013,7,4,PLACE,"(4, 0)",PLACE,PLACE,PLACE,1,1,1,0,PLACE,PLACE,"(5, 1)","(5, 2)",onion,,"[((2, 0), 'empty'), ((4, 0), 'items1')]"
5013,11,5,FETCH,"(6, 1)",FETCH,FETCH,FETCH,1,1,1,0,FETCH,FETCH,"(4, 1)","(5, 2)",,,"[((2, 0), 'empty'), ((4, 0), 'items2')]"
5013,13,6,PLACE,"(4, 0)",PLACE,PLACE,PLACE,1,1,1,0,PLACE,PLACE,"(5, 1)","(5, 2)",onion,,"[((2, 0), 'empty'), ((4, 0), 'items2')]"
5013,17,7,COOK_START,"(4, 0)",COOK_START,COOK_START,COOK_START,1,1,1,0,COOK_START,COOK_START,"(4, 1)","(5, 2)",,,"[((2, 0), 'empty'), ((4, 0), 'items3')]"
5013,18,8,FETCH,"(6, 1)",FETCH,FETCH,FETCH,1,1,1,0,FETCH,FETCH,"(4, 1)","(5, 2)",,,"[((2, 0), 'empty'), ((4, 0), 'cooking')]"
5013,20,9,PLACE,"(2, 0)",PLACE,PLACE,PLACE,1,1,1,0,PLACE,PLACE,"(5, 1)","(4, 1)",onion,,"[((2, 0), 'empty'), ((4, 0), 'cooking')]"
5013,33,10,FETCH,"(0, 1)",FETCH,FETCH,FETCH,1,1,1,1,HOLD,FETCH,"(2, 1)","(3, 2)",,dish,"[((2, 0), 'items1'), ((4, 0), 'cooking')]"
5013,35,11,PLACE,"(2, 0)",PLACE,PLACE,PLACE,1,1,1,0,PLACE,PLACE,"(1, 1)","(3, 2)",onion,dish,"[((2, 0), 'items1'), ((4, 0), 'cooking')]"
5013,39,12,FETCH,"(0, 1)",FETCH,FETCH,FETCH,1,1,1,0,FETCH,FETCH,"(2, 1)","(4, 1)",,dish,"[((2, 0), 'items2'), ((4, 0), 'ready')]"
5013,41,13,PLACE,"(2, 0)",PLACE,PLACE,PLACE,1,1,1,0,PLACE,PLACE,"(1, 1)","(4, 2)",onion,soup,"[((2, 0), 'items2'), ((4, 0), 'empty')]"
5013,45,14,COOK_START,"(2, 0)",HOLD,COOK_START,COOK_START,0,1,1,1,HOLD,COOK_START,"(2, 1)","(5, 1)",,onion,"[((2, 0), 'items3'), ((4, 0), 'empty')]"
5013,46,15,FETCH,"(0, 1)",HOLD,FETCH,FETCH,0,1,1,0,,FETCH,"(2, 1)","(5, 2)",,onion,"[((2, 0), 'cooking'), ((4, 0), 'empty')]"
5013,48,16,PLACE,"(4, 0)",PLACE,PLACE,PLACE,1,1,1,0,,PLACE,"(1, 1)","(4, 1)",onion,onion,"[((2, 0), 'cooking'), ((4, 0), 'empty')]"
5013,54,17,FETCH,"(6, 1)",FETCH,FETCH,FETCH,1,1,1,0,,FETCH,"(4, 1)","(3, 1)",,,"[((2, 0), 'cooking'), ((4, 0), 'items2')]"
5013,56,18,PLACE,"(4, 0)",PLACE,PLACE,PLACE,1,1,1,0,,PLACE,"(5, 1)","(3, 1)",onion,,"[((2, 0), 'cooking'), ((4, 0), 'items2')]"
5013,60,19,COOK_START,"(4, 0)",COOK_START,COOK_START,COOK_START,1,1,1,0,,COOK_START,"(4, 1)","(3, 1)",,,"[((2, 0), 'cooking'), ((4, 0), 'items3')]"
5013,61,20,GET_DISH,"(2, 3)",GET_DISH,GET_DISH,GET_DISH,1,1,1,0,,GET_DISH,"(4, 1)","(3, 2)",,,"[((2, 0), 'cooking'), ((4, 0), 'cooking')]"
5013,69,21,PICKUP,"(2, 0)",PICKUP,PICKUP,PICKUP,1,1,1,0,,PICKUP,"(2, 2)","(3, 1)",dish,,"[((2, 0), 'ready'), ((4, 0), 'cooking')]"
5013,71,22,DELIVER,"(4, 3)",DELIVER,DELIVER,DELIVER,1,1,1,0,,DELIVER,"(2, 1)","(3, 1)",soup,,"[((2, 0), 'empty'), ((4, 0), 'cooking')]"
5013,77,23,FETCH,"(6, 1)",FETCH,FETCH,FETCH,1,1,1,0,,FETCH,"(4, 2)","(3, 1)",,,"[((2, 0), 'empty'), ((4, 0), 'cooking')]"
5013,80,24,PLACE,"(2, 0)",PLACE,PLACE,PLACE,1,1,1,0,,PLACE,"(5, 1)","(2, 2)",onion,dish,"[((2, 0), 'empty'), ((4, 0), 'ready')]"
5013,87,25,FETCH,"(0, 1)",FETCH,FETCH,FETCH,1,1,1,0,,FETCH,"(2, 1)","(4, 2)",,,"[((2, 0), 'items1'), ((4, 0), 'empty')]"
5013,89,26,PLACE,"(2, 0)",PLACE,PLACE,PLACE,1,1,1,0,,PLACE,"(1, 1)","(5, 1)",onion,,"[((2, 0), 'items1'), ((4, 0), 'empty')]"
5013,93,27,FETCH,"(0, 1)",FETCH,FETCH,FETCH,1,1,1,0,,FETCH,"(2, 1)","(4, 2)",,onion,"[((2, 0), 'items2'), ((4, 0), 'empty')]"
5013,95,28,PLACE,"(2, 0)",PLACE,PLACE,PLACE,1,1,1,0,,PLACE,"(1, 1)","(2, 2)",onion,onion,"[((2, 0), 'items2'), ((4, 0), 'empty')]"
5013,97,29,PLACE,"(4, 0)",PLACE,PLACE,PLACE,1,1,1,0,,PLACE,"(1, 2)","(2, 1)",onion,,"[((2, 0), 'items3'), ((4, 0), 'empty')]"
5013,102,30,FETCH,"(6, 1)",FETCH,FETCH,FETCH,1,1,1,0,,FETCH,"(4, 1)","(3, 1)",,,"[((2, 0), 'cooking'), ((4, 0), 'items1')]"
5013,104,31,PLACE,"(4, 0)",PLACE,PLACE,PLACE,1,1,1,0,,PLACE,"(5, 1)","(3, 1)",onion,,"[((2, 0), 'cooking'), ((4, 0), 'items1')]"
5013,108,32,FETCH,"(6, 1)",FETCH,FETCH,FETCH,1,1,1,0,,FETCH,"(4, 1)","(3, 1)",,,"[((2, 0), 'cooking'), ((4, 0), 'items2')]"
5013,110,33,PLACE,"(4, 0)",PLACE,PLACE,PLACE,1,1,1,0,,PLACE,"(5, 1)","(3, 1)",onion,,"[((2, 0), 'cooking'), ((4, 0), 'items2')]"
5013,114,34,COOK_START,"(4, 0)",COOK_START,COOK_START,COOK_START,1,1,1,0,,COOK_START,"(4, 1)","(3, 1)",,,"[((2, 0), 'cooking'), ((4, 0), 'items3')]"
5013,115,35,GET_DISH,"(2, 3)",GET_DISH,GET_DISH,GET_DISH,1,1,1,0,,GET_DISH,"(4, 1)","(3, 2)",,,"[((2, 0), 'cooking'), ((4, 0), 'cooking')]"
5013,123,36,PICKUP,"(2, 0)",PICKUP,PICKUP,PICKUP,1,1,1,0,,PICKUP,"(2, 2)","(3, 1)",dish,,"[((2, 0), 'ready'), ((4, 0), 'cooking')]"
5013,125,37,DELIVER,"(4, 3)",DELIVER,DELIVER,DELIVER,1,1,1,0,,DELIVER,"(2, 1)","(3, 1)",soup,,"[((2, 0), 'empty'), ((4, 0), 'cooking')]"
5013,131,38,FETCH,"(6, 1)",FETCH,FETCH,FETCH,1,1,1,0,,FETCH,"(4, 2)","(3, 1)",,,"[((2, 0), 'empty'), ((4, 0), 'cooking')]"
5013,134,39,PLACE,"(2, 0)",PLACE,PLACE,PLACE,1,1,1,0,,PLACE,"(5, 1)","(2, 2)",onion,dish,"[((2, 0), 'empty'), ((4, 0), 'ready')]"
5013,141,40,FETCH,"(0, 1)",FETCH,FETCH,FETCH,1,1,1,0,,FETCH,"(2, 1)","(4, 2)",,,"[((2, 0), 'items1'), ((4, 0), 'empty')]"
5013,143,41,PLACE,"(2, 0)",PLACE,PLACE,PLACE,1,1,1,0,,PLACE,"(1, 1)","(5, 1)",onion,,"[((2, 0), 'items1'), ((4, 0), 'empty')]"
5013,147,42,FETCH,"(0, 1)",FETCH,FETCH,FETCH,1,1,1,0,,FETCH,"(2, 1)","(4, 2)",,onion,"[((2, 0), 'items2'), ((4, 0), 'empty')]"
5013,149,43,PLACE,"(2, 0)",PLACE,PLACE,PLACE,1,1,1,0,,PLACE,"(1, 1)","(2, 2)",onion,onion,"[((2, 0), 'items2'), ((4, 0), 'empty')]"
5013,151,44,PLACE,"(4, 0)",PLACE,PLACE,PLACE,1,1,1,0,,PLACE,"(1, 2)","(2, 1)",onion,,"[((2, 0), 'items3'), ((4, 0), 'empty')]"
5013,156,45,FETCH,"(6, 1)",FETCH,FETCH,FETCH,1,1,1,0,,FETCH,"(4, 1)","(3, 1)",,,"[((2, 0), 'cooking'), ((4, 0), 'items1')]"
5013,158,46,PLACE,"(4, 0)",PLACE,PLACE,PLACE,1,1,1,0,,PLACE,"(5, 1)","(3, 1)",onion,,"[((2, 0), 'cooking'), ((4, 0), 'items1')]"
5013,162,47,FETCH,"(6, 1)",FETCH,FETCH,FETCH,1,1,1,0,,FETCH,"(4, 1)","(3, 1)",,,"[((2, 0), 'cooking'), ((4, 0), 'items2')]"
5013,164,48,PLACE,"(4, 0)",PLACE,PLACE,PLACE,1,1,1,0,,PLACE,"(5, 1)","(3, 1)",onion,,"[((2, 0), 'cooking'), ((4, 0), 'items2')]"
5013,168,49,COOK_START,"(4, 0)",COOK_START,COOK_START,COOK_START,1,1,1,0,,COOK_START,"(4, 1)","(3, 1)",,,"[((2, 0), 'cooking'), ((4, 0), 'items3')]"
5013,169,50,GET_DISH,"(2, 3)",GET_DISH,GET_DISH,GET_DISH,1,1,1,0,,GET_DISH,"(4, 1)","(3, 2)",,,"[((2, 0), 'cooking'), ((4, 0), 'cooking')]"
5013,177,51,PICKUP,"(2, 0)",PICKUP,PICKUP,PICKUP,1,1,1,0,,PICKUP,"(2, 2)","(3, 1)",dish,,"[((2, 0), 'ready'), ((4, 0), 'cooking')]"
5013,179,52,DELIVER,"(4, 3)",DELIVER,DELIVER,DELIVER,1,1,1,0,,DELIVER,"(2, 1)","(3, 1)",soup,,"[((2, 0), 'empty'), ((4, 0), 'cooking')]"
5013,185,53,FETCH,"(6, 1)",FETCH,FETCH,FETCH,1,1,1,0,,FETCH,"(4, 2)","(3, 1)",,,"[((2, 0), 'empty'), ((4, 0), 'cooking')]"
5013,188,54,PLACE,"(2, 0)",PLACE,PLACE,PLACE,1,1,1,0,,PLACE,"(5, 1)","(2, 2)",onion,dish,"[((2, 0), 'empty'), ((4, 0), 'ready')]"
5013,195,55,FETCH,"(0, 1)",FETCH,FETCH,FETCH,1,1,1,0,,FETCH,"(2, 1)","(4, 2)",,,"[((2, 0), 'items1'), ((4, 0), 'empty')]"
5013,197,56,PLACE,"(2, 0)",PLACE,PLACE,PLACE,1,1,1,0,,PLACE,"(1, 1)","(5, 1)",onion,,"[((2, 0), 'items1'), ((4, 0), 'empty')]"
5013,201,57,FETCH,"(0, 1)",FETCH,FETCH,FETCH,1,1,1,0,,FETCH,"(2, 1)","(4, 2)",,onion,"[((2, 0), 'items2'), ((4, 0), 'empty')]"
5013,203,58,PLACE,"(2, 0)",PLACE,PLACE,PLACE,1,1,1,0,,PLACE,"(1, 1)","(2, 2)",onion,onion,"[((2, 0), 'items2'), ((4, 0), 'empty')]"
5013,205,59,PLACE,"(4, 0)",PLACE,PLACE,PLACE,1,1,1,0,,PLACE,"(1, 2)","(2, 1)",onion,,"[((2, 0), 'items3'), ((4, 0), 'empty')]"
5013,210,60,FETCH,"(6, 1)",FETCH,FETCH,FETCH,1,1,1,0,,FETCH,"(4, 1)","(3, 1)",,,"[((2, 0), 'cooking'), ((4, 0), 'items1')]"
5013,212,61,PLACE,"(4, 0)",PLACE,PLACE,PLACE,1,1,1,0,,PLACE,"(5, 1)","(3, 1)",onion,,"[((2, 0), 'cooking'), ((4, 0), 'items1')]"
5013,216,62,FETCH,"(6, 1)",FETCH,FETCH,FETCH,1,1,1,0,,FETCH,"(4, 1)","(3, 1)",,,"[((2, 0), 'cooking'), ((4, 0), 'items2')]"
5013,218,63,PLACE,"(4, 0)",PLACE,PLACE,PLACE,1,1,1,0,,PLACE,"(5, 1)","(3, 1)",onion,,"[((2, 0), 'cooking'), ((4, 0), 'items2')]"
5013,222,64,COOK_START,"(4, 0)",COOK_START,COOK_START,COOK_START,1,1,1,0,,COOK_START,"(4, 1)","(3, 1)",,,"[((2, 0), 'cooking'), ((4, 0), 'items3')]"
5013,223,65,GET_DISH,"(2, 3)",GET_DISH,GET_DISH,GET_DISH,1,1,1,0,,GET_DISH,"(4, 1)","(3, 2)",,,"[((2, 0), 'cooking'), ((4, 0), 'cooking')]"
5013,231,66,PICKUP,"(2, 0)",PICKUP,PICKUP,PICKUP,1,1,1,0,,PICKUP,"(2, 2)","(3, 1)",dish,,"[((2, 0), 'ready'), ((4, 0), 'cooking')]"
5013,233,67,DELIVER,"(4, 3)",DELIVER,DELIVER,DELIVER,1,1,1,0,,DELIVER,"(2, 1)","(3, 1)",soup,,"[((2, 0), 'empty'), ((4, 0), 'cooking')]"
5013,239,68,FETCH,"(6, 1)",FETCH,FETCH,FETCH,1,1,1,0,,FETCH,"(4, 2)","(3, 1)",,,"[((2, 0), 'empty'), ((4, 0), 'cooking')]"
5013,242,69,PLACE,"(2, 0)",PLACE,PLACE,PLACE,1,1,1,0,,PLACE,"(5, 1)","(2, 2)",onion,dish,"[((2, 0), 'empty'), ((4, 0), 'ready')]"
5013,249,70,FETCH,"(0, 1)",HOLD,FETCH,FETCH,0,1,1,0,,FETCH,"(2, 1)","(4, 2)",,,"[((2, 0), 'items1'), ((4, 0), 'empty')]"
5013,251,71,PLACE,"(2, 0)",PLACE,PLACE,PLACE,1,1,1,0,,PLACE,"(1, 1)","(5, 1)",onion,,"[((2, 0), 'items1'), ((4, 0), 'empty')]"
5013,255,72,FETCH,"(0, 1)",FETCH,FETCH,FETCH,1,1,1,0,,FETCH,"(2, 1)","(4, 2)",,onion,"[((2, 0), 'items2'), ((4, 0), 'empty')]"
5013,257,73,PLACE,"(2, 0)",PLACE,PLACE,PLACE,1,1,1,0,,PLACE,"(1, 1)","(2, 2)",onion,onion,"[((2, 0), 'items2'), ((4, 0), 'empty')]"
5013,259,74,PLACE,"(4, 0)",PLACE,PLACE,PLACE,1,1,1,0,,PLACE,"(1, 2)","(2, 1)",onion,,"[((2, 0), 'items3'), ((4, 0), 'empty')]"
5013,264,75,FETCH,"(6, 1)",GET_DISH,FETCH,FETCH,0,1,1,0,,FETCH,"(4, 1)","(3, 1)",,,"[((2, 0), 'cooking'), ((4, 0), 'items1')]"
5013,266,76,PLACE,"(4, 0)",PLACE,PLACE,PLACE,1,1,1,0,,PLACE,"(5, 1)","(3, 1)",onion,,"[((2, 0), 'cooking'), ((4, 0), 'items1')]"
5013,270,77,FETCH,"(6, 1)",FETCH,FETCH,FETCH,1,1,1,0,,FETCH,"(4, 1)","(3, 1)",,,"[((2, 0), 'cooking'), ((4, 0), 'items2')]"
5013,272,78,PLACE,"(4, 0)",PLACE,PLACE,PLACE,1,1,1,0,,PLACE,"(5, 1)","(3, 1)",onion,,"[((2, 0), 'cooking'), ((4, 0), 'items2')]"
5013,276,79,COOK_START,"(4, 0)",COOK_START,COOK_START,COOK_START,1,1,1,0,,COOK_START,"(4, 1)","(3, 1)",,,"[((2, 0), 'cooking'), ((4, 0), 'items3')]"
5013,277,80,GET_DISH,"(2, 3)",GET_DISH,GET_DISH,GET_DISH,1,1,1,0,,GET_DISH,"(4, 1)","(3, 2)",,,"[((2, 0), 'cooking'), ((4, 0), 'cooking')]"
5013,285,81,PICKUP,"(2, 0)",PICKUP,PICKUP,PICKUP,1,1,1,0,,PICKUP,"(2, 2)","(3, 1)",dish,,"[((2, 0), 'ready'), ((4, 0), 'cooking')]"
5013,287,82,DELIVER,"(4, 3)",DELIVER,DELIVER,DELIVER,1,1,1,0,,DELIVER,"(2, 1)","(3, 1)",soup,,"[((2, 0), 'empty'), ((4, 0), 'cooking')]"
5013,293,83,FETCH,"(6, 1)",FETCH,FETCH,FETCH,1,1,1,0,,FETCH,"(4, 2)","(3, 1)",,,"[((2, 0), 'empty'), ((4, 0), 'cooking')]"
5013,296,84,PLACE,"(2, 0)",PLACE,PLACE,PLACE,1,1,1,0,,PLACE,"(5, 1)","(2, 2)",onion,dish,"[((2, 0), 'empty'), ((4, 0), 'ready')]"
5013,303,85,FETCH,"(0, 1)",HOLD,FETCH,FETCH,0,1,1,0,,FETCH,"(2, 1)","(4, 2)",,,"[((2, 0), 'items1'), ((4, 0), 'empty')]"
5013,305,86,PLACE,"(2, 0)",PLACE,PLACE,PLACE,1,1,1,0,,PLACE,"(1, 1)","(5, 1)",onion,,"[((2, 0), 'items1'), ((4, 0), 'empty')]"
5013,309,87,FETCH,"(0, 1)",FETCH,FETCH,FETCH,1,1,1,0,,FETCH,"(2, 1)","(4, 2)",,onion,"[((2, 0), 'items2'), ((4, 0), 'empty')]"
5013,311,88,PLACE,"(2, 0)",PLACE,PLACE,PLACE,1,1,1,0,,PLACE,"(1, 1)","(2, 2)",onion,onion,"[((2, 0), 'items2'), ((4, 0), 'empty')]"
5013,313,89,PLACE,"(4, 0)",PLACE,PLACE,PLACE,1,1,1,0,,PLACE,"(1, 2)","(2, 1)",onion,,"[((2, 0), 'items3'), ((4, 0), 'empty')]"
5013,318,90,FETCH,"(6, 1)",GET_DISH,FETCH,FETCH,0,1,1,0,,FETCH,"(4, 1)","(3, 1)",,,"[((2, 0), 'cooking'), ((4, 0), 'items1')]"
5013,320,91,PLACE,"(4, 0)",PLACE,PLACE,PLACE,1,1,1,0,,PLACE,"(5, 1)","(3, 1)",onion,,"[((2, 0), 'cooking'), ((4, 0), 'items1')]"
5013,324,92,FETCH,"(6, 1)",GET_DISH,FETCH,FETCH,0,1,1,0,,FETCH,"(4, 1)","(3, 1)",,,"[((2, 0), 'cooking'), ((4, 0), 'items2')]"
5013,326,93,PLACE,"(4, 0)",PLACE,PLACE,PLACE,1,1,1,0,,PLACE,"(5, 1)","(3, 1)",onion,,"[((2, 0), 'cooking'), ((4, 0), 'items2')]"
5013,330,94,COOK_START,"(4, 0)",GET_DISH,COOK_START,COOK_START,0,1,1,0,,COOK_START,"(4, 1)","(3, 1)",,,"[((2, 0), 'cooking'), ((4, 0), 'items3')]"
5013,331,95,GET_DISH,"(2, 3)",HOLD,GET_DISH,GET_DISH,0,1,1,0,,GET_DISH,"(4, 1)","(3, 2)",,,"[((2, 0), 'cooking'), ((4, 0), 'cooking')]"
5013,339,96,PICKUP,"(2, 0)",PICKUP,PICKUP,PICKUP,1,1,1,0,,PICKUP,"(2, 2)","(3, 1)",dish,,"[((2, 0), 'ready'), ((4, 0), 'cooking')]"
5013,341,97,DELIVER,"(4, 3)",DELIVER,DELIVER,DELIVER,1,1,1,0,,DELIVER,"(2, 1)","(3, 1)",soup,,"[((2, 0), 'empty'), ((4, 0), 'cooking')]"
5013,347,98,FETCH,"(6, 1)",GET_DISH,FETCH,FETCH,0,1,1,0,,FETCH,"(4, 2)","(3, 1)",,,"[((2, 0), 'empty'), ((4, 0), 'cooking')]"
5013,350,99,PLACE,"(2, 0)",PLACE,PLACE,PLACE,1,1,1,0,,PLACE,"(5, 1)","(2, 2)",onion,dish,"[((2, 0), 'empty'), ((4, 0), 'ready')]"
5013,357,100,FETCH,"(0, 1)",HOLD,FETCH,FETCH,0,1,1,0,,FETCH,"(2, 1)","(4, 2)",,,"[((2, 0), 'items1'), ((4, 0), 'empty')]"
5013,359,101,PLACE,"(2, 0)",HOLD,PLACE,PLACE,0,1,1,0,,PLACE,"(1, 1)","(5, 1)",onion,,"[((2, 0), 'items1'), ((4, 0), 'empty')]"
5013,363,102,FETCH,"(0, 1)",FETCH,FETCH,FETCH,1,1,1,0,,FETCH,"(2, 1)","(4, 2)",,onion,"[((2, 0), 'items2'), ((4, 0), 'empty')]"
5013,365,103,PLACE,"(2, 0)",PLACE,PLACE,PLACE,1,1,1,0,,PLACE,"(1, 1)","(2, 2)",onion,onion,"[((2, 0), 'items2'), ((4, 0), 'empty')]"
5013,367,104,PLACE,"(4, 0)",PLACE,PLACE,PLACE,1,1,1,0,,PLACE,"(1, 2)","(2, 1)",onion,,"[((2, 0), 'items3'), ((4, 0), 'empty')]"
5013,372,105,FETCH,"(6, 1)",GET_DISH,FETCH,FETCH,0,1,1,0,,FETCH,"(4, 1)","(3, 1)",,,"[((2, 0), 'cooking'), ((4, 0), 'items1')]"
5013,374,106,PLACE,"(4, 0)",PLACE,PLACE,PLACE,1,1,1,0,,PLACE,"(5, 1)","(3, 1)",onion,,"[((2, 0), 'cooking'), ((4, 0), 'items1')]"
5013,378,107,FETCH,"(6, 1)",GET_DISH,FETCH,FETCH,0,1,1,0,,FETCH,"(4, 1)","(3, 1)",,,"[((2, 0), 'cooking'), ((4, 0), 'items2')]"
5013,380,108,PLACE,"(4, 0)",HOLD,PLACE,PLACE,0,1,1,0,,PLACE,"(5, 1)","(3, 1)",onion,,"[((2, 0), 'cooking'), ((4, 0), 'items2')]"
5013,384,109,COOK_START,"(4, 0)",GET_DISH,COOK_START,COOK_START,0,1,1,0,,COOK_START,"(4, 1)","(3, 1)",,,"[((2, 0), 'cooking'), ((4, 0), 'items3')]"
5013,385,110,GET_DISH,"(2, 3)",HOLD,GET_DISH,GET_DISH,0,1,1,0,,GET_DISH,"(4, 1)","(3, 2)",,,"[((2, 0), 'cooking'), ((4, 0), 'cooking')]"
5013,393,111,PICKUP,"(2, 0)",PICKUP,PICKUP,PICKUP,1,1,1,0,,PICKUP,"(2, 2)","(3, 1)",dish,,"[((2, 0), 'ready'), ((4, 0), 'cooking')]"
5013,395,112,DELIVER,"(4, 3)",DELIVER,DELIVER,DELIVER,1,1,1,0,,DELIVER,"(2, 1)","(3, 1)",soup,,"[((2, 0), 'empty'), ((4, 0), 'cooking')]"
5013,401,113,FETCH,"(6, 1)",GET_DISH,FETCH,FETCH,0,1,1,0,,FETCH,"(4, 2)","(3, 1)",,,"[((2, 0), 'empty'), ((4, 0), 'cooking')]"
5013,404,114,PLACE,"(2, 0)",PLACE,PLACE,PLACE,1,1,1,0,,PLACE,"(5, 1)","(2, 2)",onion,dish,"[((2, 0), 'empty'), ((4, 0), 'ready')]"
5013,411,115,FETCH,"(0, 1)",HOLD,FETCH,FETCH,0,1,1,0,,FETCH,"(2, 1)","(4, 2)",,,"[((2, 0), 'items1'), ((4, 0), 'empty')]"
5013,413,116,PLACE,"(2, 0)",HOLD,PLACE,PLACE,0,1,1,0,,PLACE,"(1, 1)","(5, 1)",onion,,"[((2, 0), 'items1'), ((4, 0), 'empty')]"
5013,417,117,FETCH,"(0, 1)",FETCH,FETCH,FETCH,1,1,1,0,,FETCH,"(2, 1)","(4, 2)",,onion,"[((2, 0), 'items2'), ((4, 0), 'empty')]"
5013,419,118,PLACE,"(2, 0)",PLACE,PLACE,PLACE,1,1,1,0,,PLACE,"(1, 1)","(2, 2)",onion,onion,"[((2, 0), 'items2'), ((4, 0), 'empty')]"
5013,421,119,PLACE,"(4, 0)",PLACE,PLACE,PLACE,1,1,1,0,,PLACE,"(1, 2)","(2, 1)",onion,,"[((2, 0), 'items3'), ((4, 0), 'empty')]"
5013,426,120,FETCH,"(6, 1)",GET_DISH,FETCH,FETCH,0,1,1,0,,FETCH,"(4, 1)","(3, 1)",,,"[((2, 0), 'cooking'), ((4, 0), 'items1')]"
5013,428,121,PLACE,"(4, 0)",PLACE,PLACE,PLACE,1,1,1,0,,PLACE,"(5, 1)","(3, 1)",onion,,"[((2, 0), 'cooking'), ((4, 0), 'items1')]"
5013,432,122,FETCH,"(6, 1)",GET_DISH,FETCH,FETCH,0,1,1,0,,FETCH,"(4, 1)","(3, 1)",,,"[((2, 0), 'cooking'), ((4, 0), 'items2')]"
5013,434,123,PLACE,"(4, 0)",HOLD,PLACE,PLACE,0,1,1,0,,PLACE,"(5, 1)","(3, 1)",onion,,"[((2, 0), 'cooking'), ((4, 0), 'items2')]"
5013,438,124,COOK_START,"(4, 0)",GET_DISH,COOK_START,COOK_START,0,1,1,0,,COOK_START,"(4, 1)","(3, 1)",,,"[((2, 0), 'cooking'), ((4, 0), 'items3')]"
5013,439,125,GET_DISH,"(2, 3)",HOLD,GET_DISH,GET_DISH,0,1,1,0,,GET_DISH,"(4, 1)","(3, 2)",,,"[((2, 0), 'cooking'), ((4, 0), 'cooking')]"
5013,447,126,PICKUP,"(2, 0)",PICKUP,PICKUP,PICKUP,1,1,1,0,,PICKUP,"(2, 2)","(3, 1)",dish,,"[((2, 0), 'ready'), ((4, 0), 'cooking')]"
5013,449,127,DELIVER,"(4, 3)",DELIVER,DELIVER,DELIVER,1,1,1,0,,DELIVER,"(2, 1)","(3, 1)",soup,,"[((2, 0), 'empty'), ((4, 0), 'cooking')]"
5013,455,128,FETCH,"(6, 1)",GET_DISH,FETCH,FETCH,0,1,1,0,,FETCH,"(4, 2)","(3, 1)",,,"[((2, 0), 'empty'), ((4, 0), 'cooking')]"
5013,458,129,PLACE,"(2, 0)",PLACE,PLACE,PLACE,1,1,1,0,,PLACE,"(5, 1)","(2, 2)",onion,dish,"[((2, 0), 'empty'), ((4, 0), 'ready')]"
5013,465,130,FETCH,"(0, 1)",HOLD,FETCH,FETCH,0,1,1,0,,FETCH,"(2, 1)","(4, 2)",,,"[((2, 0), 'items1'), ((4, 0), 'empty')]"
5013,467,131,PLACE,"(2, 0)",HOLD,PLACE,PLACE,0,1,1,0,,PLACE,"(1, 1)","(5, 1)",onion,,"[((2, 0), 'items1'), ((4, 0), 'empty')]"
5013,471,132,FETCH,"(0, 1)",FETCH,FETCH,FETCH,1,1,1,0,,FETCH,"(2, 1)","(4, 2)",,onion,"[((2, 0), 'items2'), ((4, 0), 'empty')]"
5013,473,133,PLACE,"(2, 0)",PLACE,PLACE,PLACE,1,1,1,0,,PLACE,"(1, 1)","(2, 2)",onion,onion,"[((2, 0), 'items2'), ((4, 0), 'empty')]"
5013,475,134,PLACE,"(4, 0)",PLACE,PLACE,PLACE,1,1,1,0,,PLACE,"(1, 2)","(2, 1)",onion,,"[((2, 0), 'items3'), ((4, 0), 'empty')]"
5013,480,135,FETCH,"(6, 1)",GET_DISH,FETCH,FETCH,0,1,1,0,,FETCH,"(4, 1)","(3, 1)",,,"[((2, 0), 'cooking'), ((4, 0), 'items1')]"
5013,482,136,PLACE,"(4, 0)",PLACE,PLACE,PLACE,1,1,1,0,,PLACE,"(5, 1)","(3, 1)",onion,,"[((2, 0), 'cooking'), ((4, 0), 'items1')]"
5013,486,137,FETCH,"(6, 1)",HOLD,FETCH,FETCH,0,1,1,0,,FETCH,"(4, 1)","(3, 1)",,,"[((2, 0), 'cooking'), ((4, 0), 'items2')]"
5013,488,138,PLACE,"(4, 0)",HOLD,PLACE,PLACE,0,1,1,0,,PLACE,"(5, 1)","(3, 1)",onion,,"[((2, 0), 'cooking'), ((4, 0), 'items2')]"
5013,492,139,COOK_START,"(4, 0)",GET_DISH,COOK_START,COOK_START,0,1,1,0,,COOK_START,"(4, 1)","(3, 1)",,,"[((2, 0), 'cooking'), ((4, 0), 'items3')]"
5013,493,140,GET_DISH,"(2, 3)",HOLD,GET_DISH,GET_DISH,0,1,1,0,,GET_DISH,"(4, 1)","(3, 2)",,,"[((2, 0), 'cooking'), ((4, 0), 'cooking')]"
5013,501,141,PICKUP,"(2, 0)",PICKUP,PICKUP,PICKUP,1,1,1,0,,PICKUP,"(2, 2)","(3, 1)",dish,,"[((2, 0), 'ready'), ((4, 0), 'cooking')]"
5013,503,142,DELIVER,"(4, 3)",DELIVER,DELIVER,DELIVER,1,1,1,0,,DELIVER,"(2, 1)","(3, 1)",soup,,"[((2, 0), 'empty'), ((4, 0), 'cooking')]"
5013,509,143,FETCH,"(6, 1)",GET_DISH,FETCH,FETCH,0,1,1,0,,FETCH,"(4, 2)","(3, 1)",,,"[((2, 0), 'empty'), ((4, 0), 'cooking')]"
5013,512,144,PLACE,"(2, 0)",PLACE,PLACE,PLACE,1,1,1,0,,PLACE,"(5, 1)","(2, 2)",onion,dish,"[((2, 0), 'empty'), ((4, 0), 'ready')]"
5013,519,145,FETCH,"(0, 1)",HOLD,FETCH,FETCH,0,1,1,0,,FETCH,"(2, 1)","(4, 2)",,,"[((2, 0), 'items1'), ((4, 0), 'empty')]"
5013,521,146,PLACE,"(2, 0)",HOLD,PLACE,PLACE,0,1,1,0,,PLACE,"(1, 1)","(5, 1)",onion,,"[((2, 0), 'items1'), ((4, 0), 'empty')]"
5013,525,147,FETCH,"(0, 1)",FETCH,FETCH,FETCH,1,1,1,0,,FETCH,"(2, 1)","(4, 2)",,onion,"[((2, 0), 'items2'), ((4, 0), 'empty')]"
5013,527,148,PLACE,"(2, 0)",PLACE,PLACE,PLACE,1,1,1,0,,PLACE,"(1, 1)","(2, 2)",onion,onion,"[((2, 0), 'items2'), ((4, 0), 'empty')]"
5013,529,149,PLACE,"(4, 0)",PLACE,PLACE,PLACE,1,1,1,0,,PLACE,"(1, 2)","(2, 1)",onion,,"[((2, 0), 'items3'), ((4, 0), 'empty')]"
5013,534,150,FETCH,"(6, 1)",GET_DISH,FETCH,FETCH,0,1,1,0,,FETCH,"(4, 1)","(3, 1)",,,"[((2, 0), 'cooking'), ((4, 0), 'items1')]"
5013,536,151,PLACE,"(4, 0)",HOLD,PLACE,PLACE,0,1,1,0,,PLACE,"(5, 1)","(3, 1)",onion,,"[((2, 0), 'cooking'), ((4, 0), 'items1')]"
5013,540,152,FETCH,"(6, 1)",HOLD,FETCH,FETCH,0,1,1,0,,FETCH,"(4, 1)","(3, 1)",,,"[((2, 0), 'cooking'), ((4, 0), 'items2')]"
5013,542,153,PLACE,"(4, 0)",HOLD,PLACE,PLACE,0,1,1,0,,PLACE,"(5, 1)","(3, 1)",onion,,"[((2, 0), 'cooking'), ((4, 0), 'items2')]"
5013,546,154,COOK_START,"(4, 0)",GET_DISH,COOK_START,COOK_START,0,1,1,0,,COOK_START,"(4, 1)","(3, 1)",,,"[((2, 0), 'cooking'), ((4, 0), 'items3')]"
5013,547,155,GET_DISH,"(2, 3)",HOLD,GET_DISH,GET_DISH,0,1,1,0,,GET_DISH,"(4, 1)","(3, 2)",,,"[((2, 0), 'cooking'), ((4, 0), 'cooking')]"
5013,555,156,PICKUP,"(2, 0)",PICKUP,PICKUP,PICKUP,1,1,1,0,,PICKUP,"(2, 2)","(3, 1)",dish,,"[((2, 0), 'ready'), ((4, 0), 'cooking')]"
5013,557,157,DELIVER,"(4, 3)",DELIVER,DELIVER,DELIVER,1,1,1,0,,DELIVER,"(2, 1)","(3, 1)",soup,,"[((2, 0), 'empty'), ((4, 0), 'cooking')]"
5013,563,158,FETCH,"(6, 1)",GET_DISH,FETCH,FETCH,0,1,1,0,,FETCH,"(4, 2)","(3, 1)",,,"[((2, 0), 'empty'), ((4, 0), 'cooking')]"
5013,566,159,PLACE,"(2, 0)",PLACE,PLACE,PLACE,1,1,1,0,,PLACE,"(5, 1)","(2, 2)",onion,dish,"[((2, 0), 'empty'), ((4, 0), 'ready')]"
5013,573,160,FETCH,"(0, 1)",HOLD,FETCH,FETCH,0,1,1,0,,FETCH,"(2, 1)","(4, 2)",,,"[((2, 0), 'items1'), ((4, 0), 'empty')]"
5013,575,161,PLACE,"(2, 0)",HOLD,PLACE,PLACE,0,1,1,0,,PLACE,"(1, 1)","(5, 1)",onion,,"[((2, 0), 'items1'), ((4, 0), 'empty')]"
5013,579,162,FETCH,"(0, 1)",FETCH,FETCH,FETCH,1,1,1,0,,FETCH,"(2, 1)","(4, 2)",,onion,"[((2, 0), 'items2'), ((4, 0), 'empty')]"
5013,581,163,PLACE,"(2, 0)",PLACE,PLACE,PLACE,1,1,1,0,,PLACE,"(1, 1)","(2, 2)",onion,onion,"[((2, 0), 'items2'), ((4, 0), 'empty')]"
5013,583,164,PLACE,"(4, 0)",PLACE,PLACE,PLACE,1,1,1,0,,PLACE,"(1, 2)","(2, 1)",onion,,"[((2, 0), 'items3'), ((4, 0), 'empty')]"
5013,588,165,FETCH,"(6, 1)",GET_DISH,FETCH,FETCH,0,1,1,0,,FETCH,"(4, 1)","(3, 1)",,,"[((2, 0), 'cooking'), ((4, 0), 'items1')]"
5013,590,166,PLACE,"(4, 0)",HOLD,PLACE,PLACE,0,1,1,0,,PLACE,"(5, 1)","(3, 1)",onion,,"[((2, 0), 'cooking'), ((4, 0), 'items1')]"
5013,594,167,FETCH,"(6, 1)",HOLD,FETCH,FETCH,0,1,1,0,,FETCH,"(4, 1)","(3, 1)",,,"[((2, 0), 'cooking'), ((4, 0), 'items2')]"
5013,596,168,PLACE,"(4, 0)",HOLD,PLACE,PLACE,0,1,1,0,,PLACE,"(5, 1)","(3, 1)",onion,,"[((2, 0), 'cooking'), ((4, 0), 'items2')]"
5013,600,169,COOK_START,"(4, 0)",HOLD,COOK_START,COOK_START,0,1,1,0,,COOK_START,"(4, 1)","(3, 1)",,,"[((2, 0), 'cooking'), ((4, 0), 'items3')]"
5013,601,170,GET_DISH,"(2, 3)",HOLD,GET_DISH,GET_DISH,0,1,1,0,,GET_DISH,"(4, 1)","(3, 2)",,,"[((2, 0), 'cooking'), ((4, 0), 'cooking')]"
5013,609,171,PICKUP,"(2, 0)",PICKUP,PICKUP,PICKUP,1,1,1,0,,PICKUP,"(2, 2)","(3, 1)",dish,,"[((2, 0), 'ready'), ((4, 0), 'cooking')]"
5013,611,172,DELIVER,"(4, 3)",DELIVER,DELIVER,DELIVER,1,1,1,0,,DELIVER,"(2, 1)","(3, 1)",soup,,"[((2, 0), 'empty'), ((4, 0), 'cooking')]"
5013,617,173,FETCH,"(6, 1)",GET_DISH,FETCH,FETCH,0,1,1,0,,FETCH,"(4, 2)","(3, 1)",,,"[((2, 0), 'empty'), ((4, 0), 'cooking')]"
5013,620,174,PLACE,"(2, 0)",PLACE,PLACE,PLACE,1,1,1,0,,PLACE,"(5, 1)","(2, 2)",onion,dish,"[((2, 0), 'empty'), ((4, 0), 'ready')]"
5013,627,175,FETCH,"(0, 1)",HOLD,FETCH,FETCH,0,1,1,0,,FETCH,"(2, 1)","(4, 2)",,,"[((2, 0), 'items1'), ((4, 0), 'empty')]"
5013,629,176,PLACE,"(2, 0)",HOLD,PLACE,PLACE,0,1,1,0,,PLACE,"(1, 1)","(5, 1)",onion,,"[((2, 0), 'items1'), ((4, 0), 'empty')]"
5013,633,177,FETCH,"(0, 1)",FETCH,FETCH,FETCH,1,1,1,0,,FETCH,"(2, 1)","(4, 2)",,onion,"[((2, 0), 'items2'), ((4, 0), 'empty')]"
5013,635,178,PLACE,"(2, 0)",PLACE,PLACE,PLACE,1,1,1,0,,PLACE,"(1, 1)","(2, 2)",onion,onion,"[((2, 0), 'items2'), ((4, 0), 'empty')]"
5013,637,179,PLACE,"(4, 0)",PLACE,PLACE,PLACE,1,1,1,0,,PLACE,"(1, 2)","(2, 1)",onion,,"[((2, 0), 'items3'), ((4, 0), 'empty')]"
5013,642,180,FETCH,"(6, 1)",GET_DISH,FETCH,FETCH,0,1,1,0,,FETCH,"(4, 1)","(3, 1)",,,"[((2, 0), 'cooking'), ((4, 0), 'items1')]"
5013,644,181,PLACE,"(4, 0)",HOLD,PLACE,PLACE,0,1,1,0,,PLACE,"(5, 1)","(3, 1)",onion,,"[((2, 0), 'cooking'), ((4, 0), 'items1')]"
5013,648,182,FETCH,"(6, 1)",HOLD,FETCH,FETCH,0,1,1,0,,FETCH,"(4, 1)","(3, 1)",,,"[((2, 0), 'cooking'), ((4, 0), 'items2')]"
5013,650,183,PLACE,"(4, 0)",HOLD,PLACE,PLACE,0,1,1,0,,PLACE,"(5, 1)","(3, 1)",onion,,"[((2, 0), 'cooking'), ((4, 0), 'items2')]"
5013,654,184,COOK_START,"(4, 0)",HOLD,COOK_START,COOK_START,0,1,1,0,,COOK_START,"(4, 1)","(3, 1)",,,"[((2, 0), 'cooking'), ((4, 0), 'items3')]"
5013,655,185,GET_DISH,"(2, 3)",HOLD,GET_DISH,GET_DISH,0,1,1,0,,GET_DISH,"(4, 1)","(3, 2)",,,"[((2, 0), 'cooking'), ((4, 0), 'cooking')]"
5013,663,186,PICKUP,"(2, 0)",PICKUP,PICKUP,PICKUP,1,1,1,0,,PICKUP,"(2, 2)","(3, 1)",dish,,"[((2, 0), 'ready'), ((4, 0), 'cooking')]"
5013,665,187,DELIVER,"(4, 3)",DELIVER,DELIVER,DELIVER,1,1,1,0,,DELIVER,"(2, 1)","(3, 1)",soup,,"[((2, 0), 'empty'), ((4, 0), 'cooking')]"
5013,671,188,FETCH,"(6, 1)",GET_DISH,FETCH,FETCH,0,1,1,0,,FETCH,"(4, 2)","(3, 1)",,,"[((2, 0), 'empty'), ((4, 0), 'cooking')]"
5013,674,189,PLACE,"(2, 0)",PLACE,PLACE,PLACE,1,1,1,0,,PLACE,"(5, 1)","(2, 2)",onion,dish,"[((2, 0), 'empty'), ((4, 0), 'ready')]"
5013,681,190,FETCH,"(0, 1)",HOLD,FETCH,FETCH,0,1,1,0,,FETCH,"(2, 1)","(4, 2)",,,"[((2, 0), 'items1'), ((4, 0), 'empty')]"
5013,683,191,PLACE,"(2, 0)",HOLD,PLACE,PLACE,0,1,1,0,,PLACE,"(1, 1)","(5, 1)",onion,,"[((2, 0), 'items1'), ((4, 0), 'empty')]"
5013,687,192,FETCH,"(0, 1)",FETCH,FETCH,FETCH,1,1,1,0,,FETCH,"(2, 1)","(4, 2)",,onion,"[((2, 0), 'items2'), ((4, 0), 'empty')]"
5013,689,193,PLACE,"(2, 0)",PLACE,PLACE,PLACE,1,1,1,0,,PLACE,"(1, 1)","(2, 2)",onion,onion,"[((2, 0), 'items2'), ((4, 0), 'empty')]"
5013,691,194,PLACE,"(4, 0)",PLACE,PLACE,PLACE,1,1,1,0,,PLACE,"(1, 2)","(2, 1)",onion,,"[((2, 0), 'items3'), ((4, 0), 'empty')]"
5013,696,195,FETCH,"(6, 1)",GET_DISH,FETCH,FETCH,0,1,1,0,,FETCH,"(4, 1)","(3, 1)",,,"[((2, 0), 'cooking'), ((4, 0), 'items1')]"
5013,698,196,PLACE,"(4, 0)",HOLD,PLACE,PLACE,0,1,1,0,,PLACE,"(5, 1)","(3, 1)",onion,,"[((2, 0), 'cooking'), ((4, 0), 'items1')]"
5014,0,1,FETCH,"(6, 1)",FETCH,FETCH,FETCH,1,1,1,0,,,"(4, 1)","(1, 1)",,,"[((2, 0), 'empty'), ((4, 0), 'empty')]"
5014,2,2,PLACE,"(4, 0)",PLACE,PLACE,PLACE,1,1,1,0,PLACE,PLACE,"(5, 1)","(2, 2)",onion,,"[((2, 0), 'empty'), ((4, 0), 'empty')]"
5014,10,3,FETCH,"(6, 1)",FETCH,FETCH,FETCH,1,1,1,0,FETCH,FETCH,"(4, 1)","(3, 2)",,,"[((2, 0), 'empty'), ((4, 0), 'items1')]"
5014,12,4,PLACE,"(4, 0)",PLACE,PLACE,PLACE,1,1,1,0,PLACE,PLACE,"(5, 1)","(5, 2)",onion,,"[((2, 0), 'empty'), ((4, 0), 'items1')]"
5014,16,5,FETCH,"(6, 1)",FETCH,FETCH,FETCH,1,1,1,0,FETCH,FETCH,"(4, 1)","(5, 2)",,,"[((2, 0), 'empty'), ((4, 0), 'items2')]"
5014,18,6,PLACE,"(4, 0)",PLACE,PLACE,PLACE,1,1,1,0,PLACE,PLACE,"(5, 1)","(5, 2)",onion,,"[((2, 0), 'empty'), ((4, 0), 'items2')]"
5014,22,7,COOK_START,"(4, 0)",COOK_START,COOK_START,COOK_START,1,1,1,0,COOK_START,COOK_START,"(4, 1)","(5, 2)",,,"[((2, 0), 'empty'), ((4, 0), 'items3')]"
5014,23,8,FETCH,"(6, 1)",FETCH,FETCH,FETCH,1,1,1,0,FETCH,FETCH,"(4, 1)","(5, 2)",,,"[((2, 0), 'empty'), ((4, 0), 'cooking')]"
5014,25,9,PLACE,"(2, 0)",PLACE,PLACE,PLACE,1,1,1,0,PLACE,PLACE,"(5, 1)","(4, 1)",onion,,"[((2, 0), 'empty'), ((4, 0), 'cooking')]"
5014,38,10,FETCH,"(0, 1)",FETCH,FETCH,FETCH,1,1,1,1,HOLD,FETCH,"(2, 1)","(3, 2)",,dish,"[((2, 0), 'items1'), ((4, 0), 'cooking')]"
5014,40,11,PLACE,"(2, 0)",PLACE,PLACE,PLACE,1,1,1,0,PLACE,PLACE,"(1, 1)","(3, 2)",onion,dish,"[((2, 0), 'items1'), ((4, 0), 'cooking')]"
5014,44,12,FETCH,"(0, 1)",FETCH,FETCH,FETCH,1,1,1,0,FETCH,FETCH,"(2, 1)","(4, 1)",,dish,"[((2, 0), 'items2'), ((4, 0), 'ready')]"
5014,46,13,PLACE,"(2, 0)",PLACE,PLACE,PLACE,1,1,1,0,PLACE,PLACE,"(1, 1)","(4, 2)",onion,soup,"[((2, 0), 'items2'), ((4, 0), 'empty')]"
5014,50,14,COOK_START,"(2, 0)",HOLD,COOK_START,COOK_START,0,1,1,1,HOLD,COOK_START,"(2, 1)","(5, 1)",,onion,"[((2, 0), 'items3'), ((4, 0), 'empty')]"
5014,51,15,FETCH,"(0, 1)",HOLD,FETCH,FETCH,0,1,1,0,,FETCH,"(2, 1)","(5, 2)",,onion,"[((2, 0), 'cooking'), ((4, 0), 'empty')]"
5014,53,16,PLACE,"(4, 0)",PLACE,PLACE,PLACE,1,1,1,0,,PLACE,"(1, 1)","(4, 1)",onion,onion,"[((2, 0), 'cooking'), ((4, 0), 'empty')]"
5014,59,17,FETCH,"(6, 1)",FETCH,FETCH,FETCH,1,1,1,0,,FETCH,"(4, 1)","(3, 1)",,,"[((2, 0), 'cooking'), ((4, 0), 'items2')]"
5014,61,18,PLACE,"(4, 0)",PLACE,PLACE,PLACE,1,1,1,0,,PLACE,"(5, 1)","(3, 1)",onion,,"[((2, 0), 'cooking'), ((4, 0), 'items2')]"
5014,65,19,COOK_START,"(4, 0)",COOK_START,COOK_START,COOK_START,1,1,1,0,,COOK_START,"(4, 1)","(3, 1)",,,"[((2, 0), 'cooking'), ((4, 0), 'items3')]"
5014,66,20,GET_DISH,"(2, 3)",GET_DISH,GET_DISH,GET_DISH,1,1,1,0,,GET_DISH,"(4, 1)","(3, 2)",,,"[((2, 0), 'cooking'), ((4, 0), 'cooking')]"
5014,74,21,PICKUP,"(2, 0)",PICKUP,PICKUP,PICKUP,1,1,1,0,,PICKUP,"(2, 2)","(3, 1)",dish,,"[((2, 0), 'ready'), ((4, 0), 'cooking')]"
5014,76,22,DELIVER,"(4, 3)",DELIVER,DELIVER,DELIVER,1,1,1,0,,DELIVER,"(2, 1)","(3, 1)",soup,,"[((2, 0), 'empty'), ((4, 0), 'cooking')]"
5014,82,23,FETCH,"(6, 1)",FETCH,FETCH,FETCH,1,1,1,0,,FETCH,"(4, 2)","(3, 1)",,,"[((2, 0), 'empty'), ((4, 0), 'cooking')]"
5014,85,24,PLACE,"(2, 0)",PLACE,PLACE,PLACE,1,1,1,0,,PLACE,"(5, 1)","(2, 2)",onion,dish,"[((2, 0), 'empty'), ((4, 0), 'ready')]"
5014,92,25,FETCH,"(0, 1)",FETCH,FETCH,FETCH,1,1,1,0,,FETCH,"(2, 1)","(4, 2)",,,"[((2, 0), 'items1'), ((4, 0), 'empty')]"
5014,94,26,PLACE,"(2, 0)",PLACE,PLACE,PLACE,1,1,1,0,,PLACE,"(1, 1)","(5, 1)",onion,,"[((2, 0), 'items1'), ((4, 0), 'empty')]"
5014,98,27,FETCH,"(0, 1)",FETCH,FETCH,FETCH,1,1,1,0,,FETCH,"(2, 1)","(4, 2)",,onion,"[((2, 0), 'items2'), ((4, 0), 'empty')]"
5014,100,28,PLACE,"(2, 0)",PLACE,PLACE,PLACE,1,1,1,0,,PLACE,"(1, 1)","(2, 2)",onion,onion,"[((2, 0), 'items2'), ((4, 0), 'empty')]"
5014,102,29,PLACE,"(4, 0)",PLACE,PLACE,PLACE,1,1,1,0,,PLACE,"(1, 2)","(2, 1)",onion,,"[((2, 0), 'items3'), ((4, 0), 'empty')]"
5014,107,30,FETCH,"(6, 1)",FETCH,FETCH,FETCH,1,1,1,0,,FETCH,"(4, 1)","(3, 1)",,,"[((2, 0), 'cooking'), ((4, 0), 'items1')]"
5014,109,31,PLACE,"(4, 0)",PLACE,PLACE,PLACE,1,1,1,0,,PLACE,"(5, 1)","(3, 1)",onion,,"[((2, 0), 'cooking'), ((4, 0), 'items1')]"
5014,113,32,FETCH,"(6, 1)",FETCH,FETCH,FETCH,1,1,1,0,,FETCH,"(4, 1)","(3, 1)",,,"[((2, 0), 'cooking'), ((4, 0), 'items2')]"
5014,115,33,PLACE,"(4, 0)",PLACE,PLACE,PLACE,1,1,1,0,,PLACE,"(5, 1)","(3, 1)",onion,,"[((2, 0), 'cooking'), ((4, 0), 'items2')]"
5014,119,34,COOK_START,"(4, 0)",COOK_START,COOK_START,COOK_START,1,1,1,0,,COOK_START,"(4, 1)","(3, 1)",,,"[((2, 0), 'cooking'), ((4, 0), 'items3')]"
5014,120,35,GET_DISH,"(2, 3)",GET_DISH,GET_DISH,GET_DISH,1,1,1,0,,GET_DISH,"(4, 1)","(3, 2)",,,"[((2, 0), 'cooking'), ((4, 0), 'cooking')]"
5014,128,36,PICKUP,"(2, 0)",PICKUP,PICKUP,PICKUP,1,1,1,0,,PICKUP,"(2, 2)","(3, 1)",dish,,"[((2, 0), 'ready'), ((4, 0), 'cooking')]"
5014,130,37,DELIVER,"(4, 3)",DELIVER,DELIVER,DELIVER,1,1,1,0,,DELIVER,"(2, 1)","(3, 1)",soup,,"[((2, 0), 'empty'), ((4, 0), 'cooking')]"
5014,136,38,FETCH,"(6, 1)",FETCH,FETCH,FETCH,1,1,1,0,,FETCH,"(4, 2)","(3, 1)",,,"[((2, 0), 'empty'), ((4, 0), 'cooking')]"
5014,139,39,PLACE,"(2, 0)",PLACE,PLACE,PLACE,1,1,1,0,,PLACE,"(5, 1)","(2, 2)",onion,dish,"[((2, 0), 'empty'), ((4, 0), 'ready')]"
5014,146,40,FETCH,"(0, 1)",FETCH,FETCH,FETCH,1,1,1,0,,FETCH,"(2, 1)","(4, 2)",,,"[((2, 0), 'items1'), ((4, 0), 'empty')]"
5014,148,41,PLACE,"(2, 0)",PLACE,PLACE,PLACE,1,1,1,0,,PLACE,"(1, 1)","(5, 1)",onion,,"[((2, 0), 'items1'), ((4, 0), 'empty')]"
5014,152,42,FETCH,"(0, 1)",FETCH,FETCH,FETCH,1,1,1,0,,FETCH,"(2, 1)","(4, 2)",,onion,"[((2, 0), 'items2'), ((4, 0), 'empty')]"
5014,154,43,PLACE,"(2, 0)",PLACE,PLACE,PLACE,1,1,1,0,,PLACE,"(1, 1)","(2, 2)",onion,onion,"[((2, 0), 'items2'), ((4, 0), 'empty')]"
5014,156,44,PLACE,"(4, 0)",PLACE,PLACE,PLACE,1,1,1,0,,PLACE,"(1, 2)","(2, 1)",onion,,"[((2, 0), 'items3'), ((4, 0), 'empty')]"
5014,161,45,FETCH,"(6, 1)",FETCH,FETCH,FETCH,1,1,1,0,,FETCH,"(4, 1)","(3, 1)",,,"[((2, 0), 'cooking'), ((4, 0), 'items1')]"
5014,163,46,PLACE,"(4, 0)",PLACE,PLACE,PLACE,1,1,1,0,,PLACE,"(5, 1)","(3, 1)",onion,,"[((2, 0), 'cooking'), ((4, 0), 'items1')]"
5014,167,47,FETCH,"(6, 1)",FETCH,FETCH,FETCH,1,1,1,0,,FETCH,"(4, 1)","(3, 1)",,,"[((2, 0), 'cooking'), ((4, 0), 'items2')]"
5014,169,48,PLACE,"(4, 0)",PLACE,PLACE,PLACE,1,1,1,0,,PLACE,"(5, 1)","(3, 1)",onion,,"[((2, 0), 'cooking'), ((4, 0), 'items2')]"
5014,173,49,COOK_START,"(4, 0)",COOK_START,COOK_START,COOK_START,1,1,1,0,,COOK_START,"(4, 1)","(3, 1)",,,"[((2, 0), 'cooking'), ((4, 0), 'items3')]"
5014,174,50,GET_DISH,"(2, 3)",GET_DISH,GET_DISH,GET_DISH,1,1,1,0,,GET_DISH,"(4, 1)","(3, 2)",,,"[((2, 0), 'cooking'), ((4, 0), 'cooking')]"
5014,182,51,PICKUP,"(2, 0)",PICKUP,PICKUP,PICKUP,1,1,1,0,,PICKUP,"(2, 2)","(3, 1)",dish,,"[((2, 0), 'ready'), ((4, 0), 'cooking')]"
5014,184,52,DELIVER,"(4, 3)",DELIVER,DELIVER,DELIVER,1,1,1,0,,DELIVER,"(2, 1)","(3, 1)",soup,,"[((2, 0), 'empty'), ((4, 0), 'cooking')]"
5014,190,53,FETCH,"(6, 1)",FETCH,FETCH,FETCH,1,1,1,0,,FETCH,"(4, 2)","(3, 1)",,,"[((2, 0), 'empty'), ((4, 0), 'cooking')]"
5014,193,54,PLACE,"(2, 0)",PLACE,PLACE,PLACE,1,1,1,0,,PLACE,"(5, 1)","(2, 2)",onion,dish,"[((2, 0), 'empty'), ((4, 0), 'ready')]"
5014,200,55,FETCH,"(0, 1)",FETCH,FETCH,FETCH,1,1,1,0,,FETCH,"(2, 1)","(4, 2)",,,"[((2, 0), 'items1'), ((4, 0), 'empty')]"
5014,202,56,PLACE,"(2, 0)",PLACE,PLACE,PLACE,1,1,1,0,,PLACE,"(1, 1)","(5, 1)",onion,,"[((2, 0), 'items1'), ((4, 0), 'empty')]"
5014,206,57,FETCH,"(0, 1)",FETCH,FETCH,FETCH,1,1,1,0,,FETCH,"(2, 1)","(4, 2)",,onion,"[((2, 0), 'items2'), ((4, 0), 'empty')]"
5014,208,58,PLACE,"(2, 0)",PLACE,PLACE,PLACE,1,1,1,0,,PLACE,"(1, 1)","(2, 2)",onion,onion,"[((2, 0), 'items2'), ((4, 0), 'empty')]"
5014,210,59,PLACE,"(4, 0)",PLACE,PLACE,PLACE,1,1,1,0,,PLACE,"(1, 2)","(2, 1)",onion,,"[((2, 0), 'items3'), ((4, 0), 'empty')]"
5014,215,60,FETCH,"(6, 1)",FETCH,FETCH,FETCH,1,1,1,0,,FETCH,"(4, 1)","(3, 1)",,,"[((2, 0), 'cooking'), ((4, 0), 'items1')]"
5014,217,61,PLACE,"(4, 0)",PLACE,PLACE,PLACE,1,1,1,0,,PLACE,"(5, 1)","(3, 1)",onion,,"[((2, 0), 'cooking'), ((4, 0), 'items1')]"
5014,221,62,FETCH,"(6, 1)",FETCH,FETCH,FETCH,1,1,1,0,,FETCH,"(4, 1)","(3, 1)",,,"[((2, 0), 'cooking'), ((4, 0), 'items2')]"
5014,223,63,PLACE,"(4, 0)",PLACE,PLACE,PLACE,1,1,1,0,,PLACE,"(5, 1)","(3, 1)",onion,,"[((2, 0), 'cooking'), ((4, 0), 'items2')]"
5014,227,64,COOK_START,"(4, 0)",COOK_START,COOK_START,COOK_START,1,1,1,0,,COOK_START,"(4, 1)","(3, 1)",,,"[((2, 0), 'cooking'), ((4, 0), 'items3')]"
5014,228,65,GET_DISH,"(2, 3)",GET_DISH,GET_DISH,GET_DISH,1,1,1,0,,GET_DISH,"(4, 1)","(3, 2)",,,"[((2, 0), 'cooking'), ((4, 0), 'cooking')]"
5014,236,66,PICKUP,"(2, 0)",PICKUP,PICKUP,PICKUP,1,1,1,0,,PICKUP,"(2, 2)","(3, 1)",dish,,"[((2, 0), 'ready'), ((4, 0), 'cooking')]"
5014,238,67,DELIVER,"(4, 3)",DELIVER,DELIVER,DELIVER,1,1,1,0,,DELIVER,"(2, 1)","(3, 1)",soup,,"[((2, 0), 'empty'), ((4, 0), 'cooking')]"
5014,244,68,FETCH,"(6, 1)",FETCH,FETCH,FETCH,1,1,1,0,,FETCH,"(4, 2)","(3, 1)",,,"[((2, 0), 'empty'), ((4, 0), 'cooking')]"
5014,247,69,PLACE,"(2, 0)",PLACE,PLACE,PLACE,1,1,1,0,,PLACE,"(5, 1)","(2, 2)",onion,dish,"[((2, 0), 'empty'), ((4, 0), 'ready')]"
5014,254,70,FETCH,"(0, 1)",HOLD,FETCH,FETCH,0,1,1,0,,FETCH,"(2, 1)","(4, 2)",,,"[((2, 0), 'items1'), ((4, 0), 'empty')]"
5014,256,71,PLACE,"(2, 0)",PLACE,PLACE,PLACE,1,1,1,0,,PLACE,"(1, 1)","(5, 1)",onion,,"[((2, 0), 'items1'), ((4, 0), 'empty')]"
5014,260,72,FETCH,"(0, 1)",FETCH,FETCH,FETCH,1,1,1,0,,FETCH,"(2, 1)","(4, 2)",,onion,"[((2, 0), 'items2'), ((4, 0), 'empty')]"
5014,262,73,PLACE,"(2, 0)",PLACE,PLACE,PLACE,1,1,1,0,,PLACE,"(1, 1)","(2, 2)",onion,onion,"[((2, 0), 'items2'), ((4, 0), 'empty')]"
5014,264,74,PLACE,"(4, 0)",PLACE,PLACE,PLACE,1,1,1,0,,PLACE,"(1, 2)","(2, 1)",onion,,"[((2, 0), 'items3'), ((4, 0), 'empty')]"
5014,269,75,FETCH,"(6, 1)",GET_DISH,FETCH,FETCH,0,1,1,0,,FETCH,"(4, 1)","(3, 1)",,,"[((2, 0), 'cooking'), ((4, 0), 'items1')]"
5014,271,76,PLACE,"(4, 0)",PLACE,PLACE,PLACE,1,1,1,0,,PLACE,"(5, 1)","(3, 1)",onion,,"[((2, 0), 'cooking'), ((4, 0), 'items1')]"
5014,275,77,FETCH,"(6, 1)",GET_DISH,FETCH,FETCH,0,1,1,0,,FETCH,"(4, 1)","(3, 1)",,,"[((2, 0), 'cooking'), ((4, 0), 'items2')]"
5014,277,78,PLACE,"(4, 0)",PLACE,PLACE,PLACE,1,1,1,0,,PLACE,"(5, 1)","(3, 1)",onion,,"[((2, 0), 'cooking'), ((4, 0), 'items2')]"
5014,281,79,COOK_START,"(4, 0)",COOK_START,COOK_START,COOK_START,1,1,1,0,,COOK_START,"(4, 1)","(3, 1)",,,"[((2, 0), 'cooking'), ((4, 0), 'items3')]"
5014,282,80,GET_DISH,"(2, 3)",GET_DISH,GET_DISH,GET_DISH,1,1,1,0,,GET_DISH,"(4, 1)","(3, 2)",,,"[((2, 0), 'cooking'), ((4, 0), 'cooking')]"
5014,290,81,PICKUP,"(2, 0)",PICKUP,PICKUP,PICKUP,1,1,1,0,,PICKUP,"(2, 2)","(3, 1)",dish,,"[((2, 0), 'ready'), ((4, 0), 'cooking')]"
5014,292,82,DELIVER,"(4, 3)",DELIVER,DELIVER,DELIVER,1,1,1,0,,DELIVER,"(2, 1)","(3, 1)",soup,,"[((2, 0), 'empty'), ((4, 0), 'cooking')]"
5014,298,83,FETCH,"(6, 1)",FETCH,FETCH,FETCH,1,1,1,0,,FETCH,"(4, 2)","(3, 1)",,,"[((2, 0), 'empty'), ((4, 0), 'cooking')]"
5014,301,84,PLACE,"(2, 0)",PLACE,PLACE,PLACE,1,1,1,0,,PLACE,"(5, 1)","(2, 2)",onion,dish,"[((2, 0), 'empty'), ((4, 0), 'ready')]"
5014,308,85,FETCH,"(0, 1)",HOLD,FETCH,FETCH,0,1,1,0,,FETCH,"(2, 1)","(4, 2)",,,"[((2, 0), 'items1'), ((4, 0), 'empty')]"
5014,310,86,PLACE,"(2, 0)",PLACE,PLACE,PLACE,1,1,1,0,,PLACE,"(1, 1)","(5, 1)",onion,,"[((2, 0), 'items1'), ((4, 0), 'empty')]"
5014,314,87,FETCH,"(0, 1)",FETCH,FETCH,FETCH,1,1,1,0,,FETCH,"(2, 1)","(4, 2)",,onion,"[((2, 0), 'items2'), ((4, 0), 'empty')]"
5014,316,88,PLACE,"(2, 0)",PLACE,PLACE,PLACE,1,1,1,0,,PLACE,"(1, 1)","(2, 2)",onion,onion,"[((2, 0), 'items2'), ((4, 0), 'empty')]"
5014,318,89,PLACE,"(4, 0)",PLACE,PLACE,PLACE,1,1,1,0,,PLACE,"(1, 2)","(2, 1)",onion,,"[((2, 0), 'items3'), ((4, 0), 'empty')]"
5014,323,90,FETCH,"(6, 1)",GET_DISH,FETCH,FETCH,0,1,1,0,,FETCH,"(4, 1)","(3, 1)",,,"[((2, 0), 'cooking'), ((4, 0), 'items1')]"
5014,325,91,PLACE,"(4, 0)",PLACE,PLACE,PLACE,1,1,1,0,,PLACE,"(5, 1)","(3, 1)",onion,,"[((2, 0), 'cooking'), ((4, 0), 'items1')]"
5014,329,92,FETCH,"(6, 1)",GET_DISH,FETCH,FETCH,0,1,1,0,,FETCH,"(4, 1)","(3, 1)",,,"[((2, 0), 'cooking'), ((4, 0), 'items2')]"
5014,331,93,PLACE,"(4, 0)",PLACE,PLACE,PLACE,1,1,1,0,,PLACE,"(5, 1)","(3, 1)",onion,,"[((2, 0), 'cooking'), ((4, 0), 'items2')]"
5014,335,94,COOK_START,"(4, 0)",GET_DISH,COOK_START,COOK_START,0,1,1,0,,COOK_START,"(4, 1)","(3, 1)",,,"[((2, 0), 'cooking'), ((4, 0), 'items3')]"
5014,336,95,GET_DISH,"(2, 3)",HOLD,GET_DISH,GET_DISH,0,1,1,0,,GET_DISH,"(4, 1)","(3, 2)",,,"[((2, 0), 'cooking'), ((4, 0), 'cooking')]"
5014,344,96,PICKUP,"(2, 0)",PICKUP,PICKUP,PICKUP,1,1,1,0,,PICKUP,"(2, 2)","(3, 1)",dish,,"[((2, 0), 'ready'), ((4, 0), 'cooking')]"
5014,346,97,DELIVER,"(4, 3)",DELIVER,DELIVER,DELIVER,1,1,1,0,,DELIVER,"(2, 1)","(3, 1)",soup,,"[((2, 0), 'empty'), ((4, 0), 'cooking')]"
5014,352,98,FETCH,"(6, 1)",GET_DISH,FETCH,FETCH,0,1,1,0,,FETCH,"(4, 2)","(3, 1)",,,"[((2, 0), 'empty'), ((4, 0), 'cooking')]"
5014,355,99,PLACE,"(2, 0)",PLACE,PLACE,PLACE,1,1,1,0,,PLACE,"(5, 1)","(2, 2)",onion,dish,"[((2, 0), 'empty'), ((4, 0), 'ready')]"
5014,362,100,FETCH,"(0, 1)",HOLD,FETCH,FETCH,0,1,1,0,,FETCH,"(2, 1)","(4, 2)",,,"[((2, 0), 'items1'), ((4, 0), 'empty')]"
5014,364,101,PLACE,"(2, 0)",HOLD,PLACE,PLACE,0,1,1,0,,PLACE,"(1, 1)","(5, 1)",onion,,"[((2, 0), 'items1'), ((4, 0), 'empty')]"
5014,368,102,FETCH,"(0, 1)",FETCH,FETCH,FETCH,1,1,1,0,,FETCH,"(2, 1)","(4, 2)",,onion,"[((2, 0), 'items2'), ((4, 0), 'empty')]"
5014,370,103,PLACE,"(2, 0)",PLACE,PLACE,PLACE,1,1,1,0,,PLACE,"(1, 1)","(2, 2)",onion,onion,"[((2, 0), 'items2'), ((4, 0), 'empty')]"
5014,372,104,PLACE,"(4, 0)",PLACE,PLACE,PLACE,1,1,1,0,,PLACE,"(1, 2)","(2, 1)",onion,,"[((2, 0), 'items3'), ((4, 0), 'empty')]"
5014,377,105,FETCH,"(6, 1)",GET_DISH,FETCH,FETCH,0,1,1,0,,FETCH,"(4, 1)","(3, 1)",,,"[((2, 0), 'cooking'), ((4, 0), 'items1')]"
5014,379,106,PLACE,"(4, 0)",PLACE,PLACE,PLACE,1,1,1,0,,PLACE,"(5, 1)","(3, 1)",onion,,"[((2, 0), 'cooking'), ((4, 0), 'items1')]"
5014,383,107,FETCH,"(6, 1)",GET_DISH,FETCH,FETCH,0,1,1,0,,FETCH,"(4, 1)","(3, 1)",,,"[((2, 0), 'cooking'), ((4, 0), 'items2')]"
5014,385,108,PLACE,"(4, 0)",HOLD,PLACE,PLACE,0,1,1,0,,PLACE,"(5, 1)","(3, 1)",onion,,"[((2, 0), 'cooking'), ((4, 0), 'items2')]"
5014,389,109,COOK_START,"(4, 0)",GET_DISH,COOK_START,COOK_START,0,1,1,0,,COOK_START,"(4, 1)","(3, 1)",,,"[((2, 0), 'cooking'), ((4, 0), 'items3')]"
5014,390,110,GET_DISH,"(2, 3)",HOLD,GET_DISH,GET_DISH,0,1,1,0,,GET_DISH,"(4, 1)","(3, 2)",,,"[((2, 0), 'cooking'), ((4, 0), 'cooking')]"
5014,398,111,PICKUP,"(2, 0)",PICKUP,PICKUP,PICKUP,1,1,1,0,,PICKUP,"(2, 2)","(3, 1)",dish,,"[((2, 0), 'ready'), ((4, 0), 'cooking')]"
5014,400,112,DELIVER,"(4, 3)",DELIVER,DELIVER,DELIVER,1,1,1,0,,DELIVER,"(2, 1)","(3, 1)",soup,,"[((2, 0), 'empty'), ((4, 0), 'cooking')]"
5014,406,113,FETCH,"(6, 1)",GET_DISH,FETCH,FETCH,0,1,1,0,,FETCH,"(4, 2)","(3, 1)",,,"[((2, 0), 'empty'), ((4, 0), 'cooking')]"
5014,409,114,PLACE,"(2, 0)",PLACE,PLACE,PLACE,1,1,1,0,,PLACE,"(5, 1)","(2, 2)",onion,dish,"[((2, 0), 'empty'), ((4, 0), 'ready')]"
5014,416,115,FETCH,"(0, 1)",HOLD,FETCH,FETCH,0,1,1,0,,FETCH,"(2, 1)","(4, 2)",,,"[((2, 0), 'items1'), ((4, 0), 'empty')]"
5014,418,116,PLACE,"(2, 0)",HOLD,PLACE,PLACE,0,1,1,0,,PLACE,"(1, 1)","(5, 1)",onion,,"[((2, 0), 'items1'), ((4, 0), 'empty')]"
5014,422,117,FETCH,"(0, 1)",FETCH,FETCH,FETCH,1,1,1,0,,FETCH,"(2, 1)","(4, 2)",,onion,"[((2, 0), 'items2'), ((4, 0), 'empty')]"
5014,424,118,PLACE,"(2, 0)",PLACE,PLACE,PLACE,1,1,1,0,,PLACE,"(1, 1)","(2, 2)",onion,onion,"[((2, 0), 'items2'), ((4, 0), 'empty')]"
5014,426,119,PLACE,"(4, 0)",PLACE,PLACE,PLACE,1,1,1,0,,PLACE,"(1, 2)","(2, 1)",onion,,"[((2, 0), 'items3'), ((4, 0), 'empty')]"
5014,431,120,FETCH,"(6, 1)",GET_DISH,FETCH,FETCH,0,1,1,0,,FETCH,"(4, 1)","(3, 1)",,,"[((2, 0), 'cooking'), ((4, 0), 'items1')]"
5014,433,121,PLACE,"(4, 0)",PLACE,PLACE,PLACE,1,1,1,0,,PLACE,"(5, 1)","(3, 1)",onion,,"[((2, 0), 'cooking'), ((4, 0), 'items1')]"
5014,437,122,FETCH,"(6, 1)",GET_DISH,FETCH,FETCH,0,1,1,0,,FETCH,"(4, 1)","(3, 1)",,,"[((2, 0), 'cooking'), ((4, 0), 'items2')]"
5014,439,123,PLACE,"(4, 0)",HOLD,PLACE,PLACE,0,1,1,0,,PLACE,"(5, 1)","(3, 1)",onion,,"[((2, 0), 'cooking'), ((4, 0), 'items2')]"
5014,443,124,COOK_START,"(4, 0)",GET_DISH,COOK_START,COOK_START,0,1,1,0,,COOK_START,"(4, 1)","(3, 1)",,,"[((2, 0), 'cooking'), ((4, 0), 'items3')]"
5014,444,125,GET_DISH,"(2, 3)",HOLD,GET_DISH,GET_DISH,0,1,1,0,,GET_DISH,"(4, 1)","(3, 2)",,,"[((2, 0), 'cooking'), ((4, 0), 'cooking')]"
5014,452,126,PICKUP,"(2, 0)",PICKUP,PICKUP,PICKUP,1,1,1,0,,PICKUP,"(2, 2)","(3, 1)",dish,,"[((2, 0), 'ready'), ((4, 0), 'cooking')]"
5014,454,127,DELIVER,"(4, 3)",DELIVER,DELIVER,DELIVER,1,1,1,0,,DELIVER,"(2, 1)","(3, 1)",soup,,"[((2, 0), 'empty'), ((4, 0), 'cooking')]"
5014,460,128,FETCH,"(6, 1)",GET_DISH,FETCH,FETCH,0,1,1,0,,FETCH,"(4, 2)","(3, 1)",,,"[((2, 0), 'empty'), ((4, 0), 'cooking')]"
5014,463,129,PLACE,"(2, 0)",PLACE,PLACE,PLACE,1,1,1,0,,PLACE,"(5, 1)","(2, 2)",onion,dish,"[((2, 0), 'empty'), ((4, 0), 'ready')]"
5014,470,130,FETCH,"(0, 1)",HOLD,FETCH,FETCH,0,1,1,0,,FETCH,"(2, 1)","(4, 2)",,,"[((2, 0), 'items1'), ((4, 0), 'empty')]"
5014,472,131,PLACE,"(2, 0)",HOLD,PLACE,PLACE,0,1,1,0,,PLACE,"(1, 1)","(5, 1)",onion,,"[((2, 0), 'items1'), ((4, 0), 'empty')]"
5014,476,132,FETCH,"(0, 1)",FETCH,FETCH,FETCH,1,1,1,0,,FETCH,"(2, 1)","(4, 2)",,onion,"[((2, 0), 'items2'), ((4, 0), 'empty')]"
5014,478,133,PLACE,"(2, 0)",PLACE,PLACE,PLACE,1,1,1,0,,PLACE,"(1, 1)","(2, 2)",onion,onion,"[((2, 0), 'items2'), ((4, 0), 'empty')]"
5014,480,134,PLACE,"(4, 0)",PLACE,PLACE,PLACE,1,1,1,0,,PLACE,"(1, 2)","(2, 1)",onion,,"[((2, 0), 'items3'), ((4, 0), 'empty')]"
5014,485,135,FETCH,"(6, 1)",GET_DISH,FETCH,FETCH,0,1,1,0,,FETCH,"(4, 1)","(3, 1)",,,"[((2, 0), 'cooking'), ((4, 0), 'items1')]"
5014,487,136,PLACE,"(4, 0)",PLACE,PLACE,PLACE,1,1,1,0,,PLACE,"(5, 1)","(3, 1)",onion,,"[((2, 0), 'cooking'), ((4, 0), 'items1')]"
5014,491,137,FETCH,"(6, 1)",HOLD,FETCH,FETCH,0,1,1,0,,FETCH,"(4, 1)","(3, 1)",,,"[((2, 0), 'cooking'), ((4, 0), 'items2')]"
5014,493,138,PLACE,"(4, 0)",HOLD,PLACE,PLACE,0,1,1,0,,PLACE,"(5, 1)","(3, 1)",onion,,"[((2, 0), 'cooking'), ((4, 0), 'items2')]"
5014,497,139,COOK_START,"(4, 0)",GET_DISH,COOK_START,COOK_START,0,1,1,0,,COOK_START,"(4, 1)","(3, 1)",,,"[((2, 0), 'cooking'), ((4, 0), 'items3')]"
5014,498,140,GET_DISH,"(2, 3)",HOLD,GET_DISH,GET_DISH,0,1,1,0,,GET_DISH,"(4, 1)","(3, 2)",,,"[((2, 0), 'cooking'), ((4, 0), 'cooking')]"
5014,506,141,PICKUP,"(2, 0)",PICKUP,PICKUP,PICKUP,1,1,1,0,,PICKUP,"(2, 2)","(3, 1)",dish,,"[((2, 0), 'ready'), ((4, 0), 'cooking')]"
5014,508,142,DELIVER,"(4, 3)",DELIVER,DELIVER,DELIVER,1,1,1,0,,DELIVER,"(2, 1)","(3, 1)",soup,,"[((2, 0), 'empty'), ((4, 0), 'cooking')]"
5014,514,143,FETCH,"(6, 1)",GET_DISH,FETCH,FETCH,0,1,1,0,,FETCH,"(4, 2)","(3, 1)",,,"[((2, 0), 'empty'), ((4, 0), 'cooking')]"
5014,517,144,PLACE,"(2, 0)",PLACE,PLACE,PLACE,1,1,1,0,,PLACE,"(5, 1)","(2, 2)",onion,dish,"[((2, 0), 'empty'), ((4, 0), 'ready')]"
5014,524,145,FETCH,"(0, 1)",HOLD,FETCH,FETCH,0,1,1,0,,FETCH,"(2, 1)","(4, 2)",,,"[((2, 0), 'items1'), ((4, 0), 'empty')]"
5014,526,146,PLACE,"(2, 0)",HOLD,PLACE,PLACE,0,1,1,0,,PLACE,"(1, 1)","(5, 1)",onion,,"[((2, 0), 'items1'), ((4, 0), 'empty')]"
5014,530,147,FETCH,"(0, 1)",FETCH,FETCH,FETCH,1,1,1,0,,FETCH,"(2, 1)","(4, 2)",,onion,"[((2, 0), 'items2'), ((4, 0), 'empty')]"
5014,532,148,PLACE,"(2, 0)",PLACE,PLACE,PLACE,1,1,1,0,,PLACE,"(1, 1)","(2, 2)",onion,onion,"[((2, 0), 'items2'), ((4, 0), 'empty')]"
5014,534,149,PLACE,"(4, 0)",PLACE,PLACE,PLACE,1,1,1,0,,PLACE,"(1, 2)","(2, 1)",onion,,"[((2, 0), 'items3'), ((4, 0), 'empty')]"
5014,539,150,FETCH,"(6, 1)",GET_DISH,FETCH,FETCH,0,1,1,0,,FETCH,"(4, 1)","(3, 1)",,,"[((2, 0), 'cooking'), ((4, 0), 'items1')]"
5014,541,151,PLACE,"(4, 0)",HOLD,PLACE,PLACE,0,1,1,0,,PLACE,"(5, 1)","(3, 1)",onion,,"[((2, 0), 'cooking'), ((4, 0), 'items1')]"
5014,545,152,FETCH,"(6, 1)",HOLD,FETCH,FETCH,0,1,1,0,,FETCH,"(4, 1)","(3, 1)",,,"[((2, 0), 'cooking'), ((4, 0), 'items2')]"
5014,547,153,PLACE,"(4, 0)",HOLD,PLACE,PLACE,0,1,1,0,,PLACE,"(5, 1)","(3, 1)",onion,,"[((2, 0), 'cooking'), ((4, 0), 'items2')]"
5014,551,154,COOK_START,"(4, 0)",GET_DISH,COOK_START,COOK_START,0,1,1,0,,COOK_START,"(4, 1)","(3, 1)",,,"[((2, 0), 'cooking'), ((4, 0), 'items3')]"
5014,552,155,GET_DISH,"(2, 3)",HOLD,GET_DISH,GET_DISH,0,1,1,0,,GET_DISH,"(4, 1)","(3, 2)",,,"[((2, 0), 'cooking'), ((4, 0), 'cooking')]"
5014,560,156,PICKUP,"(2, 0)",PICKUP,PICKUP,PICKUP,1,1,1,0,,PICKUP,"(2, 2)","(3, 1)",dish,,"[((2, 0), 'ready'), ((4, 0), 'cooking')]"
5014,562,157,DELIVER,"(4, 3)",DELIVER,DELIVER,DELIVER,1,1,1,0,,DELIVER,"(2, 1)","(3, 1)",soup,,"[((2, 0), 'empty'), ((4, 0), 'cooking')]"
5014,568,158,FETCH,"(6, 1)",GET_DISH,FETCH,FETCH,0,1,1,0,,FETCH,"(4, 2)","(3, 1)",,,"[((2, 0), 'empty'), ((4, 0), 'cooking')]"
5014,571,159,PLACE,"(2, 0)",PLACE,PLACE,PLACE,1,1,1,0,,PLACE,"(5, 1)","(2, 2)",onion,dish,"[((2, 0), 'empty'), ((4, 0), 'ready')]"
5014,578,160,FETCH,"(0, 1)",HOLD,FETCH,FETCH,0,1,1,0,,FETCH,"(2, 1)","(4, 2)",,,"[((2, 0), 'items1'), ((4, 0), 'empty')]"
5014,580,161,PLACE,"(2, 0)",HOLD,PLACE,PLACE,0,1,1,0,,PLACE,"(1, 1)","(5, 1)",onion,,"[((2, 0), 'items1'), ((4, 0), 'empty')]"
5014,584,162,FETCH,"(0, 1)",FETCH,FETCH,FETCH,1,1,1,0,,FETCH,"(2, 1)","(4, 2)",,onion,"[((2, 0), 'items2'), ((4, 0), 'empty')]"
5014,586,163,PLACE,"(2, 0)",PLACE,PLACE,PLACE,1,1,1,0,,PLACE,"(1, 1)","(2, 2)",onion,onion,"[((2, 0), 'items2'), ((4, 0), 'empty')]"
5014,588,164,PLACE,"(4, 0)",PLACE,PLACE,PLACE,1,1,1,0,,PLACE,"(1, 2)","(2, 1)",onion,,"[((2, 0), 'items3'), ((4, 0), 'empty')]"
5014,593,165,FETCH,"(6, 1)",GET_DISH,FETCH,FETCH,0,1,1,0,,FETCH,"(4, 1)","(3, 1)",,,"[((2, 0), 'cooking'), ((4, 0), 'items1')]"
5014,595,166,PLACE,"(4, 0)",HOLD,PLACE,PLACE,0,1,1,0,,PLACE,"(5, 1)","(3, 1)",onion,,"[((2, 0), 'cooking'), ((4, 0), 'items1')]"
5014,599,167,FETCH,"(6, 1)",HOLD,FETCH,FETCH,0,1,1,0,,FETCH,"(4, 1)","(3, 1)",,,"[((2, 0), 'cooking'), ((4, 0), 'items2')]"
5014,601,168,PLACE,"(4, 0)",HOLD,PLACE,PLACE,0,1,1,0,,PLACE,"(5, 1)","(3, 1)",onion,,"[((2, 0), 'cooking'), ((4, 0), 'items2')]"
5014,605,169,COOK_START,"(4, 0)",HOLD,COOK_START,COOK_START,0,1,1,0,,COOK_START,"(4, 1)","(3, 1)",,,"[((2, 0), 'cooking'), ((4, 0), 'items3')]"
5014,606,170,GET_DISH,"(2, 3)",HOLD,GET_DISH,GET_DISH,0,1,1,0,,GET_DISH,"(4, 1)","(3, 2)",,,"[((2, 0), 'cooking'), ((4, 0), 'cooking')]"
5014,614,171,PICKUP,"(2, 0)",PICKUP,PICKUP,PICKUP,1,1,1,0,,PICKUP,"(2, 2)","(3, 1)",dish,,"[((2, 0), 'ready'), ((4, 0), 'cooking')]"
5014,616,172,DELIVER,"(4, 3)",DELIVER,DELIVER,DELIVER,1,1,1,0,,DELIVER,"(2, 1)","(3, 1)",soup,,"[((2, 0), 'empty'), ((4, 0), 'cooking')]"
5014,622,173,FETCH,"(6, 1)",GET_DISH,FETCH,FETCH,0,1,1,0,,FETCH,"(4, 2)","(3, 1)",,,"[((2, 0), 'empty'), ((4, 0), 'cooking')]"
5014,625,174,PLACE,"(2, 0)",PLACE,PLACE,PLACE,1,1,1,0,,PLACE,"(5, 1)","(2, 2)",onion,dish,"[((2, 0), 'empty'), ((4, 0), 'ready')]"
5014,632,175,FETCH,"(0, 1)",HOLD,FETCH,FETCH,0,1,1,0,,FETCH,"(2, 1)","(4, 2)",,,"[((2, 0), 'items1'), ((4, 0), 'empty')]"
5014,634,176,PLACE,"(2, 0)",HOLD,PLACE,PLACE,0,1,1,0,,PLACE,"(1, 1)","(5, 1)",onion,,"[((2, 0), 'items1'), ((4, 0), 'empty')]"
5014,638,177,FETCH,"(0, 1)",FETCH,FETCH,FETCH,1,1,1,0,,FETCH,"(2, 1)","(4, 2)",,onion,"[((2, 0), 'items2'), ((4, 0), 'empty')]"
5014,640,178,PLACE,"(2, 0)",PLACE,PLACE,PLACE,1,1,1,0,,PLACE,"(1, 1)","(2, 2)",onion,onion,"[((2, 0), 'items2'), ((4, 0), 'empty')]"
5014,642,179,PLACE,"(4, 0)",PLACE,PLACE,PLACE,1,1,1,0,,PLACE,"(1, 2)","(2, 1)",onion,,"[((2, 0), 'items3'), ((4, 0), 'empty')]"
5014,647,180,FETCH,"(6, 1)",GET_DISH,FETCH,FETCH,0,1,1,0,,FETCH,"(4, 1)","(3, 1)",,,"[((2, 0), 'cooking'), ((4, 0), 'items1')]"
5014,649,181,PLACE,"(4, 0)",HOLD,PLACE,PLACE,0,1,1,0,,PLACE,"(5, 1)","(3, 1)",onion,,"[((2, 0), 'cooking'), ((4, 0), 'items1')]"
5014,653,182,FETCH,"(6, 1)",HOLD,FETCH,FETCH,0,1,1,0,,FETCH,"(4, 1)","(3, 1)",,,"[((2, 0), 'cooking'), ((4, 0), 'items2')]"
5014,655,183,PLACE,"(4, 0)",HOLD,PLACE,PLACE,0,1,1,0,,PLACE,"(5, 1)","(3, 1)",onion,,"[((2, 0), 'cooking'), ((4, 0), 'items2')]"
5014,659,184,COOK_START,"(4, 0)",HOLD,COOK_START,COOK_START,0,1,1,0,,COOK_START,"(4, 1)","(3, 1)",,,"[((2, 0), 'cooking'), ((4, 0), 'items3')]"
5014,660,185,GET_DISH,"(2, 3)",HOLD,GET_DISH,GET_DISH,0,1,1,0,,GET_DISH,"(4, 1)","(3, 2)",,,"[((2, 0), 'cooking'), ((4, 0), 'cooking')]"
5014,668,186,PICKUP,"(2, 0)",PICKUP,PICKUP,PICKUP,1,1,1,0,,PICKUP,"(2, 2)","(3, 1)",dish,,"[((2, 0), 'ready'), ((4, 0), 'cooking')]"
5014,670,187,DELIVER,"(4, 3)",DELIVER,DELIVER,DELIVER,1,1,1,0,,DELIVER,"(2, 1)","(3, 1)",soup,,"[((2, 0), 'empty'), ((4, 0), 'cooking')]"
5014,676,188,FETCH,"(6, 1)",GET_DISH,FETCH,FETCH,0,1,1,0,,FETCH,"(4, 2)","(3, 1)",,,"[((2, 0), 'empty'), ((4, 0), 'cooking')]"
5014,679,189,PLACE,"(2, 0)",PLACE,PLACE,PLACE,1,1,1,0,,PLACE,"(5, 1)","(2, 2)",onion,dish,"[((2, 0), 'empty'), ((4, 0), 'ready')]"
5014,686,190,FETCH,"(0, 1)",HOLD,FETCH,FETCH,0,1,1,0,,FETCH,"(2, 1)","(4, 2)",,,"[((2, 0), 'items1'), ((4, 0), 'empty')]"
5014,688,191,PLACE,"(2, 0)",HOLD,PLACE,PLACE,0,1,1,0,,PLACE,"(1, 1)","(5, 1)",onion,,"[((2, 0), 'items1'), ((4, 0), 'empty')]"
5014,692,192,FETCH,"(0, 1)",FETCH,FETCH,FETCH,1,1,1,0,,FETCH,"(2, 1)","(4, 2)",,onion,"[((2, 0), 'items2'), ((4, 0), 'empty')]"
5014,694,193,PLACE,"(2, 0)",PLACE,PLACE,PLACE,1,1,1,0,,PLACE,"(1, 1)","(2, 2)",onion,onion,"[((2, 0), 'items2'), ((4, 0), 'empty')]"
5014,696,194,PLACE,"(4, 0)",PLACE,PLACE,PLACE,1,1,1,0,,PLACE,"(1, 2)","(2, 1)",onion,,"[((2, 0), 'items3'), ((4, 0), 'empty')]"
5015,0,1,FETCH,"(6, 1)",FETCH,FETCH,FETCH,1,1,1,0,,,"(5, 3)","(4, 1)",,,"[((2, 0), 'empty'), ((4, 0), 'empty')]"
5015,10,2,PLACE,"(4, 0)",PLACE,PLACE,PLACE,1,1,1,0,PLACE,PLACE,"(5, 1)","(5, 2)",onion,,"[((2, 0), 'empty'), ((4, 0), 'empty')]"
5015,14,3,FETCH,"(6, 1)",FETCH,FETCH,FETCH,1,1,1,0,FETCH,FETCH,"(4, 1)","(5, 2)",,,"[((2, 0), 'empty'), ((4, 0), 'items1')]"
5015,16,4,PLACE,"(4, 0)",PLACE,PLACE,PLACE,1,1,1,0,PLACE,PLACE,"(5, 1)","(5, 2)",onion,,"[((2, 0), 'empty'), ((4, 0), 'items1')]"
5015,20,5,FETCH,"(6, 1)",FETCH,FETCH,FETCH,1,1,1,0,FETCH,FETCH,"(4, 1)","(5, 2)",,,"[((2, 0), 'empty'), ((4, 0), 'items2')]"
5015,22,6,PLACE,"(4, 0)",PLACE,PLACE,PLACE,1,1,1,0,PLACE,PLACE,"(5, 1)","(5, 2)",onion,,"[((2, 0), 'empty'), ((4, 0), 'items2')]"
5015,26,7,COOK_START,"(4, 0)",COOK_START,COOK_START,COOK_START,1,1,1,0,COOK_START,COOK_START,"(4, 1)","(5, 2)",,,"[((2, 0), 'empty'), ((4, 0), 'items3')]"
5015,27,8,FETCH,"(6, 1)",FETCH,FETCH,FETCH,1,1,1,0,FETCH,FETCH,"(4, 1)","(5, 2)",,,"[((2, 0), 'empty'), ((4, 0), 'cooking')]"
5015,29,9,PLACE,"(2, 0)",PLACE,PLACE,PLACE,1,1,1,0,PLACE,PLACE,"(5, 1)","(4, 1)",onion,,"[((2, 0), 'empty'), ((4, 0), 'cooking')]"
5015,42,10,FETCH,"(0, 1)",FETCH,FETCH,FETCH,1,1,1,1,HOLD,FETCH,"(2, 1)","(3, 2)",,dish,"[((2, 0), 'items1'), ((4, 0), 'cooking')]"
5015,44,11,PLACE,"(2, 0)",PLACE,PLACE,PLACE,1,1,1,0,PLACE,PLACE,"(1, 1)","(3, 2)",onion,dish,"[((2, 0), 'items1'), ((4, 0), 'cooking')]"
5015,48,12,FETCH,"(0, 1)",FETCH,FETCH,FETCH,1,1,1,0,FETCH,FETCH,"(2, 1)","(4, 1)",,dish,"[((2, 0), 'items2'), ((4, 0), 'ready')]"
5015,50,13,PLACE,"(2, 0)",PLACE,PLACE,PLACE,1,1,1,0,PLACE,PLACE,"(1, 1)","(4, 2)",onion,soup,"[((2, 0), 'items2'), ((4, 0), 'empty')]"
5015,54,14,COOK_START,"(2, 0)",HOLD,COOK_START,COOK_START,0,1,1,1,HOLD,COOK_START,"(2, 1)","(5, 1)",,onion,"[((2, 0), 'items3'), ((4, 0), 'empty')]"
5015,55,15,FETCH,"(0, 1)",HOLD,FETCH,FETCH,0,1,1,0,,FETCH,"(2, 1)","(5, 2)",,onion,"[((2, 0), 'cooking'), ((4, 0), 'empty')]"
5015,57,16,PLACE,"(4, 0)",PLACE,PLACE,PLACE,1,1,1,0,,PLACE,"(1, 1)","(4, 1)",onion,onion,"[((2, 0), 'cooking'), ((4, 0), 'empty')]"
5015,63,17,FETCH,"(6, 1)",FETCH,FETCH,FETCH,1,1,1,0,,FETCH,"(4, 1)","(3, 1)",,,"[((2, 0), 'cooking'), ((4, 0), 'items2')]"
5015,65,18,PLACE,"(4, 0)",PLACE,PLACE,PLACE,1,1,1,0,,PLACE,"(5, 1)","(3, 1)",onion,,"[((2, 0), 'cooking'), ((4, 0), 'items2')]"
5015,69,19,COOK_START,"(4, 0)",COOK_START,COOK_START,COOK_START,1,1,1,0,,COOK_START,"(4, 1)","(3, 1)",,,"[((2, 0), 'cooking'), ((4, 0), 'items3')]"
5015,70,20,GET_DISH,"(2, 3)",GET_DISH,GET_DISH,GET_DISH,1,1,1,0,,GET_DISH,"(4, 1)","(3, 2)",,,"[((2, 0), 'cooking'), ((4, 0), 'cooking')]"
5015,78,21,PICKUP,"(2, 0)",PICKUP,PICKUP,PICKUP,1,1,1,0,,PICKUP,"(2, 2)","(3, 1)",dish,,"[((2, 0), 'ready'), ((4, 0), 'cooking')]"
5015,80,22,DELIVER,"(4, 3)",DELIVER,DELIVER,DELIVER,1,1,1,0,,DELIVER,"(2, 1)","(3, 1)",soup,,"[((2, 0), 'empty'), ((4, 0), 'cooking')]"
5015,86,23,FETCH,"(6, 1)",FETCH,FETCH,FETCH,1,1,1,0,,FETCH,"(4, 2)","(3, 1)",,,"[((2, 0), 'empty'), ((4, 0), 'cooking')]"
5015,89,24,PLACE,"(2, 0)",PLACE,PLACE,PLACE,1,1,1,0,,PLACE,"(5, 1)","(2, 2)",onion,dish,"[((2, 0), 'empty'), ((4, 0), 'ready')]"
5015,96,25,FETCH,"(0, 1)",FETCH,FETCH,FETCH,1,1,1,0,,FETCH,"(2, 1)","(4, 2)",,,"[((2, 0), 'items1'), ((4, 0), 'empty')]"
5015,98,26,PLACE,"(2, 0)",PLACE,PLACE,PLACE,1,1,1,0,,PLACE,"(1, 1)","(5, 1)",onion,,"[((2, 0), 'items1'), ((4, 0), 'empty')]"
5015,102,27,FETCH,"(0, 1)",FETCH,FETCH,FETCH,1,1,1,0,,FETCH,"(2, 1)","(4, 2)",,onion,"[((2, 0), 'items2'), ((4, 0), 'empty')]"
5015,104,28,PLACE,"(2, 0)",PLACE,PLACE,PLACE,1,1,1,0,,PLACE,"(1, 1)","(2, 2)",onion,onion,"[((2, 0), 'items2'), ((4, 0), 'empty')]"
5015,106,29,PLACE,"(4, 0)",PLACE,PLACE,PLACE,1,1,1,0,,PLACE,"(1, 2)","(2, 1)",onion,,"[((2, 0), 'items3'), ((4, 0), 'empty')]"
5015,111,30,FETCH,"(6, 1)",FETCH,FETCH,FETCH,1,1,1,0,,FETCH,"(4, 1)","(3, 1)",,,"[((2, 0), 'cooking'), ((4, 0), 'items1')]"
5015,113,31,PLACE,"(4, 0)",PLACE,PLACE,PLACE,1,1,1,0,,PLACE,"(5, 1)","(3, 1)",onion,,"[((2, 0), 'cooking'), ((4, 0), 'items1')]"
5015,117,32,FETCH,"(6, 1)",FETCH,FETCH,FETCH,1,1,1,0,,FETCH,"(4, 1)","(3, 1)",,,"[((2, 0), 'cooking'), ((4, 0), 'items2')]"
5015,119,33,PLACE,"(4, 0)",PLACE,PLACE,PLACE,1,1,1,0,,PLACE,"(5, 1)","(3, 1)",onion,,"[((2, 0), 'cooking'), ((4, 0), 'items2')]"
5015,123,34,COOK_START,"(4, 0)",COOK_START,COOK_START,COOK_START,1,1,1,0,,COOK_START,"(4, 1)","(3, 1)",,,"[((2, 0), 'cooking'), ((4, 0), 'items3')]"
5015,124,35,GET_DISH,"(2, 3)",GET_DISH,GET_DISH,GET_DISH,1,1,1,0,,GET_DISH,"(4, 1)","(3, 2)",,,"[((2, 0), 'cooking'), ((4, 0), 'cooking')]"
5015,132,36,PICKUP,"(2, 0)",PICKUP,PICKUP,PICKUP,1,1,1,0,,PICKUP,"(2, 2)","(3, 1)",dish,,"[((2, 0), 'ready'), ((4, 0), 'cooking')]"
5015,134,37,DELIVER,"(4, 3)",DELIVER,DELIVER,DELIVER,1,1,1,0,,DELIVER,"(2, 1)","(3, 1)",soup,,"[((2, 0), 'empty'), ((4, 0), 'cooking')]"
5015,140,38,FETCH,"(6, 1)",FETCH,FETCH,FETCH,1,1,1,0,,FETCH,"(4, 2)","(3, 1)",,,"[((2, 0), 'empty'), ((4, 0), 'cooking')]"
5015,143,39,PLACE,"(2, 0)",PLACE,PLACE,PLACE,1,1,1,0,,PLACE,"(5, 1)","(2, 2)",onion,dish,"[((2, 0), 'empty'), ((4, 0), 'ready')]"
5015,150,40,FETCH,"(0, 1)",FETCH,FETCH,FETCH,1,1,1,0,,FETCH,"(2, 1)","(4, 2)",,,"[((2, 0), 'items1'), ((4, 0), 'empty')]"
5015,152,41,PLACE,"(2, 0)",PLACE,PLACE,PLACE,1,1,1,0,,PLACE,"(1, 1)","(5, 1)",onion,,"[((2, 0), 'items1'), ((4, 0), 'empty')]"
5015,156,42,FETCH,"(0, 1)",FETCH,FETCH,FETCH,1,1,1,0,,FETCH,"(2, 1)","(4, 2)",,onion,"[((2, 0), 'items2'), ((4, 0), 'empty')]"
5015,158,43,PLACE,"(2, 0)",PLACE,PLACE,PLACE,1,1,1,0,,PLACE,"(1, 1)","(2, 2)",onion,onion,"[((2, 0), 'items2'), ((4, 0), 'empty')]"
5015,160,44,PLACE,"(4, 0)",PLACE,PLACE,PLACE,1,1,1,0,,PLACE,"(1, 2)","(2, 1)",onion,,"[((2, 0), 'items3'), ((4, 0), 'empty')]"
5015,165,45,FETCH,"(6, 1)",FETCH,FETCH,FETCH,1,1,1,0,,FETCH,"(4, 1)","(3, 1)",,,"[((2, 0), 'cooking'), ((4, 0), 'items1')]"
5015,167,46,PLACE,"(4, 0)",PLACE,PLACE,PLACE,1,1,1,0,,PLACE,"(5, 1)","(3, 1)",onion,,"[((2, 0), 'cooking'), ((4, 0), 'items1')]"
5015,171,47,FETCH,"(6, 1)",FETCH,FETCH,FETCH,1,1,1,0,,FETCH,"(4, 1)","(3, 1)",,,"[((2, 0), 'cooking'), ((4, 0), 'items2')]"
5015,173,48,PLACE,"(4, 0)",PLACE,PLACE,PLACE,1,1,1,0,,PLACE,"(5, 1)","(3, 1)",onion,,"[((2, 0), 'cooking'), ((4, 0), 'items2')]"
5015,177,49,COOK_START,"(4, 0)",COOK_START,COOK_START,COOK_START,1,1,1,0,,COOK_START,"(4, 1)","(3, 1)",,,"[((2, 0), 'cooking'), ((4, 0), 'items3')]"
5015,178,50,GET_DISH,"(2, 3)",GET_DISH,GET_DISH,GET_DISH,1,1,1,0,,GET_DISH,"(4, 1)","(3, 2)",,,"[((2, 0), 'cooking'), ((4, 0), 'cooking')]"
5015,186,51,PICKUP,"(2, 0)",PICKUP,PICKUP,PICKUP,1,1,1,0,,PICKUP,"(2, 2)","(3, 1)",dish,,"[((2, 0), 'ready'), ((4, 0), 'cooking')]"
5015,188,52,DELIVER,"(4, 3)",DELIVER,DELIVER,DELIVER,1,1,1,0,,DELIVER,"(2, 1)","(3, 1)",soup,,"[((2, 0), 'empty'), ((4, 0), 'cooking')]"
5015,194,53,FETCH,"(6, 1)",FETCH,FETCH,FETCH,1,1,1,0,,FETCH,"(4, 2)","(3, 1)",,,"[((2, 0), 'empty'), ((4, 0), 'cooking')]"
5015,197,54,PLACE,"(2, 0)",PLACE,PLACE,PLACE,1,1,1,0,,PLACE,"(5, 1)","(2, 2)",onion,dish,"[((2, 0), 'empty'), ((4, 0), 'ready')]"
5015,204,55,FETCH,"(0, 1)",FETCH,FETCH,FETCH,1,1,1,0,,FETCH,"(2, 1)","(4, 2)",,,"[((2, 0), 'items1'), ((4, 0), 'empty')]"
5015,206,56,PLACE,"(2, 0)",PLACE,PLACE,PLACE,1,1,1,0,,PLACE,"(1, 1)","(5, 1)",onion,,"[((2, 0), 'items1'), ((4, 0), 'empty')]"
5015,210,57,FETCH,"(0, 1)",FETCH,FETCH,FETCH,1,1,1,0,,FETCH,"(2, 1)","(4, 2)",,onion,"[((2, 0), 'items2'), ((4, 0), 'empty')]"
5015,212,58,PLACE,"(2, 0)",PLACE,PLACE,PLACE,1,1,1,0,,PLACE,"(1, 1)","(2, 2)",onion,onion,"[((2, 0), 'items2'), ((4, 0), 'empty')]"
5015,214,59,PLACE,"(4, 0)",PLACE,PLACE,PLACE,1,1,1,0,,PLACE,"(1, 2)","(2, 1)",onion,,"[((2, 0), 'items3'), ((4, 0), 'empty')]"
5015,219,60,FETCH,"(6, 1)",FETCH,FETCH,FETCH,1,1,1,0,,FETCH,"(4, 1)","(3, 1)",,,"[((2, 0), 'cooking'), ((4, 0), 'items1')]"
5015,221,61,PLACE,"(4, 0)",PLACE,PLACE,PLACE,1,1,1,0,,PLACE,"(5, 1)","(3, 1)",onion,,"[((2, 0), 'cooking'), ((4, 0), 'items1')]"
5015,225,62,FETCH,"(6, 1)",FETCH,FETCH,FETCH,1,1,1,0,,FETCH,"(4, 1)","(3, 1)",,,"[((2, 0), 'cooking'), ((4, 0), 'items2')]"
5015,227,63,PLACE,"(4, 0)",PLACE,PLACE,PLACE,1,1,1,0,,PLACE,"(5, 1)","(3, 1)",onion,,"[((2, 0), 'cooking'), ((4, 0), 'items2')]"
5015,231,64,COOK_START,"(4, 0)",COOK_START,COOK_START,COOK_START,1,1,1,0,,COOK_START,"(4, 1)","(3, 1)",,,"[((2, 0), 'cooking'), ((4, 0), 'items3')]"
5015,232,65,GET_DISH,"(2, 3)",GET_DISH,GET_DISH,GET_DISH,1,1,1,0,,GET_DISH,"(4, 1)","(3, 2)",,,"[((2, 0), 'cooking'), ((4, 0), 'cooking')]"
5015,240,66,PICKUP,"(2, 0)",PICKUP,PICKUP,PICKUP,1,1,1,0,,PICKUP,"(2, 2)","(3, 1)",dish,,"[((2, 0), 'ready'), ((4, 0), 'cooking')]"
5015,242,67,DELIVER,"(4, 3)",DELIVER,DELIVER,DELIVER,1,1,1,0,,DELIVER,"(2, 1)","(3, 1)",soup,,"[((2, 0), 'empty'), ((4, 0), 'cooking')]"
5015,248,68,FETCH,"(6, 1)",FETCH,FETCH,FETCH,1,1,1,0,,FETCH,"(4, 2)","(3, 1)",,,"[((2, 0), 'empty'), ((4, 0), 'cooking')]"
5015,251,69,PLACE,"(2, 0)",PLACE,PLACE,PLACE,1,1,1,0,,PLACE,"(5, 1)","(2, 2)",onion,dish,"[((2, 0), 'empty'), ((4, 0), 'ready')]"
5015,258,70,FETCH,"(0, 1)",HOLD,FETCH,FETCH,0,1,1,0,,FETCH,"(2, 1)","(4, 2)",,,"[((2, 0), 'items1'), ((4, 0), 'empty')]"
5015,260,71,PLACE,"(2, 0)",PLACE,PLACE,PLACE,1,1,1,0,,PLACE,"(1, 1)","(5, 1)",onion,,"[((2, 0), 'items1'), ((4, 0), 'empty')]"
5015,264,72,FETCH,"(0, 1)",FETCH,FETCH,FETCH,1,1,1,0,,FETCH,"(2, 1)","(4, 2)",,onion,"[((2, 0), 'items2'), ((4, 0), 'empty')]"
5015,266,73,PLACE,"(2, 0)",PLACE,PLACE,PLACE,1,1,1,0,,PLACE,"(1, 1)","(2, 2)",onion,onion,"[((2, 0), 'items2'), ((4, 0), 'empty')]"
5015,268,74,PLACE,"(4, 0)",PLACE,PLACE,PLACE,1,1,1,0,,PLACE,"(1, 2)","(2, 1)",onion,,"[((2, 0), 'items3'), ((4, 0), 'empty')]"
5015,273,75,FETCH,"(6, 1)",GET_DISH,FETCH,FETCH,0,1,1,0,,FETCH,"(4, 1)","(3, 1)",,,"[((2, 0), 'cooking'), ((4, 0), 'items1')]"
5015,275,76,PLACE,"(4, 0)",PLACE,PLACE,PLACE,1,1,1,0,,PLACE,"(5, 1)","(3, 1)",onion,,"[((2, 0), 'cooking'), ((4, 0), 'items1')]"
5015,279,77,FETCH,"(6, 1)",GET_DISH,FETCH,FETCH,0,1,1,0,,FETCH,"(4, 1)","(3, 1)",,,"[((2, 0), 'cooking'), ((4, 0), 'items2')]"
5015,281,78,PLACE,"(4, 0)",PLACE,PLACE,PLACE,1,1,1,0,,PLACE,"(5, 1)","(3, 1)",onion,,"[((2, 0), 'cooking'), ((4, 0), 'items2')]"
5015,285,79,COOK_START,"(4, 0)",COOK_START,COOK_START,COOK_START,1,1,1,0,,COOK_START,"(4, 1)","(3, 1)",,,"[((2, 0), 'cooking'), ((4, 0), 'items3')]"
5015,286,80,GET_DISH,"(2, 3)",GET_DISH,GET_DISH,GET_DISH,1,1,1,0,,GET_DISH,"(4, 1)","(3, 2)",,,"[((2, 0), 'cooking'), ((4, 0), 'cooking')]"
5015,294,81,PICKUP,"(2, 0)",PICKUP,PICKUP,PICKUP,1,1,1,0,,PICKUP,"(2, 2)","(3, 1)",dish,,"[((2, 0), 'ready'), ((4, 0), 'cooking')]"
5015,296,82,DELIVER,"(4, 3)",DELIVER,DELIVER,DELIVER,1,1,1,0,,DELIVER,"(2, 1)","(3, 1)",soup,,"[((2, 0), 'empty'), ((4, 0), 'cooking')]"
5015,302,83,FETCH,"(6, 1)",FETCH,FETCH,FETCH,1,1,1,0,,FETCH,"(4, 2)","(3, 1)",,,"[((2, 0), 'empty'), ((4, 0), 'cooking')]"
5015,305,84,PLACE,"(2, 0)",PLACE,PLACE,PLACE,1,1,1,0,,PLACE,"(5, 1)","(2, 2)",onion,dish,"[((2, 0), 'empty'), ((4, 0), 'ready')]"
5015,312,85,FETCH,"(0, 1)",HOLD,FETCH,FETCH,0,1,1,0,,FETCH,"(2, 1)","(4, 2)",,,"[((2, 0), 'items1'), ((4, 0), 'empty')]"
5015,314,86,PLACE,"(2, 0)",PLACE,PLACE,PLACE,1,1,1,0,,PLACE,"(1, 1)","(5, 1)",onion,,"[((2, 0), 'items1'), ((4, 0), 'empty')]"
5015,318,87,FETCH,"(0, 1)",FETCH,FETCH,FETCH,1,1,1,0,,FETCH,"(2, 1)","(4, 2)",,onion,"[((2, 0), 'items2'), ((4, 0), 'empty')]"
5015,320,88,PLACE,"(2, 0)",PLACE,PLACE,PLACE,1,1,1,0,,PLACE,"(1, 1)","(2, 2)",onion,onion,"[((2, 0), 'items2'), ((4, 0), 'empty')]"
5015,322,89,PLACE,"(4, 0)",PLACE,PLACE,PLACE,1,1,1,0,,PLACE,"(1, 2)","(2, 1)",onion,,"[((2, 0), 'items3'), ((4, 0), 'empty')]"
5015,327,90,FETCH,"(6, 1)",GET_DISH,FETCH,FETCH,0,1,1,0,,FETCH,"(4, 1)","(3, 1)",,,"[((2, 0), 'cooking'), ((4, 0), 'items1')]"
5015,329,91,PLACE,"(4, 0)",PLACE,PLACE,PLACE,1,1,1,0,,PLACE,"(5, 1)","(3, 1)",onion,,"[((2, 0), 'cooking'), ((4, 0), 'items1')]"
5015,333,92,FETCH,"(6, 1)",GET_DISH,FETCH,FETCH,0,1,1,0,,FETCH,"(4, 1)","(3, 1)",,,"[((2, 0), 'cooking'), ((4, 0), 'items2')]"
5015,335,93,PLACE,"(4, 0)",PLACE,PLACE,PLACE,1,1,1,0,,PLACE,"(5, 1)","(3, 1)",onion,,"[((2, 0), 'cooking'), ((4, 0), 'items2')]"
5015,339,94,COOK_START,"(4, 0)",GET_DISH,COOK_START,COOK_START,0,1,1,0,,COOK_START,"(4, 1)","(3, 1)",,,"[((2, 0), 'cooking'), ((4, 0), 'items3')]"
5015,340,95,GET_DISH,"(2, 3)",HOLD,GET_DISH,GET_DISH,0,1,1,0,,GET_DISH,"(4, 1)","(3, 2)",,,"[((2, 0), 'cooking'), ((4, 0), 'cooking')]"
5015,348,96,PICKUP,"(2, 0)",PICKUP,PICKUP,PICKUP,1,1,1,0,,PICKUP,"(2, 2)","(3, 1)",dish,,"[((2, 0), 'ready'), ((4, 0), 'cooking')]"
5015,350,97,DELIVER,"(4, 3)",DELIVER,DELIVER,DELIVER,1,1,1,0,,DELIVER,"(2, 1)","(3, 1)",soup,,"[((2, 0), 'empty'), ((4, 0), 'cooking')]"
5015,356,98,FETCH,"(6, 1)",GET_DISH,FETCH,FETCH,0,1,1,0,,FETCH,"(4, 2)","(3, 1)",,,"[((2, 0), 'empty'), ((4, 0), 'cooking')]"
5015,359,99,PLACE,"(2, 0)",PLACE,PLACE,PLACE,1,1,1,0,,PLACE,"(5, 1)","(2, 2)",onion,dish,"[((2, 0), 'empty'), ((4, 0), 'ready')]"
5015,366,100,FETCH,"(0, 1)",HOLD,FETCH,FETCH,0,1,1,0,,FETCH,"(2, 1)","(4, 2)",,,"[((2, 0), 'items1'), ((4, 0), 'empty')]"
5015,368,101,PLACE,"(2, 0)",HOLD,PLACE,PLACE,0,1,1,0,,PLACE,"(1, 1)","(5, 1)",onion,,"[((2, 0), 'items1'), ((4, 0), 'empty')]"
5015,372,102,FETCH,"(0, 1)",FETCH,FETCH,FETCH,1,1,1,0,,FETCH,"(2, 1)","(4, 2)",,onion,"[((2, 0), 'items2'), ((4, 0), 'empty')]"
5015,374,103,PLACE,"(2, 0)",PLACE,PLACE,PLACE,1,1,1,0,,PLACE,"(1, 1)","(2, 2)",onion,onion,"[((2, 0), 'items2'), ((4, 0), 'empty')]"
5015,376,104,PLACE,"(4, 0)",PLACE,PLACE,PLACE,1,1,1,0,,PLACE,"(1, 2)","(2, 1)",onion,,"[((2, 0), 'items3'), ((4, 0), 'empty')]"
5015,381,105,FETCH,"(6, 1)",GET_DISH,FETCH,FETCH,0,1,1,0,,FETCH,"(4, 1)","(3, 1)",,,"[((2, 0), 'cooking'), ((4, 0), 'items1')]"
5015,383,106,PLACE,"(4, 0)",PLACE,PLACE,PLACE,1,1,1,0,,PLACE,"(5, 1)","(3, 1)",onion,,"[((2, 0), 'cooking'), ((4, 0), 'items1')]"
5015,387,107,FETCH,"(6, 1)",GET_DISH,FETCH,FETCH,0,1,1,0,,FETCH,"(4, 1)","(3, 1)",,,"[((2, 0), 'cooking'), ((4, 0), 'items2')]"
5015,389,108,PLACE,"(4, 0)",HOLD,PLACE,PLACE,0,1,1,0,,PLACE,"(5, 1)","(3, 1)",onion,,"[((2, 0), 'cooking'), ((4, 0), 'items2')]"
5015,393,109,COOK_START,"(4, 0)",GET_DISH,COOK_START,COOK_START,0,1,1,0,,COOK_START,"(4, 1)","(3, 1)",,,"[((2, 0), 'cooking'), ((4, 0), 'items3')]"
5015,394,110,GET_DISH,"(2, 3)",HOLD,GET_DISH,GET_DISH,0,1,1,0,,GET_DISH,"(4, 1)","(3, 2)",,,"[((2, 0), 'cooking'), ((4, 0), 'cooking')]"
5015,402,111,PICKUP,"(2, 0)",PICKUP,PICKUP,PICKUP,1,1,1,0,,PICKUP,"(2, 2)","(3, 1)",dish,,"[((2, 0), 'ready'), ((4, 0), 'cooking')]"
5015,404,112,DELIVER,"(4, 3)",DELIVER,DELIVER,DELIVER,1,1,1,0,,DELIVER,"(2, 1)","(3, 1)",soup,,"[((2, 0), 'empty'), ((4, 0), 'cooking')]"
5015,410,113,FETCH,"(6, 1)",GET_DISH,FETCH,FETCH,0,1,1,0,,FETCH,"(4, 2)","(3, 1)",,,"[((2, 0), 'empty'), ((4, 0), 'cooking')]"
5015,413,114,PLACE,"(2, 0)",PLACE,PLACE,PLACE,1,1,1,0,,PLACE,"(5, 1)","(2, 2)",onion,dish,"[((2, 0), 'empty'), ((4, 0), 'ready')]"
5015,420,115,FETCH,"(0, 1)",HOLD,FETCH,FETCH,0,1,1,0,,FETCH,"(2, 1)","(4, 2)",,,"[((2, 0), 'items1'), ((4, 0), 'empty')]"
5015,422,116,PLACE,"(2, 0)",HOLD,PLACE,PLACE,0,1,1,0,,PLACE,"(1, 1)","(5, 1)",onion,,"[((2, 0), 'items1'), ((4, 0), 'empty')]"
5015,426,117,FETCH,"(0, 1)",FETCH,FETCH,FETCH,1,1,1,0,,FETCH,"(2, 1)","(4, 2)",,onion,"[((2, 0), 'items2'), ((4, 0), 'empty')]"
5015,428,118,PLACE,"(2, 0)",PLACE,PLACE,PLACE,1,1,1,0,,PLACE,"(1, 1)","(2, 2)",onion,onion,"[((2, 0), 'items2'), ((4, 0), 'empty')]"
5015,430,119,PLACE,"(4, 0)",PLACE,PLACE,PLACE,1,1,1,0,,PLACE,"(1, 2)","(2, 1)",onion,,"[((2, 0), 'items3'), ((4, 0), 'empty')]"
5015,435,120,FETCH,"(6, 1)",GET_DISH,FETCH,FETCH,0,1,1,0,,FETCH,"(4, 1)","(3, 1)",,,"[((2, 0), 'cooking'), ((4, 0), 'items1')]"
5015,437,121,PLACE,"(4, 0)",PLACE,PLACE,PLACE,1,1,1,0,,PLACE,"(5, 1)","(3, 1)",onion,,"[((2, 0), 'cooking'), ((4, 0), 'items1')]"
5015,441,122,FETCH,"(6, 1)",GET_DISH,FETCH,FETCH,0,1,1,0,,FETCH,"(4, 1)","(3, 1)",,,"[((2, 0), 'cooking'), ((4, 0), 'items2')]"
5015,443,123,PLACE,"(4, 0)",HOLD,PLACE,PLACE,0,1,1,0,,PLACE,"(5, 1)","(3, 1)",onion,,"[((2, 0), 'cooking'), ((4, 0), 'items2')]"
5015,447,124,COOK_START,"(4, 0)",GET_DISH,COOK_START,COOK_START,0,1,1,0,,COOK_START,"(4, 1)","(3, 1)",,,"[((2, 0), 'cooking'), ((4, 0), 'items3')]"
5015,448,125,GET_DISH,"(2, 3)",HOLD,GET_DISH,GET_DISH,0,1,1,0,,GET_DISH,"(4, 1)","(3, 2)",,,"[((2, 0), 'cooking'), ((4, 0), 'cooking')]"
5015,456,126,PICKUP,"(2, 0)",PICKUP,PICKUP,PICKUP,1,1,1,0,,PICKUP,"(2, 2)","(3, 1)",dish,,"[((2, 0), 'ready'), ((4, 0), 'cooking')]"
5015,458,127,DELIVER,"(4, 3)",DELIVER,DELIVER,DELIVER,1,1,1,0,,DELIVER,"(2, 1)","(3, 1)",soup,,"[((2, 0), 'empty'), ((4, 0), 'cooking')]"
5015,464,128,FETCH,"(6, 1)",GET_DISH,FETCH,FETCH,0,1,1,0,,FETCH,"(4, 2)","(3, 1)",,,"[((2, 0), 'empty'), ((4, 0), 'cooking')]"
5015,467,129,PLACE,"(2, 0)",PLACE,PLACE,PLACE,1,1,1,0,,PLACE,"(5, 1)","(2, 2)",onion,dish,"[((2, 0), 'empty'), ((4, 0), 'ready')]"
5015,474,130,FETCH,"(0, 1)",HOLD,FETCH,FETCH,0,1,1,0,,FETCH,"(2, 1)","(4, 2)",,,"[((2, 0), 'items1'), ((4, 0), 'empty')]"
5015,476,131,PLACE,"(2, 0)",HOLD,PLACE,PLACE,0,1,1,0,,PLACE,"(1, 1)","(5, 1)",onion,,"[((2, 0), 'items1'), ((4, 0), 'empty')]"
5015,480,132,FETCH,"(0, 1)",FETCH,FETCH,FETCH,1,1,1,0,,FETCH,"(2, 1)","(4, 2)",,onion,"[((2, 0), 'items2'), ((4, 0), 'empty')]"
5015,482,133,PLACE,"(2, 0)",PLACE,PLACE,PLACE,1,1,1,0,,PLACE,"(1, 1)","(2, 2)",onion,onion,"[((2, 0), 'items2'), ((4, 0), 'empty')]"
5015,484,134,PLACE,"(4, 0)",PLACE,PLACE,PLACE,1,1,1,0,,PLACE,"(1, 2)","(2, 1)",onion,,"[((2, 0), 'items3'), ((4, 0), 'empty')]"
5015,489,135,FETCH,"(6, 1)",GET_DISH,FETCH,FETCH,0,1,1,0,,FETCH,"(4, 1)","(3, 1)",,,"[((2, 0), 'cooking'), ((4, 0), 'items1')]"
5015,491,136,PLACE,"(4, 0)",PLACE,PLACE,PLACE,1,1,1,0,,PLACE,"(5, 1)","(3, 1)",onion,,"[((2, 0), 'cooking'), ((4, 0), 'items1')]"
5015,495,137,FETCH,"(6, 1)",HOLD,FETCH,FETCH,0,1,1,0,,FETCH,"(4, 1)","(3, 1)",,,"[((2, 0), 'cooking'), ((4, 0), 'items2')]"
5015,497,138,PLACE,"(4, 0)",HOLD,PLACE,PLACE,0,1,1,0,,PLACE,"(5, 1)","(3, 1)",onion,,"[((2, 0), 'cooking'), ((4, 0), 'items2')]"
5015,501,139,COOK_START,"(4, 0)",GET_DISH,COOK_START,COOK_START,0,1,1,0,,COOK_START,"(4, 1)","(3, 1)",,,"[((2, 0), 'cooking'), ((4, 0), 'items3')]"
5015,502,140,GET_DISH,"(2, 3)",HOLD,GET_DISH,GET_DISH,0,1,1,0,,GET_DISH,"(4, 1)","(3, 2)",,,"[((2, 0), 'cooking'), ((4, 0), 'cooking')]"
5015,510,141,PICKUP,"(2, 0)",PICKUP,PICKUP,PICKUP,1,1,1,0,,PICKUP,"(2, 2)","(3, 1)",dish,,"[((2, 0), 'ready'), ((4, 0), 'cooking')]"
5015,512,142,DELIVER,"(4, 3)",DELIVER,DELIVER,DELIVER,1,1,1,0,,DELIVER,"(2, 1)","(3, 1)",soup,,"[((2, 0), 'empty'), ((4, 0), 'cooking')]"
5015,518,143,FETCH,"(6, 1)",GET_DISH,FETCH,FETCH,0,1,1,0,,FETCH,"(4, 2)","(3, 1)",,,"[((2, 0), 'empty'), ((4, 0), 'cooking')]"
5015,521,144,PLACE,"(2, 0)",PLACE,PLACE,PLACE,1,1,1,0,,PLACE,"(5, 1)","(2, 2)",onion,dish,"[((2, 0), 'empty'), ((4, 0), 'ready')]"
5015,528,145,FETCH,"(0, 1)",HOLD,FETCH,FETCH,0,1,1,0,,FETCH,"(2, 1)","(4, 2)",,,"[((2, 0), 'items1'), ((4, 0), 'empty')]"
5015,530,146,PLACE,"(2, 0)",HOLD,PLACE,PLACE,0,1,1,0,,PLACE,"(1, 1)","(5, 1)",onion,,"[((2, 0), 'items1'), ((4, 0), 'empty')]"
5015,534,147,FETCH,"(0, 1)",FETCH,FETCH,FETCH,1,1,1,0,,FETCH,"(2, 1)","(4, 2)",,onion,"[((2, 0), 'items2'), ((4, 0), 'empty')]"
5015,536,148,PLACE,"(2, 0)",PLACE,PLACE,PLACE,1,1,1,0,,PLACE,"(1, 1)","(2, 2)",onion,onion,"[((2, 0), 'items2'), ((4, 0), 'empty')]"
5015,538,149,PLACE,"(4, 0)",PLACE,PLACE,PLACE,1,1,1,0,,PLACE,"(1, 2)","(2, 1)",onion,,"[((2, 0), 'items3'), ((4, 0), 'empty')]"
5015,543,150,FETCH,"(6, 1)",GET_DISH,FETCH,FETCH,0,1,1,0,,FETCH,"(4, 1)","(3, 1)",,,"[((2, 0), 'cooking'), ((4, 0), 'items1')]"
5015,545,151,PLACE,"(4, 0)",HOLD,PLACE,PLACE,0,1,1,0,,PLACE,"(5, 1)","(3, 1)",onion,,"[((2, 0), 'cooking'), ((4, 0), 'items1')]"
5015,549,152,FETCH,"(6, 1)",HOLD,FETCH,FETCH,0,1,1,0,,FETCH,"(4, 1)","(3, 1)",,,"[((2, 0), 'cooking'), ((4, 0), 'items2')]"
5015,551,153,PLACE,"(4, 0)",HOLD,PLACE,PLACE,0,1,1,0,,PLACE,"(5, 1)","(3, 1)",onion,,"[((2, 0), 'cooking'), ((4, 0), 'items2')]"
5015,555,154,COOK_START,"(4, 0)",GET_DISH,COOK_START,COOK_START,0,1,1,0,,COOK_START,"(4, 1)","(3, 1)",,,"[((2, 0), 'cooking'), ((4, 0), 'items3')]"
5015,556,155,GET_DISH,"(2, 3)",HOLD,GET_DISH,GET_DISH,0,1,1,0,,GET_DISH,"(4, 1)","(3, 2)",,,"[((2, 0), 'cooking'), ((4, 0), 'cooking')]"
5015,564,156,PICKUP,"(2, 0)",PICKUP,PICKUP,PICKUP,1,1,1,0,,PICKUP,"(2, 2)","(3, 1)",dish,,"[((2, 0), 'ready'), ((4, 0), 'cooking')]"
5015,566,157,DELIVER,"(4, 3)",DELIVER,DELIVER,DELIVER,1,1,1,0,,DELIVER,"(2, 1)","(3, 1)",soup,,"[((2, 0), 'empty'), ((4, 0), 'cooking')]"
5015,572,158,FETCH,"(6, 1)",GET_DISH,FETCH,FETCH,0,1,1,0,,FETCH,"(4, 2)","(3, 1)",,,"[((2, 0), 'empty'), ((4, 0), 'cooking')]"
5015,575,159,PLACE,"(2, 0)",PLACE,PLACE,PLACE,1,1,1,0,,PLACE,"(5, 1)","(2, 2)",onion,dish,"[((2, 0), 'empty'), ((4, 0), 'ready')]"
5015,582,160,FETCH,"(0, 1)",HOLD,FETCH,FETCH,0,1,1,0,,FETCH,"(2, 1)","(4, 2)",,,"[((2, 0), 'items1'), ((4, 0), 'empty')]"
5015,584,161,PLACE,"(2, 0)",HOLD,PLACE,PLACE,0,1,1,0,,PLACE,"(1, 1)","(5, 1)",onion,,"[((2, 0), 'items1'), ((4, 0), 'empty')]"
5015,588,162,FETCH,"(0, 1)",FETCH,FETCH,FETCH,1,1,1,0,,FETCH,"(2, 1)","(4, 2)",,onion,"[((2, 0), 'items2'), ((4, 0), 'empty')]"
5015,590,163,PLACE,"(2, 0)",PLACE,PLACE,PLACE,1,1,1,0,,PLACE,"(1, 1)","(2, 2)",onion,onion,"[((2, 0), 'items2'), ((4, 0), 'empty')]"
5015,592,164,PLACE,"(4, 0)",PLACE,PLACE,PLACE,1,1,1,0,,PLACE,"(1, 2)","(2, 1)",onion,,"[((2, 0), 'items3'), ((4, 0), 'empty')]"
5015,597,165,FETCH,"(6, 1)",GET_DISH,FETCH,FETCH,0,1,1,0,,FETCH,"(4, 1)","(3, 1)",,,"[((2, 0), 'cooking'), ((4, 0), 'items1')]"
5015,599,166,PLACE,"(4, 0)",HOLD,PLACE,PLACE,0,1,1,0,,PLACE,"(5, 1)","(3, 1)",onion,,"[((2, 0), 'cooking'), ((4, 0), 'items1')]"
5015,603,167,FETCH,"(6, 1)",HOLD,FETCH,FETCH,0,1,1,0,,FETCH,"(4, 1)","(3, 1)",,,"[((2, 0), 'cooking'), ((4, 0), 'items2')]"
5015,605,168,PLACE,"(4, 0)",HOLD,PLACE,PLACE,0,1,1,0,,PLACE,"(5, 1)","(3, 1)",onion,,"[((2, 0), 'cooking'), ((4, 0), 'items2')]"
5015,609,169,COOK_START,"(4, 0)",HOLD,COOK_START,COOK_START,0,1,1,0,,COOK_START,"(4, 1)","(3, 1)",,,"[((2, 0), 'cooking'), ((4, 0), 'items3')]"
5015,610,170,GET_DISH,"(2, 3)",HOLD,GET_DISH,GET_DISH,0,1,1,0,,GET_DISH,"(4, 1)","(3, 2)",,,"[((2, 0), 'cooking'), ((4, 0), 'cooking')]"
5015,618,171,PICKUP,"(2, 0)",PICKUP,PICKUP,PICKUP,1,1,1,0,,PICKUP,"(2, 2)","(3, 1)",dish,,"[((2, 0), 'ready'), ((4, 0), 'cooking')]"
5015,620,172,DELIVER,"(4, 3)",DELIVER,DELIVER,DELIVER,1,1,1,0,,DELIVER,"(2, 1)","(3, 1)",soup,,"[((2, 0), 'empty'), ((4, 0), 'cooking')]"
5015,626,173,FETCH,"(6, 1)",GET_DISH,FETCH,FETCH,0,1,1,0,,FETCH,"(4, 2)","(3, 1)",,,"[((2, 0), 'empty'), ((4, 0), 'cooking')]"
5015,629,174,PLACE,"(2, 0)",PLACE,PLACE,PLACE,1,1,1,0,,PLACE,"(5, 1)","(2, 2)",onion,dish,"[((2, 0), 'empty'), ((4, 0), 'ready')]"
5015,636,175,FETCH,"(0, 1)",HOLD,FETCH,FETCH,0,1,1,0,,FETCH,"(2, 1)","(4, 2)",,,"[((2, 0), 'items1'), ((4, 0), 'empty')]"
5015,638,176,PLACE,"(2, 0)",HOLD,PLACE,PLACE,0,1,1,0,,PLACE,"(1, 1)","(5, 1)",onion,,"[((2, 0), 'items1'), ((4, 0), 'empty')]"
5015,642,177,FETCH,"(0, 1)",FETCH,FETCH,FETCH,1,1,1,0,,FETCH,"(2, 1)","(4, 2)",,onion,"[((2, 0), 'items2'), ((4, 0), 'empty')]"
5015,644,178,PLACE,"(2, 0)",PLACE,PLACE,PLACE,1,1,1,0,,PLACE,"(1, 1)","(2, 2)",onion,onion,"[((2, 0), 'items2'), ((4, 0), 'empty')]"
5015,646,179,PLACE,"(4, 0)",PLACE,PLACE,PLACE,1,1,1,0,,PLACE,"(1, 2)","(2, 1)",onion,,"[((2, 0), 'items3'), ((4, 0), 'empty')]"
5015,651,180,FETCH,"(6, 1)",GET_DISH,FETCH,FETCH,0,1,1,0,,FETCH,"(4, 1)","(3, 1)",,,"[((2, 0), 'cooking'), ((4, 0), 'items1')]"
5015,653,181,PLACE,"(4, 0)",HOLD,PLACE,PLACE,0,1,1,0,,PLACE,"(5, 1)","(3, 1)",onion,,"[((2, 0), 'cooking'), ((4, 0), 'items1')]"
5015,657,182,FETCH,"(6, 1)",HOLD,FETCH,FETCH,0,1,1,0,,FETCH,"(4, 1)","(3, 1)",,,"[((2, 0), 'cooking'), ((4, 0), 'items2')]"
5015,659,183,PLACE,"(4, 0)",HOLD,PLACE,PLACE,0,1,1,0,,PLACE,"(5, 1)","(3, 1)",onion,,"[((2, 0), 'cooking'), ((4, 0), 'items2')]"
5015,663,184,COOK_START,"(4, 0)",HOLD,COOK_START,COOK_START,0,1,1,0,,COOK_START,"(4, 1)","(3, 1)",,,"[((2, 0), 'cooking'), ((4, 0), 'items3')]"
5015,664,185,GET_DISH,"(2, 3)",HOLD,GET_DISH,GET_DISH,0,1,1,0,,GET_DISH,"(4, 1)","(3, 2)",,,"[((2, 0), 'cooking'), ((4, 0), 'cooking')]"
5015,672,186,PICKUP,"(2, 0)",PICKUP,PICKUP,PICKUP,1,1,1,0,,PICKUP,"(2, 2)","(3, 1)",dish,,"[((2, 0), 'ready'), ((4, 0), 'cooking')]"
5015,674,187,DELIVER,"(4, 3)",DELIVER,DELIVER,DELIVER,1,1,1,0,,DELIVER,"(2, 1)","(3, 1)",soup,,"[((2, 0), 'empty'), ((4, 0), 'cooking')]"
5015,680,188,FETCH,"(6, 1)",GET_DISH,FETCH,FETCH,0,1,1,0,,FETCH,"(4, 2)","(3, 1)",,,"[((2, 0), 'empty'), ((4, 0), 'cooking')]"
5015,683,189,PLACE,"(2, 0)",PLACE,PLACE,PLACE,1,1,1,0,,PLACE,"(5, 1)","(2, 2)",onion,dish,"[((2, 0), 'empty'), ((4, 0), 'ready')]"
5015,690,190,FETCH,"(0, 1)",HOLD,FETCH,FETCH,0,1,1,0,,FETCH,"(2, 1)","(4, 2)",,,"[((2, 0), 'items1'), ((4, 0), 'empty')]"
5015,692,191,PLACE,"(2, 0)",HOLD,PLACE,PLACE,0,1,1,0,,PLACE,"(1, 1)","(5, 1)",onion,,"[((2, 0), 'items1'), ((4, 0), 'empty')]"
5015,696,192,FETCH,"(0, 1)",HOLD,FETCH,FETCH,0,1,1,0,,FETCH,"(2, 1)","(4, 2)",,onion,"[((2, 0), 'items2'), ((4, 0), 'empty')]"
5015,698,193,PLACE,"(2, 0)",PLACE,PLACE,PLACE,1,1,1,0,,PLACE,"(1, 1)","(2, 2)",onion,onion,"[((2, 0), 'items2'), ((4, 0), 'empty')]"
5016,0,1,FETCH,"(6, 1)",FETCH,FETCH,FETCH,1,1,1,0,,,"(4, 2)","(1, 3)",,,"[((2, 0), 'empty'), ((4, 0), 'empty')]"
5016,3,2,PLACE,"(4, 0)",PLACE,PLACE,PLACE,1,1,1,0,PLACE,PLACE,"(5, 1)","(3, 2)",onion,,"[((2, 0), 'empty'), ((4, 0), 'empty')]"
5016,14,3,FETCH,"(6, 1)",FETCH,FETCH,FETCH,1,1,1,0,FETCH,FETCH,"(4, 1)","(5, 2)",,,"[((2, 0), 'empty'), ((4, 0), 'items1')]"
5016,16,4,PLACE,"(4, 0)",PLACE,PLACE,PLACE,1,1,1,0,PLACE,PLACE,"(5, 1)","(5, 2)",onion,,"[((2, 0), 'empty'), ((4, 0), 'items1')]"
5016,20,5,FETCH,"(6, 1)",FETCH,FETCH,FETCH,1,1,1,0,FETCH,FETCH,"(4, 1)","(5, 2)",,,"[((2, 0), 'empty'), ((4, 0), 'items2')]"
5016,22,6,PLACE,"(4, 0)",PLACE,PLACE,PLACE,1,1,1,0,PLACE,PLACE,"(5, 1)","(5, 2)",onion,,"[((2, 0), 'empty'), ((4, 0), 'items2')]"
5016,26,7,COOK_START,"(4, 0)",COOK_START,COOK_START,COOK_START,1,1,1,0,COOK_START,COOK_START,"(4, 1)","(5, 2)",,,"[((2, 0), 'empty'), ((4, 0), 'items3')]"
5016,27,8,FETCH,"(6, 1)",FETCH,FETCH,FETCH,1,1,1,0,FETCH,FETCH,"(4, 1)","(5, 2)",,,"[((2, 0), 'empty'), ((4, 0), 'cooking')]"
5016,29,9,PLACE,"(2, 0)",PLACE,PLACE,PLACE,1,1,1,0,PLACE,PLACE,"(5, 1)","(4, 1)",onion,,"[((2, 0), 'empty'), ((4, 0), 'cooking')]"
5016,42,10,FETCH,"(0, 1)",FETCH,FETCH,FETCH,1,1,1,1,HOLD,FETCH,"(2, 1)","(3, 2)",,dish,"[((2, 0), 'items1'), ((4, 0), 'cooking')]"
5016,44,11,PLACE,"(2, 0)",PLACE,PLACE,PLACE,1,1,1,0,PLACE,PLACE,"(1, 1)","(3, 2)",onion,dish,"[((2, 0), 'items1'), ((4, 0), 'cooking')]"
5016,48,12,FETCH,"(0, 1)",FETCH,FETCH,FETCH,1,1,1,0,FETCH,FETCH,"(2, 1)","(4, 1)",,dish,"[((2, 0), 'items2'), ((4, 0), 'ready')]"
5016,50,13,PLACE,"(2, 0)",PLACE,PLACE,PLACE,1,1,1,0,PLACE,PLACE,"(1, 1)","(4, 2)",onion,soup,"[((2, 0), 'items2'), ((4, 0), 'empty')]"
5016,54,14,COOK_START,"(2, 0)",HOLD,COOK_START,COOK_START,0,1,1,1,HOLD,COOK_START,"(2, 1)","(5, 1)",,onion,"[((2, 0), 'items3'), ((4, 0), 'empty')]"
5016,55,15,FETCH,"(0, 1)",HOLD,FETCH,FETCH,0,1,1,0,,FETCH,"(2, 1)","(5, 2)",,onion,"[((2, 0), 'cooking'), ((4, 0), 'empty')]"
5016,57,16,PLACE,"(4, 0)",PLACE,PLACE,PLACE,1,1,1,0,,PLACE,"(1, 1)","(4, 1)",onion,onion,"[((2, 0), 'cooking'), ((4, 0), 'empty')]"
5016,63,17,FETCH,"(6, 1)",FETCH,FETCH,FETCH,1,1,1,0,,FETCH,"(4, 1)","(3, 1)",,,"[((2, 0), 'cooking'), ((4, 0), 'items2')]"
5016,65,18,PLACE,"(4, 0)",PLACE,PLACE,PLACE,1,1,1,0,,PLACE,"(5, 1)","(3, 1)",onion,,"[((2, 0), 'cooking'), ((4, 0), 'items2')]"
5016,69,19,COOK_START,"(4, 0)",COOK_START,COOK_START,COOK_START,1,1,1,0,,COOK_START,"(4, 1)","(3, 1)",,,"[((2, 0), 'cooking'), ((4, 0), 'items3')]"
5016,70,20,GET_DISH,"(2, 3)",GET_DISH,GET_DISH,GET_DISH,1,1,1,0,,GET_DISH,"(4, 1)","(3, 2)",,,"[((2, 0), 'cooking'), ((4, 0), 'cooking')]"
5016,78,21,PICKUP,"(2, 0)",PICKUP,PICKUP,PICKUP,1,1,1,0,,PICKUP,"(2, 2)","(3, 1)",dish,,"[((2, 0), 'ready'), ((4, 0), 'cooking')]"
5016,80,22,DELIVER,"(4, 3)",DELIVER,DELIVER,DELIVER,1,1,1,0,,DELIVER,"(2, 1)","(3, 1)",soup,,"[((2, 0), 'empty'), ((4, 0), 'cooking')]"
5016,86,23,FETCH,"(6, 1)",FETCH,FETCH,FETCH,1,1,1,0,,FETCH,"(4, 2)","(3, 1)",,,"[((2, 0), 'empty'), ((4, 0), 'cooking')]"
5016,89,24,PLACE,"(2, 0)",PLACE,PLACE,PLACE,1,1,1,0,,PLACE,"(5, 1)","(2, 2)",onion,dish,"[((2, 0), 'empty'), ((4, 0), 'ready')]"
5016,96,25,FETCH,"(0, 1)",FETCH,FETCH,FETCH,1,1,1,0,,FETCH,"(2, 1)","(4, 2)",,,"[((2, 0), 'items1'), ((4, 0), 'empty')]"
5016,98,26,PLACE,"(2, 0)",PLACE,PLACE,PLACE,1,1,1,0,,PLACE,"(1, 1)","(5, 1)",onion,,"[((2, 0), 'items1'), ((4, 0), 'empty')]"
5016,102,27,FETCH,"(0, 1)",FETCH,FETCH,FETCH,1,1,1,0,,FETCH,"(2, 1)","(4, 2)",,onion,"[((2, 0), 'items2'), ((4, 0), 'empty')]"
5016,104,28,PLACE,"(2, 0)",PLACE,PLACE,PLACE,1,1,1,0,,PLACE,"(1, 1)","(2, 2)",onion,onion,"[((2, 0), 'items2'), ((4, 0), 'empty')]"
5016,106,29,PLACE,"(4, 0)",PLACE,PLACE,PLACE,1,1,1,0,,PLACE,"(1, 2)","(2, 1)",onion,,"[((2, 0), 'items3'), ((4, 0), 'empty')]"
5016,111,30,FETCH,"(6, 1)",FETCH,FETCH,FETCH,1,1,1,0,,FETCH,"(4, 1)","(3, 1)",,,"[((2, 0), 'cooking'), ((4, 0), 'items1')]"
5016,113,31,PLACE,"(4, 0)",PLACE,PLACE,PLACE,1,1,1,0,,PLACE,"(5, 1)","(3, 1)",onion,,"[((2, 0), 'cooking'), ((4, 0), 'items1')]"
5016,117,32,FETCH,"(6, 1)",FETCH,FETCH,FETCH,1,1,1,0,,FETCH,"(4, 1)","(3, 1)",,,"[((2, 0), 'cooking'), ((4, 0), 'items2')]"
5016,119,33,PLACE,"(4, 0)",PLACE,PLACE,PLACE,1,1,1,0,,PLACE,"(5, 1)","(3, 1)",onion,,"[((2, 0), 'cooking'), ((4, 0), 'items2')]"
5016,123,34,COOK_START,"(4, 0)",COOK_START,COOK_START,COOK_START,1,1,1,0,,COOK_START,"(4, 1)","(3, 1)",,,"[((2, 0), 'cooking'), ((4, 0), 'items3')]"
5016,124,35,GET_DISH,"(2, 3)",GET_DISH,GET_DISH,GET_DISH,1,1,1,0,,GET_DISH,"(4, 1)","(3, 2)",,,"[((2, 0), 'cooking'), ((4, 0), 'cooking')]"
5016,132,36,PICKUP,"(2, 0)",PICKUP,PICKUP,PICKUP,1,1,1,0,,PICKUP,"(2, 2)","(3, 1)",dish,,"[((2, 0), 'ready'), ((4, 0), 'cooking')]"
5016,134,37,DELIVER,"(4, 3)",DELIVER,DELIVER,DELIVER,1,1,1,0,,DELIVER,"(2, 1)","(3, 1)",soup,,"[((2, 0), 'empty'), ((4, 0), 'cooking')]"
5016,140,38,FETCH,"(6, 1)",FETCH,FETCH,FETCH,1,1,1,0,,FETCH,"(4, 2)","(3, 1)",,,"[((2, 0), 'empty'), ((4, 0), 'cooking')]"
5016,143,39,PLACE,"(2, 0)",PLACE,PLACE,PLACE,1,1,1,0,,PLACE,"(5, 1)","(2, 2)",onion,dish,"[((2, 0), 'empty'), ((4, 0), 'ready')]"
5016,150,40,FETCH,"(0, 1)",FETCH,FETCH,FETCH,1,1,1,0,,FETCH,"(2, 1)","(4, 2)",,,"[((2, 0), 'items1'), ((4, 0), 'empty')]"
5016,152,41,PLACE,"(2, 0)",PLACE,PLACE,PLACE,1,1,1,0,,PLACE,"(1, 1)","(5, 1)",onion,,"[((2, 0), 'items1'), ((4, 0), 'empty')]"
5016,156,42,FETCH,"(0, 1)",FETCH,FETCH,FETCH,1,1,1,0,,FETCH,"(2, 1)","(4, 2)",,onion,"[((2, 0), 'items2'), ((4, 0), 'empty')]"
5016,158,43,PLACE,"(2, 0)",PLACE,PLACE,PLACE,1,1,1,0,,PLACE,"(1, 1)","(2, 2)",onion,onion,"[((2, 0), 'items2'), ((4, 0), 'empty')]"
5016,160,44,PLACE,"(4, 0)",PLACE,PLACE,PLACE,1,1,1,0,,PLACE,"(1, 2)","(2, 1)",onion,,"[((2, 0), 'items3'), ((4, 0), 'empty')]"
5016,165,45,FETCH,"(6, 1)",FETCH,FETCH,FETCH,1,1,1,0,,FETCH,"(4, 1)","(3, 1)",,,"[((2, 0), 'cooking'), ((4, 0), 'items1')]"
5016,167,46,PLACE,"(4, 0)",PLACE,PLACE,PLACE,1,1,1,0,,PLACE,"(5, 1)","(3, 1)",onion,,"[((2, 0), 'cooking'), ((4, 0), 'items1')]"
5016,171,47,FETCH,"(6, 1)",FETCH,FETCH,FETCH,1,1,1,0,,FETCH,"(4, 1)","(3, 1)",,,"[((2, 0), 'cooking'), ((4, 0), 'items2')]"
5016,173,48,PLACE,"(4, 0)",PLACE,PLACE,PLACE,1,1,1,0,,PLACE,"(5, 1)","(3, 1)",onion,,"[((2, 0), 'cooking'), ((4, 0), 'items2')]"
5016,177,49,COOK_START,"(4, 0)",COOK_START,COOK_START,COOK_START,1,1,1,0,,COOK_START,"(4, 1)","(3, 1)",,,"[((2, 0), 'cooking'), ((4, 0), 'items3')]"
5016,178,50,GET_DISH,"(2, 3)",GET_DISH,GET_DISH,GET_DISH,1,1,1,0,,GET_DISH,"(4, 1)","(3, 2)",,,"[((2, 0), 'cooking'), ((4, 0), 'cooking')]"
5016,186,51,PICKUP,"(2, 0)",PICKUP,PICKUP,PICKUP,1,1,1,0,,PICKUP,"(2, 2)","(3, 1)",dish,,"[((2, 0), 'ready'), ((4, 0), 'cooking')]"
5016,188,52,DELIVER,"(4, 3)",DELIVER,DELIVER,DELIVER,1,1,1,0,,DELIVER,"(2, 1)","(3, 1)",soup,,"[((2, 0), 'empty'), ((4, 0), 'cooking')]"
5016,194,53,FETCH,"(6, 1)",FETCH,FETCH,FETCH,1,1,1,0,,FETCH,"(4, 2)","(3, 1)",,,"[((2, 0), 'empty'), ((4, 0), 'cooking')]"
5016,197,54,PLACE,"(2, 0)",PLACE,PLACE,PLACE,1,1,1,0,,PLACE,"(5, 1)","(2, 2)",onion,dish,"[((2, 0), 'empty'), ((4, 0), 'ready')]"
5016,204,55,FETCH,"(0, 1)",FETCH,FETCH,FETCH,1,1,1,0,,FETCH,"(2, 1)","(4, 2)",,,"[((2, 0), 'items1'), ((4, 0), 'empty')]"
5016,206,56,PLACE,"(2, 0)",PLACE,PLACE,PLACE,1,1,1,0,,PLACE,"(1, 1)","(5, 1)",onion,,"[((2, 0), 'items1'), ((4, 0), 'empty')]"
5016,210,57,FETCH,"(0, 1)",FETCH,FETCH,FETCH,1,1,1,0,,FETCH,"(2, 1)","(4, 2)",,onion,"[((2, 0), 'items2'), ((4, 0), 'empty')]"
5016,212,58,PLACE,"(2, 0)",PLACE,PLACE,PLACE,1,1,1,0,,PLACE,"(1, 1)","(2, 2)",onion,onion,"[((2, 0), 'items2'), ((4, 0), 'empty')]"
5016,214,59,PLACE,"(4, 0)",PLACE,PLACE,PLACE,1,1,1,0,,PLACE,"(1, 2)","(2, 1)",onion,,"[((2, 0), 'items3'), ((4, 0), 'empty')]"
5016,219,60,FETCH,"(6, 1)",FETCH,FETCH,FETCH,1,1,1,0,,FETCH,"(4, 1)","(3, 1)",,,"[((2, 0), 'cooking'), ((4, 0), 'items1')]"
5016,221,61,PLACE,"(4, 0)",PLACE,PLACE,PLACE,1,1,1,0,,PLACE,"(5, 1)","(3, 1)",onion,,"[((2, 0), 'cooking'), ((4, 0), 'items1')]"
5016,225,62,FETCH,"(6, 1)",FETCH,FETCH,FETCH,1,1,1,0,,FETCH,"(4, 1)","(3, 1)",,,"[((2, 0), 'cooking'), ((4, 0), 'items2')]"
5016,227,63,PLACE,"(4, 0)",PLACE,PLACE,PLACE,1,1,1,0,,PLACE,"(5, 1)","(3, 1)",onion,,"[((2, 0), 'cooking'), ((4, 0), 'items2')]"
5016,231,64,COOK_START,"(4, 0)",COOK_START,COOK_START,COOK_START,1,1,1,0,,COOK_START,"(4, 1)","(3, 1)",,,"[((2, 0), 'cooking'), ((4, 0), 'items3')]"
5016,232,65,GET_DISH,"(2, 3)",GET_DISH,GET_DISH,GET_DISH,1,1,1,0,,GET_DISH,"(4, 1)","(3, 2)",,,"[((2, 0), 'cooking'), ((4, 0), 'cooking')]"
5016,240,66,PICKUP,"(2, 0)",PICKUP,PICKUP,PICKUP,1,1,1,0,,PICKUP,"(2, 2)","(3, 1)",dish,,"[((2, 0), 'ready'), ((4, 0), 'cooking')]"
5016,242,67,DELIVER,"(4, 3)",DELIVER,DELIVER,DELIVER,1,1,1,0,,DELIVER,"(2, 1)","(3, 1)",soup,,"[((2, 0), 'empty'), ((4, 0), 'cooking')]"
5016,248,68,FETCH,"(6, 1)",FETCH,FETCH,FETCH,1,1,1,0,,FETCH,"(4, 2)","(3, 1)",,,"[((2, 0), 'empty'), ((4, 0), 'cooking')]"
5016,251,69,PLACE,"(2, 0)",PLACE,PLACE,PLACE,1,1,1,0,,PLACE,"(5, 1)","(2, 2)",onion,dish,"[((2, 0), 'empty'), ((4, 0), 'ready')]"
5016,258,70,FETCH,"(0, 1)",HOLD,FETCH,FETCH,0,1,1,0,,FETCH,"(2, 1)","(4, 2)",,,"[((2, 0), 'items1'), ((4, 0), 'empty')]"
5016,260,71,PLACE,"(2, 0)",PLACE,PLACE,PLACE,1,1,1,0,,PLACE,"(1, 1)","(5, 1)",onion,,"[((2, 0), 'items1'), ((4, 0), 'empty')]"
5016,264,72,FETCH,"(0, 1)",FETCH,FETCH,FETCH,1,1,1,0,,FETCH,"(2, 1)","(4, 2)",,onion,"[((2, 0), 'items2'), ((4, 0), 'empty')]"
5016,266,73,PLACE,"(2, 0)",PLACE,PLACE,PLACE,1,1,1,0,,PLACE,"(1, 1)","(2, 2)",onion,onion,"[((2, 0), 'items2'), ((4, 0), 'empty')]"
5016,268,74,PLACE,"(4, 0)",PLACE,PLACE,PLACE,1,1,1,0,,PLACE,"(1, 2)","(2, 1)",onion,,"[((2, 0), 'items3'), ((4, 0), 'empty')]"
5016,273,75,FETCH,"(6, 1)",GET_DISH,FETCH,FETCH,0,1,1,0,,FETCH,"(4, 1)","(3, 1)",,,"[((2, 0), 'cooking'), ((4, 0), 'items1')]"
5016,275,76,PLACE,"(4, 0)",PLACE,PLACE,PLACE,1,1,1,0,,PLACE,"(5, 1)","(3, 1)",onion,,"[((2, 0), 'cooking'), ((4, 0), 'items1')]"
5016,279,77,FETCH,"(6, 1)",GET_DISH,FETCH,FETCH,0,1,1,0,,FETCH,"(4, 1)","(3, 1)",,,"[((2, 0), 'cooking'), ((4, 0), 'items2')]"
5016,281,78,PLACE,"(4, 0)",PLACE,PLACE,PLACE,1,1,1,0,,PLACE,"(5, 1)","(3, 1)",onion,,"[((2, 0), 'cooking'), ((4, 0), 'items2')]"
5016,285,79,COOK_START,"(4, 0)",COOK_START,COOK_START,COOK_START,1,1,1,0,,COOK_START,"(4, 1)","(3, 1)",,,"[((2, 0), 'cooking'), ((4, 0), 'items3')]"
5016,286,80,GET_DISH,"(2, 3)",GET_DISH,GET_DISH,GET_DISH,1,1,1,0,,GET_DISH,"(4, 1)","(3, 2)",,,"[((2, 0), 'cooking'), ((4, 0), 'cooking')]"
5016,294,81,PICKUP,"(2, 0)",PICKUP,PICKUP,PICKUP,1,1,1,0,,PICKUP,"(2, 2)","(3, 1)",dish,,"[((2, 0), 'ready'), ((4, 0), 'cooking')]"
5016,296,82,DELIVER,"(4, 3)",DELIVER,DELIVER,DELIVER,1,1,1,0,,DELIVER,"(2, 1)","(3, 1)",soup,,"[((2, 0), 'empty'), ((4, 0), 'cooking')]"
5016,302,83,FETCH,"(6, 1)",FETCH,FETCH,FETCH,1,1,1,0,,FETCH,"(4, 2)","(3, 1)",,,"[((2, 0), 'empty'), ((4, 0), 'cooking')]"
5016,305,84,PLACE,"(2, 0)",PLACE,PLACE,PLACE,1,1,1,0,,PLACE,"(5, 1)","(2, 2)",onion,dish,"[((2, 0), 'empty'), ((4, 0), 'ready')]"
5016,312,85,FETCH,"(0, 1)",HOLD,FETCH,FETCH,0,1,1,0,,FETCH,"(2, 1)","(4, 2)",,,"[((2, 0), 'items1'), ((4, 0), 'empty')]"
5016,314,86,PLACE,"(2, 0)",PLACE,PLACE,PLACE,1,1,1,0,,PLACE,"(1, 1)","(5, 1)",onion,,"[((2, 0), 'items1'), ((4, 0), 'empty')]"
5016,318,87,FETCH,"(0, 1)",FETCH,FETCH,FETCH,1,1,1,0,,FETCH,"(2, 1)","(4, 2)",,onion,"[((2, 0), 'items2'), ((4, 0), 'empty')]"
5016,320,88,PLACE,"(2, 0)",PLACE,PLACE,PLACE,1,1,1,0,,PLACE,"(1, 1)","(2, 2)",onion,onion,"[((2, 0), 'items2'), ((4, 0), 'empty')]"
5016,322,89,PLACE,"(4, 0)",PLACE,PLACE,PLACE,1,1,1,0,,PLACE,"(1, 2)","(2, 1)",onion,,"[((2, 0), 'items3'), ((4, 0), 'empty')]"
5016,327,90,FETCH,"(6, 1)",GET_DISH,FETCH,FETCH,0,1,1,0,,FETCH,"(4, 1)","(3, 1)",,,"[((2, 0), 'cooking'), ((4, 0), 'items1')]"
5016,329,91,PLACE,"(4, 0)",PLACE,PLACE,PLACE,1,1,1,0,,PLACE,"(5, 1)","(3, 1)",onion,,"[((2, 0), 'cooking'), ((4, 0), 'items1')]"
5016,333,92,FETCH,"(6, 1)",GET_DISH,FETCH,FETCH,0,1,1,0,,FETCH,"(4, 1)","(3, 1)",,,"[((2, 0), 'cooking'), ((4, 0), 'items2')]"
5016,335,93,PLACE,"(4, 0)",PLACE,PLACE,PLACE,1,1,1,0,,PLACE,"(5, 1)","(3, 1)",onion,,"[((2, 0), 'cooking'), ((4, 0), 'items2')]"
5016,339,94,COOK_START,"(4, 0)",GET_DISH,COOK_START,COOK_START,0,1,1,0,,COOK_START,"(4, 1)","(3, 1)",,,"[((2, 0), 'cooking'), ((4, 0), 'items3')]"
5016,340,95,GET_DISH,"(2, 3)",HOLD,GET_DISH,GET_DISH,0,1,1,0,,GET_DISH,"(4, 1)","(3, 2)",,,"[((2, 0), 'cooking'), ((4, 0), 'cooking')]"
5016,348,96,PICKUP,"(2, 0)",PICKUP,PICKUP,PICKUP,1,1,1,0,,PICKUP,"(2, 2)","(3, 1)",dish,,"[((2, 0), 'ready'), ((4, 0), 'cooking')]"
5016,350,97,DELIVER,"(4, 3)",DELIVER,DELIVER,DELIVER,1,1,1,0,,DELIVER,"(2, 1)","(3, 1)",soup,,"[((2, 0), 'empty'), ((4, 0), 'cooking')]"
5016,356,98,FETCH,"(6, 1)",GET_DISH,FETCH,FETCH,0,1,1,0,,FETCH,"(4, 2)","(3, 1)",,,"[((2, 0), 'empty'), ((4, 0), 'cooking')]"
5016,359,99,PLACE,"(2, 0)",PLACE,PLACE,PLACE,1,1,1,0,,PLACE,"(5, 1)","(2, 2)",onion,dish,"[((2, 0), 'empty'), ((4, 0), 'ready')]"
5016,366,100,FETCH,"(0, 1)",HOLD,FETCH,FETCH,0,1,1,0,,FETCH,"(2, 1)","(4, 2)",,,"[((2, 0), 'items1'), ((4, 0), 'empty')]"
5016,368,101,PLACE,"(2, 0)",HOLD,PLACE,PLACE,0,1,1,0,,PLACE,"(1, 1)","(5, 1)",onion,,"[((2, 0), 'items1'), ((4, 0), 'empty')]"
5016,372,102,FETCH,"(0, 1)",FETCH,FETCH,FETCH,1,1,1,0,,FETCH,"(2, 1)","(4, 2)",,onion,"[((2, 0), 'items2'), ((4, 0), 'empty')]"
5016,374,103,PLACE,"(2, 0)",PLACE,PLACE,PLACE,1,1,1,0,,PLACE,"(1, 1)","(2, 2)",onion,onion,"[((2, 0), 'items2'), ((4, 0), 'empty')]"
5016,376,104,PLACE,"(4, 0)",PLACE,PLACE,PLACE,1,1,1,0,,PLACE,"(1, 2)","(2, 1)",onion,,"[((2, 0), 'items3'), ((4, 0), 'empty')]"
5016,381,105,FETCH,"(6, 1)",GET_DISH,FETCH,FETCH,0,1,1,0,,FETCH,"(4, 1)","(3, 1)",,,"[((2, 0), 'cooking'), ((4, 0), 'items1')]"
5016,383,106,PLACE,"(4, 0)",PLACE,PLACE,PLACE,1,1,1,0,,PLACE,"(5, 1)","(3, 1)",onion,,"[((2, 0), 'cooking'), ((4, 0), 'items1')]"
5016,387,107,FETCH,"(6, 1)",GET_DISH,FETCH,FETCH,0,1,1,0,,FETCH,"(4, 1)","(3, 1)",,,"[((2, 0), 'cooking'), ((4, 0), 'items2')]"
5016,389,108,PLACE,"(4, 0)",HOLD,PLACE,PLACE,0,1,1,0,,PLACE,"(5, 1)","(3, 1)",onion,,"[((2, 0), 'cooking'), ((4, 0), 'items2')]"
5016,393,109,COOK_START,"(4, 0)",GET_DISH,COOK_START,COOK_START,0,1,1,0,,COOK_START,"(4, 1)","(3, 1)",,,"[((2, 0), 'cooking'), ((4, 0), 'items3')]"
5016,394,110,GET_DISH,"(2, 3)",HOLD,GET_DISH,GET_DISH,0,1,1,0,,GET_DISH,"(4, 1)","(3, 2)",,,"[((2, 0), 'cooking'), ((4, 0), 'cooking')]"
5016,402,111,PICKUP,"(2, 0)",PICKUP,PICKUP,PICKUP,1,1,1,0,,PICKUP,"(2, 2)","(3, 1)",dish,,"[((2, 0), 'ready'), ((4, 0), 'cooking')]"
5016,404,112,DELIVER,"(4, 3)",DELIVER,DELIVER,DELIVER,1,1,1,0,,DELIVER,"(2, 1)","(3, 1)",soup,,"[((2, 0), 'empty'), ((4, 0), 'cooking')]"
5016,410,113,FETCH,"(6, 1)",GET_DISH,FETCH,FETCH,0,1,1,0,,FETCH,"(4, 2)","(3, 1)",,,"[((2, 0), 'empty'), ((4, 0), 'cooking')]"
5016,413,114,PLACE,"(2, 0)",PLACE,PLACE,PLACE,1,1,1,0,,PLACE,"(5, 1)","(2, 2)",onion,dish,"[((2, 0), 'empty'), ((4, 0), 'ready')]"
5016,420,115,FETCH,"(0, 1)",HOLD,FETCH,FETCH,0,1,1,0,,FETCH,"(2, 1)","(4, 2)",,,"[((2, 0), 'items1'), ((4, 0), 'empty')]"
5016,422,116,PLACE,"(2, 0)",HOLD,PLACE,PLACE,0,1,1,0,,PLACE,"(1, 1)","(5, 1)",onion,,"[((2, 0), 'items1'), ((4, 0), 'empty')]"
5016,426,117,FETCH,"(0, 1)",FETCH,FETCH,FETCH,1,1,1,0,,FETCH,"(2, 1)","(4, 2)",,onion,"[((2, 0), 'items2'), ((4, 0), 'empty')]"
5016,428,118,PLACE,"(2, 0)",PLACE,PLACE,PLACE,1,1,1,0,,PLACE,"(1, 1)","(2, 2)",onion,onion,"[((2, 0), 'items2'), ((4, 0), 'empty')]"
5016,430,119,PLACE,"(4, 0)",PLACE,PLACE,PLACE,1,1,1,0,,PLACE,"(1, 2)","(2, 1)",onion,,"[((2, 0), 'items3'), ((4, 0), 'empty')]"
5016,435,120,FETCH,"(6, 1)",GET_DISH,FETCH,FETCH,0,1,1,0,,FETCH,"(4, 1)","(3, 1)",,,"[((2, 0), 'cooking'), ((4, 0), 'items1')]"
5016,437,121,PLACE,"(4, 0)",PLACE,PLACE,PLACE,1,1,1,0,,PLACE,"(5, 1)","(3, 1)",onion,,"[((2, 0), 'cooking'), ((4, 0), 'items1')]"
5016,441,122,FETCH,"(6, 1)",GET_DISH,FETCH,FETCH,0,1,1,0,,FETCH,"(4, 1)","(3, 1)",,,"[((2, 0), 'cooking'), ((4, 0), 'items2')]"
5016,443,123,PLACE,"(4, 0)",HOLD,PLACE,PLACE,0,1,1,0,,PLACE,"(5, 1)","(3, 1)",onion,,"[((2, 0), 'cooking'), ((4, 0), 'items2')]"
5016,447,124,COOK_START,"(4, 0)",GET_DISH,COOK_START,COOK_START,0,1,1,0,,COOK_START,"(4, 1)","(3, 1)",,,"[((2, 0), 'cooking'), ((4, 0), 'items3')]"
5016,448,125,GET_DISH,"(2, 3)",HOLD,GET_DISH,GET_DISH,0,1,1,0,,GET_DISH,"(4, 1)","(3, 2)",,,"[((2, 0), 'cooking'), ((4, 0), 'cooking')]"
5016,456,126,PICKUP,"(2, 0)",PICKUP,PICKUP,PICKUP,1,1,1,0,,PICKUP,"(2, 2)","(3, 1)",dish,,"[((2, 0), 'ready'), ((4, 0), 'cooking')]"
5016,458,127,DELIVER,"(4, 3)",DELIVER,DELIVER,DELIVER,1,1,1,0,,DELIVER,"(2, 1)","(3, 1)",soup,,"[((2, 0), 'empty'), ((4, 0), 'cooking')]"
5016,464,128,FETCH,"(6, 1)",GET_DISH,FETCH,FETCH,0,1,1,0,,FETCH,"(4, 2)","(3, 1)",,,"[((2, 0), 'empty'), ((4, 0), 'cooking')]"
5016,467,129,PLACE,"(2, 0)",PLACE,PLACE,PLACE,1,1,1,0,,PLACE,"(5, 1)","(2, 2)",onion,dish,"[((2, 0), 'empty'), ((4, 0), 'ready')]"
5016,474,130,FETCH,"(0, 1)",HOLD,FETCH,FETCH,0,1,1,0,,FETCH,"(2, 1)","(4, 2)",,,"[((2, 0), 'items1'), ((4, 0), 'empty')]"
5016,476,131,PLACE,"(2, 0)",HOLD,PLACE,PLACE,0,1,1,0,,PLACE,"(1, 1)","(5, 1)",onion,,"[((2, 0), 'items1'), ((4, 0), 'empty')]"
5016,480,132,FETCH,"(0, 1)",FETCH,FETCH,FETCH,1,1,1,0,,FETCH,"(2, 1)","(4, 2)",,onion,"[((2, 0), 'items2'), ((4, 0), 'empty')]"
5016,482,133,PLACE,"(2, 0)",PLACE,PLACE,PLACE,1,1,1,0,,PLACE,"(1, 1)","(2, 2)",onion,onion,"[((2, 0), 'items2'), ((4, 0), 'empty')]"
5016,484,134,PLACE,"(4, 0)",PLACE,PLACE,PLACE,1,1,1,0,,PLACE,"(1, 2)","(2, 1)",onion,,"[((2, 0), 'items3'), ((4, 0), 'empty')]"
5016,489,135,FETCH,"(6, 1)",GET_DISH,FETCH,FETCH,0,1,1,0,,FETCH,"(4, 1)","(3, 1)",,,"[((2, 0), 'cooking'), ((4, 0), 'items1')]"
5016,491,136,PLACE,"(4, 0)",PLACE,PLACE,PLACE,1,1,1,0,,PLACE,"(5, 1)","(3, 1)",onion,,"[((2, 0), 'cooking'), ((4, 0), 'items1')]"
5016,495,137,FETCH,"(6, 1)",HOLD,FETCH,FETCH,0,1,1,0,,FETCH,"(4, 1)","(3, 1)",,,"[((2, 0), 'cooking'), ((4, 0), 'items2')]"
5016,497,138,PLACE,"(4, 0)",HOLD,PLACE,PLACE,0,1,1,0,,PLACE,"(5, 1)","(3, 1)",onion,,"[((2, 0), 'cooking'), ((4, 0), 'items2')]"
5016,501,139,COOK_START,"(4, 0)",GET_DISH,COOK_START,COOK_START,0,1,1,0,,COOK_START,"(4, 1)","(3, 1)",,,"[((2, 0), 'cooking'), ((4, 0), 'items3')]"
5016,502,140,GET_DISH,"(2, 3)",HOLD,GET_DISH,GET_DISH,0,1,1,0,,GET_DISH,"(4, 1)","(3, 2)",,,"[((2, 0), 'cooking'), ((4, 0), 'cooking')]"
5016,510,141,PICKUP,"(2, 0)",PICKUP,PICKUP,PICKUP,1,1,1,0,,PICKUP,"(2, 2)","(3, 1)",dish,,"[((2, 0), 'ready'), ((4, 0), 'cooking')]"
5016,512,142,DELIVER,"(4, 3)",DELIVER,DELIVER,DELIVER,1,1,1,0,,DELIVER,"(2, 1)","(3, 1)",soup,,"[((2, 0), 'empty'), ((4, 0), 'cooking')]"
5016,518,143,FETCH,"(6, 1)",GET_DISH,FETCH,FETCH,0,1,1,0,,FETCH,"(4, 2)","(3, 1)",,,"[((2, 0), 'empty'), ((4, 0), 'cooking')]"
5016,521,144,PLACE,"(2, 0)",PLACE,PLACE,PLACE,1,1,1,0,,PLACE,"(5, 1)","(2, 2)",onion,dish,"[((2, 0), 'empty'), ((4, 0), 'ready')]"
5016,528,145,FETCH,"(0, 1)",HOLD,FETCH,FETCH,0,1,1,0,,FETCH,"(2, 1)","(4, 2)",,,"[((2, 0), 'items1'), ((4, 0), 'empty')]"
5016,530,146,PLACE,"(2, 0)",HOLD,PLACE,PLACE,0,1,1,0,,PLACE,"(1, 1)","(5, 1)",onion,,"[((2, 0), 'items1'), ((4, 0), 'empty')]"
5016,534,147,FETCH,"(0, 1)",FETCH,FETCH,FETCH,1,1,1,0,,FETCH,"(2, 1)","(4, 2)",,onion,"[((2, 0), 'items2'), ((4, 0), 'empty')]"
5016,536,148,PLACE,"(2, 0)",PLACE,PLACE,PLACE,1,1,1,0,,PLACE,"(1, 1)","(2, 2)",onion,onion,"[((2, 0), 'items2'), ((4, 0), 'empty')]"
5016,538,149,PLACE,"(4, 0)",PLACE,PLACE,PLACE,1,1,1,0,,PLACE,"(1, 2)","(2, 1)",onion,,"[((2, 0), 'items3'), ((4, 0), 'empty')]"
5016,543,150,FETCH,"(6, 1)",GET_DISH,FETCH,FETCH,0,1,1,0,,FETCH,"(4, 1)","(3, 1)",,,"[((2, 0), 'cooking'), ((4, 0), 'items1')]"
5016,545,151,PLACE,"(4, 0)",HOLD,PLACE,PLACE,0,1,1,0,,PLACE,"(5, 1)","(3, 1)",onion,,"[((2, 0), 'cooking'), ((4, 0), 'items1')]"
5016,549,152,FETCH,"(6, 1)",HOLD,FETCH,FETCH,0,1,1,0,,FETCH,"(4, 1)","(3, 1)",,,"[((2, 0), 'cooking'), ((4, 0), 'items2')]"
5016,551,153,PLACE,"(4, 0)",HOLD,PLACE,PLACE,0,1,1,0,,PLACE,"(5, 1)","(3, 1)",onion,,"[((2, 0), 'cooking'), ((4, 0), 'items2')]"
5016,555,154,COOK_START,"(4, 0)",GET_DISH,COOK_START,COOK_START,0,1,1,0,,COOK_START,"(4, 1)","(3, 1)",,,"[((2, 0), 'cooking'), ((4, 0), 'items3')]"
5016,556,155,GET_DISH,"(2, 3)",HOLD,GET_DISH,GET_DISH,0,1,1,0,,GET_DISH,"(4, 1)","(3, 2)",,,"[((2, 0), 'cooking'), ((4, 0), 'cooking')]"
5016,564,156,PICKUP,"(2, 0)",PICKUP,PICKUP,PICKUP,1,1,1,0,,PICKUP,"(2, 2)","(3, 1)",dish,,"[((2, 0), 'ready'), ((4, 0), 'cooking')]"
5016,566,157,DELIVER,"(4, 3)",DELIVER,DELIVER,DELIVER,1,1,1,0,,DELIVER,"(2, 1)","(3, 1)",soup,,"[((2, 0), 'empty'), ((4, 0), 'cooking')]"
5016,572,158,FETCH,"(6, 1)",GET_DISH,FETCH,FETCH,0,1,1,0,,FETCH,"(4, 2)","(3, 1)",,,"[((2, 0), 'empty'), ((4, 0), 'cooking')]"
5016,575,159,PLACE,"(2, 0)",PLACE,PLACE,PLACE,1,1,1,0,,PLACE,"(5, 1)","(2, 2)",onion,dish,"[((2, 0), 'empty'), ((4, 0), 'ready')]"
5016,582,160,FETCH,"(0, 1)",HOLD,FETCH,FETCH,0,1,1,0,,FETCH,"(2, 1)","(4, 2)",,,"[((2, 0), 'items1'), ((4, 0), 'empty')]"
5016,584,161,PLACE,"(2, 0)",HOLD,PLACE,PLACE,0,1,1,0,,PLACE,"(1, 1)","(5, 1)",onion,,"[((2, 0), 'items1'), ((4, 0), 'empty')]"
5016,588,162,FETCH,"(0, 1)",FETCH,FETCH,FETCH,1,1,1,0,,FETCH,"(2, 1)","(4, 2)",,onion,"[((2, 0), 'items2'), ((4, 0), 'empty')]"
5016,590,163,PLACE,"(2, 0)",PLACE,PLACE,PLACE,1,1,1,0,,PLACE,"(1, 1)","(2, 2)",onion,onion,"[((2, 0), 'items2'), ((4, 0), 'empty')]"
5016,592,164,PLACE,"(4, 0)",PLACE,PLACE,PLACE,1,1,1,0,,PLACE,"(1, 2)","(2, 1)",onion,,"[((2, 0), 'items3'), ((4, 0), 'empty')]"
5016,597,165,FETCH,"(6, 1)",GET_DISH,FETCH,FETCH,0,1,1,0,,FETCH,"(4, 1)","(3, 1)",,,"[((2, 0), 'cooking'), ((4, 0), 'items1')]"
5016,599,166,PLACE,"(4, 0)",HOLD,PLACE,PLACE,0,1,1,0,,PLACE,"(5, 1)","(3, 1)",onion,,"[((2, 0), 'cooking'), ((4, 0), 'items1')]"
5016,603,167,FETCH,"(6, 1)",HOLD,FETCH,FETCH,0,1,1,0,,FETCH,"(4, 1)","(3, 1)",,,"[((2, 0), 'cooking'), ((4, 0), 'items2')]"
5016,605,168,PLACE,"(4, 0)",HOLD,PLACE,PLACE,0,1,1,0,,PLACE,"(5, 1)","(3, 1)",onion,,"[((2, 0), 'cooking'), ((4, 0), 'items2')]"
5016,609,169,COOK_START,"(4, 0)",HOLD,COOK_START,COOK_START,0,1,1,0,,COOK_START,"(4, 1)","(3, 1)",,,"[((2, 0), 'cooking'), ((4, 0), 'items3')]"
5016,610,170,GET_DISH,"(2, 3)",HOLD,GET_DISH,GET_DISH,0,1,1,0,,GET_DISH,"(4, 1)","(3, 2)",,,"[((2, 0), 'cooking'), ((4, 0), 'cooking')]"
5016,618,171,PICKUP,"(2, 0)",PICKUP,PICKUP,PICKUP,1,1,1,0,,PICKUP,"(2, 2)","(3, 1)",dish,,"[((2, 0), 'ready'), ((4, 0), 'cooking')]"
5016,620,172,DELIVER,"(4, 3)",DELIVER,DELIVER,DELIVER,1,1,1,0,,DELIVER,"(2, 1)","(3, 1)",soup,,"[((2, 0), 'empty'), ((4, 0), 'cooking')]"
5016,626,173,FETCH,"(6, 1)",GET_DISH,FETCH,FETCH,0,1,1,0,,FETCH,"(4, 2)","(3, 1)",,,"[((2, 0), 'empty'), ((4, 0), 'cooking')]"
5016,629,174,PLACE,"(2, 0)",PLACE,PLACE,PLACE,1,1,1,0,,PLACE,"(5, 1)","(2, 2)",onion,dish,"[((2, 0), 'empty'), ((4, 0), 'ready')]"
5016,636,175,FETCH,"(0, 1)",HOLD,FETCH,FETCH,0,1,1,0,,FETCH,"(2, 1)","(4, 2)",,,"[((2, 0), 'items1'), ((4, 0), 'empty')]"
5016,638,176,PLACE,"(2, 0)",HOLD,PLACE,PLACE,0,1,1,0,,PLACE,"(1, 1)","(5, 1)",onion,,"[((2, 0), 'items1'), ((4, 0), 'empty')]"
5016,642,177,FETCH,"(0, 1)",FETCH,FETCH,FETCH,1,1,1,0,,FETCH,"(2, 1)","(4, 2)",,onion,"[((2, 0), 'items2'), ((4, 0), 'empty')]"
5016,644,178,PLACE,"(2, 0)",PLACE,PLACE,PLACE,1,1,1,0,,PLACE,"(1, 1)","(2, 2)",onion,onion,"[((2, 0), 'items2'), ((4, 0), 'empty')]"
5016,646,179,PLACE,"(4, 0)",PLACE,PLACE,PLACE,1,1,1,0,,PLACE,"(1, 2)","(2, 1)",onion,,"[((2, 0), 'items3'), ((4, 0), 'empty')]"
5016,651,180,FETCH,"(6, 1)",GET_DISH,FETCH,FETCH,0,1,1,0,,FETCH,"(4, 1)","(3, 1)",,,"[((2, 0), 'cooking'), ((4, 0), 'items1')]"
5016,653,181,PLACE,"(4, 0)",HOLD,PLACE,PLACE,0,1,1,0,,PLACE,"(5, 1)","(3, 1)",onion,,"[((2, 0), 'cooking'), ((4, 0), 'items1')]"
5016,657,182,FETCH,"(6, 1)",HOLD,FETCH,FETCH,0,1,1,0,,FETCH,"(4, 1)","(3, 1)",,,"[((2, 0), 'cooking'), ((4, 0), 'items2')]"
5016,659,183,PLACE,"(4, 0)",HOLD,PLACE,PLACE,0,1,1,0,,PLACE,"(5, 1)","(3, 1)",onion,,"[((2, 0), 'cooking'), ((4, 0), 'items2')]"
5016,663,184,COOK_START,"(4, 0)",HOLD,COOK_START,COOK_START,0,1,1,0,,COOK_START,"(4, 1)","(3, 1)",,,"[((2, 0), 'cooking'), ((4, 0), 'items3')]"
5016,664,185,GET_DISH,"(2, 3)",HOLD,GET_DISH,GET_DISH,0,1,1,0,,GET_DISH,"(4, 1)","(3, 2)",,,"[((2, 0), 'cooking'), ((4, 0), 'cooking')]"
5016,672,186,PICKUP,"(2, 0)",PICKUP,PICKUP,PICKUP,1,1,1,0,,PICKUP,"(2, 2)","(3, 1)",dish,,"[((2, 0), 'ready'), ((4, 0), 'cooking')]"
5016,674,187,DELIVER,"(4, 3)",DELIVER,DELIVER,DELIVER,1,1,1,0,,DELIVER,"(2, 1)","(3, 1)",soup,,"[((2, 0), 'empty'), ((4, 0), 'cooking')]"
5016,680,188,FETCH,"(6, 1)",GET_DISH,FETCH,FETCH,0,1,1,0,,FETCH,"(4, 2)","(3, 1)",,,"[((2, 0), 'empty'), ((4, 0), 'cooking')]"
5016,683,189,PLACE,"(2, 0)",PLACE,PLACE,PLACE,1,1,1,0,,PLACE,"(5, 1)","(2, 2)",onion,dish,"[((2, 0), 'empty'), ((4, 0), 'ready')]"
5016,690,190,FETCH,"(0, 1)",HOLD,FETCH,FETCH,0,1,1,0,,FETCH,"(2, 1)","(4, 2)",,,"[((2, 0), 'items1'), ((4, 0), 'empty')]"
5016,692,191,PLACE,"(2, 0)",HOLD,PLACE,PLACE,0,1,1,0,,PLACE,"(1, 1)","(5, 1)",onion,,"[((2, 0), 'items1'), ((4, 0), 'empty')]"
5016,696,192,FETCH,"(0, 1)",HOLD,FETCH,FETCH,0,1,1,0,,FETCH,"(2, 1)","(4, 2)",,onion,"[((2, 0), 'items2'), ((4, 0), 'empty')]"
5016,698,193,PLACE,"(2, 0)",PLACE,PLACE,PLACE,1,1,1,0,,PLACE,"(1, 1)","(2, 2)",onion,onion,"[((2, 0), 'items2'), ((4, 0), 'empty')]"
