condition,seed,t_action,t_prediction,alice_first_action,true_intent,guessed_intent,intent_correct,true_facility,guessed_facility,facility_correct,joint_correct,cf_pre_intent,cf_post_intent,cf_none_intent,cf_pre_facility,cf_post_facility,cf_none_facility,cf_intent_changed_pre_to_post,cf_facility_changed_pre_to_post,bob_next_role
pre_pre,7001,0,1,"(-1, 0)",FETCH,FETCH,1,onion_0,onion_0,1,1,FETCH,FETCH,FETCH,onion_0,onion_0,onion_0,0,0,serve
pre_pre,7001,3,4,"(0, 1)",PLACE,PLACE,1,pot_0,pot_0,1,1,PLACE,PLACE,PLACE,pot_0,pot_0,pot_0,0,0,serve
pre_pre,7001,7,8,"(-1, 0)",FETCH,FETCH,1,onion_0,onion_0,1,1,FETCH,FETCH,FETCH,onion_0,onion_0,onion_0,0,0,serve
pre_pre,7001,9,10,"(0, 1)",PLACE,PLACE,1,pot_0,pot_0,1,1,PLACE,PLACE,PLACE,pot_0,pot_0,pot_0,0,0,serve
pre_pre,7001,13,14,"(-1, 0)",FETCH,FETCH,1,onion_0,onion_0,1,1,FETCH,FETCH,FETCH,onion_0,onion_0,onion_0,0,0,serve
pre_pre,7001,15,16,"(0, 1)",PLACE,PLACE,1,pot_0,pot_0,1,1,PLACE,PLACE,PLACE,pot_0,pot_0,pot_0,0,0,serve
pre_pre,7001,19,20,interact,COOK_START,COOK_START,1,pot_0,pot_0,1,1,COOK_START,COOK_START,COOK_START,pot_0,pot_0,pot_0,0,0,serve
pre_pre,7001,20,21,"(1, 0)",HOLD,HOLD,1,none,none,1,1,HOLD,HOLD,HOLD,none,none,none,0,0,dynamic
pre_pre,7001,27,28,"(-1, 0)",GET_DISH,GET_DISH,1,dish_0,dish_0,1,1,GET_DISH,GET_DISH,GET_DISH,dish_0,dish_0,dish_0,0,0,cook
pre_pre,7001,30,31,"(1, 0)",PRE,PRE,1,pot_0,pot_0,1,1,PRE,PRE,PRE,pot_0,pot_0,pot_0,0,0,dynamic
pre_pre,7001,39,40,"(0, 0)",PICKUP,PICKUP,1,pot_0,pot_0,1,1,PICKUP,PICKUP,PICKUP,pot_0,pot_0,pot_0,0,0,cook
pre_pre,7001,46,47,"(1, 0)",DELIVER,DELIVER,1,serve_0,serve_0,1,1,DELIVER,DELIVER,DELIVER,serve_0,serve_0,serve_0,0,0,cook
pre_pre,7001,50,51,"(0, -1)",FETCH,FETCH,1,onion_1,onion_1,1,1,FETCH,FETCH,FETCH,onion_1,onion_1,onion_1,0,0,serve
pre_pre,7001,53,54,"(0, 1)",PLACE,PLACE,1,pot_1,pot_1,1,1,PLACE,PLACE,PLACE,pot_1,pot_1,pot_1,0,0,serve
pre_pre,7001,57,58,"(1, 0)",FETCH,FETCH,1,onion_1,onion_1,1,1,FETCH,FETCH,FETCH,onion_1,onion_1,onion_1,0,0,serve
pre_pre,7001,59,60,"(0, 1)",PLACE,PLACE,1,pot_1,pot_1,1,1,PLACE,PLACE,PLACE,pot_1,pot_1,pot_1,0,0,serve
pre_pre,7001,63,64,"(1, 0)",FETCH,FETCH,1,onion_1,onion_1,1,1,FETCH,FETCH,FETCH,onion_1,onion_1,onion_1,0,0,serve
pre_pre,7001,65,66,"(0, 1)",PLACE,PLACE,1,pot_1,pot_1,1,1,PLACE,PLACE,PLACE,pot_1,pot_1,pot_1,0,0,serve
pre_pre,7001,69,70,interact,COOK_START,COOK_START,1,pot_1,pot_1,1,1,COOK_START,COOK_START,COOK_START,pot_1,pot_1,pot_1,0,0,serve
pre_pre,7001,70,71,"(0, 1)",GET_DISH,FETCH,0,dish_0,onion_1,0,0,FETCH,FETCH,FETCH,onion_1,onion_1,onion_1,0,0,serve
pre_pre,7001,76,77,"(1, 0)",PRE,PRE,1,pot_1,pot_1,1,1,PRE,PRE,PRE,pot_1,pot_1,pot_1,0,0,dynamic
pre_pre,7001,89,90,"(1, 0)",PICKUP,PICKUP,1,pot_1,pot_1,1,1,PICKUP,PICKUP,PICKUP,pot_1,pot_1,pot_1,0,0,cook
pre_pre,7001,96,97,"(1, 0)",HOLD,HOLD,1,none,none,1,1,HOLD,HOLD,HOLD,none,none,none,0,0,dynamic
pre_pre,7002,0,1,"(0, 0)",FETCH,FETCH,1,onion_0,onion_0,1,1,FETCH,FETCH,FETCH,onion_0,onion_0,onion_0,0,0,serve
pre_pre,7002,5,6,"(0, 1)",PLACE,PLACE,1,pot_0,pot_0,1,1,PLACE,PLACE,PLACE,pot_0,pot_0,pot_0,0,0,serve
pre_pre,7002,9,10,"(-1, 0)",FETCH,FETCH,1,onion_0,onion_0,1,1,FETCH,FETCH,FETCH,onion_0,onion_0,onion_0,0,0,serve
pre_pre,7002,11,12,"(0, 1)",PLACE,PLACE,1,pot_0,pot_0,1,1,PLACE,PLACE,PLACE,pot_0,pot_0,pot_0,0,0,serve
pre_pre,7002,15,16,"(-1, 0)",FETCH,FETCH,1,onion_0,onion_0,1,1,FETCH,FETCH,FETCH,onion_0,onion_0,onion_0,0,0,serve
pre_pre,7002,17,18,"(0, 1)",PLACE,PLACE,1,pot_0,pot_0,1,1,PLACE,PLACE,PLACE,pot_0,pot_0,pot_0,0,0,serve
pre_pre,7002,21,22,interact,COOK_START,COOK_START,1,pot_0,pot_0,1,1,COOK_START,COOK_START,COOK_START,pot_0,pot_0,pot_0,0,0,serve
pre_pre,7002,22,23,"(1, 0)",HOLD,HOLD,1,none,none,1,1,HOLD,HOLD,HOLD,none,none,none,0,0,dynamic
pre_pre,7002,29,30,"(-1, 0)",GET_DISH,GET_DISH,1,dish_0,dish_0,1,1,GET_DISH,GET_DISH,GET_DISH,dish_0,dish_0,dish_0,0,0,cook
pre_pre,7002,32,33,"(1, 0)",PRE,PRE,1,pot_0,pot_0,1,1,PRE,PRE,PRE,pot_0,pot_0,pot_0,0,0,dynamic
pre_pre,7002,41,42,"(0, 0)",PICKUP,PICKUP,1,pot_0,pot_0,1,1,PICKUP,PICKUP,PICKUP,pot_0,pot_0,pot_0,0,0,cook
pre_pre,7002,48,49,"(1, 0)",DELIVER,DELIVER,1,serve_0,serve_0,1,1,DELIVER,DELIVER,DELIVER,serve_0,serve_0,serve_0,0,0,cook
pre_pre,7002,52,53,"(0, -1)",FETCH,FETCH,1,onion_1,onion_1,1,1,FETCH,FETCH,FETCH,onion_1,onion_1,onion_1,0,0,serve
pre_pre,7002,55,56,"(0, 1)",PLACE,PLACE,1,pot_1,pot_1,1,1,PLACE,PLACE,PLACE,pot_1,pot_1,pot_1,0,0,serve
pre_pre,7002,59,60,"(1, 0)",FETCH,FETCH,1,onion_1,onion_1,1,1,FETCH,FETCH,FETCH,onion_1,onion_1,onion_1,0,0,serve
pre_pre,7002,61,62,"(0, 1)",PLACE,PLACE,1,pot_1,pot_1,1,1,PLACE,PLACE,PLACE,pot_1,pot_1,pot_1,0,0,serve
pre_pre,7002,65,66,"(1, 0)",FETCH,FETCH,1,onion_1,onion_1,1,1,FETCH,FETCH,FETCH,onion_1,onion_1,onion_1,0,0,serve
pre_pre,7002,67,68,"(0, 1)",PLACE,PLACE,1,pot_1,pot_1,1,1,PLACE,PLACE,PLACE,pot_1,pot_1,pot_1,0,0,serve
pre_pre,7002,71,72,interact,COOK_START,COOK_START,1,pot_1,pot_1,1,1,COOK_START,COOK_START,COOK_START,pot_1,pot_1,pot_1,0,0,serve
pre_pre,7002,72,73,"(0, 1)",GET_DISH,FETCH,0,dish_0,onion_1,0,0,FETCH,FETCH,FETCH,onion_1,onion_1,onion_1,0,0,serve
pre_pre,7002,78,79,"(1, 0)",PRE,PRE,1,pot_1,pot_1,1,1,PRE,PRE,PRE,pot_1,pot_1,pot_1,0,0,dynamic
pre_pre,7002,91,92,"(1, 0)",PICKUP,PICKUP,1,pot_1,pot_1,1,1,PICKUP,PICKUP,PICKUP,pot_1,pot_1,pot_1,0,0,cook
pre_pre,7002,98,99,"(1, 0)",HOLD,HOLD,1,none,none,1,1,HOLD,HOLD,HOLD,none,none,none,0,0,dynamic
pre_pre,7003,0,1,"(0, 0)",FETCH,FETCH,1,onion_0,onion_0,1,1,FETCH,FETCH,FETCH,onion_0,onion_0,onion_0,0,0,serve
pre_pre,7003,3,4,"(0, 1)",PLACE,PLACE,1,pot_0,pot_0,1,1,PLACE,PLACE,PLACE,pot_0,pot_0,pot_0,0,0,serve
pre_pre,7003,7,8,"(-1, 0)",FETCH,FETCH,1,onion_0,onion_0,1,1,FETCH,FETCH,FETCH,onion_0,onion_0,onion_0,0,0,serve
pre_pre,7003,9,10,"(0, 1)",PLACE,PLACE,1,pot_0,pot_0,1,1,PLACE,PLACE,PLACE,pot_0,pot_0,pot_0,0,0,serve
pre_pre,7003,13,14,"(-1, 0)",FETCH,FETCH,1,onion_0,onion_0,1,1,FETCH,FETCH,FETCH,onion_0,onion_0,onion_0,0,0,serve
pre_pre,7003,15,16,"(0, 1)",PLACE,PLACE,1,pot_0,pot_0,1,1,PLACE,PLACE,PLACE,pot_0,pot_0,pot_0,0,0,serve
pre_pre,7003,19,20,interact,COOK_START,COOK_START,1,pot_0,pot_0,1,1,COOK_START,COOK_START,COOK_START,pot_0,pot_0,pot_0,0,0,serve
pre_pre,7003,20,21,"(1, 0)",HOLD,HOLD,1,none,none,1,1,HOLD,HOLD,HOLD,none,none,none,0,0,dynamic
pre_pre,7003,27,28,"(-1, 0)",GET_DISH,GET_DISH,1,dish_0,dish_0,1,1,GET_DISH,GET_DISH,GET_DISH,dish_0,dish_0,dish_0,0,0,cook
pre_pre,7003,30,31,"(1, 0)",PRE,PRE,1,pot_0,pot_0,1,1,PRE,PRE,PRE,pot_0,pot_0,pot_0,0,0,dynamic
pre_pre,7003,39,40,"(0, 0)",PICKUP,PICKUP,1,pot_0,pot_0,1,1,PICKUP,PICKUP,PICKUP,pot_0,pot_0,pot_0,0,0,cook
pre_pre,7003,46,47,"(1, 0)",DELIVER,DELIVER,1,serve_0,serve_0,1,1,DELIVER,DELIVER,DELIVER,serve_0,serve_0,serve_0,0,0,cook
pre_pre,7003,50,51,"(0, -1)",FETCH,FETCH,1,onion_1,onion_1,1,1,FETCH,FETCH,FETCH,onion_1,onion_1,onion_1,0,0,serve
pre_pre,7003,53,54,"(0, 1)",PLACE,PLACE,1,pot_1,pot_1,1,1,PLACE,PLACE,PLACE,pot_1,pot_1,pot_1,0,0,serve
pre_pre,7003,57,58,"(1, 0)",FETCH,FETCH,1,onion_1,onion_1,1,1,FETCH,FETCH,FETCH,onion_1,onion_1,onion_1,0,0,serve
pre_pre,7003,59,60,"(0, 1)",PLACE,PLACE,1,pot_1,pot_1,1,1,PLACE,PLACE,PLACE,pot_1,pot_1,pot_1,0,0,serve
pre_pre,7003,63,64,"(1, 0)",FETCH,FETCH,1,onion_1,onion_1,1,1,FETCH,FETCH,FETCH,onion_1,onion_1,onion_1,0,0,serve
pre_pre,7003,65,66,"(0, 1)",PLACE,PLACE,1,pot_1,pot_1,1,1,PLACE,PLACE,PLACE,pot_1,pot_1,pot_1,0,0,serve
pre_pre,7003,69,70,interact,COOK_START,COOK_START,1,pot_1,pot_1,1,1,COOK_START,COOK_START,COOK_START,pot_1,pot_1,pot_1,0,0,serve
pre_pre,7003,70,71,"(0, 1)",GET_DISH,FETCH,0,dish_0,onion_1,0,0,FETCH,FETCH,FETCH,onion_1,onion_1,onion_1,0,0,serve
pre_pre,7003,76,77,"(1, 0)",PRE,PRE,1,pot_1,pot_1,1,1,PRE,PRE,PRE,pot_1,pot_1,pot_1,0,0,dynamic
pre_pre,7003,89,90,"(1, 0)",PICKUP,PICKUP,1,pot_1,pot_1,1,1,PICKUP,PICKUP,PICKUP,pot_1,pot_1,pot_1,0,0,cook
pre_pre,7003,96,97,"(1, 0)",HOLD,HOLD,1,none,none,1,1,HOLD,HOLD,HOLD,none,none,none,0,0,dynamic
pre_pre,7004,0,1,"(0, -1)",FETCH,FETCH,1,onion_1,onion_1,1,1,FETCH,FETCH,FETCH,onion_1,onion_1,onion_1,0,0,serve
pre_pre,7004,3,4,"(-1, 0)",PLACE,PLACE,1,pot_1,pot_1,1,1,PLACE,PLACE,PLACE,pot_1,pot_1,pot_1,0,0,serve
pre_pre,7004,7,8,"(1, 0)",FETCH,FETCH,1,onion_1,onion_1,1,1,FETCH,FETCH,FETCH,onion_1,onion_1,onion_1,0,0,serve
pre_pre,7004,9,10,"(-1, 0)",PLACE,PLACE,1,pot_1,pot_1,1,1,PLACE,PLACE,PLACE,pot_1,pot_1,pot_1,0,0,serve
pre_pre,7004,13,14,"(1, 0)",FETCH,FETCH,1,onion_1,onion_1,1,1,FETCH,FETCH,FETCH,onion_1,onion_1,onion_1,0,0,serve
pre_pre,7004,15,16,"(-1, 0)",PLACE,PLACE,1,pot_1,pot_1,1,1,PLACE,PLACE,PLACE,pot_1,pot_1,pot_1,0,0,serve
pre_pre,7004,19,20,interact,COOK_START,COOK_START,1,pot_1,pot_1,1,1,COOK_START,COOK_START,COOK_START,pot_1,pot_1,pot_1,0,0,serve
pre_pre,7004,20,21,"(1, 0)",FETCH,FETCH,1,onion_1,onion_1,1,1,FETCH,FETCH,FETCH,onion_1,onion_1,onion_1,0,0,serve
pre_pre,7004,22,23,"(0, 1)",PLACE,PLACE,1,pot_0,pot_0,1,1,PLACE,PLACE,PLACE,pot_0,pot_0,pot_0,0,0,serve
pre_pre,7004,35,36,"(-1, 0)",FETCH,FETCH,1,onion_0,onion_0,1,1,FETCH,FETCH,FETCH,onion_0,onion_0,onion_0,0,0,serve
pre_pre,7004,37,38,"(0, 1)",PLACE,PLACE,1,pot_0,pot_0,1,1,PLACE,PLACE,PLACE,pot_0,pot_0,pot_0,0,0,serve
pre_pre,7004,41,42,"(-1, 0)",FETCH,FETCH,1,onion_0,onion_0,1,1,FETCH,FETCH,FETCH,onion_0,onion_0,onion_0,0,0,serve
pre_pre,7004,43,44,"(0, 1)",PLACE,PLACE,1,pot_0,pot_0,1,1,PLACE,PLACE,PLACE,pot_0,pot_0,pot_0,0,0,serve
pre_pre,7004,47,48,interact,COOK_START,COOK_START,1,pot_0,pot_0,1,1,COOK_START,COOK_START,COOK_START,pot_0,pot_0,pot_0,0,0,serve
pre_pre,7004,48,49,"(0, 1)",HOLD,HOLD,1,none,none,1,1,HOLD,HOLD,HOLD,none,none,none,0,0,dynamic
pre_pre,7004,57,58,"(-1, 0)",GET_DISH,GET_DISH,1,dish_0,dish_0,1,1,GET_DISH,GET_DISH,GET_DISH,dish_0,dish_0,dish_0,0,0,cook
pre_pre,7004,63,64,"(1, 0)",PRE,PRE,1,pot_0,pot_0,1,1,PRE,PRE,PRE,pot_0,pot_0,pot_0,0,0,dynamic
pre_pre,7004,67,68,"(-1, 0)",PICKUP,PICKUP,1,pot_0,pot_0,1,1,PICKUP,PICKUP,PICKUP,pot_0,pot_1,pot_0,0,1,cook
pre_pre,7004,70,71,"(0, 0)",DELIVER,DELIVER,1,serve_0,serve_0,1,1,DELIVER,DELIVER,DELIVER,serve_0,serve_0,serve_0,0,0,cook
pre_pre,7004,75,76,"(0, -1)",HOLD,HOLD,1,none,none,1,1,HOLD,FETCH,HOLD,none,onion_1,none,1,1,dynamic
pre_pre,7004,84,85,"(0, 0)",GET_DISH,GET_DISH,1,dish_0,dish_0,1,1,GET_DISH,GET_DISH,GET_DISH,dish_0,onion_0,dish_0,0,1,cook
pre_pre,7004,91,92,"(1, 0)",PICKUP,PRE,0,pot_1,pot_1,1,0,PRE,PRE,PRE,pot_1,pot_1,pot_1,0,0,dynamic
pre_pre,7004,98,99,"(0, 0)",DELIVER,DELIVER,1,serve_0,serve_0,1,1,DELIVER,DELIVER,DELIVER,serve_0,serve_0,serve_0,0,0,cook
pre_pre,7004,101,102,"(1, 0)",HOLD,HOLD,1,none,none,1,1,HOLD,FETCH,HOLD,none,onion_1,none,1,1,dynamic
pre_pre,7004,104,105,"(-1, 0)",FETCH,FETCH,1,onion_1,onion_0,0,0,FETCH,FETCH,FETCH,onion_0,onion_0,onion_0,0,0,serve
pre_pre,7004,109,110,"(0, 1)",PLACE,PLACE,1,pot_1,pot_1,1,1,PLACE,PLACE,PLACE,pot_1,pot_1,pot_1,0,0,serve
pre_pre,7004,113,114,"(1, 0)",FETCH,FETCH,1,onion_1,onion_1,1,1,FETCH,FETCH,FETCH,onion_1,onion_1,onion_1,0,0,serve
pre_pre,7004,115,116,"(0, 1)",PLACE,PLACE,1,pot_1,pot_1,1,1,PLACE,PLACE,PLACE,pot_1,pot_1,pot_1,0,0,serve
pre_pre,7004,119,120,"(1, 0)",FETCH,FETCH,1,onion_1,onion_1,1,1,FETCH,FETCH,FETCH,onion_1,onion_1,onion_1,0,0,serve
pre_pre,7004,121,122,"(0, 1)",PLACE,PLACE,1,pot_1,pot_1,1,1,PLACE,PLACE,PLACE,pot_1,pot_1,pot_1,0,0,serve
pre_pre,7004,125,126,interact,COOK_START,COOK_START,1,pot_1,pot_1,1,1,COOK_START,COOK_START,COOK_START,pot_1,pot_1,pot_1,0,0,serve
pre_pre,7004,126,127,"(-1, 0)",GET_DISH,GET_DISH,1,dish_0,dish_0,1,1,GET_DISH,GET_DISH,GET_DISH,dish_0,dish_0,dish_0,0,0,cook
pre_pre,7005,0,1,"(0, 0)",FETCH,FETCH,1,onion_1,onion_0,0,0,FETCH,FETCH,FETCH,onion_0,onion_0,onion_0,0,0,serve
pre_pre,7005,9,10,"(-1, 0)",PLACE,PLACE,1,pot_1,pot_1,1,1,PLACE,PLACE,PLACE,pot_1,pot_1,pot_1,0,0,serve
pre_pre,7005,13,14,"(1, 0)",FETCH,FETCH,1,onion_1,onion_1,1,1,FETCH,FETCH,FETCH,onion_1,onion_1,onion_1,0,0,serve
pre_pre,7005,15,16,"(-1, 0)",PLACE,PLACE,1,pot_1,pot_1,1,1,PLACE,PLACE,PLACE,pot_1,pot_1,pot_1,0,0,serve
pre_pre,7005,19,20,"(1, 0)",FETCH,FETCH,1,onion_1,onion_1,1,1,FETCH,FETCH,FETCH,onion_1,onion_1,onion_1,0,0,serve
pre_pre,7005,21,22,"(-1, 0)",PLACE,PLACE,1,pot_1,pot_1,1,1,PLACE,PLACE,PLACE,pot_1,pot_1,pot_1,0,0,serve
pre_pre,7005,25,26,interact,COOK_START,COOK_START,1,pot_1,pot_1,1,1,COOK_START,COOK_START,COOK_START,pot_1,pot_1,pot_1,0,0,serve
pre_pre,7005,26,27,"(1, 0)",FETCH,FETCH,1,onion_1,onion_1,1,1,FETCH,FETCH,FETCH,onion_1,onion_1,onion_1,0,0,serve
pre_pre,7005,28,29,"(0, 1)",PLACE,PLACE,1,pot_0,pot_0,1,1,PLACE,PLACE,PLACE,pot_0,pot_0,pot_0,0,0,serve
pre_pre,7005,41,42,"(-1, 0)",FETCH,FETCH,1,onion_0,onion_0,1,1,FETCH,FETCH,FETCH,onion_0,onion_0,onion_0,0,0,serve
pre_pre,7005,43,44,"(0, 1)",PLACE,PLACE,1,pot_0,pot_0,1,1,PLACE,PLACE,PLACE,pot_0,pot_0,pot_0,0,0,serve
pre_pre,7005,47,48,"(-1, 0)",FETCH,FETCH,1,onion_0,onion_0,1,1,FETCH,FETCH,FETCH,onion_0,onion_0,onion_0,0,0,serve
pre_pre,7005,49,50,"(0, 1)",PLACE,PLACE,1,pot_0,pot_0,1,1,PLACE,PLACE,PLACE,pot_0,pot_0,pot_0,0,0,serve
pre_pre,7005,53,54,interact,COOK_START,COOK_START,1,pot_0,pot_0,1,1,COOK_START,COOK_START,COOK_START,pot_0,pot_0,pot_0,0,0,serve
pre_pre,7005,54,55,"(0, 1)",HOLD,HOLD,1,none,none,1,1,HOLD,HOLD,HOLD,none,none,none,0,0,dynamic
pre_pre,7005,63,64,"(-1, 0)",GET_DISH,GET_DISH,1,dish_0,dish_0,1,1,GET_DISH,GET_DISH,GET_DISH,dish_0,dish_0,dish_0,0,0,cook
pre_pre,7005,69,70,"(1, 0)",PRE,PRE,1,pot_0,pot_0,1,1,PRE,PRE,PRE,pot_0,pot_0,pot_0,0,0,dynamic
pre_pre,7005,73,74,"(-1, 0)",PICKUP,PICKUP,1,pot_0,pot_0,1,1,PICKUP,PICKUP,PICKUP,pot_0,pot_1,pot_0,0,1,cook
pre_pre,7005,76,77,"(0, 0)",DELIVER,DELIVER,1,serve_0,serve_0,1,1,DELIVER,DELIVER,DELIVER,serve_0,serve_0,serve_0,0,0,cook
pre_pre,7005,81,82,"(0, -1)",HOLD,HOLD,1,none,none,1,1,HOLD,FETCH,HOLD,none,onion_1,none,1,1,dynamic
pre_pre,7005,90,91,"(0, 0)",GET_DISH,GET_DISH,1,dish_0,dish_0,1,1,GET_DISH,GET_DISH,GET_DISH,dish_0,dish_0,dish_0,0,0,cook
pre_pre,7005,97,98,"(1, 0)",PICKUP,PRE,0,pot_1,pot_1,1,0,PRE,PRE,PRE,pot_1,pot_1,pot_1,0,0,dynamic
pre_pre,7005,104,105,"(0, 0)",DELIVER,DELIVER,1,serve_0,serve_0,1,1,DELIVER,DELIVER,DELIVER,serve_0,serve_0,serve_0,0,0,cook
pre_pre,7005,107,108,"(1, 0)",HOLD,HOLD,1,none,none,1,1,HOLD,FETCH,HOLD,none,onion_1,none,1,1,dynamic
pre_pre,7005,110,111,"(-1, 0)",FETCH,FETCH,1,onion_1,onion_0,0,0,FETCH,FETCH,FETCH,onion_0,onion_0,onion_0,0,0,serve
pre_pre,7005,115,116,"(0, 1)",PLACE,PLACE,1,pot_1,pot_1,1,1,PLACE,PLACE,PLACE,pot_1,pot_1,pot_1,0,0,serve
pre_pre,7005,119,120,"(1, 0)",FETCH,FETCH,1,onion_1,onion_1,1,1,FETCH,FETCH,FETCH,onion_1,onion_1,onion_1,0,0,serve
pre_pre,7005,121,122,"(0, 1)",PLACE,PLACE,1,pot_1,pot_1,1,1,PLACE,PLACE,PLACE,pot_1,pot_1,pot_1,0,0,serve
pre_pre,7005,125,126,"(1, 0)",FETCH,FETCH,1,onion_1,onion_1,1,1,FETCH,FETCH,FETCH,onion_1,onion_1,onion_1,0,0,serve
pre_pre,7005,127,128,"(0, 1)",PLACE,PLACE,1,pot_1,pot_1,1,1,PLACE,PLACE,PLACE,pot_1,pot_1,pot_1,0,0,serve
pre_pre,7005,131,132,interact,COOK_START,COOK_START,1,pot_1,pot_1,1,1,COOK_START,COOK_START,COOK_START,pot_1,pot_1,pot_1,0,0,serve
pre_pre,7005,132,133,"(-1, 0)",GET_DISH,GET_DISH,1,dish_0,dish_0,1,1,GET_DISH,GET_DISH,GET_DISH,dish_0,dish_0,dish_0,0,0,cook
pre_pre,7006,0,1,"(0, 0)",FETCH,FETCH,1,onion_0,onion_0,1,1,FETCH,FETCH,FETCH,onion_0,onion_0,onion_0,0,0,serve
pre_pre,7006,3,4,"(0, 1)",PLACE,PLACE,1,pot_0,pot_0,1,1,PLACE,PLACE,PLACE,pot_0,pot_0,pot_0,0,0,serve
pre_pre,7006,7,8,"(-1, 0)",FETCH,FETCH,1,onion_0,onion_0,1,1,FETCH,FETCH,FETCH,onion_0,onion_0,onion_0,0,0,serve
pre_pre,7006,9,10,"(0, 1)",PLACE,PLACE,1,pot_0,pot_0,1,1,PLACE,PLACE,PLACE,pot_0,pot_0,pot_0,0,0,serve
pre_pre,7006,13,14,"(-1, 0)",FETCH,FETCH,1,onion_0,onion_0,1,1,FETCH,FETCH,FETCH,onion_0,onion_0,onion_0,0,0,serve
pre_pre,7006,15,16,"(0, 1)",PLACE,PLACE,1,pot_0,pot_0,1,1,PLACE,PLACE,PLACE,pot_0,pot_0,pot_0,0,0,serve
pre_pre,7006,19,20,interact,COOK_START,COOK_START,1,pot_0,pot_0,1,1,COOK_START,COOK_START,COOK_START,pot_0,pot_0,pot_0,0,0,serve
pre_pre,7006,20,21,"(1, 0)",HOLD,HOLD,1,none,none,1,1,HOLD,HOLD,HOLD,none,none,none,0,0,dynamic
pre_pre,7006,27,28,"(-1, 0)",GET_DISH,GET_DISH,1,dish_0,dish_0,1,1,GET_DISH,GET_DISH,GET_DISH,dish_0,dish_0,dish_0,0,0,cook
pre_pre,7006,30,31,"(1, 0)",PRE,PRE,1,pot_0,pot_0,1,1,PRE,PRE,PRE,pot_0,pot_0,pot_0,0,0,dynamic
pre_pre,7006,39,40,"(0, 0)",PICKUP,PICKUP,1,pot_0,pot_0,1,1,PICKUP,PICKUP,PICKUP,pot_0,pot_0,pot_0,0,0,cook
pre_pre,7006,46,47,"(1, 0)",DELIVER,DELIVER,1,serve_0,serve_0,1,1,DELIVER,DELIVER,DELIVER,serve_0,serve_0,serve_0,0,0,cook
pre_pre,7006,50,51,"(0, -1)",FETCH,FETCH,1,onion_1,onion_1,1,1,FETCH,FETCH,FETCH,onion_1,onion_1,onion_1,0,0,serve
pre_pre,7006,53,54,"(0, 1)",PLACE,PLACE,1,pot_1,pot_1,1,1,PLACE,PLACE,PLACE,pot_1,pot_1,pot_1,0,0,serve
pre_pre,7006,57,58,"(1, 0)",FETCH,FETCH,1,onion_1,onion_1,1,1,FETCH,FETCH,FETCH,onion_1,onion_1,onion_1,0,0,serve
pre_pre,7006,59,60,"(0, 1)",PLACE,PLACE,1,pot_1,pot_1,1,1,PLACE,PLACE,PLACE,pot_1,pot_1,pot_1,0,0,serve
pre_pre,7006,63,64,"(1, 0)",FETCH,FETCH,1,onion_1,onion_1,1,1,FETCH,FETCH,FETCH,onion_1,onion_1,onion_1,0,0,serve
pre_pre,7006,65,66,"(0, 1)",PLACE,PLACE,1,pot_1,pot_1,1,1,PLACE,PLACE,PLACE,pot_1,pot_1,pot_1,0,0,serve
pre_pre,7006,69,70,interact,COOK_START,COOK_START,1,pot_1,pot_1,1,1,COOK_START,COOK_START,COOK_START,pot_1,pot_1,pot_1,0,0,serve
pre_pre,7006,70,71,"(0, 1)",GET_DISH,FETCH,0,dish_0,onion_1,0,0,FETCH,FETCH,FETCH,onion_1,onion_1,onion_1,0,0,serve
pre_pre,7006,76,77,"(1, 0)",PRE,PRE,1,pot_1,pot_1,1,1,PRE,PRE,PRE,pot_1,pot_1,pot_1,0,0,dynamic
pre_pre,7006,89,90,"(1, 0)",PICKUP,PICKUP,1,pot_1,pot_1,1,1,PICKUP,PICKUP,PICKUP,pot_1,pot_1,pot_1,0,0,cook
pre_pre,7006,96,97,"(1, 0)",HOLD,HOLD,1,none,none,1,1,HOLD,HOLD,HOLD,none,none,none,0,0,dynamic
pre_pre,7007,0,1,"(0, -1)",FETCH,FETCH,1,onion_0,onion_0,1,1,FETCH,FETCH,FETCH,onion_0,onion_0,onion_0,0,0,serve
pre_pre,7007,3,4,"(0, 1)",PLACE,PLACE,1,pot_0,pot_0,1,1,PLACE,PLACE,PLACE,pot_0,pot_0,pot_0,0,0,serve
pre_pre,7007,7,8,"(-1, 0)",FETCH,FETCH,1,onion_0,onion_0,1,1,FETCH,FETCH,FETCH,onion_0,onion_0,onion_0,0,0,serve
pre_pre,7007,9,10,"(0, 1)",PLACE,PLACE,1,pot_0,pot_0,1,1,PLACE,PLACE,PLACE,pot_0,pot_0,pot_0,0,0,serve
pre_pre,7007,13,14,"(-1, 0)",FETCH,FETCH,1,onion_0,onion_0,1,1,FETCH,FETCH,FETCH,onion_0,onion_0,onion_0,0,0,serve
pre_pre,7007,15,16,"(0, 1)",PLACE,PLACE,1,pot_0,pot_0,1,1,PLACE,PLACE,PLACE,pot_0,pot_0,pot_0,0,0,serve
pre_pre,7007,19,20,interact,COOK_START,COOK_START,1,pot_0,pot_0,1,1,COOK_START,COOK_START,COOK_START,pot_0,pot_0,pot_0,0,0,serve
pre_pre,7007,20,21,"(1, 0)",HOLD,HOLD,1,none,none,1,1,HOLD,HOLD,HOLD,none,none,none,0,0,dynamic
pre_pre,7007,27,28,"(-1, 0)",GET_DISH,GET_DISH,1,dish_0,dish_0,1,1,GET_DISH,GET_DISH,GET_DISH,dish_0,dish_0,dish_0,0,0,cook
pre_pre,7007,30,31,"(1, 0)",PRE,PRE,1,pot_0,pot_0,1,1,PRE,PRE,PRE,pot_0,pot_0,pot_0,0,0,dynamic
pre_pre,7007,39,40,"(0, 0)",PICKUP,PICKUP,1,pot_0,pot_0,1,1,PICKUP,PICKUP,PICKUP,pot_0,pot_0,pot_0,0,0,cook
pre_pre,7007,46,47,"(1, 0)",DELIVER,DELIVER,1,serve_0,serve_0,1,1,DELIVER,DELIVER,DELIVER,serve_0,serve_0,serve_0,0,0,cook
pre_pre,7007,50,51,"(0, -1)",FETCH,FETCH,1,onion_1,onion_1,1,1,FETCH,FETCH,FETCH,onion_1,onion_1,onion_1,0,0,serve
pre_pre,7007,53,54,"(0, 1)",PLACE,PLACE,1,pot_1,pot_1,1,1,PLACE,PLACE,PLACE,pot_1,pot_1,pot_1,0,0,serve
pre_pre,7007,57,58,"(1, 0)",FETCH,FETCH,1,onion_1,onion_1,1,1,FETCH,FETCH,FETCH,onion_1,onion_1,onion_1,0,0,serve
pre_pre,7007,59,60,"(0, 1)",PLACE,PLACE,1,pot_1,pot_1,1,1,PLACE,PLACE,PLACE,pot_1,pot_1,pot_1,0,0,serve
pre_pre,7007,63,64,"(1, 0)",FETCH,FETCH,1,onion_1,onion_1,1,1,FETCH,FETCH,FETCH,onion_1,onion_1,onion_1,0,0,serve
pre_pre,7007,65,66,"(0, 1)",PLACE,PLACE,1,pot_1,pot_1,1,1,PLACE,PLACE,PLACE,pot_1,pot_1,pot_1,0,0,serve
pre_pre,7007,69,70,interact,COOK_START,COOK_START,1,pot_1,pot_1,1,1,COOK_START,COOK_START,COOK_START,pot_1,pot_1,pot_1,0,0,serve
pre_pre,7007,70,71,"(0, 1)",GET_DISH,FETCH,0,dish_0,onion_1,0,0,FETCH,FETCH,FETCH,onion_1,onion_1,onion_1,0,0,serve
pre_pre,7007,76,77,"(1, 0)",PRE,PRE,1,pot_1,pot_1,1,1,PRE,PRE,PRE,pot_1,pot_1,pot_1,0,0,dynamic
pre_pre,7007,89,90,"(1, 0)",PICKUP,PICKUP,1,pot_1,pot_1,1,1,PICKUP,PICKUP,PICKUP,pot_1,pot_1,pot_1,0,0,cook
pre_pre,7007,96,97,"(1, 0)",HOLD,HOLD,1,none,none,1,1,HOLD,HOLD,HOLD,none,none,none,0,0,dynamic
pre_pre,7008,0,1,"(0, -1)",FETCH,FETCH,1,onion_0,onion_0,1,1,FETCH,FETCH,FETCH,onion_0,onion_0,onion_0,0,0,serve
pre_pre,7008,5,6,"(0, 1)",PLACE,PLACE,1,pot_0,pot_0,1,1,PLACE,PLACE,PLACE,pot_0,pot_0,pot_0,0,0,serve
pre_pre,7008,9,10,"(-1, 0)",FETCH,FETCH,1,onion_0,onion_0,1,1,FETCH,FETCH,FETCH,onion_0,onion_0,onion_0,0,0,serve
pre_pre,7008,11,12,"(0, 1)",PLACE,PLACE,1,pot_0,pot_0,1,1,PLACE,PLACE,PLACE,pot_0,pot_0,pot_0,0,0,serve
pre_pre,7008,15,16,"(-1, 0)",FETCH,FETCH,1,onion_0,onion_0,1,1,FETCH,FETCH,FETCH,onion_0,onion_0,onion_0,0,0,serve
pre_pre,7008,17,18,"(0, 1)",PLACE,PLACE,1,pot_0,pot_0,1,1,PLACE,PLACE,PLACE,pot_0,pot_0,pot_0,0,0,serve
pre_pre,7008,21,22,interact,COOK_START,COOK_START,1,pot_0,pot_0,1,1,COOK_START,COOK_START,COOK_START,pot_0,pot_0,pot_0,0,0,serve
pre_pre,7008,22,23,"(1, 0)",HOLD,HOLD,1,none,none,1,1,HOLD,HOLD,HOLD,none,none,none,0,0,dynamic
pre_pre,7008,29,30,"(-1, 0)",GET_DISH,GET_DISH,1,dish_0,dish_0,1,1,GET_DISH,GET_DISH,GET_DISH,dish_0,dish_0,dish_0,0,0,cook
pre_pre,7008,32,33,"(1, 0)",PRE,PRE,1,pot_0,pot_0,1,1,PRE,PRE,PRE,pot_0,pot_0,pot_0,0,0,dynamic
pre_pre,7008,41,42,"(0, 0)",PICKUP,PICKUP,1,pot_0,pot_0,1,1,PICKUP,PICKUP,PICKUP,pot_0,pot_0,pot_0,0,0,cook
pre_pre,7008,48,49,"(1, 0)",DELIVER,DELIVER,1,serve_0,serve_0,1,1,DELIVER,DELIVER,DELIVER,serve_0,serve_0,serve_0,0,0,cook
pre_pre,7008,52,53,"(0, -1)",FETCH,FETCH,1,onion_1,onion_1,1,1,FETCH,FETCH,FETCH,onion_1,onion_1,onion_1,0,0,serve
pre_pre,7008,55,56,"(0, 1)",PLACE,PLACE,1,pot_1,pot_1,1,1,PLACE,PLACE,PLACE,pot_1,pot_1,pot_1,0,0,serve
pre_pre,7008,59,60,"(1, 0)",FETCH,FETCH,1,onion_1,onion_1,1,1,FETCH,FETCH,FETCH,onion_1,onion_1,onion_1,0,0,serve
pre_pre,7008,61,62,"(0, 1)",PLACE,PLACE,1,pot_1,pot_1,1,1,PLACE,PLACE,PLACE,pot_1,pot_1,pot_1,0,0,serve
pre_pre,7008,65,66,"(1, 0)",FETCH,FETCH,1,onion_1,onion_1,1,1,FETCH,FETCH,FETCH,onion_1,onion_1,onion_1,0,0,serve
pre_pre,7008,67,68,"(0, 1)",PLACE,PLACE,1,pot_1,pot_1,1,1,PLACE,PLACE,PLACE,pot_1,pot_1,pot_1,0,0,serve
pre_pre,7008,71,72,interact,COOK_START,COOK_START,1,pot_1,pot_1,1,1,COOK_START,COOK_START,COOK_START,pot_1,pot_1,pot_1,0,0,serve
pre_pre,7008,72,73,"(0, 1)",GET_DISH,FETCH,0,dish_0,onion_1,0,0,FETCH,FETCH,FETCH,onion_1,onion_1,onion_1,0,0,serve
pre_pre,7008,78,79,"(1, 0)",PRE,PRE,1,pot_1,pot_1,1,1,PRE,PRE,PRE,pot_1,pot_1,pot_1,0,0,dynamic
pre_pre,7008,91,92,"(1, 0)",PICKUP,PICKUP,1,pot_1,pot_1,1,1,PICKUP,PICKUP,PICKUP,pot_1,pot_1,pot_1,0,0,cook
pre_pre,7008,98,99,"(1, 0)",HOLD,HOLD,1,none,none,1,1,HOLD,HOLD,HOLD,none,none,none,0,0,dynamic
pre_pre,7009,0,1,"(0, 0)",FETCH,FETCH,1,onion_0,onion_0,1,1,FETCH,FETCH,FETCH,onion_0,onion_0,onion_0,0,0,serve
pre_pre,7009,4,5,"(0, 1)",PLACE,PLACE,1,pot_0,pot_0,1,1,PLACE,PLACE,PLACE,pot_0,pot_0,pot_0,0,0,serve
pre_pre,7009,8,9,"(-1, 0)",FETCH,FETCH,1,onion_0,onion_0,1,1,FETCH,FETCH,FETCH,onion_0,onion_0,onion_0,0,0,serve
pre_pre,7009,10,11,"(0, 1)",PLACE,PLACE,1,pot_0,pot_0,1,1,PLACE,PLACE,PLACE,pot_0,pot_0,pot_0,0,0,serve
pre_pre,7009,14,15,"(-1, 0)",FETCH,FETCH,1,onion_0,onion_0,1,1,FETCH,FETCH,FETCH,onion_0,onion_0,onion_0,0,0,serve
pre_pre,7009,16,17,"(0, 1)",PLACE,PLACE,1,pot_0,pot_0,1,1,PLACE,PLACE,PLACE,pot_0,pot_0,pot_0,0,0,serve
pre_pre,7009,20,21,interact,COOK_START,COOK_START,1,pot_0,pot_0,1,1,COOK_START,COOK_START,COOK_START,pot_0,pot_0,pot_0,0,0,serve
pre_pre,7009,21,22,"(1, 0)",HOLD,HOLD,1,none,none,1,1,HOLD,HOLD,HOLD,none,none,none,0,0,dynamic
pre_pre,7009,28,29,"(-1, 0)",GET_DISH,GET_DISH,1,dish_0,dish_0,1,1,GET_DISH,GET_DISH,GET_DISH,dish_0,dish_0,dish_0,0,0,cook
pre_pre,7009,31,32,"(1, 0)",PRE,PRE,1,pot_0,pot_0,1,1,PRE,PRE,PRE,pot_0,pot_0,pot_0,0,0,dynamic
pre_pre,7009,40,41,"(0, 0)",PICKUP,PICKUP,1,pot_0,pot_0,1,1,PICKUP,PICKUP,PICKUP,pot_0,pot_0,pot_0,0,0,cook
pre_pre,7009,47,48,"(1, 0)",DELIVER,DELIVER,1,serve_0,serve_0,1,1,DELIVER,DELIVER,DELIVER,serve_0,serve_0,serve_0,0,0,cook
pre_pre,7009,51,52,"(0, -1)",FETCH,FETCH,1,onion_1,onion_1,1,1,FETCH,FETCH,FETCH,onion_1,onion_1,onion_1,0,0,serve
pre_pre,7009,54,55,"(0, 1)",PLACE,PLACE,1,pot_1,pot_1,1,1,PLACE,PLACE,PLACE,pot_1,pot_1,pot_1,0,0,serve
pre_pre,7009,58,59,"(1, 0)",FETCH,FETCH,1,onion_1,onion_1,1,1,FETCH,FETCH,FETCH,onion_1,onion_1,onion_1,0,0,serve
pre_pre,7009,60,61,"(0, 1)",PLACE,PLACE,1,pot_1,pot_1,1,1,PLACE,PLACE,PLACE,pot_1,pot_1,pot_1,0,0,serve
pre_pre,7009,64,65,"(1, 0)",FETCH,FETCH,1,onion_1,onion_1,1,1,FETCH,FETCH,FETCH,onion_1,onion_1,onion_1,0,0,serve
pre_pre,7009,66,67,"(0, 1)",PLACE,PLACE,1,pot_1,pot_1,1,1,PLACE,PLACE,PLACE,pot_1,pot_1,pot_1,0,0,serve
pre_pre,7009,70,71,interact,COOK_START,COOK_START,1,pot_1,pot_1,1,1,COOK_START,COOK_START,COOK_START,pot_1,pot_1,pot_1,0,0,serve
pre_pre,7009,71,72,"(0, 1)",GET_DISH,FETCH,0,dish_0,onion_1,0,0,FETCH,FETCH,FETCH,onion_1,onion_1,onion_1,0,0,serve
pre_pre,7009,77,78,"(1, 0)",PRE,PRE,1,pot_1,pot_1,1,1,PRE,PRE,PRE,pot_1,pot_1,pot_1,0,0,dynamic
pre_pre,7009,90,91,"(1, 0)",PICKUP,PICKUP,1,pot_1,pot_1,1,1,PICKUP,PICKUP,PICKUP,pot_1,pot_1,pot_1,0,0,cook
pre_pre,7009,97,98,"(1, 0)",HOLD,HOLD,1,none,none,1,1,HOLD,HOLD,HOLD,none,none,none,0,0,dynamic
pre_pre,7010,0,1,"(-1, 0)",HOLD,COOK_START,0,none,onion_0,0,0,COOK_START,FETCH,COOK_START,onion_0,onion_0,onion_0,1,0,serve
pre_pre,7010,40,41,"(-1, 0)",FETCH,FETCH,1,onion_0,onion_0,1,1,FETCH,FETCH,FETCH,onion_0,onion_0,onion_0,0,0,serve
pre_pre,7010,43,44,"(0, 1)",PLACE,PLACE,1,pot_0,pot_0,1,1,PLACE,PLACE,PLACE,pot_0,pot_0,pot_0,0,0,serve
pre_pre,7010,47,48,"(-1, 0)",FETCH,FETCH,1,onion_0,onion_0,1,1,FETCH,FETCH,FETCH,onion_0,onion_0,onion_0,0,0,serve
pre_pre,7010,49,50,"(0, 1)",PLACE,PLACE,1,pot_0,pot_0,1,1,PLACE,PLACE,PLACE,pot_0,pot_0,pot_0,0,0,serve
pre_pre,7010,53,54,"(-1, 0)",FETCH,FETCH,1,onion_0,onion_0,1,1,FETCH,FETCH,FETCH,onion_0,onion_0,onion_0,0,0,serve
pre_pre,7010,55,56,"(0, 1)",PLACE,PLACE,1,pot_0,pot_0,1,1,PLACE,PLACE,PLACE,pot_0,pot_0,pot_0,0,0,serve
pre_pre,7010,59,60,interact,COOK_START,COOK_START,1,pot_0,pot_0,1,1,COOK_START,COOK_START,COOK_START,pot_0,pot_0,pot_0,0,0,serve
pre_pre,7010,60,61,"(1, 0)",HOLD,HOLD,1,none,none,1,1,HOLD,HOLD,HOLD,none,none,none,0,0,dynamic
pre_pre,7010,67,68,"(-1, 0)",GET_DISH,GET_DISH,1,dish_0,dish_0,1,1,GET_DISH,GET_DISH,GET_DISH,dish_0,dish_0,dish_0,0,0,cook
pre_pre,7010,70,71,"(1, 0)",PRE,PRE,1,pot_0,pot_0,1,1,PRE,PRE,PRE,pot_0,pot_0,pot_0,0,0,dynamic
pre_pre,7010,79,80,"(0, 0)",PICKUP,PICKUP,1,pot_0,pot_0,1,1,PICKUP,PICKUP,PICKUP,pot_0,pot_0,pot_0,0,0,cook
pre_pre,7010,86,87,"(1, 0)",DELIVER,DELIVER,1,serve_0,serve_0,1,1,DELIVER,DELIVER,DELIVER,serve_0,serve_0,serve_0,0,0,cook
pre_pre,7010,90,91,"(0, -1)",FETCH,FETCH,1,onion_1,onion_1,1,1,FETCH,FETCH,FETCH,onion_1,onion_1,onion_1,0,0,serve
pre_pre,7010,93,94,"(0, 1)",PLACE,PLACE,1,pot_1,pot_1,1,1,PLACE,PLACE,PLACE,pot_1,pot_1,pot_1,0,0,serve
pre_pre,7010,97,98,"(1, 0)",FETCH,FETCH,1,onion_1,onion_1,1,1,FETCH,FETCH,FETCH,onion_1,onion_1,onion_1,0,0,serve
pre_pre,7010,99,100,"(0, 1)",PLACE,PLACE,1,pot_1,pot_1,1,1,PLACE,PLACE,PLACE,pot_1,pot_1,pot_1,0,0,serve
pre_pre,7010,103,104,"(1, 0)",FETCH,FETCH,1,onion_1,onion_1,1,1,FETCH,FETCH,FETCH,onion_1,onion_1,onion_1,0,0,serve
pre_pre,7010,105,106,"(0, 1)",PLACE,PLACE,1,pot_1,pot_1,1,1,PLACE,PLACE,PLACE,pot_1,pot_1,pot_1,0,0,serve
pre_pre,7010,109,110,interact,COOK_START,COOK_START,1,pot_1,pot_1,1,1,COOK_START,COOK_START,COOK_START,pot_1,pot_1,pot_1,0,0,serve
pre_pre,7010,110,111,"(0, 1)",GET_DISH,FETCH,0,dish_0,onion_1,0,0,FETCH,FETCH,FETCH,onion_1,onion_1,onion_1,0,0,serve
pre_pre,7010,116,117,"(1, 0)",PRE,PRE,1,pot_1,pot_1,1,1,PRE,PRE,PRE,pot_1,pot_1,pot_1,0,0,dynamic
pre_pre,7010,129,130,"(1, 0)",PICKUP,PICKUP,1,pot_1,pot_1,1,1,PICKUP,PICKUP,PICKUP,pot_1,pot_1,pot_1,0,0,cook
pre_pre,7010,136,137,"(1, 0)",HOLD,HOLD,1,none,none,1,1,HOLD,HOLD,HOLD,none,none,none,0,0,dynamic
pre_pre,7011,0,1,"(0, -1)",FETCH,FETCH,1,onion_0,onion_0,1,1,FETCH,FETCH,FETCH,onion_0,onion_0,onion_0,0,0,serve
pre_pre,7011,5,6,"(0, 1)",PLACE,PLACE,1,pot_0,pot_0,1,1,PLACE,PLACE,PLACE,pot_0,pot_0,pot_0,0,0,serve
pre_pre,7011,9,10,"(-1, 0)",FETCH,FETCH,1,onion_0,onion_0,1,1,FETCH,FETCH,FETCH,onion_0,onion_0,onion_0,0,0,serve
pre_pre,7011,11,12,"(0, 1)",PLACE,PLACE,1,pot_0,pot_0,1,1,PLACE,PLACE,PLACE,pot_0,pot_0,pot_0,0,0,serve
pre_pre,7011,15,16,"(-1, 0)",FETCH,FETCH,1,onion_0,onion_0,1,1,FETCH,FETCH,FETCH,onion_0,onion_0,onion_0,0,0,serve
pre_pre,7011,17,18,"(0, 1)",PLACE,PLACE,1,pot_0,pot_0,1,1,PLACE,PLACE,PLACE,pot_0,pot_0,pot_0,0,0,serve
pre_pre,7011,21,22,interact,COOK_START,COOK_START,1,pot_0,pot_0,1,1,COOK_START,COOK_START,COOK_START,pot_0,pot_0,pot_0,0,0,serve
pre_pre,7011,22,23,"(1, 0)",HOLD,HOLD,1,none,none,1,1,HOLD,HOLD,HOLD,none,none,none,0,0,dynamic
pre_pre,7011,29,30,"(-1, 0)",GET_DISH,GET_DISH,1,dish_0,dish_0,1,1,GET_DISH,GET_DISH,GET_DISH,dish_0,dish_0,dish_0,0,0,cook
pre_pre,7011,32,33,"(1, 0)",PRE,PRE,1,pot_0,pot_0,1,1,PRE,PRE,PRE,pot_0,pot_0,pot_0,0,0,dynamic
pre_pre,7011,41,42,"(0, 0)",PICKUP,PICKUP,1,pot_0,pot_0,1,1,PICKUP,PICKUP,PICKUP,pot_0,pot_0,pot_0,0,0,cook
pre_pre,7011,48,49,"(1, 0)",DELIVER,DELIVER,1,serve_0,serve_0,1,1,DELIVER,DELIVER,DELIVER,serve_0,serve_0,serve_0,0,0,cook
pre_pre,7011,52,53,"(0, -1)",FETCH,FETCH,1,onion_1,onion_1,1,1,FETCH,FETCH,FETCH,onion_1,onion_1,onion_1,0,0,serve
pre_pre,7011,55,56,"(0, 1)",PLACE,PLACE,1,pot_1,pot_1,1,1,PLACE,PLACE,PLACE,pot_1,pot_1,pot_1,0,0,serve
pre_pre,7011,59,60,"(1, 0)",FETCH,FETCH,1,onion_1,onion_1,1,1,FETCH,FETCH,FETCH,onion_1,onion_1,onion_1,0,0,serve
pre_pre,7011,61,62,"(0, 1)",PLACE,PLACE,1,pot_1,pot_1,1,1,PLACE,PLACE,PLACE,pot_1,pot_1,pot_1,0,0,serve
pre_pre,7011,65,66,"(1, 0)",FETCH,FETCH,1,onion_1,onion_1,1,1,FETCH,FETCH,FETCH,onion_1,onion_1,onion_1,0,0,serve
pre_pre,7011,67,68,"(0, 1)",PLACE,PLACE,1,pot_1,pot_1,1,1,PLACE,PLACE,PLACE,pot_1,pot_1,pot_1,0,0,serve
pre_pre,7011,71,72,interact,COOK_START,COOK_START,1,pot_1,pot_1,1,1,COOK_START,COOK_START,COOK_START,pot_1,pot_1,pot_1,0,0,serve
pre_pre,7011,72,73,"(0, 1)",GET_DISH,FETCH,0,dish_0,onion_1,0,0,FETCH,FETCH,FETCH,onion_1,onion_1,onion_1,0,0,serve
pre_pre,7011,78,79,"(1, 0)",PRE,PRE,1,pot_1,pot_1,1,1,PRE,PRE,PRE,pot_1,pot_1,pot_1,0,0,dynamic
pre_pre,7011,91,92,"(1, 0)",PICKUP,PICKUP,1,pot_1,pot_1,1,1,PICKUP,PICKUP,PICKUP,pot_1,pot_1,pot_1,0,0,cook
pre_pre,7011,98,99,"(1, 0)",HOLD,HOLD,1,none,none,1,1,HOLD,HOLD,HOLD,none,none,none,0,0,dynamic
pre_pre,7012,0,1,"(0, 0)",FETCH,FETCH,1,onion_0,onion_0,1,1,FETCH,FETCH,FETCH,onion_0,onion_0,onion_0,0,0,serve
pre_pre,7012,6,7,"(0, 1)",PLACE,PLACE,1,pot_0,pot_0,1,1,PLACE,PLACE,PLACE,pot_0,pot_0,pot_0,0,0,serve
pre_pre,7012,10,11,"(-1, 0)",FETCH,FETCH,1,onion_0,onion_0,1,1,FETCH,FETCH,FETCH,onion_0,onion_0,onion_0,0,0,serve
pre_pre,7012,12,13,"(0, 1)",PLACE,PLACE,1,pot_0,pot_0,1,1,PLACE,PLACE,PLACE,pot_0,pot_0,pot_0,0,0,serve
pre_pre,7012,16,17,"(-1, 0)",FETCH,FETCH,1,onion_0,onion_0,1,1,FETCH,FETCH,FETCH,onion_0,onion_0,onion_0,0,0,serve
pre_pre,7012,18,19,"(0, 1)",PLACE,PLACE,1,pot_0,pot_0,1,1,PLACE,PLACE,PLACE,pot_0,pot_0,pot_0,0,0,serve
pre_pre,7012,22,23,interact,COOK_START,COOK_START,1,pot_0,pot_0,1,1,COOK_START,COOK_START,COOK_START,pot_0,pot_0,pot_0,0,0,serve
pre_pre,7012,23,24,"(1, 0)",HOLD,HOLD,1,none,none,1,1,HOLD,HOLD,HOLD,none,none,none,0,0,dynamic
pre_pre,7012,30,31,"(-1, 0)",GET_DISH,GET_DISH,1,dish_0,dish_0,1,1,GET_DISH,GET_DISH,GET_DISH,dish_0,dish_0,dish_0,0,0,cook
pre_pre,7012,33,34,"(1, 0)",PRE,PRE,1,pot_0,pot_0,1,1,PRE,PRE,PRE,pot_0,pot_0,pot_0,0,0,dynamic
pre_pre,7012,42,43,"(0, 0)",PICKUP,PICKUP,1,pot_0,pot_0,1,1,PICKUP,PICKUP,PICKUP,pot_0,pot_0,pot_0,0,0,cook
pre_pre,7012,49,50,"(1, 0)",DELIVER,DELIVER,1,serve_0,serve_0,1,1,DELIVER,DELIVER,DELIVER,serve_0,serve_0,serve_0,0,0,cook
pre_pre,7012,53,54,"(0, -1)",FETCH,FETCH,1,onion_1,onion_1,1,1,FETCH,FETCH,FETCH,onion_1,onion_1,onion_1,0,0,serve
pre_pre,7012,56,57,"(0, 1)",PLACE,PLACE,1,pot_1,pot_1,1,1,PLACE,PLACE,PLACE,pot_1,pot_1,pot_1,0,0,serve
pre_pre,7012,60,61,"(1, 0)",FETCH,FETCH,1,onion_1,onion_1,1,1,FETCH,FETCH,FETCH,onion_1,onion_1,onion_1,0,0,serve
pre_pre,7012,62,63,"(0, 1)",PLACE,PLACE,1,pot_1,pot_1,1,1,PLACE,PLACE,PLACE,pot_1,pot_1,pot_1,0,0,serve
pre_pre,7012,66,67,"(1, 0)",FETCH,FETCH,1,onion_1,onion_1,1,1,FETCH,FETCH,FETCH,onion_1,onion_1,onion_1,0,0,serve
pre_pre,7012,68,69,"(0, 1)",PLACE,PLACE,1,pot_1,pot_1,1,1,PLACE,PLACE,PLACE,pot_1,pot_1,pot_1,0,0,serve
pre_pre,7012,72,73,interact,COOK_START,COOK_START,1,pot_1,pot_1,1,1,COOK_START,COOK_START,COOK_START,pot_1,pot_1,pot_1,0,0,serve
pre_pre,7012,73,74,"(0, 1)",GET_DISH,FETCH,0,dish_0,onion_1,0,0,FETCH,FETCH,FETCH,onion_1,onion_1,onion_1,0,0,serve
pre_pre,7012,79,80,"(1, 0)",PRE,PRE,1,pot_1,pot_1,1,1,PRE,PRE,PRE,pot_1,pot_1,pot_1,0,0,dynamic
pre_pre,7012,92,93,"(1, 0)",PICKUP,PICKUP,1,pot_1,pot_1,1,1,PICKUP,PICKUP,PICKUP,pot_1,pot_1,pot_1,0,0,cook
pre_pre,7012,99,100,"(1, 0)",HOLD,HOLD,1,none,none,1,1,HOLD,HOLD,HOLD,none,none,none,0,0,dynamic
pre_pre,7013,0,1,"(-1, 0)",FETCH,FETCH,1,onion_0,onion_0,1,1,FETCH,FETCH,FETCH,onion_0,onion_0,onion_0,0,0,serve
pre_pre,7013,3,4,"(0, 1)",PLACE,PLACE,1,pot_0,pot_0,1,1,PLACE,PLACE,PLACE,pot_0,pot_0,pot_0,0,0,serve
pre_pre,7013,7,8,"(-1, 0)",FETCH,FETCH,1,onion_0,onion_0,1,1,FETCH,FETCH,FETCH,onion_0,onion_0,onion_0,0,0,serve
pre_pre,7013,9,10,"(0, 1)",PLACE,PLACE,1,pot_0,pot_0,1,1,PLACE,PLACE,PLACE,pot_0,pot_0,pot_0,0,0,serve
pre_pre,7013,13,14,"(-1, 0)",FETCH,FETCH,1,onion_0,onion_0,1,1,FETCH,FETCH,FETCH,onion_0,onion_0,onion_0,0,0,serve
pre_pre,7013,15,16,"(0, 1)",PLACE,PLACE,1,pot_0,pot_0,1,1,PLACE,PLACE,PLACE,pot_0,pot_0,pot_0,0,0,serve
pre_pre,7013,19,20,interact,COOK_START,COOK_START,1,pot_0,pot_0,1,1,COOK_START,COOK_START,COOK_START,pot_0,pot_0,pot_0,0,0,serve
pre_pre,7013,20,21,"(1, 0)",HOLD,HOLD,1,none,none,1,1,HOLD,HOLD,HOLD,none,none,none,0,0,dynamic
pre_pre,7013,27,28,"(-1, 0)",GET_DISH,GET_DISH,1,dish_0,dish_0,1,1,GET_DISH,GET_DISH,GET_DISH,dish_0,dish_0,dish_0,0,0,cook
pre_pre,7013,30,31,"(1, 0)",PRE,PRE,1,pot_0,pot_0,1,1,PRE,PRE,PRE,pot_0,pot_0,pot_0,0,0,dynamic
pre_pre,7013,39,40,"(0, 0)",PICKUP,PICKUP,1,pot_0,pot_0,1,1,PICKUP,PICKUP,PICKUP,pot_0,pot_0,pot_0,0,0,cook
pre_pre,7013,46,47,"(1, 0)",DELIVER,DELIVER,1,serve_0,serve_0,1,1,DELIVER,DELIVER,DELIVER,serve_0,serve_0,serve_0,0,0,cook
pre_pre,7013,50,51,"(0, -1)",FETCH,FETCH,1,onion_1,onion_1,1,1,FETCH,FETCH,FETCH,onion_1,onion_1,onion_1,0,0,serve
pre_pre,7013,53,54,"(0, 1)",PLACE,PLACE,1,pot_1,pot_1,1,1,PLACE,PLACE,PLACE,pot_1,pot_1,pot_1,0,0,serve
pre_pre,7013,57,58,"(1, 0)",FETCH,FETCH,1,onion_1,onion_1,1,1,FETCH,FETCH,FETCH,onion_1,onion_1,onion_1,0,0,serve
pre_pre,7013,59,60,"(0, 1)",PLACE,PLACE,1,pot_1,pot_1,1,1,PLACE,PLACE,PLACE,pot_1,pot_1,pot_1,0,0,serve
pre_pre,7013,63,64,"(1, 0)",FETCH,FETCH,1,onion_1,onion_1,1,1,FETCH,FETCH,FETCH,onion_1,onion_1,onion_1,0,0,serve
pre_pre,7013,65,66,"(0, 1)",PLACE,PLACE,1,pot_1,pot_1,1,1,PLACE,PLACE,PLACE,pot_1,pot_1,pot_1,0,0,serve
pre_pre,7013,69,70,interact,COOK_START,COOK_START,1,pot_1,pot_1,1,1,COOK_START,COOK_START,COOK_START,pot_1,pot_1,pot_1,0,0,serve
pre_pre,7013,70,71,"(0, 1)",GET_DISH,FETCH,0,dish_0,onion_1,0,0,FETCH,FETCH,FETCH,onion_1,onion_1,onion_1,0,0,serve
pre_pre,7013,76,77,"(1, 0)",PRE,PRE,1,pot_1,pot_1,1,1,PRE,PRE,PRE,pot_1,pot_1,pot_1,0,0,dynamic
pre_pre,7013,89,90,"(1, 0)",PICKUP,PICKUP,1,pot_1,pot_1,1,1,PICKUP,PICKUP,PICKUP,pot_1,pot_1,pot_1,0,0,cook
pre_pre,7013,96,97,"(1, 0)",HOLD,HOLD,1,none,none,1,1,HOLD,HOLD,HOLD,none,none,none,0,0,dynamic
pre_pre,7014,0,1,"(0, 0)",FETCH,FETCH,1,onion_0,onion_0,1,1,FETCH,FETCH,FETCH,onion_0,onion_0,onion_0,0,0,serve
pre_pre,7014,5,6,"(0, 1)",PLACE,PLACE,1,pot_0,pot_0,1,1,PLACE,PLACE,PLACE,pot_0,pot_0,pot_0,0,0,serve
pre_pre,7014,9,10,"(-1, 0)",FETCH,FETCH,1,onion_0,onion_0,1,1,FETCH,FETCH,FETCH,onion_0,onion_0,onion_0,0,0,serve
pre_pre,7014,11,12,"(0, 1)",PLACE,PLACE,1,pot_0,pot_0,1,1,PLACE,PLACE,PLACE,pot_0,pot_0,pot_0,0,0,serve
pre_pre,7014,15,16,"(-1, 0)",FETCH,FETCH,1,onion_0,onion_0,1,1,FETCH,FETCH,FETCH,onion_0,onion_0,onion_0,0,0,serve
pre_pre,7014,17,18,"(0, 1)",PLACE,PLACE,1,pot_0,pot_0,1,1,PLACE,PLACE,PLACE,pot_0,pot_0,pot_0,0,0,serve
pre_pre,7014,21,22,interact,COOK_START,COOK_START,1,pot_0,pot_0,1,1,COOK_START,COOK_START,COOK_START,pot_0,pot_0,pot_0,0,0,serve
pre_pre,7014,22,23,"(1, 0)",HOLD,HOLD,1,none,none,1,1,HOLD,HOLD,HOLD,none,none,none,0,0,dynamic
pre_pre,7014,29,30,"(-1, 0)",GET_DISH,GET_DISH,1,dish_0,dish_0,1,1,GET_DISH,GET_DISH,GET_DISH,dish_0,dish_0,dish_0,0,0,cook
pre_pre,7014,32,33,"(1, 0)",PRE,PRE,1,pot_0,pot_0,1,1,PRE,PRE,PRE,pot_0,pot_0,pot_0,0,0,dynamic
pre_pre,7014,41,42,"(0, 0)",PICKUP,PICKUP,1,pot_0,pot_0,1,1,PICKUP,PICKUP,PICKUP,pot_0,pot_0,pot_0,0,0,cook
pre_pre,7014,48,49,"(1, 0)",DELIVER,DELIVER,1,serve_0,serve_0,1,1,DELIVER,DELIVER,DELIVER,serve_0,serve_0,serve_0,0,0,cook
pre_pre,7014,52,53,"(0, -1)",FETCH,FETCH,1,onion_1,onion_1,1,1,FETCH,FETCH,FETCH,onion_1,onion_1,onion_1,0,0,serve
pre_pre,7014,55,56,"(0, 1)",PLACE,PLACE,1,pot_1,pot_1,1,1,PLACE,PLACE,PLACE,pot_1,pot_1,pot_1,0,0,serve
pre_pre,7014,59,60,"(1, 0)",FETCH,FETCH,1,onion_1,onion_1,1,1,FETCH,FETCH,FETCH,onion_1,onion_1,onion_1,0,0,serve
pre_pre,7014,61,62,"(0, 1)",PLACE,PLACE,1,pot_1,pot_1,1,1,PLACE,PLACE,PLACE,pot_1,pot_1,pot_1,0,0,serve
pre_pre,7014,65,66,"(1, 0)",FETCH,FETCH,1,onion_1,onion_1,1,1,FETCH,FETCH,FETCH,onion_1,onion_1,onion_1,0,0,serve
pre_pre,7014,67,68,"(0, 1)",PLACE,PLACE,1,pot_1,pot_1,1,1,PLACE,PLACE,PLACE,pot_1,pot_1,pot_1,0,0,serve
pre_pre,7014,71,72,interact,COOK_START,COOK_START,1,pot_1,pot_1,1,1,COOK_START,COOK_START,COOK_START,pot_1,pot_1,pot_1,0,0,serve
pre_pre,7014,72,73,"(0, 1)",GET_DISH,FETCH,0,dish_0,onion_1,0,0,FETCH,FETCH,FETCH,onion_1,onion_1,onion_1,0,0,serve
pre_pre,7014,78,79,"(1, 0)",PRE,PRE,1,pot_1,pot_1,1,1,PRE,PRE,PRE,pot_1,pot_1,pot_1,0,0,dynamic
pre_pre,7014,91,92,"(1, 0)",PICKUP,PICKUP,1,pot_1,pot_1,1,1,PICKUP,PICKUP,PICKUP,pot_1,pot_1,pot_1,0,0,cook
pre_pre,7014,98,99,"(1, 0)",HOLD,HOLD,1,none,none,1,1,HOLD,HOLD,HOLD,none,none,none,0,0,dynamic
pre_pre,7015,0,1,"(0, 0)",FETCH,FETCH,1,onion_0,onion_0,1,1,FETCH,FETCH,FETCH,onion_0,onion_0,onion_0,0,0,serve
pre_pre,7015,6,7,"(0, 1)",PLACE,PLACE,1,pot_0,pot_0,1,1,PLACE,PLACE,PLACE,pot_0,pot_0,pot_0,0,0,serve
pre_pre,7015,10,11,"(-1, 0)",FETCH,FETCH,1,onion_0,onion_0,1,1,FETCH,FETCH,FETCH,onion_0,onion_0,onion_0,0,0,serve
pre_pre,7015,12,13,"(0, 1)",PLACE,PLACE,1,pot_0,pot_0,1,1,PLACE,PLACE,PLACE,pot_0,pot_0,pot_0,0,0,serve
pre_pre,7015,16,17,"(-1, 0)",FETCH,FETCH,1,onion_0,onion_0,1,1,FETCH,FETCH,FETCH,onion_0,onion_0,onion_0,0,0,serve
pre_pre,7015,18,19,"(0, 1)",PLACE,PLACE,1,pot_0,pot_0,1,1,PLACE,PLACE,PLACE,pot_0,pot_0,pot_0,0,0,serve
pre_pre,7015,22,23,interact,COOK_START,COOK_START,1,pot_0,pot_0,1,1,COOK_START,COOK_START,COOK_START,pot_0,pot_0,pot_0,0,0,serve
pre_pre,7015,23,24,"(1, 0)",HOLD,HOLD,1,none,none,1,1,HOLD,HOLD,HOLD,none,none,none,0,0,dynamic
pre_pre,7015,30,31,"(-1, 0)",GET_DISH,GET_DISH,1,dish_0,dish_0,1,1,GET_DISH,GET_DISH,GET_DISH,dish_0,dish_0,dish_0,0,0,cook
pre_pre,7015,33,34,"(1, 0)",PRE,PRE,1,pot_0,pot_0,1,1,PRE,PRE,PRE,pot_0,pot_0,pot_0,0,0,dynamic
pre_pre,7015,42,43,"(0, 0)",PICKUP,PICKUP,1,pot_0,pot_0,1,1,PICKUP,PICKUP,PICKUP,pot_0,pot_0,pot_0,0,0,cook
pre_pre,7015,49,50,"(1, 0)",DELIVER,DELIVER,1,serve_0,serve_0,1,1,DELIVER,DELIVER,DELIVER,serve_0,serve_0,serve_0,0,0,cook
pre_pre,7015,53,54,"(0, -1)",FETCH,FETCH,1,onion_1,onion_1,1,1,FETCH,FETCH,FETCH,onion_1,onion_1,onion_1,0,0,serve
pre_pre,7015,56,57,"(0, 1)",PLACE,PLACE,1,pot_1,pot_1,1,1,PLACE,PLACE,PLACE,pot_1,pot_1,pot_1,0,0,serve
pre_pre,7015,60,61,"(1, 0)",FETCH,FETCH,1,onion_1,onion_1,1,1,FETCH,FETCH,FETCH,onion_1,onion_1,onion_1,0,0,serve
pre_pre,7015,62,63,"(0, 1)",PLACE,PLACE,1,pot_1,pot_1,1,1,PLACE,PLACE,PLACE,pot_1,pot_1,pot_1,0,0,serve
pre_pre,7015,66,67,"(1, 0)",FETCH,FETCH,1,onion_1,onion_1,1,1,FETCH,FETCH,FETCH,onion_1,onion_1,onion_1,0,0,serve
pre_pre,7015,68,69,"(0, 1)",PLACE,PLACE,1,pot_1,pot_1,1,1,PLACE,PLACE,PLACE,pot_1,pot_1,pot_1,0,0,serve
pre_pre,7015,72,73,interact,COOK_START,COOK_START,1,pot_1,pot_1,1,1,COOK_START,COOK_START,COOK_START,pot_1,pot_1,pot_1,0,0,serve
pre_pre,7015,73,74,"(0, 1)",GET_DISH,FETCH,0,dish_0,onion_1,0,0,FETCH,FETCH,FETCH,onion_1,onion_1,onion_1,0,0,serve
pre_pre,7015,79,80,"(1, 0)",PRE,PRE,1,pot_1,pot_1,1,1,PRE,PRE,PRE,pot_1,pot_1,pot_1,0,0,dynamic
pre_pre,7015,92,93,"(1, 0)",PICKUP,PICKUP,1,pot_1,pot_1,1,1,PICKUP,PICKUP,PICKUP,pot_1,pot_1,pot_1,0,0,cook
pre_pre,7015,99,100,"(1, 0)",HOLD,HOLD,1,none,none,1,1,HOLD,HOLD,HOLD,none,none,none,0,0,dynamic
pre_pre,7016,0,1,"(0, -1)",FETCH,FETCH,1,onion_0,onion_0,1,1,FETCH,FETCH,FETCH,onion_0,onion_0,onion_0,0,0,serve
post_pre,7001,0,1,"(-1, 0)",FETCH,FETCH,1,onion_0,onion_0,1,1,FETCH,FETCH,FETCH,onion_0,onion_0,onion_0,0,0,serve
post_pre,7001,3,4,"(0, 1)",PLACE,PLACE,1,pot_0,pot_0,1,1,PLACE,PLACE,PLACE,pot_0,pot_0,pot_0,0,0,serve
post_pre,7001,7,8,"(-1, 0)",FETCH,FETCH,1,onion_0,onion_0,1,1,FETCH,FETCH,FETCH,onion_0,onion_0,onion_0,0,0,serve
post_pre,7001,9,10,"(0, 1)",PLACE,PLACE,1,pot_0,pot_0,1,1,PLACE,PLACE,PLACE,pot_0,pot_0,pot_0,0,0,serve
post_pre,7001,13,14,"(-1, 0)",FETCH,FETCH,1,onion_0,onion_0,1,1,FETCH,FETCH,FETCH,onion_0,onion_0,onion_0,0,0,serve
post_pre,7001,15,16,"(0, 1)",PLACE,PLACE,1,pot_0,pot_0,1,1,PLACE,PLACE,PLACE,pot_0,pot_0,pot_0,0,0,serve
post_pre,7001,19,20,interact,COOK_START,COOK_START,1,pot_0,pot_0,1,1,COOK_START,COOK_START,COOK_START,pot_0,pot_0,pot_0,0,0,serve
post_pre,7001,20,21,"(-1, 0)",FETCH,FETCH,1,onion_0,onion_0,1,1,FETCH,FETCH,FETCH,onion_0,onion_0,onion_0,0,0,serve
post_pre,7001,22,23,"(0, 1)",PLACE,PLACE,1,pot_1,pot_1,1,1,PLACE,PLACE,PLACE,pot_1,pot_1,pot_1,0,0,serve
post_pre,7001,28,29,"(1, 0)",FETCH,FETCH,1,onion_1,onion_1,1,1,FETCH,FETCH,FETCH,onion_1,onion_1,onion_1,0,0,serve
post_pre,7001,30,31,"(0, 1)",PLACE,PLACE,1,pot_1,pot_1,1,1,PLACE,PLACE,PLACE,pot_1,pot_1,pot_1,0,0,serve
post_pre,7001,34,35,"(1, 0)",FETCH,FETCH,1,onion_1,onion_1,1,1,FETCH,FETCH,FETCH,onion_1,onion_1,onion_1,0,0,serve
post_pre,7001,36,37,"(0, 1)",PLACE,PLACE,1,pot_1,pot_1,1,1,PLACE,PLACE,PLACE,pot_1,pot_1,pot_1,0,0,serve
post_pre,7001,40,41,interact,COOK_START,COOK_START,1,pot_1,pot_1,1,1,COOK_START,COOK_START,COOK_START,pot_1,pot_1,pot_1,0,0,serve
post_pre,7001,41,42,"(0, 0)",GET_DISH,GET_DISH,1,dish_0,dish_0,1,1,GET_DISH,GET_DISH,GET_DISH,dish_0,dish_0,dish_0,0,0,cook
post_pre,7001,47,48,"(1, 0)",PRE,PRE,1,pot_1,none,0,0,PRE,PRE,PRE,none,pot_1,none,0,1,dynamic
post_pre,7001,60,61,"(1, 0)",PICKUP,PICKUP,1,pot_1,pot_1,1,1,PICKUP,PICKUP,PICKUP,pot_1,pot_1,pot_1,0,0,cook
post_pre,7001,63,64,"(0, 1)",DELIVER,DELIVER,1,serve_0,serve_0,1,1,DELIVER,DELIVER,DELIVER,serve_0,serve_0,serve_0,0,0,cook
post_pre,7001,65,66,"(0, -1)",FETCH,FETCH,1,onion_1,onion_1,1,1,FETCH,FETCH,FETCH,onion_1,onion_1,onion_1,0,0,serve
post_pre,7001,68,69,"(0, 1)",PLACE,PLACE,1,pot_1,pot_1,1,1,PLACE,PLACE,PLACE,pot_1,pot_1,pot_1,0,0,serve
post_pre,7001,72,73,"(1, 0)",FETCH,FETCH,1,onion_1,onion_1,1,1,FETCH,FETCH,FETCH,onion_1,onion_1,onion_1,0,0,serve
post_pre,7001,74,75,"(-1, 0)",PLACE,PLACE,1,pot_1,pot_1,1,1,PLACE,PLACE,PLACE,pot_1,pot_1,pot_1,0,0,serve
post_pre,7001,78,79,"(1, 0)",FETCH,FETCH,1,onion_1,onion_1,1,1,FETCH,FETCH,FETCH,onion_1,onion_1,onion_1,0,0,serve
post_pre,7001,80,81,"(-1, 0)",PLACE,PLACE,1,pot_1,pot_1,1,1,PLACE,PLACE,PLACE,pot_1,pot_1,pot_1,0,0,serve
post_pre,7001,84,85,interact,COOK_START,COOK_START,1,pot_1,pot_1,1,1,COOK_START,COOK_START,COOK_START,pot_1,pot_1,pot_1,0,0,serve
post_pre,7001,85,86,"(1, 0)",FETCH,FETCH,1,onion_1,onion_1,1,1,FETCH,FETCH,FETCH,onion_1,onion_1,onion_1,0,0,serve
post_pre,7001,87,88,"(0, 1)",PLACE,PLACE,1,pot_0,pot_0,1,1,PLACE,PLACE,PLACE,pot_0,pot_0,pot_0,0,0,serve
post_pre,7001,100,101,interact,COOK_START,COOK_START,1,pot_0,pot_0,1,1,COOK_START,COOK_START,COOK_START,pot_0,pot_0,pot_0,0,0,serve
post_pre,7001,101,102,"(1, 0)",HOLD,HOLD,1,none,none,1,1,HOLD,HOLD,HOLD,none,none,none,0,0,dynamic
post_pre,7001,107,108,"(-1, 0)",FETCH,GET_DISH,0,onion_0,dish_0,0,0,GET_DISH,GET_DISH,GET_DISH,dish_0,dish_0,dish_0,0,0,cook
post_pre,7001,110,111,"(0, 1)",PLACE,PLACE,1,pot_1,pot_0,0,0,PLACE,PLACE,PLACE,pot_0,pot_0,pot_0,0,0,serve
post_pre,7001,119,120,"(1, 0)",FETCH,FETCH,1,onion_1,onion_1,1,1,FETCH,FETCH,FETCH,onion_1,onion_1,onion_1,0,0,serve
post_pre,7001,121,122,"(0, 1)",PLACE,PLACE,1,pot_1,pot_1,1,1,PLACE,PLACE,PLACE,pot_1,pot_1,pot_1,0,0,serve
post_pre,7001,125,126,"(1, 0)",FETCH,FETCH,1,onion_1,onion_1,1,1,FETCH,FETCH,FETCH,onion_1,onion_1,onion_1,0,0,serve
post_pre,7001,127,128,"(0, 1)",PLACE,PLACE,1,pot_1,pot_1,1,1,PLACE,PLACE,PLACE,pot_1,pot_1,pot_1,0,0,serve
post_pre,7001,133,134,interact,COOK_START,COOK_START,1,pot_1,pot_1,1,1,COOK_START,COOK_START,COOK_START,pot_1,pot_1,pot_1,0,0,serve
post_pre,7001,134,135,"(1, 0)",FETCH,FETCH,1,onion_1,onion_1,1,1,FETCH,FETCH,FETCH,onion_1,onion_1,onion_1,0,0,serve
post_pre,7001,136,137,"(0, 1)",PLACE,PLACE,1,pot_0,pot_0,1,1,PLACE,PLACE,PLACE,pot_0,pot_0,pot_0,0,0,serve
post_pre,7001,146,147,"(-1, 0)",FETCH,FETCH,1,onion_0,onion_0,1,1,FETCH,FETCH,FETCH,onion_0,onion_0,onion_0,0,0,serve
post_pre,7001,148,149,"(0, 1)",PLACE,PLACE,1,pot_0,pot_0,1,1,PLACE,PLACE,PLACE,pot_0,pot_0,pot_0,0,0,serve
post_pre,7001,152,153,"(-1, 0)",FETCH,FETCH,1,onion_0,onion_0,1,1,FETCH,FETCH,FETCH,onion_0,onion_0,onion_0,0,0,serve
post_pre,7001,154,155,"(0, 1)",PLACE,PLACE,1,pot_0,pot_0,1,1,PLACE,PLACE,PLACE,pot_0,pot_0,pot_0,0,0,serve
post_pre,7001,158,159,interact,COOK_START,COOK_START,1,pot_0,pot_0,1,1,COOK_START,COOK_START,COOK_START,pot_0,pot_0,pot_0,0,0,serve
post_pre,7001,159,160,"(-1, 0)",FETCH,FETCH,1,onion_0,onion_0,1,1,FETCH,FETCH,FETCH,onion_0,onion_0,onion_0,0,0,serve
post_pre,7001,161,162,"(0, 1)",PLACE,PLACE,1,pot_1,pot_1,1,1,PLACE,PLACE,PLACE,pot_1,pot_1,pot_1,0,0,serve
post_pre,7001,167,168,"(1, 0)",FETCH,FETCH,1,onion_1,onion_1,1,1,FETCH,FETCH,FETCH,onion_1,onion_1,onion_1,0,0,serve
post_pre,7001,169,170,"(0, 1)",PLACE,PLACE,1,pot_1,pot_1,1,1,PLACE,PLACE,PLACE,pot_1,pot_1,pot_1,0,0,serve
post_pre,7001,173,174,"(1, 0)",FETCH,FETCH,1,onion_1,onion_1,1,1,FETCH,FETCH,FETCH,onion_1,onion_1,onion_1,0,0,serve
post_pre,7001,175,176,"(0, 1)",PLACE,PLACE,1,pot_1,pot_1,1,1,PLACE,PLACE,PLACE,pot_1,pot_1,pot_1,0,0,serve
post_pre,7001,179,180,interact,COOK_START,COOK_START,1,pot_1,pot_1,1,1,COOK_START,COOK_START,COOK_START,pot_1,pot_1,pot_1,0,0,serve
post_pre,7001,180,181,"(0, 0)",GET_DISH,GET_DISH,1,dish_0,dish_0,1,1,GET_DISH,GET_DISH,GET_DISH,dish_0,dish_0,dish_0,0,0,cook
post_pre,7001,186,187,"(1, 0)",PRE,PRE,1,pot_1,none,0,0,PRE,PRE,PRE,none,pot_1,none,0,1,dynamic
post_pre,7001,199,200,"(1, 0)",PICKUP,PICKUP,1,pot_1,pot_1,1,1,PICKUP,PICKUP,PICKUP,pot_1,pot_1,pot_1,0,0,cook
post_pre,7001,202,203,"(0, 1)",DELIVER,DELIVER,1,serve_0,serve_0,1,1,DELIVER,DELIVER,DELIVER,serve_0,serve_0,serve_0,0,0,cook
post_pre,7001,204,205,"(0, -1)",FETCH,FETCH,1,onion_1,onion_1,1,1,FETCH,FETCH,FETCH,onion_1,onion_1,onion_1,0,0,serve
post_pre,7001,207,208,"(0, 1)",PLACE,PLACE,1,pot_1,pot_1,1,1,PLACE,PLACE,PLACE,pot_1,pot_1,pot_1,0,0,serve
post_pre,7001,218,219,"(1, 0)",FETCH,FETCH,1,onion_1,onion_1,1,1,FETCH,FETCH,FETCH,onion_1,onion_1,onion_1,0,0,serve
post_pre,7001,220,221,"(-1, 0)",PLACE,PLACE,1,pot_1,pot_1,1,1,PLACE,PLACE,PLACE,pot_1,pot_1,pot_1,0,0,serve
post_pre,7001,224,225,"(1, 0)",FETCH,FETCH,1,onion_1,onion_1,1,1,FETCH,FETCH,FETCH,onion_1,onion_1,onion_1,0,0,serve
post_pre,7001,226,227,"(-1, 0)",PLACE,PLACE,1,pot_1,pot_1,1,1,PLACE,PLACE,PLACE,pot_1,pot_1,pot_1,0,0,serve
post_pre,7001,230,231,interact,COOK_START,COOK_START,1,pot_1,pot_1,1,1,COOK_START,COOK_START,COOK_START,pot_1,pot_1,pot_1,0,0,serve
post_pre,7001,231,232,"(1, 0)",FETCH,FETCH,1,onion_1,onion_1,1,1,FETCH,FETCH,FETCH,onion_1,onion_1,onion_1,0,0,serve
post_pre,7001,233,234,"(0, 1)",PLACE,PLACE,1,pot_0,pot_0,1,1,PLACE,PLACE,PLACE,pot_0,pot_0,pot_0,0,0,serve
post_pre,7001,246,247,"(-1, 0)",FETCH,FETCH,1,onion_0,onion_0,1,1,FETCH,FETCH,FETCH,onion_0,onion_0,onion_0,0,0,serve
post_pre,7001,248,249,"(0, 1)",PLACE,PLACE,1,pot_0,pot_0,1,1,PLACE,PLACE,PLACE,pot_0,pot_0,pot_0,0,0,serve
post_pre,7001,252,253,"(-1, 0)",FETCH,FETCH,1,onion_0,onion_0,1,1,FETCH,FETCH,FETCH,onion_0,onion_0,onion_0,0,0,serve
post_pre,7001,254,255,"(0, 1)",PLACE,PLACE,1,pot_0,pot_0,1,1,PLACE,PLACE,PLACE,pot_0,pot_0,pot_0,0,0,serve
post_pre,7001,258,259,interact,COOK_START,COOK_START,1,pot_0,pot_0,1,1,COOK_START,COOK_START,COOK_START,pot_0,pot_0,pot_0,0,0,serve
post_pre,7001,259,260,"(-1, 0)",FETCH,FETCH,1,onion_0,onion_0,1,1,FETCH,FETCH,FETCH,onion_0,onion_0,onion_0,0,0,serve
post_pre,7001,261,262,"(0, 1)",PLACE,PLACE,1,pot_1,pot_1,1,1,PLACE,PLACE,PLACE,pot_1,pot_1,pot_1,0,0,serve
post_pre,7001,267,268,"(1, 0)",FETCH,FETCH,1,onion_1,onion_1,1,1,FETCH,FETCH,FETCH,onion_1,onion_1,onion_1,0,0,serve
post_pre,7001,269,270,"(0, 1)",PLACE,PLACE,1,pot_1,pot_1,1,1,PLACE,PLACE,PLACE,pot_1,pot_1,pot_1,0,0,serve
post_pre,7001,273,274,"(1, 0)",FETCH,FETCH,1,onion_1,onion_1,1,1,FETCH,FETCH,FETCH,onion_1,onion_1,onion_1,0,0,serve
post_pre,7001,275,276,"(0, 1)",PLACE,PLACE,1,pot_1,pot_1,1,1,PLACE,PLACE,PLACE,pot_1,pot_1,pot_1,0,0,serve
post_pre,7001,279,280,interact,COOK_START,COOK_START,1,pot_1,pot_1,1,1,COOK_START,COOK_START,COOK_START,pot_1,pot_1,pot_1,0,0,serve
post_pre,7001,280,281,"(0, 0)",GET_DISH,GET_DISH,1,dish_0,dish_0,1,1,GET_DISH,GET_DISH,GET_DISH,dish_0,dish_0,dish_0,0,0,cook
post_pre,7001,286,287,"(1, 0)",PRE,PRE,1,pot_1,none,0,0,PRE,PRE,PRE,none,onion_1,none,0,1,dynamic
post_pre,7001,299,300,"(1, 0)",PICKUP,PICKUP,1,pot_1,pot_1,1,1,PICKUP,PICKUP,PICKUP,pot_1,pot_1,pot_1,0,0,cook
post_pre,7001,302,303,"(0, 1)",DELIVER,DELIVER,1,serve_0,serve_0,1,1,DELIVER,DELIVER,DELIVER,serve_0,serve_0,serve_0,0,0,cook
post_pre,7001,304,305,"(0, -1)",FETCH,FETCH,1,onion_1,onion_1,1,1,FETCH,FETCH,FETCH,onion_1,onion_1,onion_1,0,0,serve
post_pre,7001,307,308,"(0, 1)",PLACE,PLACE,1,pot_1,pot_1,1,1,PLACE,PLACE,PLACE,pot_1,pot_1,pot_1,0,0,serve
post_pre,7001,311,312,"(1, 0)",FETCH,FETCH,1,onion_1,onion_1,1,1,FETCH,FETCH,FETCH,onion_1,onion_1,onion_1,0,0,serve
post_pre,7001,313,314,"(-1, 0)",PLACE,PLACE,1,pot_1,pot_1,1,1,PLACE,PLACE,PLACE,pot_1,pot_1,pot_1,0,0,serve
post_pre,7001,317,318,"(1, 0)",FETCH,FETCH,1,onion_1,onion_1,1,1,FETCH,FETCH,FETCH,onion_1,onion_1,onion_1,0,0,serve
post_pre,7001,319,320,"(-1, 0)",PLACE,PLACE,1,pot_1,pot_1,1,1,PLACE,PLACE,PLACE,pot_1,pot_1,pot_1,0,0,serve
post_pre,7001,323,324,interact,COOK_START,COOK_START,1,pot_1,pot_1,1,1,COOK_START,COOK_START,COOK_START,pot_1,pot_1,pot_1,0,0,serve
post_pre,7001,324,325,"(1, 0)",FETCH,FETCH,1,onion_1,onion_1,1,1,FETCH,FETCH,FETCH,onion_1,onion_1,onion_1,0,0,serve
post_pre,7001,326,327,"(0, 1)",PLACE,PLACE,1,pot_0,pot_0,1,1,PLACE,PLACE,PLACE,pot_0,pot_0,pot_0,0,0,serve
post_pre,7001,339,340,interact,COOK_START,COOK_START,1,pot_0,pot_0,1,1,COOK_START,COOK_START,COOK_START,pot_0,pot_0,pot_0,0,0,serve
post_pre,7001,340,341,"(1, 0)",HOLD,HOLD,1,none,none,1,1,HOLD,HOLD,HOLD,none,none,none,0,0,dynamic
post_pre,7001,346,347,"(-1, 0)",FETCH,GET_DISH,0,onion_0,dish_0,0,0,GET_DISH,GET_DISH,GET_DISH,dish_0,dish_0,dish_0,0,0,cook
post_pre,7001,349,350,"(0, 1)",PLACE,PLACE,1,pot_1,pot_0,0,0,PLACE,PLACE,PLACE,pot_0,pot_0,pot_0,0,0,serve
post_pre,7001,358,359,"(1, 0)",FETCH,FETCH,1,onion_1,onion_1,1,1,FETCH,FETCH,FETCH,onion_1,onion_1,onion_1,0,0,serve
post_pre,7001,360,361,"(0, 1)",PLACE,PLACE,1,pot_1,pot_1,1,1,PLACE,PLACE,PLACE,pot_1,pot_1,pot_1,0,0,serve
post_pre,7001,364,365,"(1, 0)",FETCH,FETCH,1,onion_1,onion_1,1,1,FETCH,FETCH,FETCH,onion_1,onion_1,onion_1,0,0,serve
post_pre,7001,366,367,"(0, 1)",PLACE,PLACE,1,pot_1,pot_1,1,1,PLACE,PLACE,PLACE,pot_1,pot_1,pot_1,0,0,serve
post_pre,7001,372,373,interact,COOK_START,COOK_START,1,pot_1,pot_1,1,1,COOK_START,COOK_START,COOK_START,pot_1,pot_1,pot_1,0,0,serve
post_pre,7001,373,374,"(1, 0)",FETCH,FETCH,1,onion_1,onion_1,1,1,FETCH,FETCH,FETCH,onion_1,onion_1,onion_1,0,0,serve
post_pre,7001,375,376,"(0, 1)",PLACE,PLACE,1,pot_0,pot_0,1,1,PLACE,PLACE,PLACE,pot_0,pot_0,pot_0,0,0,serve
post_pre,7001,385,386,"(-1, 0)",FETCH,FETCH,1,onion_0,onion_0,1,1,FETCH,FETCH,FETCH,onion_0,onion_0,onion_0,0,0,serve
post_pre,7001,387,388,"(0, 1)",PLACE,PLACE,1,pot_0,pot_0,1,1,PLACE,PLACE,PLACE,pot_0,pot_0,pot_0,0,0,serve
post_pre,7001,391,392,"(-1, 0)",FETCH,FETCH,1,onion_0,onion_0,1,1,FETCH,FETCH,FETCH,onion_0,onion_0,onion_0,0,0,serve
post_pre,7001,393,394,"(0, 1)",PLACE,PLACE,1,pot_0,pot_0,1,1,PLACE,PLACE,PLACE,pot_0,pot_0,pot_0,0,0,serve
post_pre,7001,397,398,interact,COOK_START,COOK_START,1,pot_0,pot_0,1,1,COOK_START,COOK_START,COOK_START,pot_0,pot_0,pot_0,0,0,serve
post_pre,7001,398,399,"(-1, 0)",FETCH,GET_DISH,0,onion_0,dish_0,0,0,GET_DISH,FETCH,GET_DISH,dish_0,onion_0,dish_0,1,1,cook
post_pre,7001,400,401,"(0, 1)",PLACE,PLACE,1,pot_1,pot_1,1,1,PLACE,PLACE,PLACE,pot_1,pot_1,pot_1,0,0,serve
post_pre,7001,406,407,"(1, 0)",FETCH,FETCH,1,onion_1,onion_1,1,1,FETCH,FETCH,FETCH,onion_1,onion_1,onion_1,0,0,serve
post_pre,7001,408,409,"(0, 1)",PLACE,PLACE,1,pot_1,pot_1,1,1,PLACE,PLACE,PLACE,pot_1,pot_1,pot_1,0,0,serve
post_pre,7001,412,413,"(1, 0)",FETCH,FETCH,1,onion_1,onion_1,1,1,FETCH,FETCH,FETCH,onion_1,onion_1,onion_1,0,0,serve
post_pre,7001,414,415,"(0, 1)",PLACE,PLACE,1,pot_1,pot_1,1,1,PLACE,PLACE,PLACE,pot_1,pot_1,pot_1,0,0,serve
post_pre,7001,418,419,interact,COOK_START,COOK_START,1,pot_1,pot_1,1,1,COOK_START,COOK_START,COOK_START,pot_1,pot_1,pot_1,0,0,serve
post_pre,7001,419,420,"(0, 0)",GET_DISH,GET_DISH,1,dish_0,dish_0,1,1,GET_DISH,GET_DISH,GET_DISH,dish_0,dish_0,dish_0,0,0,cook
post_pre,7001,425,426,"(1, 0)",PRE,PRE,1,pot_1,pot_0,0,0,PRE,PRE,PRE,pot_0,pot_0,pot_0,0,0,dynamic
post_pre,7001,438,439,"(1, 0)",PICKUP,PICKUP,1,pot_1,pot_1,1,1,PICKUP,PICKUP,PICKUP,pot_1,pot_1,pot_1,0,0,cook
post_pre,7001,441,442,"(0, 1)",DELIVER,DELIVER,1,serve_0,serve_0,1,1,DELIVER,DELIVER,DELIVER,serve_0,serve_0,serve_0,0,0,cook
post_pre,7001,443,444,"(0, -1)",FETCH,FETCH,1,onion_1,onion_1,1,1,FETCH,FETCH,FETCH,onion_1,onion_1,onion_1,0,0,serve
post_pre,7001,446,447,"(0, 1)",PLACE,PLACE,1,pot_1,pot_0,0,0,PLACE,PLACE,PLACE,pot_0,pot_0,pot_0,0,0,serve
post_pre,7001,457,458,"(1, 0)",FETCH,FETCH,1,onion_1,onion_1,1,1,FETCH,FETCH,FETCH,onion_1,onion_1,onion_1,0,0,serve
post_pre,7001,459,460,"(-1, 0)",PLACE,PLACE,1,pot_1,pot_1,1,1,PLACE,PLACE,PLACE,pot_1,pot_1,pot_1,0,0,serve
post_pre,7001,463,464,"(1, 0)",FETCH,FETCH,1,onion_1,onion_1,1,1,FETCH,FETCH,FETCH,onion_1,onion_1,onion_1,0,0,serve
post_pre,7001,465,466,"(-1, 0)",PLACE,PLACE,1,pot_1,pot_1,1,1,PLACE,PLACE,PLACE,pot_1,pot_1,pot_1,0,0,serve
post_pre,7001,469,470,interact,COOK_START,COOK_START,1,pot_1,pot_1,1,1,COOK_START,COOK_START,COOK_START,pot_1,pot_1,pot_1,0,0,serve
post_pre,7001,470,471,"(1, 0)",FETCH,FETCH,1,onion_1,onion_1,1,1,FETCH,FETCH,FETCH,onion_1,onion_1,onion_1,0,0,serve
post_pre,7001,472,473,"(0, 1)",PLACE,PLACE,1,pot_0,pot_0,1,1,PLACE,PLACE,PLACE,pot_0,pot_0,pot_0,0,0,serve
post_pre,7001,485,486,"(-1, 0)",FETCH,GET_DISH,0,onion_0,onion_0,1,0,GET_DISH,FETCH,GET_DISH,onion_0,onion_0,onion_0,1,0,cook
post_pre,7001,487,488,"(0, 1)",PLACE,PLACE,1,pot_0,pot_0,1,1,PLACE,PLACE,PLACE,pot_0,pot_0,pot_0,0,0,serve
post_pre,7001,491,492,"(-1, 0)",FETCH,FETCH,1,onion_0,onion_0,1,1,FETCH,FETCH,FETCH,onion_0,onion_0,onion_0,0,0,serve
post_pre,7001,493,494,"(0, 1)",PLACE,PLACE,1,pot_0,pot_0,1,1,PLACE,PLACE,PLACE,pot_0,pot_0,pot_0,0,0,serve
post_pre,7001,497,498,interact,COOK_START,COOK_START,1,pot_0,pot_0,1,1,COOK_START,COOK_START,COOK_START,pot_0,pot_0,pot_0,0,0,serve
post_pre,7001,498,499,"(-1, 0)",FETCH,GET_DISH,0,onion_0,dish_0,0,0,GET_DISH,GET_DISH,GET_DISH,dish_0,dish_0,dish_0,0,0,cook
post_pre,7001,500,501,"(0, 1)",PLACE,PLACE,1,pot_1,pot_1,1,1,PLACE,PLACE,PLACE,pot_1,pot_1,pot_1,0,0,serve
post_pre,7001,506,507,"(1, 0)",FETCH,FETCH,1,onion_1,onion_1,1,1,FETCH,FETCH,FETCH,onion_1,onion_1,onion_1,0,0,serve
post_pre,7001,508,509,"(0, 1)",PLACE,PLACE,1,pot_1,pot_1,1,1,PLACE,PLACE,PLACE,pot_1,pot_1,pot_1,0,0,serve
post_pre,7001,512,513,"(1, 0)",FETCH,FETCH,1,onion_1,onion_1,1,1,FETCH,FETCH,FETCH,onion_1,onion_1,onion_1,0,0,serve
post_pre,7001,514,515,"(0, 1)",PLACE,PLACE,1,pot_1,pot_1,1,1,PLACE,PLACE,PLACE,pot_1,pot_1,pot_1,0,0,serve
post_pre,7001,518,519,interact,COOK_START,COOK_START,1,pot_1,pot_1,1,1,COOK_START,COOK_START,COOK_START,pot_1,pot_1,pot_1,0,0,serve
post_pre,7001,519,520,"(0, 0)",GET_DISH,GET_DISH,1,dish_0,dish_0,1,1,GET_DISH,GET_DISH,GET_DISH,dish_0,dish_0,dish_0,0,0,cook
post_pre,7001,525,526,"(1, 0)",PRE,PRE,1,pot_1,pot_0,0,0,PRE,PRE,PRE,pot_0,dish_0,pot_0,0,1,dynamic
post_pre,7001,538,539,"(1, 0)",PICKUP,PICKUP,1,pot_1,pot_1,1,1,PICKUP,PICKUP,PICKUP,pot_1,pot_1,pot_1,0,0,cook
post_pre,7001,541,542,"(0, 1)",DELIVER,DELIVER,1,serve_0,serve_0,1,1,DELIVER,DELIVER,DELIVER,serve_0,serve_0,serve_0,0,0,cook
post_pre,7001,543,544,"(0, -1)",FETCH,FETCH,1,onion_1,onion_1,1,1,FETCH,FETCH,FETCH,onion_1,onion_1,onion_1,0,0,serve
post_pre,7001,546,547,"(0, 1)",PLACE,PLACE,1,pot_1,pot_0,0,0,PLACE,PLACE,PLACE,pot_0,pot_0,pot_0,0,0,serve
post_pre,7001,557,558,"(1, 0)",FETCH,FETCH,1,onion_1,onion_1,1,1,FETCH,FETCH,FETCH,onion_1,onion_1,onion_1,0,0,serve
post_pre,7001,559,560,"(-1, 0)",PLACE,PLACE,1,pot_1,pot_1,1,1,PLACE,PLACE,PLACE,pot_1,pot_1,pot_1,0,0,serve
post_pre,7001,563,564,"(1, 0)",FETCH,FETCH,1,onion_1,onion_1,1,1,FETCH,FETCH,FETCH,onion_1,onion_1,onion_1,0,0,serve
post_pre,7001,565,566,"(-1, 0)",PLACE,PLACE,1,pot_1,pot_1,1,1,PLACE,PLACE,PLACE,pot_1,pot_1,pot_1,0,0,serve
post_pre,7001,569,570,interact,COOK_START,COOK_START,1,pot_1,pot_1,1,1,COOK_START,COOK_START,COOK_START,pot_1,pot_1,pot_1,0,0,serve
post_pre,7001,570,571,"(1, 0)",FETCH,FETCH,1,onion_1,onion_1,1,1,FETCH,FETCH,FETCH,onion_1,onion_1,onion_1,0,0,serve
post_pre,7001,572,573,"(0, 1)",PLACE,PLACE,1,pot_0,pot_0,1,1,PLACE,PLACE,PLACE,pot_0,pot_0,pot_0,0,0,serve
post_pre,7001,585,586,"(-1, 0)",FETCH,GET_DISH,0,onion_0,dish_0,0,0,GET_DISH,GET_DISH,GET_DISH,dish_0,dish_0,dish_0,0,0,cook
post_pre,7001,587,588,"(0, 1)",PLACE,PLACE,1,pot_0,pot_0,1,1,PLACE,PLACE,PLACE,pot_0,pot_0,pot_0,0,0,serve
post_pre,7001,591,592,"(-1, 0)",FETCH,FETCH,1,onion_0,onion_0,1,1,FETCH,FETCH,FETCH,onion_0,onion_0,onion_0,0,0,serve
post_pre,7001,593,594,"(0, 1)",PLACE,PLACE,1,pot_0,pot_0,1,1,PLACE,PLACE,PLACE,pot_0,pot_0,pot_0,0,0,serve
post_pre,7001,597,598,interact,COOK_START,COOK_START,1,pot_0,pot_0,1,1,COOK_START,COOK_START,COOK_START,pot_0,pot_0,pot_0,0,0,serve
post_pre,7001,598,599,"(-1, 0)",FETCH,GET_DISH,0,onion_0,dish_0,0,0,GET_DISH,GET_DISH,GET_DISH,dish_0,dish_0,dish_0,0,0,cook
post_pre,7001,600,601,"(0, 1)",PLACE,PLACE,1,pot_1,pot_1,1,1,PLACE,PLACE,PLACE,pot_1,pot_1,pot_1,0,0,serve
post_pre,7001,606,607,"(1, 0)",FETCH,FETCH,1,onion_1,onion_1,1,1,FETCH,FETCH,FETCH,onion_1,onion_1,onion_1,0,0,serve
post_pre,7001,608,609,"(0, 1)",PLACE,PLACE,1,pot_1,pot_1,1,1,PLACE,PLACE,PLACE,pot_1,pot_1,pot_1,0,0,serve
post_pre,7001,612,613,"(1, 0)",FETCH,FETCH,1,onion_1,onion_1,1,1,FETCH,FETCH,FETCH,onion_1,onion_1,onion_1,0,0,serve
post_pre,7001,614,615,"(0, 1)",PLACE,PLACE,1,pot_1,pot_1,1,1,PLACE,PLACE,PLACE,pot_1,pot_1,pot_1,0,0,serve
post_pre,7001,618,619,interact,COOK_START,COOK_START,1,pot_1,pot_1,1,1,COOK_START,COOK_START,COOK_START,pot_1,pot_1,pot_1,0,0,serve
post_pre,7001,619,620,"(0, 0)",GET_DISH,GET_DISH,1,dish_0,dish_0,1,1,GET_DISH,GET_DISH,GET_DISH,dish_0,dish_0,dish_0,0,0,cook
post_pre,7001,625,626,"(1, 0)",PRE,PRE,1,pot_1,pot_0,0,0,PRE,PRE,PRE,pot_0,dish_0,dish_0,0,1,dynamic
post_pre,7001,638,639,"(1, 0)",PICKUP,PICKUP,1,pot_1,pot_1,1,1,PICKUP,PICKUP,PICKUP,pot_1,pot_1,pot_1,0,0,cook
post_pre,7001,641,642,"(0, 1)",DELIVER,DELIVER,1,serve_0,serve_0,1,1,DELIVER,DELIVER,DELIVER,serve_0,serve_0,serve_0,0,0,cook
post_pre,7001,643,644,"(0, -1)",FETCH,FETCH,1,onion_1,onion_1,1,1,FETCH,FETCH,FETCH,onion_1,onion_1,onion_1,0,0,serve
post_pre,7001,646,647,"(0, 1)",PLACE,PLACE,1,pot_1,pot_0,0,0,PLACE,PLACE,PLACE,pot_0,pot_0,pot_0,0,0,serve
post_pre,7001,657,658,"(1, 0)",FETCH,FETCH,1,onion_1,onion_1,1,1,FETCH,FETCH,FETCH,onion_1,onion_1,onion_1,0,0,serve
post_pre,7001,659,660,"(-1, 0)",PLACE,PLACE,1,pot_1,pot_1,1,1,PLACE,PLACE,PLACE,pot_1,pot_1,pot_1,0,0,serve
post_pre,7001,663,664,"(1, 0)",FETCH,FETCH,1,onion_1,onion_1,1,1,FETCH,FETCH,FETCH,onion_1,onion_1,onion_1,0,0,serve
post_pre,7001,665,666,"(-1, 0)",PLACE,PLACE,1,pot_1,pot_1,1,1,PLACE,PLACE,PLACE,pot_1,pot_1,pot_1,0,0,serve
post_pre,7001,669,670,interact,COOK_START,COOK_START,1,pot_1,pot_1,1,1,COOK_START,COOK_START,COOK_START,pot_1,pot_1,pot_1,0,0,serve
post_pre,7001,670,671,"(1, 0)",FETCH,FETCH,1,onion_1,onion_1,1,1,FETCH,FETCH,FETCH,onion_1,onion_1,onion_1,0,0,serve
post_pre,7001,672,673,"(0, 1)",PLACE,PLACE,1,pot_0,pot_0,1,1,PLACE,PLACE,PLACE,pot_0,pot_0,pot_0,0,0,serve
post_pre,7001,685,686,"(-1, 0)",FETCH,GET_DISH,0,onion_0,dish_0,0,0,GET_DISH,GET_DISH,GET_DISH,dish_0,dish_0,dish_0,0,0,cook
post_pre,7001,687,688,"(0, 1)",PLACE,PLACE,1,pot_0,pot_0,1,1,PLACE,PLACE,PLACE,pot_0,pot_0,pot_0,0,0,serve
post_pre,7001,691,692,"(-1, 0)",FETCH,FETCH,1,onion_0,onion_0,1,1,FETCH,FETCH,FETCH,onion_0,onion_0,onion_0,0,0,serve
post_pre,7001,693,694,"(0, 1)",PLACE,PLACE,1,pot_0,pot_0,1,1,PLACE,PLACE,PLACE,pot_0,pot_0,pot_0,0,0,serve
post_pre,7001,697,698,interact,COOK_START,COOK_START,1,pot_0,pot_0,1,1,COOK_START,COOK_START,COOK_START,pot_0,pot_0,pot_0,0,0,serve
post_pre,7001,698,699,"(-1, 0)",FETCH,GET_DISH,0,onion_0,dish_0,0,0,GET_DISH,GET_DISH,GET_DISH,dish_0,dish_0,dish_0,0,0,cook
post_pre,7002,0,1,"(0, 0)",FETCH,FETCH,1,onion_0,onion_0,1,1,FETCH,FETCH,FETCH,onion_0,onion_0,onion_0,0,0,serve
post_pre,7002,5,6,"(0, 1)",PLACE,PLACE,1,pot_0,pot_0,1,1,PLACE,PLACE,PLACE,pot_0,pot_0,pot_0,0,0,serve
post_pre,7002,9,10,"(-1, 0)",FETCH,FETCH,1,onion_0,onion_0,1,1,FETCH,FETCH,FETCH,onion_0,onion_0,onion_0,0,0,serve
post_pre,7002,11,12,"(0, 1)",PLACE,PLACE,1,pot_0,pot_0,1,1,PLACE,PLACE,PLACE,pot_0,pot_0,pot_0,0,0,serve
post_pre,7002,15,16,"(-1, 0)",FETCH,FETCH,1,onion_0,onion_0,1,1,FETCH,FETCH,FETCH,onion_0,onion_0,onion_0,0,0,serve
post_pre,7002,17,18,"(0, 1)",PLACE,PLACE,1,pot_0,pot_0,1,1,PLACE,PLACE,PLACE,pot_0,pot_0,pot_0,0,0,serve
post_pre,7002,21,22,interact,COOK_START,COOK_START,1,pot_0,pot_0,1,1,COOK_START,COOK_START,COOK_START,pot_0,pot_0,pot_0,0,0,serve
post_pre,7002,22,23,"(-1, 0)",FETCH,FETCH,1,onion_0,onion_0,1,1,FETCH,FETCH,FETCH,onion_0,onion_0,onion_0,0,0,serve
post_pre,7002,24,25,"(0, 1)",PLACE,PLACE,1,pot_1,pot_1,1,1,PLACE,PLACE,PLACE,pot_1,pot_1,pot_1,0,0,serve
post_pre,7002,30,31,"(1, 0)",FETCH,FETCH,1,onion_1,onion_1,1,1,FETCH,FETCH,FETCH,onion_1,onion_1,onion_1,0,0,serve
post_pre,7002,32,33,"(0, 1)",PLACE,PLACE,1,pot_1,pot_1,1,1,PLACE,PLACE,PLACE,pot_1,pot_1,pot_1,0,0,serve
post_pre,7002,36,37,"(1, 0)",FETCH,FETCH,1,onion_1,onion_1,1,1,FETCH,FETCH,FETCH,onion_1,onion_1,onion_1,0,0,serve
post_pre,7002,38,39,"(0, 1)",PLACE,PLACE,1,pot_1,pot_1,1,1,PLACE,PLACE,PLACE,pot_1,pot_1,pot_1,0,0,serve
post_pre,7002,42,43,interact,COOK_START,COOK_START,1,pot_1,pot_1,1,1,COOK_START,COOK_START,COOK_START,pot_1,pot_1,pot_1,0,0,serve
post_pre,7002,43,44,"(0, 0)",GET_DISH,GET_DISH,1,dish_0,dish_0,1,1,GET_DISH,GET_DISH,GET_DISH,dish_0,dish_0,dish_0,0,0,cook
post_pre,7002,49,50,"(1, 0)",PRE,PRE,1,pot_1,none,0,0,PRE,PRE,PRE,none,pot_1,none,0,1,dynamic
post_pre,7002,62,63,"(1, 0)",PICKUP,PICKUP,1,pot_1,pot_1,1,1,PICKUP,PICKUP,PICKUP,pot_1,pot_1,pot_1,0,0,cook
post_pre,7002,65,66,"(0, 1)",DELIVER,DELIVER,1,serve_0,serve_0,1,1,DELIVER,DELIVER,DELIVER,serve_0,serve_0,serve_0,0,0,cook
post_pre,7002,67,68,"(0, -1)",FETCH,FETCH,1,onion_1,onion_1,1,1,FETCH,FETCH,FETCH,onion_1,onion_1,onion_1,0,0,serve
post_pre,7002,70,71,"(0, 1)",PLACE,PLACE,1,pot_1,pot_1,1,1,PLACE,PLACE,PLACE,pot_1,pot_1,pot_1,0,0,serve
post_pre,7002,74,75,"(1, 0)",FETCH,FETCH,1,onion_1,onion_1,1,1,FETCH,FETCH,FETCH,onion_1,onion_1,onion_1,0,0,serve
post_pre,7002,76,77,"(-1, 0)",PLACE,PLACE,1,pot_1,pot_1,1,1,PLACE,PLACE,PLACE,pot_1,pot_1,pot_1,0,0,serve
post_pre,7002,80,81,"(1, 0)",FETCH,FETCH,1,onion_1,onion_1,1,1,FETCH,FETCH,FETCH,onion_1,onion_1,onion_1,0,0,serve
post_pre,7002,82,83,"(-1, 0)",PLACE,PLACE,1,pot_1,pot_1,1,1,PLACE,PLACE,PLACE,pot_1,pot_1,pot_1,0,0,serve
post_pre,7002,86,87,interact,COOK_START,COOK_START,1,pot_1,pot_1,1,1,COOK_START,COOK_START,COOK_START,pot_1,pot_1,pot_1,0,0,serve
post_pre,7002,87,88,"(1, 0)",FETCH,FETCH,1,onion_1,onion_1,1,1,FETCH,FETCH,FETCH,onion_1,onion_1,onion_1,0,0,serve
post_pre,7002,89,90,"(0, 1)",PLACE,PLACE,1,pot_0,pot_0,1,1,PLACE,PLACE,PLACE,pot_0,pot_0,pot_0,0,0,serve
post_pre,7002,102,103,interact,COOK_START,COOK_START,1,pot_0,pot_0,1,1,COOK_START,COOK_START,COOK_START,pot_0,pot_0,pot_0,0,0,serve
post_pre,7002,103,104,"(1, 0)",HOLD,HOLD,1,none,none,1,1,HOLD,HOLD,HOLD,none,none,none,0,0,dynamic
post_pre,7002,109,110,"(-1, 0)",FETCH,GET_DISH,0,onion_0,dish_0,0,0,GET_DISH,GET_DISH,GET_DISH,dish_0,dish_0,dish_0,0,0,cook
post_pre,7002,112,113,"(0, 1)",PLACE,PLACE,1,pot_1,pot_0,0,0,PLACE,PLACE,PLACE,pot_0,pot_0,pot_0,0,0,serve
post_pre,7002,121,122,"(1, 0)",FETCH,FETCH,1,onion_1,onion_1,1,1,FETCH,FETCH,FETCH,onion_1,onion_1,onion_1,0,0,serve
post_pre,7002,123,124,"(0, 1)",PLACE,PLACE,1,pot_1,pot_1,1,1,PLACE,PLACE,PLACE,pot_1,pot_1,pot_1,0,0,serve
post_pre,7002,127,128,"(1, 0)",FETCH,FETCH,1,onion_1,onion_1,1,1,FETCH,FETCH,FETCH,onion_1,onion_1,onion_1,0,0,serve
post_pre,7002,129,130,"(0, 1)",PLACE,PLACE,1,pot_1,pot_1,1,1,PLACE,PLACE,PLACE,pot_1,pot_1,pot_1,0,0,serve
post_pre,7002,135,136,interact,COOK_START,COOK_START,1,pot_1,pot_1,1,1,COOK_START,COOK_START,COOK_START,pot_1,pot_1,pot_1,0,0,serve
post_pre,7002,136,137,"(1, 0)",FETCH,FETCH,1,onion_1,onion_1,1,1,FETCH,FETCH,FETCH,onion_1,onion_1,onion_1,0,0,serve
post_pre,7002,138,139,"(0, 1)",PLACE,PLACE,1,pot_0,pot_0,1,1,PLACE,PLACE,PLACE,pot_0,pot_0,pot_0,0,0,serve
post_pre,7002,148,149,"(-1, 0)",FETCH,FETCH,1,onion_0,onion_0,1,1,FETCH,FETCH,FETCH,onion_0,onion_0,onion_0,0,0,serve
post_pre,7002,150,151,"(0, 1)",PLACE,PLACE,1,pot_0,pot_0,1,1,PLACE,PLACE,PLACE,pot_0,pot_0,pot_0,0,0,serve
post_pre,7002,154,155,"(-1, 0)",FETCH,FETCH,1,onion_0,onion_0,1,1,FETCH,FETCH,FETCH,onion_0,onion_0,onion_0,0,0,serve
post_pre,7002,156,157,"(0, 1)",PLACE,PLACE,1,pot_0,pot_0,1,1,PLACE,PLACE,PLACE,pot_0,pot_0,pot_0,0,0,serve
post_pre,7002,160,161,interact,COOK_START,COOK_START,1,pot_0,pot_0,1,1,COOK_START,COOK_START,COOK_START,pot_0,pot_0,pot_0,0,0,serve
post_pre,7002,161,162,"(-1, 0)",FETCH,FETCH,1,onion_0,onion_0,1,1,FETCH,FETCH,FETCH,onion_0,onion_0,onion_0,0,0,serve
post_pre,7002,163,164,"(0, 1)",PLACE,PLACE,1,pot_1,pot_1,1,1,PLACE,PLACE,PLACE,pot_1,pot_1,pot_1,0,0,serve
post_pre,7002,169,170,"(1, 0)",FETCH,FETCH,1,onion_1,onion_1,1,1,FETCH,FETCH,FETCH,onion_1,onion_1,onion_1,0,0,serve
post_pre,7002,171,172,"(0, 1)",PLACE,PLACE,1,pot_1,pot_1,1,1,PLACE,PLACE,PLACE,pot_1,pot_1,pot_1,0,0,serve
post_pre,7002,175,176,"(1, 0)",FETCH,FETCH,1,onion_1,onion_1,1,1,FETCH,FETCH,FETCH,onion_1,onion_1,onion_1,0,0,serve
post_pre,7002,177,178,"(0, 1)",PLACE,PLACE,1,pot_1,pot_1,1,1,PLACE,PLACE,PLACE,pot_1,pot_1,pot_1,0,0,serve
post_pre,7002,181,182,interact,COOK_START,COOK_START,1,pot_1,pot_1,1,1,COOK_START,COOK_START,COOK_START,pot_1,pot_1,pot_1,0,0,serve
post_pre,7002,182,183,"(0, 0)",GET_DISH,GET_DISH,1,dish_0,dish_0,1,1,GET_DISH,GET_DISH,GET_DISH,dish_0,dish_0,dish_0,0,0,cook
post_pre,7002,188,189,"(1, 0)",PRE,PRE,1,pot_1,none,0,0,PRE,PRE,PRE,none,pot_1,none,0,1,dynamic
post_pre,7002,201,202,"(1, 0)",PICKUP,PICKUP,1,pot_1,pot_1,1,1,PICKUP,PICKUP,PICKUP,pot_1,pot_1,pot_1,0,0,cook
post_pre,7002,204,205,"(0, 1)",DELIVER,DELIVER,1,serve_0,serve_0,1,1,DELIVER,DELIVER,DELIVER,serve_0,serve_0,serve_0,0,0,cook
post_pre,7002,206,207,"(0, -1)",FETCH,FETCH,1,onion_1,onion_1,1,1,FETCH,FETCH,FETCH,onion_1,onion_1,onion_1,0,0,serve
post_pre,7002,209,210,"(0, 1)",PLACE,PLACE,1,pot_1,pot_1,1,1,PLACE,PLACE,PLACE,pot_1,pot_1,pot_1,0,0,serve
post_pre,7002,220,221,"(1, 0)",FETCH,FETCH,1,onion_1,onion_1,1,1,FETCH,FETCH,FETCH,onion_1,onion_1,onion_1,0,0,serve
post_pre,7002,222,223,"(-1, 0)",PLACE,PLACE,1,pot_1,pot_1,1,1,PLACE,PLACE,PLACE,pot_1,pot_1,pot_1,0,0,serve
post_pre,7002,226,227,"(1, 0)",FETCH,FETCH,1,onion_1,onion_1,1,1,FETCH,FETCH,FETCH,onion_1,onion_1,onion_1,0,0,serve
post_pre,7002,228,229,"(-1, 0)",PLACE,PLACE,1,pot_1,pot_1,1,1,PLACE,PLACE,PLACE,pot_1,pot_1,pot_1,0,0,serve
post_pre,7002,232,233,interact,COOK_START,COOK_START,1,pot_1,pot_1,1,1,COOK_START,COOK_START,COOK_START,pot_1,pot_1,pot_1,0,0,serve
post_pre,7002,233,234,"(1, 0)",FETCH,FETCH,1,onion_1,onion_1,1,1,FETCH,FETCH,FETCH,onion_1,onion_1,onion_1,0,0,serve
post_pre,7002,235,236,"(0, 1)",PLACE,PLACE,1,pot_0,pot_0,1,1,PLACE,PLACE,PLACE,pot_0,pot_0,pot_0,0,0,serve
post_pre,7002,248,249,"(-1, 0)",FETCH,FETCH,1,onion_0,onion_0,1,1,FETCH,FETCH,FETCH,onion_0,onion_0,onion_0,0,0,serve
post_pre,7002,250,251,"(0, 1)",PLACE,PLACE,1,pot_0,pot_0,1,1,PLACE,PLACE,PLACE,pot_0,pot_0,pot_0,0,0,serve
post_pre,7002,254,255,"(-1, 0)",FETCH,FETCH,1,onion_0,onion_0,1,1,FETCH,FETCH,FETCH,onion_0,onion_0,onion_0,0,0,serve
post_pre,7002,256,257,"(0, 1)",PLACE,PLACE,1,pot_0,pot_0,1,1,PLACE,PLACE,PLACE,pot_0,pot_0,pot_0,0,0,serve
post_pre,7002,260,261,interact,COOK_START,COOK_START,1,pot_0,pot_0,1,1,COOK_START,COOK_START,COOK_START,pot_0,pot_0,pot_0,0,0,serve
post_pre,7002,261,262,"(-1, 0)",FETCH,FETCH,1,onion_0,onion_0,1,1,FETCH,FETCH,FETCH,onion_0,onion_0,onion_0,0,0,serve
post_pre,7002,263,264,"(0, 1)",PLACE,PLACE,1,pot_1,pot_1,1,1,PLACE,PLACE,PLACE,pot_1,pot_1,pot_1,0,0,serve
post_pre,7002,269,270,"(1, 0)",FETCH,FETCH,1,onion_1,onion_1,1,1,FETCH,FETCH,FETCH,onion_1,onion_1,onion_1,0,0,serve
post_pre,7002,271,272,"(0, 1)",PLACE,PLACE,1,pot_1,pot_1,1,1,PLACE,PLACE,PLACE,pot_1,pot_1,pot_1,0,0,serve
post_pre,7002,275,276,"(1, 0)",FETCH,FETCH,1,onion_1,onion_1,1,1,FETCH,FETCH,FETCH,onion_1,onion_1,onion_1,0,0,serve
post_pre,7002,277,278,"(0, 1)",PLACE,PLACE,1,pot_1,pot_1,1,1,PLACE,PLACE,PLACE,pot_1,pot_1,pot_1,0,0,serve
post_pre,7002,281,282,interact,COOK_START,COOK_START,1,pot_1,pot_1,1,1,COOK_START,COOK_START,COOK_START,pot_1,pot_1,pot_1,0,0,serve
post_pre,7002,282,283,"(0, 0)",GET_DISH,GET_DISH,1,dish_0,dish_0,1,1,GET_DISH,GET_DISH,GET_DISH,dish_0,dish_0,dish_0,0,0,cook
post_pre,7002,288,289,"(1, 0)",PRE,PRE,1,pot_1,none,0,0,PRE,PRE,PRE,none,onion_1,none,0,1,dynamic
post_pre,7002,301,302,"(1, 0)",PICKUP,PICKUP,1,pot_1,pot_1,1,1,PICKUP,PICKUP,PICKUP,pot_1,pot_1,pot_1,0,0,cook
post_pre,7002,304,305,"(0, 1)",DELIVER,DELIVER,1,serve_0,serve_0,1,1,DELIVER,DELIVER,DELIVER,serve_0,serve_0,serve_0,0,0,cook
post_pre,7002,306,307,"(0, -1)",FETCH,FETCH,1,onion_1,onion_1,1,1,FETCH,FETCH,FETCH,onion_1,onion_1,onion_1,0,0,serve
post_pre,7002,309,310,"(0, 1)",PLACE,PLACE,1,pot_1,pot_1,1,1,PLACE,PLACE,PLACE,pot_1,pot_1,pot_1,0,0,serve
post_pre,7002,313,314,"(1, 0)",FETCH,FETCH,1,onion_1,onion_1,1,1,FETCH,FETCH,FETCH,onion_1,onion_1,onion_1,0,0,serve
post_pre,7002,315,316,"(-1, 0)",PLACE,PLACE,1,pot_1,pot_1,1,1,PLACE,PLACE,PLACE,pot_1,pot_1,pot_1,0,0,serve
post_pre,7002,319,320,"(1, 0)",FETCH,FETCH,1,onion_1,onion_1,1,1,FETCH,FETCH,FETCH,onion_1,onion_1,onion_1,0,0,serve
post_pre,7002,321,322,"(-1, 0)",PLACE,PLACE,1,pot_1,pot_1,1,1,PLACE,PLACE,PLACE,pot_1,pot_1,pot_1,0,0,serve
post_pre,7002,325,326,interact,COOK_START,COOK_START,1,pot_1,pot_1,1,1,COOK_START,COOK_START,COOK_START,pot_1,pot_1,pot_1,0,0,serve
post_pre,7002,326,327,"(1, 0)",FETCH,FETCH,1,onion_1,onion_1,1,1,FETCH,FETCH,FETCH,onion_1,onion_1,onion_1,0,0,serve
post_pre,7002,328,329,"(0, 1)",PLACE,PLACE,1,pot_0,pot_0,1,1,PLACE,PLACE,PLACE,pot_0,pot_0,pot_0,0,0,serve
post_pre,7002,341,342,interact,COOK_START,COOK_START,1,pot_0,pot_0,1,1,COOK_START,COOK_START,COOK_START,pot_0,pot_0,pot_0,0,0,serve
post_pre,7002,342,343,"(1, 0)",HOLD,HOLD,1,none,none,1,1,HOLD,HOLD,HOLD,none,none,none,0,0,dynamic
post_pre,7002,348,349,"(-1, 0)",FETCH,GET_DISH,0,onion_0,dish_0,0,0,GET_DISH,GET_DISH,GET_DISH,dish_0,dish_0,dish_0,0,0,cook
post_pre,7002,351,352,"(0, 1)",PLACE,PLACE,1,pot_1,pot_0,0,0,PLACE,PLACE,PLACE,pot_0,pot_0,pot_0,0,0,serve
post_pre,7002,360,361,"(1, 0)",FETCH,FETCH,1,onion_1,onion_1,1,1,FETCH,FETCH,FETCH,onion_1,onion_1,onion_1,0,0,serve
post_pre,7002,362,363,"(0, 1)",PLACE,PLACE,1,pot_1,pot_1,1,1,PLACE,PLACE,PLACE,pot_1,pot_1,pot_1,0,0,serve
post_pre,7002,366,367,"(1, 0)",FETCH,FETCH,1,onion_1,onion_1,1,1,FETCH,FETCH,FETCH,onion_1,onion_1,onion_1,0,0,serve
post_pre,7002,368,369,"(0, 1)",PLACE,PLACE,1,pot_1,pot_1,1,1,PLACE,PLACE,PLACE,pot_1,pot_1,pot_1,0,0,serve
post_pre,7002,374,375,interact,COOK_START,COOK_START,1,pot_1,pot_1,1,1,COOK_START,COOK_START,COOK_START,pot_1,pot_1,pot_1,0,0,serve
post_pre,7002,375,376,"(1, 0)",FETCH,FETCH,1,onion_1,onion_1,1,1,FETCH,FETCH,FETCH,onion_1,onion_1,onion_1,0,0,serve
post_pre,7002,377,378,"(0, 1)",PLACE,PLACE,1,pot_0,pot_0,1,1,PLACE,PLACE,PLACE,pot_0,pot_0,pot_0,0,0,serve
post_pre,7002,387,388,"(-1, 0)",FETCH,FETCH,1,onion_0,onion_0,1,1,FETCH,FETCH,FETCH,onion_0,onion_0,onion_0,0,0,serve
post_pre,7002,389,390,"(0, 1)",PLACE,PLACE,1,pot_0,pot_0,1,1,PLACE,PLACE,PLACE,pot_0,pot_0,pot_0,0,0,serve
post_pre,7002,393,394,"(-1, 0)",FETCH,FETCH,1,onion_0,onion_0,1,1,FETCH,FETCH,FETCH,onion_0,onion_0,onion_0,0,0,serve
post_pre,7002,395,396,"(0, 1)",PLACE,PLACE,1,pot_0,pot_0,1,1,PLACE,PLACE,PLACE,pot_0,pot_0,pot_0,0,0,serve
post_pre,7002,399,400,interact,COOK_START,COOK_START,1,pot_0,pot_0,1,1,COOK_START,COOK_START,COOK_START,pot_0,pot_0,pot_0,0,0,serve
post_pre,7002,400,401,"(-1, 0)",FETCH,GET_DISH,0,onion_0,dish_0,0,0,GET_DISH,FETCH,GET_DISH,dish_0,onion_0,dish_0,1,1,cook
post_pre,7002,402,403,"(0, 1)",PLACE,PLACE,1,pot_1,pot_1,1,1,PLACE,PLACE,PLACE,pot_1,pot_1,pot_1,0,0,serve
post_pre,7002,408,409,"(1, 0)",FETCH,FETCH,1,onion_1,onion_1,1,1,FETCH,FETCH,FETCH,onion_1,onion_1,onion_1,0,0,serve
post_pre,7002,410,411,"(0, 1)",PLACE,PLACE,1,pot_1,pot_1,1,1,PLACE,PLACE,PLACE,pot_1,pot_1,pot_1,0,0,serve
post_pre,7002,414,415,"(1, 0)",FETCH,FETCH,1,onion_1,onion_1,1,1,FETCH,FETCH,FETCH,onion_1,onion_1,onion_1,0,0,serve
post_pre,7002,416,417,"(0, 1)",PLACE,PLACE,1,pot_1,pot_1,1,1,PLACE,PLACE,PLACE,pot_1,pot_1,pot_1,0,0,serve
post_pre,7002,420,421,interact,COOK_START,COOK_START,1,pot_1,pot_1,1,1,COOK_START,COOK_START,COOK_START,pot_1,pot_1,pot_1,0,0,serve
post_pre,7002,421,422,"(0, 0)",GET_DISH,GET_DISH,1,dish_0,dish_0,1,1,GET_DISH,GET_DISH,GET_DISH,dish_0,dish_0,dish_0,0,0,cook
post_pre,7002,427,428,"(1, 0)",PRE,PRE,1,pot_1,pot_0,0,0,PRE,PRE,PRE,pot_0,pot_0,pot_0,0,0,dynamic
post_pre,7002,440,441,"(1, 0)",PICKUP,PICKUP,1,pot_1,pot_1,1,1,PICKUP,PICKUP,PICKUP,pot_1,pot_1,pot_1,0,0,cook
post_pre,7002,443,444,"(0, 1)",DELIVER,DELIVER,1,serve_0,serve_0,1,1,DELIVER,DELIVER,DELIVER,serve_0,serve_0,serve_0,0,0,cook
post_pre,7002,445,446,"(0, -1)",FETCH,FETCH,1,onion_1,onion_1,1,1,FETCH,FETCH,FETCH,onion_1,onion_1,onion_1,0,0,serve
post_pre,7002,448,449,"(0, 1)",PLACE,PLACE,1,pot_1,pot_0,0,0,PLACE,PLACE,PLACE,pot_0,pot_0,pot_0,0,0,serve
post_pre,7002,459,460,"(1, 0)",FETCH,FETCH,1,onion_1,onion_1,1,1,FETCH,FETCH,FETCH,onion_1,onion_1,onion_1,0,0,serve
post_pre,7002,461,462,"(-1, 0)",PLACE,PLACE,1,pot_1,pot_1,1,1,PLACE,PLACE,PLACE,pot_1,pot_1,pot_1,0,0,serve
post_pre,7002,465,466,"(1, 0)",FETCH,FETCH,1,onion_1,onion_1,1,1,FETCH,FETCH,FETCH,onion_1,onion_1,onion_1,0,0,serve
post_pre,7002,467,468,"(-1, 0)",PLACE,PLACE,1,pot_1,pot_1,1,1,PLACE,PLACE,PLACE,pot_1,pot_1,pot_1,0,0,serve
post_pre,7002,471,472,interact,COOK_START,COOK_START,1,pot_1,pot_1,1,1,COOK_START,COOK_START,COOK_START,pot_1,pot_1,pot_1,0,0,serve
post_pre,7002,472,473,"(1, 0)",FETCH,FETCH,1,onion_1,onion_1,1,1,FETCH,FETCH,FETCH,onion_1,onion_1,onion_1,0,0,serve
post_pre,7002,474,475,"(0, 1)",PLACE,PLACE,1,pot_0,pot_0,1,1,PLACE,PLACE,PLACE,pot_0,pot_0,pot_0,0,0,serve
post_pre,7002,487,488,"(-1, 0)",FETCH,GET_DISH,0,onion_0,onion_0,1,0,GET_DISH,FETCH,GET_DISH,onion_0,onion_0,onion_0,1,0,cook
post_pre,7002,489,490,"(0, 1)",PLACE,PLACE,1,pot_0,pot_0,1,1,PLACE,PLACE,PLACE,pot_0,pot_0,pot_0,0,0,serve
post_pre,7002,493,494,"(-1, 0)",FETCH,FETCH,1,onion_0,onion_0,1,1,FETCH,FETCH,FETCH,onion_0,onion_0,onion_0,0,0,serve
post_pre,7002,495,496,"(0, 1)",PLACE,PLACE,1,pot_0,pot_0,1,1,PLACE,PLACE,PLACE,pot_0,pot_0,pot_0,0,0,serve
post_pre,7002,499,500,interact,COOK_START,COOK_START,1,pot_0,pot_0,1,1,COOK_START,COOK_START,COOK_START,pot_0,pot_0,pot_0,0,0,serve
post_pre,7002,500,501,"(-1, 0)",FETCH,GET_DISH,0,onion_0,dish_0,0,0,GET_DISH,GET_DISH,GET_DISH,dish_0,dish_0,dish_0,0,0,cook
post_pre,7002,502,503,"(0, 1)",PLACE,PLACE,1,pot_1,pot_1,1,1,PLACE,PLACE,PLACE,pot_1,pot_1,pot_1,0,0,serve
post_pre,7002,508,509,"(1, 0)",FETCH,FETCH,1,onion_1,onion_1,1,1,FETCH,FETCH,FETCH,onion_1,onion_1,onion_1,0,0,serve
post_pre,7002,510,511,"(0, 1)",PLACE,PLACE,1,pot_1,pot_1,1,1,PLACE,PLACE,PLACE,pot_1,pot_1,pot_1,0,0,serve
post_pre,7002,514,515,"(1, 0)",FETCH,FETCH,1,onion_1,onion_1,1,1,FETCH,FETCH,FETCH,onion_1,onion_1,onion_1,0,0,serve
post_pre,7002,516,517,"(0, 1)",PLACE,PLACE,1,pot_1,pot_1,1,1,PLACE,PLACE,PLACE,pot_1,pot_1,pot_1,0,0,serve
post_pre,7002,520,521,interact,COOK_START,COOK_START,1,pot_1,pot_1,1,1,COOK_START,COOK_START,COOK_START,pot_1,pot_1,pot_1,0,0,serve
post_pre,7002,521,522,"(0, 0)",GET_DISH,GET_DISH,1,dish_0,dish_0,1,1,GET_DISH,GET_DISH,GET_DISH,dish_0,dish_0,dish_0,0,0,cook
post_pre,7002,527,528,"(1, 0)",PRE,PRE,1,pot_1,pot_0,0,0,PRE,PRE,PRE,pot_0,dish_0,pot_0,0,1,dynamic
post_pre,7002,540,541,"(1, 0)",PICKUP,PICKUP,1,pot_1,pot_1,1,1,PICKUP,PICKUP,PICKUP,pot_1,pot_1,pot_1,0,0,cook
post_pre,7002,543,544,"(0, 1)",DELIVER,DELIVER,1,serve_0,serve_0,1,1,DELIVER,DELIVER,DELIVER,serve_0,serve_0,serve_0,0,0,cook
post_pre,7002,545,546,"(0, -1)",FETCH,FETCH,1,onion_1,onion_1,1,1,FETCH,FETCH,FETCH,onion_1,onion_1,onion_1,0,0,serve
post_pre,7002,548,549,"(0, 1)",PLACE,PLACE,1,pot_1,pot_0,0,0,PLACE,PLACE,PLACE,pot_0,pot_0,pot_0,0,0,serve
post_pre,7002,559,560,"(1, 0)",FETCH,FETCH,1,onion_1,onion_1,1,1,FETCH,FETCH,FETCH,onion_1,onion_1,onion_1,0,0,serve
post_pre,7002,561,562,"(-1, 0)",PLACE,PLACE,1,pot_1,pot_1,1,1,PLACE,PLACE,PLACE,pot_1,pot_1,pot_1,0,0,serve
post_pre,7002,565,566,"(1, 0)",FETCH,FETCH,1,onion_1,onion_1,1,1,FETCH,FETCH,FETCH,onion_1,onion_1,onion_1,0,0,serve
post_pre,7002,567,568,"(-1, 0)",PLACE,PLACE,1,pot_1,pot_1,1,1,PLACE,PLACE,PLACE,pot_1,pot_1,pot_1,0,0,serve
post_pre,7002,571,572,interact,COOK_START,COOK_START,1,pot_1,pot_1,1,1,COOK_START,COOK_START,COOK_START,pot_1,pot_1,pot_1,0,0,serve
post_pre,7002,572,573,"(1, 0)",FETCH,FETCH,1,onion_1,onion_1,1,1,FETCH,FETCH,FETCH,onion_1,onion_1,onion_1,0,0,serve
post_pre,7002,574,575,"(0, 1)",PLACE,PLACE,1,pot_0,pot_0,1,1,PLACE,PLACE,PLACE,pot_0,pot_0,pot_0,0,0,serve
post_pre,7002,587,588,"(-1, 0)",FETCH,GET_DISH,0,onion_0,dish_0,0,0,GET_DISH,GET_DISH,GET_DISH,dish_0,dish_0,dish_0,0,0,cook
post_pre,7002,589,590,"(0, 1)",PLACE,PLACE,1,pot_0,pot_0,1,1,PLACE,PLACE,PLACE,pot_0,pot_0,pot_0,0,0,serve
post_pre,7002,593,594,"(-1, 0)",FETCH,FETCH,1,onion_0,onion_0,1,1,FETCH,FETCH,FETCH,onion_0,onion_0,onion_0,0,0,serve
post_pre,7002,595,596,"(0, 1)",PLACE,PLACE,1,pot_0,pot_0,1,1,PLACE,PLACE,PLACE,pot_0,pot_0,pot_0,0,0,serve
post_pre,7002,599,600,interact,COOK_START,COOK_START,1,pot_0,pot_0,1,1,COOK_START,COOK_START,COOK_START,pot_0,pot_0,pot_0,0,0,serve
post_pre,7002,600,601,"(-1, 0)",FETCH,GET_DISH,0,onion_0,dish_0,0,0,GET_DISH,GET_DISH,GET_DISH,dish_0,dish_0,dish_0,0,0,cook
post_pre,7002,602,603,"(0, 1)",PLACE,PLACE,1,pot_1,pot_1,1,1,PLACE,PLACE,PLACE,pot_1,pot_1,pot_1,0,0,serve
post_pre,7002,608,609,"(1, 0)",FETCH,FETCH,1,onion_1,onion_1,1,1,FETCH,FETCH,FETCH,onion_1,onion_1,onion_1,0,0,serve
post_pre,7002,610,611,"(0, 1)",PLACE,PLACE,1,pot_1,pot_1,1,1,PLACE,PLACE,PLACE,pot_1,pot_1,pot_1,0,0,serve
post_pre,7002,614,615,"(1, 0)",FETCH,FETCH,1,onion_1,onion_1,1,1,FETCH,FETCH,FETCH,onion_1,onion_1,onion_1,0,0,serve
post_pre,7002,616,617,"(0, 1)",PLACE,PLACE,1,pot_1,pot_1,1,1,PLACE,PLACE,PLACE,pot_1,pot_1,pot_1,0,0,serve
post_pre,7002,620,621,interact,COOK_START,COOK_START,1,pot_1,pot_1,1,1,COOK_START,COOK_START,COOK_START,pot_1,pot_1,pot_1,0,0,serve
post_pre,7002,621,622,"(0, 0)",GET_DISH,GET_DISH,1,dish_0,dish_0,1,1,GET_DISH,GET_DISH,GET_DISH,dish_0,dish_0,dish_0,0,0,cook
post_pre,7002,627,628,"(1, 0)",PRE,PRE,1,pot_1,pot_0,0,0,PRE,PRE,PRE,pot_0,dish_0,dish_0,0,1,dynamic
post_pre,7002,640,641,"(1, 0)",PICKUP,PICKUP,1,pot_1,pot_1,1,1,PICKUP,PICKUP,PICKUP,pot_1,pot_1,pot_1,0,0,cook
post_pre,7002,643,644,"(0, 1)",DELIVER,DELIVER,1,serve_0,serve_0,1,1,DELIVER,DELIVER,DELIVER,serve_0,serve_0,serve_0,0,0,cook
post_pre,7002,645,646,"(0, -1)",FETCH,FETCH,1,onion_1,onion_1,1,1,FETCH,FETCH,FETCH,onion_1,onion_1,onion_1,0,0,serve
post_pre,7002,648,649,"(0, 1)",PLACE,PLACE,1,pot_1,pot_0,0,0,PLACE,PLACE,PLACE,pot_0,pot_0,pot_0,0,0,serve
post_pre,7002,659,660,"(1, 0)",FETCH,FETCH,1,onion_1,onion_1,1,1,FETCH,FETCH,FETCH,onion_1,onion_1,onion_1,0,0,serve
post_pre,7002,661,662,"(-1, 0)",PLACE,PLACE,1,pot_1,pot_1,1,1,PLACE,PLACE,PLACE,pot_1,pot_1,pot_1,0,0,serve
post_pre,7002,665,666,"(1, 0)",FETCH,FETCH,1,onion_1,onion_1,1,1,FETCH,FETCH,FETCH,onion_1,onion_1,onion_1,0,0,serve
post_pre,7002,667,668,"(-1, 0)",PLACE,PLACE,1,pot_1,pot_1,1,1,PLACE,PLACE,PLACE,pot_1,pot_1,pot_1,0,0,serve
post_pre,7002,671,672,interact,COOK_START,COOK_START,1,pot_1,pot_1,1,1,COOK_START,COOK_START,COOK_START,pot_1,pot_1,pot_1,0,0,serve
post_pre,7002,672,673,"(1, 0)",FETCH,FETCH,1,onion_1,onion_1,1,1,FETCH,FETCH,FETCH,onion_1,onion_1,onion_1,0,0,serve
post_pre,7002,674,675,"(0, 1)",PLACE,PLACE,1,pot_0,pot_0,1,1,PLACE,PLACE,PLACE,pot_0,pot_0,pot_0,0,0,serve
post_pre,7002,687,688,"(-1, 0)",FETCH,GET_DISH,0,onion_0,dish_0,0,0,GET_DISH,GET_DISH,GET_DISH,dish_0,dish_0,dish_0,0,0,cook
post_pre,7002,689,690,"(0, 1)",PLACE,PLACE,1,pot_0,pot_0,1,1,PLACE,PLACE,PLACE,pot_0,pot_0,pot_0,0,0,serve
post_pre,7002,693,694,"(-1, 0)",FETCH,FETCH,1,onion_0,onion_0,1,1,FETCH,FETCH,FETCH,onion_0,onion_0,onion_0,0,0,serve
post_pre,7002,695,696,"(0, 1)",PLACE,PLACE,1,pot_0,pot_0,1,1,PLACE,PLACE,PLACE,pot_0,pot_0,pot_0,0,0,serve
post_pre,7002,699,700,interact,COOK_START,COOK_START,1,pot_0,pot_0,1,1,COOK_START,COOK_START,COOK_START,pot_0,pot_0,pot_0,0,0,serve
post_pre,7003,0,1,"(0, 0)",FETCH,FETCH,1,onion_0,onion_0,1,1,FETCH,FETCH,FETCH,onion_0,onion_0,onion_0,0,0,serve
post_pre,7003,3,4,"(0, 1)",PLACE,PLACE,1,pot_0,pot_0,1,1,PLACE,PLACE,PLACE,pot_0,pot_0,pot_0,0,0,serve
post_pre,7003,7,8,"(-1, 0)",FETCH,FETCH,1,onion_0,onion_0,1,1,FETCH,FETCH,FETCH,onion_0,onion_0,onion_0,0,0,serve
post_pre,7003,9,10,"(0, 1)",PLACE,PLACE,1,pot_0,pot_0,1,1,PLACE,PLACE,PLACE,pot_0,pot_0,pot_0,0,0,serve
post_pre,7003,13,14,"(-1, 0)",FETCH,FETCH,1,onion_0,onion_0,1,1,FETCH,FETCH,FETCH,onion_0,onion_0,onion_0,0,0,serve
post_pre,7003,15,16,"(0, 1)",PLACE,PLACE,1,pot_0,pot_0,1,1,PLACE,PLACE,PLACE,pot_0,pot_0,pot_0,0,0,serve
post_pre,7003,19,20,interact,COOK_START,COOK_START,1,pot_0,pot_0,1,1,COOK_START,COOK_START,COOK_START,pot_0,pot_0,pot_0,0,0,serve
post_pre,7003,20,21,"(-1, 0)",FETCH,FETCH,1,onion_0,onion_0,1,1,FETCH,FETCH,FETCH,onion_0,onion_0,onion_0,0,0,serve
post_pre,7003,22,23,"(0, 1)",PLACE,PLACE,1,pot_1,pot_1,1,1,PLACE,PLACE,PLACE,pot_1,pot_1,pot_1,0,0,serve
post_pre,7003,28,29,"(1, 0)",FETCH,FETCH,1,onion_1,onion_1,1,1,FETCH,FETCH,FETCH,onion_1,onion_1,onion_1,0,0,serve
post_pre,7003,30,31,"(0, 1)",PLACE,PLACE,1,pot_1,pot_1,1,1,PLACE,PLACE,PLACE,pot_1,pot_1,pot_1,0,0,serve
post_pre,7003,34,35,"(1, 0)",FETCH,FETCH,1,onion_1,onion_1,1,1,FETCH,FETCH,FETCH,onion_1,onion_1,onion_1,0,0,serve
post_pre,7003,36,37,"(0, 1)",PLACE,PLACE,1,pot_1,pot_1,1,1,PLACE,PLACE,PLACE,pot_1,pot_1,pot_1,0,0,serve
post_pre,7003,40,41,interact,COOK_START,COOK_START,1,pot_1,pot_1,1,1,COOK_START,COOK_START,COOK_START,pot_1,pot_1,pot_1,0,0,serve
post_pre,7003,41,42,"(0, 0)",GET_DISH,GET_DISH,1,dish_0,dish_0,1,1,GET_DISH,GET_DISH,GET_DISH,dish_0,dish_0,dish_0,0,0,cook
post_pre,7003,47,48,"(1, 0)",PRE,PRE,1,pot_1,none,0,0,PRE,PRE,PRE,none,pot_1,none,0,1,dynamic
post_pre,7003,60,61,"(1, 0)",PICKUP,PICKUP,1,pot_1,pot_1,1,1,PICKUP,PICKUP,PICKUP,pot_1,pot_1,pot_1,0,0,cook
post_pre,7003,63,64,"(0, 1)",DELIVER,DELIVER,1,serve_0,serve_0,1,1,DELIVER,DELIVER,DELIVER,serve_0,serve_0,serve_0,0,0,cook
post_pre,7003,65,66,"(0, -1)",FETCH,FETCH,1,onion_1,onion_1,1,1,FETCH,FETCH,FETCH,onion_1,onion_1,onion_1,0,0,serve
post_pre,7003,68,69,"(0, 1)",PLACE,PLACE,1,pot_1,pot_1,1,1,PLACE,PLACE,PLACE,pot_1,pot_1,pot_1,0,0,serve
post_pre,7003,72,73,"(1, 0)",FETCH,FETCH,1,onion_1,onion_1,1,1,FETCH,FETCH,FETCH,onion_1,onion_1,onion_1,0,0,serve
post_pre,7003,74,75,"(-1, 0)",PLACE,PLACE,1,pot_1,pot_1,1,1,PLACE,PLACE,PLACE,pot_1,pot_1,pot_1,0,0,serve
post_pre,7003,78,79,"(1, 0)",FETCH,FETCH,1,onion_1,onion_1,1,1,FETCH,FETCH,FETCH,onion_1,onion_1,onion_1,0,0,serve
post_pre,7003,80,81,"(-1, 0)",PLACE,PLACE,1,pot_1,pot_1,1,1,PLACE,PLACE,PLACE,pot_1,pot_1,pot_1,0,0,serve
post_pre,7003,84,85,interact,COOK_START,COOK_START,1,pot_1,pot_1,1,1,COOK_START,COOK_START,COOK_START,pot_1,pot_1,pot_1,0,0,serve
post_pre,7003,85,86,"(1, 0)",FETCH,FETCH,1,onion_1,onion_1,1,1,FETCH,FETCH,FETCH,onion_1,onion_1,onion_1,0,0,serve
post_pre,7003,87,88,"(0, 1)",PLACE,PLACE,1,pot_0,pot_0,1,1,PLACE,PLACE,PLACE,pot_0,pot_0,pot_0,0,0,serve
post_pre,7003,100,101,interact,COOK_START,COOK_START,1,pot_0,pot_0,1,1,COOK_START,COOK_START,COOK_START,pot_0,pot_0,pot_0,0,0,serve
post_pre,7003,101,102,"(1, 0)",HOLD,HOLD,1,none,none,1,1,HOLD,HOLD,HOLD,none,none,none,0,0,dynamic
post_pre,7003,107,108,"(-1, 0)",FETCH,GET_DISH,0,onion_0,dish_0,0,0,GET_DISH,GET_DISH,GET_DISH,dish_0,dish_0,dish_0,0,0,cook
post_pre,7003,110,111,"(0, 1)",PLACE,PLACE,1,pot_1,pot_0,0,0,PLACE,PLACE,PLACE,pot_0,pot_0,pot_0,0,0,serve
post_pre,7003,119,120,"(1, 0)",FETCH,FETCH,1,onion_1,onion_1,1,1,FETCH,FETCH,FETCH,onion_1,onion_1,onion_1,0,0,serve
post_pre,7003,121,122,"(0, 1)",PLACE,PLACE,1,pot_1,pot_1,1,1,PLACE,PLACE,PLACE,pot_1,pot_1,pot_1,0,0,serve
post_pre,7003,125,126,"(1, 0)",FETCH,FETCH,1,onion_1,onion_1,1,1,FETCH,FETCH,FETCH,onion_1,onion_1,onion_1,0,0,serve
post_pre,7003,127,128,"(0, 1)",PLACE,PLACE,1,pot_1,pot_1,1,1,PLACE,PLACE,PLACE,pot_1,pot_1,pot_1,0,0,serve
post_pre,7003,133,134,interact,COOK_START,COOK_START,1,pot_1,pot_1,1,1,COOK_START,COOK_START,COOK_START,pot_1,pot_1,pot_1,0,0,serve
post_pre,7003,134,135,"(1, 0)",FETCH,FETCH,1,onion_1,onion_1,1,1,FETCH,FETCH,FETCH,onion_1,onion_1,onion_1,0,0,serve
post_pre,7003,136,137,"(0, 1)",PLACE,PLACE,1,pot_0,pot_0,1,1,PLACE,PLACE,PLACE,pot_0,pot_0,pot_0,0,0,serve
post_pre,7003,146,147,"(-1, 0)",FETCH,FETCH,1,onion_0,onion_0,1,1,FETCH,FETCH,FETCH,onion_0,onion_0,onion_0,0,0,serve
post_pre,7003,148,149,"(0, 1)",PLACE,PLACE,1,pot_0,pot_0,1,1,PLACE,PLACE,PLACE,pot_0,pot_0,pot_0,0,0,serve
post_pre,7003,152,153,"(-1, 0)",FETCH,FETCH,1,onion_0,onion_0,1,1,FETCH,FETCH,FETCH,onion_0,onion_0,onion_0,0,0,serve
post_pre,7003,154,155,"(0, 1)",PLACE,PLACE,1,pot_0,pot_0,1,1,PLACE,PLACE,PLACE,pot_0,pot_0,pot_0,0,0,serve
post_pre,7003,158,159,interact,COOK_START,COOK_START,1,pot_0,pot_0,1,1,COOK_START,COOK_START,COOK_START,pot_0,pot_0,pot_0,0,0,serve
post_pre,7003,159,160,"(-1, 0)",FETCH,FETCH,1,onion_0,onion_0,1,1,FETCH,FETCH,FETCH,onion_0,onion_0,onion_0,0,0,serve
post_pre,7003,161,162,"(0, 1)",PLACE,PLACE,1,pot_1,pot_1,1,1,PLACE,PLACE,PLACE,pot_1,pot_1,pot_1,0,0,serve
post_pre,7003,167,168,"(1, 0)",FETCH,FETCH,1,onion_1,onion_1,1,1,FETCH,FETCH,FETCH,onion_1,onion_1,onion_1,0,0,serve
post_pre,7003,169,170,"(0, 1)",PLACE,PLACE,1,pot_1,pot_1,1,1,PLACE,PLACE,PLACE,pot_1,pot_1,pot_1,0,0,serve
post_pre,7003,173,174,"(1, 0)",FETCH,FETCH,1,onion_1,onion_1,1,1,FETCH,FETCH,FETCH,onion_1,onion_1,onion_1,0,0,serve
post_pre,7003,175,176,"(0, 1)",PLACE,PLACE,1,pot_1,pot_1,1,1,PLACE,PLACE,PLACE,pot_1,pot_1,pot_1,0,0,serve
post_pre,7003,179,180,interact,COOK_START,COOK_START,1,pot_1,pot_1,1,1,COOK_START,COOK_START,COOK_START,pot_1,pot_1,pot_1,0,0,serve
post_pre,7003,180,181,"(0, 0)",GET_DISH,GET_DISH,1,dish_0,dish_0,1,1,GET_DISH,GET_DISH,GET_DISH,dish_0,dish_0,dish_0,0,0,cook
post_pre,7003,186,187,"(1, 0)",PRE,PRE,1,pot_1,none,0,0,PRE,PRE,PRE,none,pot_1,none,0,1,dynamic
post_pre,7003,199,200,"(1, 0)",PICKUP,PICKUP,1,pot_1,pot_1,1,1,PICKUP,PICKUP,PICKUP,pot_1,pot_1,pot_1,0,0,cook
post_pre,7003,202,203,"(0, 1)",DELIVER,DELIVER,1,serve_0,serve_0,1,1,DELIVER,DELIVER,DELIVER,serve_0,serve_0,serve_0,0,0,cook
post_pre,7003,204,205,"(0, -1)",FETCH,FETCH,1,onion_1,onion_1,1,1,FETCH,FETCH,FETCH,onion_1,onion_1,onion_1,0,0,serve
post_pre,7003,207,208,"(0, 1)",PLACE,PLACE,1,pot_1,pot_1,1,1,PLACE,PLACE,PLACE,pot_1,pot_1,pot_1,0,0,serve
post_pre,7003,218,219,"(1, 0)",FETCH,FETCH,1,onion_1,onion_1,1,1,FETCH,FETCH,FETCH,onion_1,onion_1,onion_1,0,0,serve
post_pre,7003,220,221,"(-1, 0)",PLACE,PLACE,1,pot_1,pot_1,1,1,PLACE,PLACE,PLACE,pot_1,pot_1,pot_1,0,0,serve
post_pre,7003,224,225,"(1, 0)",FETCH,FETCH,1,onion_1,onion_1,1,1,FETCH,FETCH,FETCH,onion_1,onion_1,onion_1,0,0,serve
post_pre,7003,226,227,"(-1, 0)",PLACE,PLACE,1,pot_1,pot_1,1,1,PLACE,PLACE,PLACE,pot_1,pot_1,pot_1,0,0,serve
post_pre,7003,230,231,interact,COOK_START,COOK_START,1,pot_1,pot_1,1,1,COOK_START,COOK_START,COOK_START,pot_1,pot_1,pot_1,0,0,serve
post_pre,7003,231,232,"(1, 0)",FETCH,FETCH,1,onion_1,onion_1,1,1,FETCH,FETCH,FETCH,onion_1,onion_1,onion_1,0,0,serve
post_pre,7003,233,234,"(0, 1)",PLACE,PLACE,1,pot_0,pot_0,1,1,PLACE,PLACE,PLACE,pot_0,pot_0,pot_0,0,0,serve
post_pre,7003,246,247,"(-1, 0)",FETCH,FETCH,1,onion_0,onion_0,1,1,FETCH,FETCH,FETCH,onion_0,onion_0,onion_0,0,0,serve
post_pre,7003,248,249,"(0, 1)",PLACE,PLACE,1,pot_0,pot_0,1,1,PLACE,PLACE,PLACE,pot_0,pot_0,pot_0,0,0,serve
post_pre,7003,252,253,"(-1, 0)",FETCH,FETCH,1,onion_0,onion_0,1,1,FETCH,FETCH,FETCH,onion_0,onion_0,onion_0,0,0,serve
post_pre,7003,254,255,"(0, 1)",PLACE,PLACE,1,pot_0,pot_0,1,1,PLACE,PLACE,PLACE,pot_0,pot_0,pot_0,0,0,serve
post_pre,7003,258,259,interact,COOK_START,COOK_START,1,pot_0,pot_0,1,1,COOK_START,COOK_START,COOK_START,pot_0,pot_0,pot_0,0,0,serve
post_pre,7003,259,260,"(-1, 0)",FETCH,FETCH,1,onion_0,onion_0,1,1,FETCH,FETCH,FETCH,onion_0,onion_0,onion_0,0,0,serve
post_pre,7003,261,262,"(0, 1)",PLACE,PLACE,1,pot_1,pot_1,1,1,PLACE,PLACE,PLACE,pot_1,pot_1,pot_1,0,0,serve
post_pre,7003,267,268,"(1, 0)",FETCH,FETCH,1,onion_1,onion_1,1,1,FETCH,FETCH,FETCH,onion_1,onion_1,onion_1,0,0,serve
post_pre,7003,269,270,"(0, 1)",PLACE,PLACE,1,pot_1,pot_1,1,1,PLACE,PLACE,PLACE,pot_1,pot_1,pot_1,0,0,serve
post_pre,7003,273,274,"(1, 0)",FETCH,FETCH,1,onion_1,onion_1,1,1,FETCH,FETCH,FETCH,onion_1,onion_1,onion_1,0,0,serve
post_pre,7003,275,276,"(0, 1)",PLACE,PLACE,1,pot_1,pot_1,1,1,PLACE,PLACE,PLACE,pot_1,pot_1,pot_1,0,0,serve
post_pre,7003,279,280,interact,COOK_START,COOK_START,1,pot_1,pot_1,1,1,COOK_START,COOK_START,COOK_START,pot_1,pot_1,pot_1,0,0,serve
post_pre,7003,280,281,"(0, 0)",GET_DISH,GET_DISH,1,dish_0,dish_0,1,1,GET_DISH,GET_DISH,GET_DISH,dish_0,dish_0,dish_0,0,0,cook
post_pre,7003,286,287,"(1, 0)",PRE,PRE,1,pot_1,none,0,0,PRE,PRE,PRE,none,onion_1,none,0,1,dynamic
post_pre,7003,299,300,"(1, 0)",PICKUP,PICKUP,1,pot_1,pot_1,1,1,PICKUP,PICKUP,PICKUP,pot_1,pot_1,pot_1,0,0,cook
post_pre,7003,302,303,"(0, 1)",DELIVER,DELIVER,1,serve_0,serve_0,1,1,DELIVER,DELIVER,DELIVER,serve_0,serve_0,serve_0,0,0,cook
post_pre,7003,304,305,"(0, -1)",FETCH,FETCH,1,onion_1,onion_1,1,1,FETCH,FETCH,FETCH,onion_1,onion_1,onion_1,0,0,serve
post_pre,7003,307,308,"(0, 1)",PLACE,PLACE,1,pot_1,pot_1,1,1,PLACE,PLACE,PLACE,pot_1,pot_1,pot_1,0,0,serve
post_pre,7003,311,312,"(1, 0)",FETCH,FETCH,1,onion_1,onion_1,1,1,FETCH,FETCH,FETCH,onion_1,onion_1,onion_1,0,0,serve
post_pre,7003,313,314,"(-1, 0)",PLACE,PLACE,1,pot_1,pot_1,1,1,PLACE,PLACE,PLACE,pot_1,pot_1,pot_1,0,0,serve
post_pre,7003,317,318,"(1, 0)",FETCH,FETCH,1,onion_1,onion_1,1,1,FETCH,FETCH,FETCH,onion_1,onion_1,onion_1,0,0,serve
post_pre,7003,319,320,"(-1, 0)",PLACE,PLACE,1,pot_1,pot_1,1,1,PLACE,PLACE,PLACE,pot_1,pot_1,pot_1,0,0,serve
post_pre,7003,323,324,interact,COOK_START,COOK_START,1,pot_1,pot_1,1,1,COOK_START,COOK_START,COOK_START,pot_1,pot_1,pot_1,0,0,serve
post_pre,7003,324,325,"(1, 0)",FETCH,FETCH,1,onion_1,onion_1,1,1,FETCH,FETCH,FETCH,onion_1,onion_1,onion_1,0,0,serve
post_pre,7003,326,327,"(0, 1)",PLACE,PLACE,1,pot_0,pot_0,1,1,PLACE,PLACE,PLACE,pot_0,pot_0,pot_0,0,0,serve
post_pre,7003,339,340,interact,COOK_START,COOK_START,1,pot_0,pot_0,1,1,COOK_START,COOK_START,COOK_START,pot_0,pot_0,pot_0,0,0,serve
post_pre,7003,340,341,"(1, 0)",HOLD,HOLD,1,none,none,1,1,HOLD,HOLD,HOLD,none,none,none,0,0,dynamic
post_pre,7003,346,347,"(-1, 0)",FETCH,GET_DISH,0,onion_0,dish_0,0,0,GET_DISH,GET_DISH,GET_DISH,dish_0,dish_0,dish_0,0,0,cook
post_pre,7003,349,350,"(0, 1)",PLACE,PLACE,1,pot_1,pot_0,0,0,PLACE,PLACE,PLACE,pot_0,pot_0,pot_0,0,0,serve
post_pre,7003,358,359,"(1, 0)",FETCH,FETCH,1,onion_1,onion_1,1,1,FETCH,FETCH,FETCH,onion_1,onion_1,onion_1,0,0,serve
post_pre,7003,360,361,"(0, 1)",PLACE,PLACE,1,pot_1,pot_1,1,1,PLACE,PLACE,PLACE,pot_1,pot_1,pot_1,0,0,serve
post_pre,7003,364,365,"(1, 0)",FETCH,FETCH,1,onion_1,onion_1,1,1,FETCH,FETCH,FETCH,onion_1,onion_1,onion_1,0,0,serve
post_pre,7003,366,367,"(0, 1)",PLACE,PLACE,1,pot_1,pot_1,1,1,PLACE,PLACE,PLACE,pot_1,pot_1,pot_1,0,0,serve
post_pre,7003,372,373,interact,COOK_START,COOK_START,1,pot_1,pot_1,1,1,COOK_START,COOK_START,COOK_START,pot_1,pot_1,pot_1,0,0,serve
post_pre,7003,373,374,"(1, 0)",FETCH,FETCH,1,onion_1,onion_1,1,1,FETCH,FETCH,FETCH,onion_1,onion_1,onion_1,0,0,serve
post_pre,7003,375,376,"(0, 1)",PLACE,PLACE,1,pot_0,pot_0,1,1,PLACE,PLACE,PLACE,pot_0,pot_0,pot_0,0,0,serve
post_pre,7003,385,386,"(-1, 0)",FETCH,FETCH,1,onion_0,onion_0,1,1,FETCH,FETCH,FETCH,onion_0,onion_0,onion_0,0,0,serve
post_pre,7003,387,388,"(0, 1)",PLACE,PLACE,1,pot_0,pot_0,1,1,PLACE,PLACE,PLACE,pot_0,pot_0,pot_0,0,0,serve
post_pre,7003,391,392,"(-1, 0)",FETCH,FETCH,1,onion_0,onion_0,1,1,FETCH,FETCH,FETCH,onion_0,onion_0,onion_0,0,0,serve
post_pre,7003,393,394,"(0, 1)",PLACE,PLACE,1,pot_0,pot_0,1,1,PLACE,PLACE,PLACE,pot_0,pot_0,pot_0,0,0,serve
post_pre,7003,397,398,interact,COOK_START,COOK_START,1,pot_0,pot_0,1,1,COOK_START,COOK_START,COOK_START,pot_0,pot_0,pot_0,0,0,serve
post_pre,7003,398,399,"(-1, 0)",FETCH,GET_DISH,0,onion_0,dish_0,0,0,GET_DISH,FETCH,GET_DISH,dish_0,onion_0,dish_0,1,1,cook
post_pre,7003,400,401,"(0, 1)",PLACE,PLACE,1,pot_1,pot_1,1,1,PLACE,PLACE,PLACE,pot_1,pot_1,pot_1,0,0,serve
post_pre,7003,406,407,"(1, 0)",FETCH,FETCH,1,onion_1,onion_1,1,1,FETCH,FETCH,FETCH,onion_1,onion_1,onion_1,0,0,serve
post_pre,7003,408,409,"(0, 1)",PLACE,PLACE,1,pot_1,pot_1,1,1,PLACE,PLACE,PLACE,pot_1,pot_1,pot_1,0,0,serve
post_pre,7003,412,413,"(1, 0)",FETCH,FETCH,1,onion_1,onion_1,1,1,FETCH,FETCH,FETCH,onion_1,onion_1,onion_1,0,0,serve
post_pre,7003,414,415,"(0, 1)",PLACE,PLACE,1,pot_1,pot_1,1,1,PLACE,PLACE,PLACE,pot_1,pot_1,pot_1,0,0,serve
post_pre,7003,418,419,interact,COOK_START,COOK_START,1,pot_1,pot_1,1,1,COOK_START,COOK_START,COOK_START,pot_1,pot_1,pot_1,0,0,serve
post_pre,7003,419,420,"(0, 0)",GET_DISH,GET_DISH,1,dish_0,dish_0,1,1,GET_DISH,GET_DISH,GET_DISH,dish_0,dish_0,dish_0,0,0,cook
post_pre,7003,425,426,"(1, 0)",PRE,PRE,1,pot_1,pot_0,0,0,PRE,PRE,PRE,pot_0,pot_0,pot_0,0,0,dynamic
post_pre,7003,438,439,"(1, 0)",PICKUP,PICKUP,1,pot_1,pot_1,1,1,PICKUP,PICKUP,PICKUP,pot_1,pot_1,pot_1,0,0,cook
post_pre,7003,441,442,"(0, 1)",DELIVER,DELIVER,1,serve_0,serve_0,1,1,DELIVER,DELIVER,DELIVER,serve_0,serve_0,serve_0,0,0,cook
post_pre,7003,443,444,"(0, -1)",FETCH,FETCH,1,onion_1,onion_1,1,1,FETCH,FETCH,FETCH,onion_1,onion_1,onion_1,0,0,serve
post_pre,7003,446,447,"(0, 1)",PLACE,PLACE,1,pot_1,pot_0,0,0,PLACE,PLACE,PLACE,pot_0,pot_0,pot_0,0,0,serve
post_pre,7003,457,458,"(1, 0)",FETCH,FETCH,1,onion_1,onion_1,1,1,FETCH,FETCH,FETCH,onion_1,onion_1,onion_1,0,0,serve
post_pre,7003,459,460,"(-1, 0)",PLACE,PLACE,1,pot_1,pot_1,1,1,PLACE,PLACE,PLACE,pot_1,pot_1,pot_1,0,0,serve
post_pre,7003,463,464,"(1, 0)",FETCH,FETCH,1,onion_1,onion_1,1,1,FETCH,FETCH,FETCH,onion_1,onion_1,onion_1,0,0,serve
post_pre,7003,465,466,"(-1, 0)",PLACE,PLACE,1,pot_1,pot_1,1,1,PLACE,PLACE,PLACE,pot_1,pot_1,pot_1,0,0,serve
post_pre,7003,469,470,interact,COOK_START,COOK_START,1,pot_1,pot_1,1,1,COOK_START,COOK_START,COOK_START,pot_1,pot_1,pot_1,0,0,serve
post_pre,7003,470,471,"(1, 0)",FETCH,FETCH,1,onion_1,onion_1,1,1,FETCH,FETCH,FETCH,onion_1,onion_1,onion_1,0,0,serve
post_pre,7003,472,473,"(0, 1)",PLACE,PLACE,1,pot_0,pot_0,1,1,PLACE,PLACE,PLACE,pot_0,pot_0,pot_0,0,0,serve
post_pre,7003,485,486,"(-1, 0)",FETCH,GET_DISH,0,onion_0,onion_0,1,0,GET_DISH,FETCH,GET_DISH,onion_0,onion_0,onion_0,1,0,cook
post_pre,7003,487,488,"(0, 1)",PLACE,PLACE,1,pot_0,pot_0,1,1,PLACE,PLACE,PLACE,pot_0,pot_0,pot_0,0,0,serve
post_pre,7003,491,492,"(-1, 0)",FETCH,FETCH,1,onion_0,onion_0,1,1,FETCH,FETCH,FETCH,onion_0,onion_0,onion_0,0,0,serve
post_pre,7003,493,494,"(0, 1)",PLACE,PLACE,1,pot_0,pot_0,1,1,PLACE,PLACE,PLACE,pot_0,pot_0,pot_0,0,0,serve
post_pre,7003,497,498,interact,COOK_START,COOK_START,1,pot_0,pot_0,1,1,COOK_START,COOK_START,COOK_START,pot_0,pot_0,pot_0,0,0,serve
post_pre,7003,498,499,"(-1, 0)",FETCH,GET_DISH,0,onion_0,dish_0,0,0,GET_DISH,GET_DISH,GET_DISH,dish_0,dish_0,dish_0,0,0,cook
post_pre,7003,500,501,"(0, 1)",PLACE,PLACE,1,pot_1,pot_1,1,1,PLACE,PLACE,PLACE,pot_1,pot_1,pot_1,0,0,serve
post_pre,7003,506,507,"(1, 0)",FETCH,FETCH,1,onion_1,onion_1,1,1,FETCH,FETCH,FETCH,onion_1,onion_1,onion_1,0,0,serve
post_pre,7003,508,509,"(0, 1)",PLACE,PLACE,1,pot_1,pot_1,1,1,PLACE,PLACE,PLACE,pot_1,pot_1,pot_1,0,0,serve
post_pre,7003,512,513,"(1, 0)",FETCH,FETCH,1,onion_1,onion_1,1,1,FETCH,FETCH,FETCH,onion_1,onion_1,onion_1,0,0,serve
post_pre,7003,514,515,"(0, 1)",PLACE,PLACE,1,pot_1,pot_1,1,1,PLACE,PLACE,PLACE,pot_1,pot_1,pot_1,0,0,serve
post_pre,7003,518,519,interact,COOK_START,COOK_START,1,pot_1,pot_1,1,1,COOK_START,COOK_START,COOK_START,pot_1,pot_1,pot_1,0,0,serve
post_pre,7003,519,520,"(0, 0)",GET_DISH,GET_DISH,1,dish_0,dish_0,1,1,GET_DISH,GET_DISH,GET_DISH,dish_0,dish_0,dish_0,0,0,cook
post_pre,7003,525,526,"(1, 0)",PRE,PRE,1,pot_1,pot_0,0,0,PRE,PRE,PRE,pot_0,dish_0,pot_0,0,1,dynamic
post_pre,7003,538,539,"(1, 0)",PICKUP,PICKUP,1,pot_1,pot_1,1,1,PICKUP,PICKUP,PICKUP,pot_1,pot_1,pot_1,0,0,cook
post_pre,7003,541,542,"(0, 1)",DELIVER,DELIVER,1,serve_0,serve_0,1,1,DELIVER,DELIVER,DELIVER,serve_0,serve_0,serve_0,0,0,cook
post_pre,7003,543,544,"(0, -1)",FETCH,FETCH,1,onion_1,onion_1,1,1,FETCH,FETCH,FETCH,onion_1,onion_1,onion_1,0,0,serve
post_pre,7003,546,547,"(0, 1)",PLACE,PLACE,1,pot_1,pot_0,0,0,PLACE,PLACE,PLACE,pot_0,pot_0,pot_0,0,0,serve
post_pre,7003,557,558,"(1, 0)",FETCH,FETCH,1,onion_1,onion_1,1,1,FETCH,FETCH,FETCH,onion_1,onion_1,onion_1,0,0,serve
post_pre,7003,559,560,"(-1, 0)",PLACE,PLACE,1,pot_1,pot_1,1,1,PLACE,PLACE,PLACE,pot_1,pot_1,pot_1,0,0,serve
post_pre,7003,563,564,"(1, 0)",FETCH,FETCH,1,onion_1,onion_1,1,1,FETCH,FETCH,FETCH,onion_1,onion_1,onion_1,0,0,serve
post_pre,7003,565,566,"(-1, 0)",PLACE,PLACE,1,pot_1,pot_1,1,1,PLACE,PLACE,PLACE,pot_1,pot_1,pot_1,0,0,serve
post_pre,7003,569,570,interact,COOK_START,COOK_START,1,pot_1,pot_1,1,1,COOK_START,COOK_START,COOK_START,pot_1,pot_1,pot_1,0,0,serve
post_pre,7003,570,571,"(1, 0)",FETCH,FETCH,1,onion_1,onion_1,1,1,FETCH,FETCH,FETCH,onion_1,onion_1,onion_1,0,0,serve
post_pre,7003,572,573,"(0, 1)",PLACE,PLACE,1,pot_0,pot_0,1,1,PLACE,PLACE,PLACE,pot_0,pot_0,pot_0,0,0,serve
post_pre,7003,585,586,"(-1, 0)",FETCH,GET_DISH,0,onion_0,dish_0,0,0,GET_DISH,GET_DISH,GET_DISH,dish_0,dish_0,dish_0,0,0,cook
post_pre,7003,587,588,"(0, 1)",PLACE,PLACE,1,pot_0,pot_0,1,1,PLACE,PLACE,PLACE,pot_0,pot_0,pot_0,0,0,serve
post_pre,7003,591,592,"(-1, 0)",FETCH,FETCH,1,onion_0,onion_0,1,1,FETCH,FETCH,FETCH,onion_0,onion_0,onion_0,0,0,serve
post_pre,7003,593,594,"(0, 1)",PLACE,PLACE,1,pot_0,pot_0,1,1,PLACE,PLACE,PLACE,pot_0,pot_0,pot_0,0,0,serve
post_pre,7003,597,598,interact,COOK_START,COOK_START,1,pot_0,pot_0,1,1,COOK_START,COOK_START,COOK_START,pot_0,pot_0,pot_0,0,0,serve
post_pre,7003,598,599,"(-1, 0)",FETCH,GET_DISH,0,onion_0,dish_0,0,0,GET_DISH,GET_DISH,GET_DISH,dish_0,dish_0,dish_0,0,0,cook
post_pre,7003,600,601,"(0, 1)",PLACE,PLACE,1,pot_1,pot_1,1,1,PLACE,PLACE,PLACE,pot_1,pot_1,pot_1,0,0,serve
post_pre,7003,606,607,"(1, 0)",FETCH,FETCH,1,onion_1,onion_1,1,1,FETCH,FETCH,FETCH,onion_1,onion_1,onion_1,0,0,serve
post_pre,7003,608,609,"(0, 1)",PLACE,PLACE,1,pot_1,pot_1,1,1,PLACE,PLACE,PLACE,pot_1,pot_1,pot_1,0,0,serve
post_pre,7003,612,613,"(1, 0)",FETCH,FETCH,1,onion_1,onion_1,1,1,FETCH,FETCH,FETCH,onion_1,onion_1,onion_1,0,0,serve
post_pre,7003,614,615,"(0, 1)",PLACE,PLACE,1,pot_1,pot_1,1,1,PLACE,PLACE,PLACE,pot_1,pot_1,pot_1,0,0,serve
post_pre,7003,618,619,interact,COOK_START,COOK_START,1,pot_1,pot_1,1,1,COOK_START,COOK_START,COOK_START,pot_1,pot_1,pot_1,0,0,serve
post_pre,7003,619,620,"(0, 0)",GET_DISH,GET_DISH,1,dish_0,dish_0,1,1,GET_DISH,GET_DISH,GET_DISH,dish_0,dish_0,dish_0,0,0,cook
post_pre,7003,625,626,"(1, 0)",PRE,PRE,1,pot_1,pot_0,0,0,PRE,PRE,PRE,pot_0,dish_0,dish_0,0,1,dynamic
post_pre,7003,638,639,"(1, 0)",PICKUP,PICKUP,1,pot_1,pot_1,1,1,PICKUP,PICKUP,PICKUP,pot_1,pot_1,pot_1,0,0,cook
post_pre,7003,641,642,"(0, 1)",DELIVER,DELIVER,1,serve_0,serve_0,1,1,DELIVER,DELIVER,DELIVER,serve_0,serve_0,serve_0,0,0,cook
post_pre,7003,643,644,"(0, -1)",FETCH,FETCH,1,onion_1,onion_1,1,1,FETCH,FETCH,FETCH,onion_1,onion_1,onion_1,0,0,serve
post_pre,7003,646,647,"(0, 1)",PLACE,PLACE,1,pot_1,pot_0,0,0,PLACE,PLACE,PLACE,pot_0,pot_0,pot_0,0,0,serve
post_pre,7003,657,658,"(1, 0)",FETCH,FETCH,1,onion_1,onion_1,1,1,FETCH,FETCH,FETCH,onion_1,onion_1,onion_1,0,0,serve
post_pre,7003,659,660,"(-1, 0)",PLACE,PLACE,1,pot_1,pot_1,1,1,PLACE,PLACE,PLACE,pot_1,pot_1,pot_1,0,0,serve
post_pre,7003,663,664,"(1, 0)",FETCH,FETCH,1,onion_1,onion_1,1,1,FETCH,FETCH,FETCH,onion_1,onion_1,onion_1,0,0,serve
post_pre,7003,665,666,"(-1, 0)",PLACE,PLACE,1,pot_1,pot_1,1,1,PLACE,PLACE,PLACE,pot_1,pot_1,pot_1,0,0,serve
post_pre,7003,669,670,interact,COOK_START,COOK_START,1,pot_1,pot_1,1,1,COOK_START,COOK_START,COOK_START,pot_1,pot_1,pot_1,0,0,serve
post_pre,7003,670,671,"(1, 0)",FETCH,FETCH,1,onion_1,onion_1,1,1,FETCH,FETCH,FETCH,onion_1,onion_1,onion_1,0,0,serve
post_pre,7003,672,673,"(0, 1)",PLACE,PLACE,1,pot_0,pot_0,1,1,PLACE,PLACE,PLACE,pot_0,pot_0,pot_0,0,0,serve
post_pre,7003,685,686,"(-1, 0)",FETCH,GET_DISH,0,onion_0,dish_0,0,0,GET_DISH,GET_DISH,GET_DISH,dish_0,dish_0,dish_0,0,0,cook
post_pre,7003,687,688,"(0, 1)",PLACE,PLACE,1,pot_0,pot_0,1,1,PLACE,PLACE,PLACE,pot_0,pot_0,pot_0,0,0,serve
post_pre,7003,691,692,"(-1, 0)",FETCH,FETCH,1,onion_0,onion_0,1,1,FETCH,FETCH,FETCH,onion_0,onion_0,onion_0,0,0,serve
post_pre,7003,693,694,"(0, 1)",PLACE,PLACE,1,pot_0,pot_0,1,1,PLACE,PLACE,PLACE,pot_0,pot_0,pot_0,0,0,serve
post_pre,7003,697,698,interact,COOK_START,COOK_START,1,pot_0,pot_0,1,1,COOK_START,COOK_START,COOK_START,pot_0,pot_0,pot_0,0,0,serve
post_pre,7003,698,699,"(-1, 0)",FETCH,GET_DISH,0,onion_0,dish_0,0,0,GET_DISH,GET_DISH,GET_DISH,dish_0,dish_0,dish_0,0,0,cook
post_pre,7004,0,1,"(0, -1)",FETCH,FETCH,1,onion_1,onion_1,1,1,FETCH,FETCH,FETCH,onion_1,onion_1,onion_1,0,0,serve
post_pre,7004,3,4,"(-1, 0)",PLACE,PLACE,1,pot_1,pot_1,1,1,PLACE,PLACE,PLACE,pot_1,pot_1,pot_1,0,0,serve
post_pre,7004,7,8,"(1, 0)",FETCH,FETCH,1,onion_1,onion_1,1,1,FETCH,FETCH,FETCH,onion_1,onion_1,onion_1,0,0,serve
post_pre,7004,9,10,"(-1, 0)",PLACE,PLACE,1,pot_1,pot_1,1,1,PLACE,PLACE,PLACE,pot_1,pot_1,pot_1,0,0,serve
post_pre,7004,13,14,"(1, 0)",FETCH,FETCH,1,onion_1,onion_1,1,1,FETCH,FETCH,FETCH,onion_1,onion_1,onion_1,0,0,serve
post_pre,7004,15,16,"(-1, 0)",PLACE,PLACE,1,pot_1,pot_1,1,1,PLACE,PLACE,PLACE,pot_1,pot_1,pot_1,0,0,serve
post_pre,7004,19,20,interact,COOK_START,COOK_START,1,pot_1,pot_1,1,1,COOK_START,COOK_START,COOK_START,pot_1,pot_1,pot_1,0,0,serve
post_pre,7004,20,21,"(1, 0)",FETCH,FETCH,1,onion_1,onion_1,1,1,FETCH,FETCH,FETCH,onion_1,onion_1,onion_1,0,0,serve
post_pre,7004,22,23,"(0, 1)",PLACE,PLACE,1,pot_0,pot_0,1,1,PLACE,PLACE,PLACE,pot_0,pot_0,pot_0,0,0,serve
post_pre,7004,35,36,"(-1, 0)",FETCH,FETCH,1,onion_0,onion_0,1,1,FETCH,FETCH,FETCH,onion_0,onion_0,onion_0,0,0,serve
post_pre,7004,37,38,"(0, 1)",PLACE,PLACE,1,pot_0,pot_0,1,1,PLACE,PLACE,PLACE,pot_0,pot_0,pot_0,0,0,serve
post_pre,7004,41,42,"(-1, 0)",FETCH,FETCH,1,onion_0,onion_0,1,1,FETCH,FETCH,FETCH,onion_0,onion_0,onion_0,0,0,serve
post_pre,7004,43,44,"(0, 1)",PLACE,PLACE,1,pot_0,pot_0,1,1,PLACE,PLACE,PLACE,pot_0,pot_0,pot_0,0,0,serve
post_pre,7004,47,48,interact,COOK_START,COOK_START,1,pot_0,pot_0,1,1,COOK_START,COOK_START,COOK_START,pot_0,pot_0,pot_0,0,0,serve
post_pre,7004,48,49,"(-1, 0)",FETCH,FETCH,1,onion_0,onion_0,1,1,FETCH,FETCH,FETCH,onion_0,onion_0,onion_0,0,0,serve
post_pre,7004,50,51,"(0, 1)",PLACE,PLACE,1,pot_1,pot_1,1,1,PLACE,PLACE,PLACE,pot_1,pot_1,pot_1,0,0,serve
post_pre,7004,56,57,"(1, 0)",FETCH,FETCH,1,onion_1,onion_1,1,1,FETCH,FETCH,FETCH,onion_1,onion_1,onion_1,0,0,serve
post_pre,7004,58,59,"(0, 1)",PLACE,PLACE,1,pot_1,pot_1,1,1,PLACE,PLACE,PLACE,pot_1,pot_1,pot_1,0,0,serve
post_pre,7004,62,63,"(1, 0)",FETCH,FETCH,1,onion_1,onion_1,1,1,FETCH,FETCH,FETCH,onion_1,onion_1,onion_1,0,0,serve
post_pre,7004,64,65,"(0, 1)",PLACE,PLACE,1,pot_1,pot_1,1,1,PLACE,PLACE,PLACE,pot_1,pot_1,pot_1,0,0,serve
post_pre,7004,68,69,interact,COOK_START,COOK_START,1,pot_1,pot_1,1,1,COOK_START,COOK_START,COOK_START,pot_1,pot_1,pot_1,0,0,serve
post_pre,7004,69,70,"(0, 0)",GET_DISH,GET_DISH,1,dish_0,dish_0,1,1,GET_DISH,GET_DISH,GET_DISH,dish_0,dish_0,dish_0,0,0,cook
post_pre,7004,75,76,"(1, 0)",PRE,PRE,1,pot_1,none,0,0,PRE,PRE,PRE,none,pot_1,none,0,1,dynamic
post_pre,7004,88,89,"(1, 0)",PICKUP,PICKUP,1,pot_1,pot_1,1,1,PICKUP,PICKUP,PICKUP,pot_1,pot_1,pot_1,0,0,cook
post_pre,7004,91,92,"(0, 1)",DELIVER,DELIVER,1,serve_0,serve_0,1,1,DELIVER,DELIVER,DELIVER,serve_0,serve_0,serve_0,0,0,cook
post_pre,7004,93,94,"(0, -1)",FETCH,FETCH,1,onion_1,onion_1,1,1,FETCH,FETCH,FETCH,onion_1,onion_1,onion_1,0,0,serve
post_pre,7004,96,97,"(0, 1)",PLACE,PLACE,1,pot_1,pot_1,1,1,PLACE,PLACE,PLACE,pot_1,pot_1,pot_1,0,0,serve
post_pre,7004,107,108,"(1, 0)",FETCH,FETCH,1,onion_1,onion_1,1,1,FETCH,FETCH,FETCH,onion_1,onion_1,onion_1,0,0,serve
post_pre,7004,109,110,"(-1, 0)",PLACE,PLACE,1,pot_1,pot_1,1,1,PLACE,PLACE,PLACE,pot_1,pot_1,pot_1,0,0,serve
post_pre,7004,113,114,"(1, 0)",FETCH,FETCH,1,onion_1,onion_1,1,1,FETCH,FETCH,FETCH,onion_1,onion_1,onion_1,0,0,serve
post_pre,7004,115,116,"(-1, 0)",PLACE,PLACE,1,pot_1,pot_1,1,1,PLACE,PLACE,PLACE,pot_1,pot_1,pot_1,0,0,serve
post_pre,7004,119,120,interact,COOK_START,COOK_START,1,pot_1,pot_1,1,1,COOK_START,COOK_START,COOK_START,pot_1,pot_1,pot_1,0,0,serve
post_pre,7004,120,121,"(1, 0)",FETCH,FETCH,1,onion_1,onion_1,1,1,FETCH,FETCH,FETCH,onion_1,onion_1,onion_1,0,0,serve
post_pre,7004,122,123,"(0, 1)",PLACE,PLACE,1,pot_0,pot_0,1,1,PLACE,PLACE,PLACE,pot_0,pot_0,pot_0,0,0,serve
post_pre,7004,135,136,"(-1, 0)",FETCH,FETCH,1,onion_0,onion_0,1,1,FETCH,FETCH,FETCH,onion_0,onion_0,onion_0,0,0,serve
post_pre,7004,137,138,"(0, 1)",PLACE,PLACE,1,pot_0,pot_0,1,1,PLACE,PLACE,PLACE,pot_0,pot_0,pot_0,0,0,serve
post_pre,7004,141,142,"(-1, 0)",FETCH,FETCH,1,onion_0,onion_0,1,1,FETCH,FETCH,FETCH,onion_0,onion_0,onion_0,0,0,serve
post_pre,7004,143,144,"(0, 1)",PLACE,PLACE,1,pot_0,pot_0,1,1,PLACE,PLACE,PLACE,pot_0,pot_0,pot_0,0,0,serve
post_pre,7004,147,148,interact,COOK_START,COOK_START,1,pot_0,pot_0,1,1,COOK_START,COOK_START,COOK_START,pot_0,pot_0,pot_0,0,0,serve
post_pre,7004,148,149,"(-1, 0)",FETCH,FETCH,1,onion_0,onion_0,1,1,FETCH,FETCH,FETCH,onion_0,onion_0,onion_0,0,0,serve
post_pre,7004,150,151,"(0, 1)",PLACE,PLACE,1,pot_1,pot_1,1,1,PLACE,PLACE,PLACE,pot_1,pot_1,pot_1,0,0,serve
post_pre,7004,156,157,"(1, 0)",FETCH,FETCH,1,onion_1,onion_1,1,1,FETCH,FETCH,FETCH,onion_1,onion_1,onion_1,0,0,serve
post_pre,7004,158,159,"(0, 1)",PLACE,PLACE,1,pot_1,pot_1,1,1,PLACE,PLACE,PLACE,pot_1,pot_1,pot_1,0,0,serve
post_pre,7004,162,163,"(1, 0)",FETCH,FETCH,1,onion_1,onion_1,1,1,FETCH,FETCH,FETCH,onion_1,onion_1,onion_1,0,0,serve
post_pre,7004,164,165,"(0, 1)",PLACE,PLACE,1,pot_1,pot_1,1,1,PLACE,PLACE,PLACE,pot_1,pot_1,pot_1,0,0,serve
post_pre,7004,168,169,interact,COOK_START,COOK_START,1,pot_1,pot_1,1,1,COOK_START,COOK_START,COOK_START,pot_1,pot_1,pot_1,0,0,serve
post_pre,7004,169,170,"(0, 0)",GET_DISH,GET_DISH,1,dish_0,dish_0,1,1,GET_DISH,GET_DISH,GET_DISH,dish_0,dish_0,dish_0,0,0,cook
post_pre,7004,175,176,"(1, 0)",PRE,PRE,1,pot_1,none,0,0,PRE,PRE,PRE,none,pot_1,none,0,1,dynamic
post_pre,7004,188,189,"(1, 0)",PICKUP,PICKUP,1,pot_1,pot_1,1,1,PICKUP,PICKUP,PICKUP,pot_1,pot_1,pot_1,0,0,cook
post_pre,7004,191,192,"(0, 1)",DELIVER,DELIVER,1,serve_0,serve_0,1,1,DELIVER,DELIVER,DELIVER,serve_0,serve_0,serve_0,0,0,cook
post_pre,7004,193,194,"(0, -1)",FETCH,FETCH,1,onion_1,onion_1,1,1,FETCH,FETCH,FETCH,onion_1,onion_1,onion_1,0,0,serve
post_pre,7004,196,197,"(0, 1)",PLACE,PLACE,1,pot_1,pot_1,1,1,PLACE,PLACE,PLACE,pot_1,pot_1,pot_1,0,0,serve
post_pre,7004,200,201,"(1, 0)",FETCH,FETCH,1,onion_1,onion_1,1,1,FETCH,FETCH,FETCH,onion_1,onion_1,onion_1,0,0,serve
post_pre,7004,202,203,"(-1, 0)",PLACE,PLACE,1,pot_1,pot_1,1,1,PLACE,PLACE,PLACE,pot_1,pot_1,pot_1,0,0,serve
post_pre,7004,206,207,"(1, 0)",FETCH,FETCH,1,onion_1,onion_1,1,1,FETCH,FETCH,FETCH,onion_1,onion_1,onion_1,0,0,serve
post_pre,7004,208,209,"(-1, 0)",PLACE,PLACE,1,pot_1,pot_1,1,1,PLACE,PLACE,PLACE,pot_1,pot_1,pot_1,0,0,serve
post_pre,7004,212,213,interact,COOK_START,COOK_START,1,pot_1,pot_1,1,1,COOK_START,COOK_START,COOK_START,pot_1,pot_1,pot_1,0,0,serve
post_pre,7004,213,214,"(1, 0)",FETCH,FETCH,1,onion_1,onion_1,1,1,FETCH,FETCH,FETCH,onion_1,onion_1,onion_1,0,0,serve
post_pre,7004,215,216,"(0, 1)",PLACE,PLACE,1,pot_0,pot_0,1,1,PLACE,PLACE,PLACE,pot_0,pot_0,pot_0,0,0,serve
post_pre,7004,228,229,interact,COOK_START,COOK_START,1,pot_0,pot_0,1,1,COOK_START,COOK_START,COOK_START,pot_0,pot_0,pot_0,0,0,serve
post_pre,7004,229,230,"(1, 0)",HOLD,HOLD,1,none,none,1,1,HOLD,HOLD,HOLD,none,none,none,0,0,dynamic
post_pre,7004,235,236,"(-1, 0)",FETCH,GET_DISH,0,onion_0,dish_0,0,0,GET_DISH,GET_DISH,GET_DISH,dish_0,dish_0,dish_0,0,0,cook
post_pre,7004,238,239,"(0, 1)",PLACE,PLACE,1,pot_1,pot_0,0,0,PLACE,PLACE,PLACE,pot_0,pot_0,pot_0,0,0,serve
post_pre,7004,247,248,"(1, 0)",FETCH,FETCH,1,onion_1,onion_1,1,1,FETCH,FETCH,FETCH,onion_1,onion_1,onion_1,0,0,serve
post_pre,7004,249,250,"(0, 1)",PLACE,PLACE,1,pot_1,pot_1,1,1,PLACE,PLACE,PLACE,pot_1,pot_1,pot_1,0,0,serve
post_pre,7004,253,254,"(1, 0)",FETCH,FETCH,1,onion_1,onion_1,1,1,FETCH,FETCH,FETCH,onion_1,onion_1,onion_1,0,0,serve
post_pre,7004,255,256,"(0, 1)",PLACE,PLACE,1,pot_1,pot_1,1,1,PLACE,PLACE,PLACE,pot_1,pot_1,pot_1,0,0,serve
post_pre,7004,261,262,interact,COOK_START,COOK_START,1,pot_1,pot_1,1,1,COOK_START,COOK_START,COOK_START,pot_1,pot_1,pot_1,0,0,serve
post_pre,7004,262,263,"(1, 0)",FETCH,FETCH,1,onion_1,onion_1,1,1,FETCH,FETCH,FETCH,onion_1,onion_1,onion_1,0,0,serve
post_pre,7004,264,265,"(0, 1)",PLACE,PLACE,1,pot_0,pot_0,1,1,PLACE,PLACE,PLACE,pot_0,pot_0,pot_0,0,0,serve
post_pre,7004,274,275,"(-1, 0)",FETCH,FETCH,1,onion_0,onion_0,1,1,FETCH,FETCH,FETCH,onion_0,onion_0,onion_0,0,0,serve
post_pre,7004,276,277,"(0, 1)",PLACE,PLACE,1,pot_0,pot_0,1,1,PLACE,PLACE,PLACE,pot_0,pot_0,pot_0,0,0,serve
post_pre,7004,280,281,"(-1, 0)",FETCH,FETCH,1,onion_0,onion_0,1,1,FETCH,FETCH,FETCH,onion_0,onion_0,onion_0,0,0,serve
post_pre,7004,282,283,"(0, 1)",PLACE,PLACE,1,pot_0,pot_0,1,1,PLACE,PLACE,PLACE,pot_0,pot_0,pot_0,0,0,serve
post_pre,7004,286,287,interact,COOK_START,COOK_START,1,pot_0,pot_0,1,1,COOK_START,COOK_START,COOK_START,pot_0,pot_0,pot_0,0,0,serve
post_pre,7004,287,288,"(-1, 0)",FETCH,FETCH,1,onion_0,onion_0,1,1,FETCH,FETCH,FETCH,onion_0,onion_0,onion_0,0,0,serve
post_pre,7004,289,290,"(0, 1)",PLACE,PLACE,1,pot_1,pot_1,1,1,PLACE,PLACE,PLACE,pot_1,pot_1,pot_1,0,0,serve
post_pre,7004,295,296,"(1, 0)",FETCH,FETCH,1,onion_1,onion_1,1,1,FETCH,FETCH,FETCH,onion_1,onion_1,onion_1,0,0,serve
post_pre,7004,297,298,"(0, 1)",PLACE,PLACE,1,pot_1,pot_1,1,1,PLACE,PLACE,PLACE,pot_1,pot_1,pot_1,0,0,serve
post_pre,7004,301,302,"(1, 0)",FETCH,FETCH,1,onion_1,onion_1,1,1,FETCH,FETCH,FETCH,onion_1,onion_1,onion_1,0,0,serve
post_pre,7004,303,304,"(0, 1)",PLACE,PLACE,1,pot_1,pot_1,1,1,PLACE,PLACE,PLACE,pot_1,pot_1,pot_1,0,0,serve
post_pre,7004,307,308,interact,COOK_START,COOK_START,1,pot_1,pot_1,1,1,COOK_START,COOK_START,COOK_START,pot_1,pot_1,pot_1,0,0,serve
post_pre,7004,308,309,"(0, 0)",GET_DISH,GET_DISH,1,dish_0,dish_0,1,1,GET_DISH,GET_DISH,GET_DISH,dish_0,dish_0,dish_0,0,0,cook
post_pre,7004,314,315,"(1, 0)",PRE,PRE,1,pot_1,none,0,0,PRE,PRE,PRE,none,onion_1,none,0,1,dynamic
post_pre,7004,327,328,"(1, 0)",PICKUP,PICKUP,1,pot_1,pot_1,1,1,PICKUP,PICKUP,PICKUP,pot_1,pot_1,pot_1,0,0,cook
post_pre,7004,330,331,"(0, 1)",DELIVER,DELIVER,1,serve_0,serve_0,1,1,DELIVER,DELIVER,DELIVER,serve_0,serve_0,serve_0,0,0,cook
post_pre,7004,332,333,"(0, -1)",FETCH,FETCH,1,onion_1,onion_1,1,1,FETCH,FETCH,FETCH,onion_1,onion_1,onion_1,0,0,serve
post_pre,7004,335,336,"(0, 1)",PLACE,PLACE,1,pot_1,pot_1,1,1,PLACE,PLACE,PLACE,pot_1,pot_0,pot_0,0,1,serve
post_pre,7004,346,347,"(1, 0)",FETCH,FETCH,1,onion_1,onion_1,1,1,FETCH,FETCH,FETCH,onion_1,onion_1,onion_1,0,0,serve
post_pre,7004,348,349,"(-1, 0)",PLACE,PLACE,1,pot_1,pot_1,1,1,PLACE,PLACE,PLACE,pot_1,pot_1,pot_1,0,0,serve
post_pre,7004,352,353,"(1, 0)",FETCH,FETCH,1,onion_1,onion_1,1,1,FETCH,FETCH,FETCH,onion_1,onion_1,onion_1,0,0,serve
post_pre,7004,354,355,"(-1, 0)",PLACE,PLACE,1,pot_1,pot_1,1,1,PLACE,PLACE,PLACE,pot_1,pot_1,pot_1,0,0,serve
post_pre,7004,358,359,interact,COOK_START,COOK_START,1,pot_1,pot_1,1,1,COOK_START,COOK_START,COOK_START,pot_1,pot_1,pot_1,0,0,serve
post_pre,7004,359,360,"(1, 0)",FETCH,FETCH,1,onion_1,onion_1,1,1,FETCH,FETCH,FETCH,onion_1,onion_1,onion_1,0,0,serve
post_pre,7004,361,362,"(0, 1)",PLACE,PLACE,1,pot_0,pot_0,1,1,PLACE,PLACE,PLACE,pot_0,pot_0,pot_0,0,0,serve
post_pre,7004,374,375,"(-1, 0)",FETCH,FETCH,1,onion_0,onion_0,1,1,FETCH,FETCH,FETCH,onion_0,onion_0,onion_0,0,0,serve
post_pre,7004,376,377,"(0, 1)",PLACE,PLACE,1,pot_0,pot_0,1,1,PLACE,PLACE,PLACE,pot_0,pot_0,pot_0,0,0,serve
post_pre,7004,380,381,"(-1, 0)",FETCH,FETCH,1,onion_0,onion_0,1,1,FETCH,FETCH,FETCH,onion_0,onion_0,onion_0,0,0,serve
post_pre,7004,382,383,"(0, 1)",PLACE,PLACE,1,pot_0,pot_0,1,1,PLACE,PLACE,PLACE,pot_0,pot_0,pot_0,0,0,serve
post_pre,7004,386,387,interact,COOK_START,COOK_START,1,pot_0,pot_0,1,1,COOK_START,COOK_START,COOK_START,pot_0,pot_0,pot_0,0,0,serve
post_pre,7004,387,388,"(-1, 0)",FETCH,GET_DISH,0,onion_0,onion_0,1,0,GET_DISH,FETCH,FETCH,onion_0,onion_0,onion_0,1,0,cook
post_pre,7004,389,390,"(0, 1)",PLACE,PLACE,1,pot_1,pot_1,1,1,PLACE,PLACE,PLACE,pot_1,pot_1,pot_1,0,0,serve
post_pre,7004,395,396,"(1, 0)",FETCH,FETCH,1,onion_1,onion_1,1,1,FETCH,FETCH,FETCH,onion_1,onion_1,onion_1,0,0,serve
post_pre,7004,397,398,"(0, 1)",PLACE,PLACE,1,pot_1,pot_1,1,1,PLACE,PLACE,PLACE,pot_1,pot_1,pot_1,0,0,serve
post_pre,7004,401,402,"(1, 0)",FETCH,FETCH,1,onion_1,onion_1,1,1,FETCH,FETCH,FETCH,onion_1,onion_1,onion_1,0,0,serve
post_pre,7004,403,404,"(0, 1)",PLACE,PLACE,1,pot_1,pot_1,1,1,PLACE,PLACE,PLACE,pot_1,pot_1,pot_1,0,0,serve
post_pre,7004,407,408,interact,COOK_START,COOK_START,1,pot_1,pot_1,1,1,COOK_START,COOK_START,COOK_START,pot_1,pot_1,pot_1,0,0,serve
post_pre,7004,408,409,"(0, 0)",GET_DISH,GET_DISH,1,dish_0,dish_0,1,1,GET_DISH,GET_DISH,GET_DISH,dish_0,dish_0,dish_0,0,0,cook
post_pre,7004,414,415,"(1, 0)",PRE,PRE,1,pot_1,pot_0,0,0,PRE,PRE,PRE,pot_0,pot_0,pot_0,0,0,dynamic
post_pre,7004,427,428,"(1, 0)",PICKUP,PICKUP,1,pot_1,pot_1,1,1,PICKUP,PICKUP,PICKUP,pot_1,pot_1,pot_1,0,0,cook
post_pre,7004,430,431,"(0, 1)",DELIVER,DELIVER,1,serve_0,serve_0,1,1,DELIVER,DELIVER,DELIVER,serve_0,serve_0,serve_0,0,0,cook
post_pre,7004,432,433,"(0, -1)",FETCH,FETCH,1,onion_1,onion_1,1,1,FETCH,FETCH,FETCH,onion_1,onion_1,onion_1,0,0,serve
post_pre,7004,435,436,"(0, 1)",PLACE,PLACE,1,pot_1,pot_0,0,0,PLACE,PLACE,PLACE,pot_0,pot_0,pot_0,0,0,serve
post_pre,7004,446,447,"(1, 0)",FETCH,FETCH,1,onion_1,onion_1,1,1,FETCH,FETCH,FETCH,onion_1,onion_1,onion_1,0,0,serve
post_pre,7004,448,449,"(-1, 0)",PLACE,PLACE,1,pot_1,pot_1,1,1,PLACE,PLACE,PLACE,pot_1,pot_1,pot_1,0,0,serve
post_pre,7004,452,453,"(1, 0)",FETCH,FETCH,1,onion_1,onion_1,1,1,FETCH,FETCH,FETCH,onion_1,onion_1,onion_1,0,0,serve
post_pre,7004,454,455,"(-1, 0)",PLACE,PLACE,1,pot_1,pot_1,1,1,PLACE,PLACE,PLACE,pot_1,pot_1,pot_1,0,0,serve
post_pre,7004,458,459,interact,COOK_START,COOK_START,1,pot_1,pot_1,1,1,COOK_START,COOK_START,COOK_START,pot_1,pot_1,pot_1,0,0,serve
post_pre,7004,459,460,"(1, 0)",FETCH,FETCH,1,onion_1,onion_1,1,1,FETCH,FETCH,FETCH,onion_1,onion_1,onion_1,0,0,serve
post_pre,7004,461,462,"(0, 1)",PLACE,PLACE,1,pot_0,pot_0,1,1,PLACE,PLACE,PLACE,pot_0,pot_0,pot_0,0,0,serve
post_pre,7004,474,475,"(-1, 0)",FETCH,FETCH,1,onion_0,onion_0,1,1,FETCH,FETCH,FETCH,onion_0,onion_0,onion_0,0,0,serve
post_pre,7004,476,477,"(0, 1)",PLACE,PLACE,1,pot_0,pot_0,1,1,PLACE,PLACE,PLACE,pot_0,pot_0,pot_0,0,0,serve
post_pre,7004,480,481,"(-1, 0)",FETCH,FETCH,1,onion_0,onion_0,1,1,FETCH,FETCH,FETCH,onion_0,onion_0,onion_0,0,0,serve
post_pre,7004,482,483,"(0, 1)",PLACE,PLACE,1,pot_0,pot_0,1,1,PLACE,PLACE,PLACE,pot_0,pot_0,pot_0,0,0,serve
post_pre,7004,486,487,interact,COOK_START,COOK_START,1,pot_0,pot_0,1,1,COOK_START,COOK_START,COOK_START,pot_0,pot_0,pot_0,0,0,serve
post_pre,7004,487,488,"(-1, 0)",FETCH,GET_DISH,0,onion_0,dish_0,0,0,GET_DISH,GET_DISH,GET_DISH,dish_0,dish_0,dish_0,0,0,cook
post_pre,7004,489,490,"(0, 1)",PLACE,PLACE,1,pot_1,pot_1,1,1,PLACE,PLACE,PLACE,pot_1,pot_1,pot_1,0,0,serve
post_pre,7004,495,496,"(1, 0)",FETCH,FETCH,1,onion_1,onion_1,1,1,FETCH,FETCH,FETCH,onion_1,onion_1,onion_1,0,0,serve
post_pre,7004,497,498,"(0, 1)",PLACE,PLACE,1,pot_1,pot_1,1,1,PLACE,PLACE,PLACE,pot_1,pot_1,pot_1,0,0,serve
post_pre,7004,501,502,"(1, 0)",FETCH,FETCH,1,onion_1,onion_1,1,1,FETCH,FETCH,FETCH,onion_1,onion_1,onion_1,0,0,serve
post_pre,7004,503,504,"(0, 1)",PLACE,PLACE,1,pot_1,pot_1,1,1,PLACE,PLACE,PLACE,pot_1,pot_1,pot_1,0,0,serve
post_pre,7004,507,508,interact,COOK_START,COOK_START,1,pot_1,pot_1,1,1,COOK_START,COOK_START,COOK_START,pot_1,pot_1,pot_1,0,0,serve
post_pre,7004,508,509,"(0, 0)",GET_DISH,GET_DISH,1,dish_0,dish_0,1,1,GET_DISH,GET_DISH,GET_DISH,dish_0,dish_0,dish_0,0,0,cook
post_pre,7004,514,515,"(1, 0)",PRE,PRE,1,pot_1,pot_0,0,0,PRE,PRE,PRE,pot_0,dish_0,pot_0,0,1,dynamic
post_pre,7004,527,528,"(1, 0)",PICKUP,PICKUP,1,pot_1,pot_1,1,1,PICKUP,PICKUP,PICKUP,pot_1,pot_1,pot_1,0,0,cook
post_pre,7004,530,531,"(0, 1)",DELIVER,DELIVER,1,serve_0,serve_0,1,1,DELIVER,DELIVER,DELIVER,serve_0,serve_0,serve_0,0,0,cook
post_pre,7004,532,533,"(0, -1)",FETCH,FETCH,1,onion_1,onion_1,1,1,FETCH,FETCH,FETCH,onion_1,onion_1,onion_1,0,0,serve
post_pre,7004,535,536,"(0, 1)",PLACE,PLACE,1,pot_1,pot_0,0,0,PLACE,PLACE,PLACE,pot_0,pot_0,pot_0,0,0,serve
post_pre,7004,546,547,"(1, 0)",FETCH,FETCH,1,onion_1,onion_1,1,1,FETCH,FETCH,FETCH,onion_1,onion_1,onion_1,0,0,serve
post_pre,7004,548,549,"(-1, 0)",PLACE,PLACE,1,pot_1,pot_1,1,1,PLACE,PLACE,PLACE,pot_1,pot_1,pot_1,0,0,serve
post_pre,7004,552,553,"(1, 0)",FETCH,FETCH,1,onion_1,onion_1,1,1,FETCH,FETCH,FETCH,onion_1,onion_1,onion_1,0,0,serve
post_pre,7004,554,555,"(-1, 0)",PLACE,PLACE,1,pot_1,pot_1,1,1,PLACE,PLACE,PLACE,pot_1,pot_1,pot_1,0,0,serve
post_pre,7004,558,559,interact,COOK_START,COOK_START,1,pot_1,pot_1,1,1,COOK_START,COOK_START,COOK_START,pot_1,pot_1,pot_1,0,0,serve
post_pre,7004,559,560,"(1, 0)",FETCH,FETCH,1,onion_1,onion_1,1,1,FETCH,FETCH,FETCH,onion_1,onion_1,onion_1,0,0,serve
post_pre,7004,561,562,"(0, 1)",PLACE,PLACE,1,pot_0,pot_0,1,1,PLACE,PLACE,PLACE,pot_0,pot_0,pot_0,0,0,serve
post_pre,7004,574,575,"(-1, 0)",FETCH,GET_DISH,0,onion_0,dish_0,0,0,GET_DISH,GET_DISH,GET_DISH,dish_0,dish_0,dish_0,0,0,cook
post_pre,7004,576,577,"(0, 1)",PLACE,PLACE,1,pot_0,pot_0,1,1,PLACE,PLACE,PLACE,pot_0,pot_0,pot_0,0,0,serve
post_pre,7004,580,581,"(-1, 0)",FETCH,FETCH,1,onion_0,onion_0,1,1,FETCH,FETCH,FETCH,onion_0,onion_0,onion_0,0,0,serve
post_pre,7004,582,583,"(0, 1)",PLACE,PLACE,1,pot_0,pot_0,1,1,PLACE,PLACE,PLACE,pot_0,pot_0,pot_0,0,0,serve
post_pre,7004,586,587,interact,COOK_START,COOK_START,1,pot_0,pot_0,1,1,COOK_START,COOK_START,COOK_START,pot_0,pot_0,pot_0,0,0,serve
post_pre,7004,587,588,"(-1, 0)",FETCH,GET_DISH,0,onion_0,dish_0,0,0,GET_DISH,GET_DISH,GET_DISH,dish_0,dish_0,dish_0,0,0,cook
post_pre,7004,589,590,"(0, 1)",PLACE,PLACE,1,pot_1,pot_1,1,1,PLACE,PLACE,PLACE,pot_1,pot_1,pot_1,0,0,serve
post_pre,7004,595,596,"(1, 0)",FETCH,FETCH,1,onion_1,onion_1,1,1,FETCH,FETCH,FETCH,onion_1,onion_1,onion_1,0,0,serve
post_pre,7004,597,598,"(0, 1)",PLACE,PLACE,1,pot_1,pot_1,1,1,PLACE,PLACE,PLACE,pot_1,pot_1,pot_1,0,0,serve
post_pre,7004,601,602,"(1, 0)",FETCH,FETCH,1,onion_1,onion_1,1,1,FETCH,FETCH,FETCH,onion_1,onion_1,onion_1,0,0,serve
post_pre,7004,603,604,"(0, 1)",PLACE,PLACE,1,pot_1,pot_1,1,1,PLACE,PLACE,PLACE,pot_1,pot_1,pot_1,0,0,serve
post_pre,7004,607,608,interact,COOK_START,COOK_START,1,pot_1,pot_1,1,1,COOK_START,COOK_START,COOK_START,pot_1,pot_1,pot_1,0,0,serve
post_pre,7004,608,609,"(0, 0)",GET_DISH,GET_DISH,1,dish_0,dish_0,1,1,GET_DISH,GET_DISH,GET_DISH,dish_0,dish_0,dish_0,0,0,cook
post_pre,7004,614,615,"(1, 0)",PRE,PRE,1,pot_1,pot_0,0,0,PRE,PRE,PRE,pot_0,dish_0,dish_0,0,1,dynamic
post_pre,7004,627,628,"(1, 0)",PICKUP,PICKUP,1,pot_1,pot_1,1,1,PICKUP,PICKUP,PICKUP,pot_1,pot_1,pot_1,0,0,cook
post_pre,7004,630,631,"(0, 1)",DELIVER,DELIVER,1,serve_0,serve_0,1,1,DELIVER,DELIVER,DELIVER,serve_0,serve_0,serve_0,0,0,cook
post_pre,7004,632,633,"(0, -1)",FETCH,FETCH,1,onion_1,onion_1,1,1,FETCH,FETCH,FETCH,onion_1,onion_1,onion_1,0,0,serve
post_pre,7004,635,636,"(0, 1)",PLACE,PLACE,1,pot_1,pot_0,0,0,PLACE,PLACE,PLACE,pot_0,pot_0,pot_0,0,0,serve
post_pre,7004,646,647,"(1, 0)",FETCH,FETCH,1,onion_1,onion_1,1,1,FETCH,FETCH,FETCH,onion_1,onion_1,onion_1,0,0,serve
post_pre,7004,648,649,"(-1, 0)",PLACE,PLACE,1,pot_1,pot_1,1,1,PLACE,PLACE,PLACE,pot_1,pot_1,pot_1,0,0,serve
post_pre,7004,652,653,"(1, 0)",FETCH,FETCH,1,onion_1,onion_1,1,1,FETCH,FETCH,FETCH,onion_1,onion_1,onion_1,0,0,serve
post_pre,7004,654,655,"(-1, 0)",PLACE,PLACE,1,pot_1,pot_1,1,1,PLACE,PLACE,PLACE,pot_1,pot_1,pot_1,0,0,serve
post_pre,7004,658,659,interact,COOK_START,COOK_START,1,pot_1,pot_1,1,1,COOK_START,COOK_START,COOK_START,pot_1,pot_1,pot_1,0,0,serve
post_pre,7004,659,660,"(1, 0)",FETCH,FETCH,1,onion_1,onion_1,1,1,FETCH,FETCH,FETCH,onion_1,onion_1,onion_1,0,0,serve
post_pre,7004,661,662,"(0, 1)",PLACE,PLACE,1,pot_0,pot_0,1,1,PLACE,PLACE,PLACE,pot_0,pot_0,pot_0,0,0,serve
post_pre,7004,674,675,"(-1, 0)",FETCH,GET_DISH,0,onion_0,dish_0,0,0,GET_DISH,GET_DISH,GET_DISH,dish_0,dish_0,dish_0,0,0,cook
post_pre,7004,676,677,"(0, 1)",PLACE,PLACE,1,pot_0,pot_0,1,1,PLACE,PLACE,PLACE,pot_0,pot_0,pot_0,0,0,serve
post_pre,7004,680,681,"(-1, 0)",FETCH,FETCH,1,onion_0,onion_0,1,1,FETCH,FETCH,FETCH,onion_0,onion_0,onion_0,0,0,serve
post_pre,7004,682,683,"(0, 1)",PLACE,PLACE,1,pot_0,pot_0,1,1,PLACE,PLACE,PLACE,pot_0,pot_0,pot_0,0,0,serve
post_pre,7004,686,687,interact,COOK_START,COOK_START,1,pot_0,pot_0,1,1,COOK_START,COOK_START,COOK_START,pot_0,pot_0,pot_0,0,0,serve
post_pre,7004,687,688,"(-1, 0)",FETCH,GET_DISH,0,onion_0,dish_0,0,0,GET_DISH,GET_DISH,GET_DISH,dish_0,dish_0,dish_0,0,0,cook
post_pre,7004,689,690,"(0, 1)",PLACE,PLACE,1,pot_1,pot_1,1,1,PLACE,PLACE,PLACE,pot_1,pot_1,pot_1,0,0,serve
post_pre,7004,695,696,"(1, 0)",FETCH,FETCH,1,onion_1,onion_1,1,1,FETCH,FETCH,FETCH,onion_1,onion_1,onion_1,0,0,serve
post_pre,7004,697,698,"(0, 1)",PLACE,PLACE,1,pot_1,pot_1,1,1,PLACE,PLACE,PLACE,pot_1,pot_1,pot_1,0,0,serve
post_pre,7005,0,1,"(0, 0)",FETCH,FETCH,1,onion_1,onion_0,0,0,FETCH,FETCH,FETCH,onion_0,onion_0,onion_0,0,0,serve
post_pre,7005,9,10,"(-1, 0)",PLACE,PLACE,1,pot_1,pot_1,1,1,PLACE,PLACE,PLACE,pot_1,pot_1,pot_1,0,0,serve
post_pre,7005,13,14,"(1, 0)",FETCH,FETCH,1,onion_1,onion_1,1,1,FETCH,FETCH,FETCH,onion_1,onion_1,onion_1,0,0,serve
post_pre,7005,15,16,"(-1, 0)",PLACE,PLACE,1,pot_1,pot_1,1,1,PLACE,PLACE,PLACE,pot_1,pot_1,pot_1,0,0,serve
post_pre,7005,19,20,"(1, 0)",FETCH,FETCH,1,onion_1,onion_1,1,1,FETCH,FETCH,FETCH,onion_1,onion_1,onion_1,0,0,serve
post_pre,7005,21,22,"(-1, 0)",PLACE,PLACE,1,pot_1,pot_1,1,1,PLACE,PLACE,PLACE,pot_1,pot_1,pot_1,0,0,serve
post_pre,7005,25,26,interact,COOK_START,COOK_START,1,pot_1,pot_1,1,1,COOK_START,COOK_START,COOK_START,pot_1,pot_1,pot_1,0,0,serve
post_pre,7005,26,27,"(1, 0)",FETCH,FETCH,1,onion_1,onion_1,1,1,FETCH,FETCH,FETCH,onion_1,onion_1,onion_1,0,0,serve
post_pre,7005,28,29,"(0, 1)",PLACE,PLACE,1,pot_0,pot_0,1,1,PLACE,PLACE,PLACE,pot_0,pot_0,pot_0,0,0,serve
post_pre,7005,41,42,"(-1, 0)",FETCH,FETCH,1,onion_0,onion_0,1,1,FETCH,FETCH,FETCH,onion_0,onion_0,onion_0,0,0,serve
post_pre,7005,43,44,"(0, 1)",PLACE,PLACE,1,pot_0,pot_0,1,1,PLACE,PLACE,PLACE,pot_0,pot_0,pot_0,0,0,serve
post_pre,7005,47,48,"(-1, 0)",FETCH,FETCH,1,onion_0,onion_0,1,1,FETCH,FETCH,FETCH,onion_0,onion_0,onion_0,0,0,serve
post_pre,7005,49,50,"(0, 1)",PLACE,PLACE,1,pot_0,pot_0,1,1,PLACE,PLACE,PLACE,pot_0,pot_0,pot_0,0,0,serve
post_pre,7005,53,54,interact,COOK_START,COOK_START,1,pot_0,pot_0,1,1,COOK_START,COOK_START,COOK_START,pot_0,pot_0,pot_0,0,0,serve
post_pre,7005,54,55,"(-1, 0)",FETCH,FETCH,1,onion_0,onion_0,1,1,FETCH,FETCH,FETCH,onion_0,onion_0,onion_0,0,0,serve
post_pre,7005,56,57,"(0, 1)",PLACE,PLACE,1,pot_1,pot_1,1,1,PLACE,PLACE,PLACE,pot_1,pot_1,pot_1,0,0,serve
post_pre,7005,62,63,"(1, 0)",FETCH,FETCH,1,onion_1,onion_1,1,1,FETCH,FETCH,FETCH,onion_1,onion_1,onion_1,0,0,serve
post_pre,7005,64,65,"(0, 1)",PLACE,PLACE,1,pot_1,pot_1,1,1,PLACE,PLACE,PLACE,pot_1,pot_1,pot_1,0,0,serve
post_pre,7005,68,69,"(1, 0)",FETCH,FETCH,1,onion_1,onion_1,1,1,FETCH,FETCH,FETCH,onion_1,onion_1,onion_1,0,0,serve
post_pre,7005,70,71,"(0, 1)",PLACE,PLACE,1,pot_1,pot_1,1,1,PLACE,PLACE,PLACE,pot_1,pot_1,pot_1,0,0,serve
post_pre,7005,74,75,interact,COOK_START,COOK_START,1,pot_1,pot_1,1,1,COOK_START,COOK_START,COOK_START,pot_1,pot_1,pot_1,0,0,serve
post_pre,7005,75,76,"(0, 0)",GET_DISH,GET_DISH,1,dish_0,dish_0,1,1,GET_DISH,GET_DISH,GET_DISH,dish_0,dish_0,dish_0,0,0,cook
post_pre,7005,81,82,"(1, 0)",PRE,PRE,1,pot_1,none,0,0,PRE,PRE,PRE,none,pot_1,none,0,1,dynamic
post_pre,7005,94,95,"(1, 0)",PICKUP,PICKUP,1,pot_1,pot_1,1,1,PICKUP,PICKUP,PICKUP,pot_1,pot_1,pot_1,0,0,cook
post_pre,7005,97,98,"(0, 1)",DELIVER,DELIVER,1,serve_0,serve_0,1,1,DELIVER,DELIVER,DELIVER,serve_0,serve_0,serve_0,0,0,cook
post_pre,7005,99,100,"(0, -1)",FETCH,FETCH,1,onion_1,onion_1,1,1,FETCH,FETCH,FETCH,onion_1,onion_1,onion_1,0,0,serve
post_pre,7005,102,103,"(0, 1)",PLACE,PLACE,1,pot_1,pot_1,1,1,PLACE,PLACE,PLACE,pot_1,pot_1,pot_1,0,0,serve
post_pre,7005,113,114,"(1, 0)",FETCH,FETCH,1,onion_1,onion_1,1,1,FETCH,FETCH,FETCH,onion_1,onion_1,onion_1,0,0,serve
post_pre,7005,115,116,"(-1, 0)",PLACE,PLACE,1,pot_1,pot_1,1,1,PLACE,PLACE,PLACE,pot_1,pot_1,pot_1,0,0,serve
post_pre,7005,119,120,"(1, 0)",FETCH,FETCH,1,onion_1,onion_1,1,1,FETCH,FETCH,FETCH,onion_1,onion_1,onion_1,0,0,serve
post_pre,7005,121,122,"(-1, 0)",PLACE,PLACE,1,pot_1,pot_1,1,1,PLACE,PLACE,PLACE,pot_1,pot_1,pot_1,0,0,serve
post_pre,7005,125,126,interact,COOK_START,COOK_START,1,pot_1,pot_1,1,1,COOK_START,COOK_START,COOK_START,pot_1,pot_1,pot_1,0,0,serve
post_pre,7005,126,127,"(1, 0)",FETCH,FETCH,1,onion_1,onion_1,1,1,FETCH,FETCH,FETCH,onion_1,onion_1,onion_1,0,0,serve
post_pre,7005,128,129,"(0, 1)",PLACE,PLACE,1,pot_0,pot_0,1,1,PLACE,PLACE,PLACE,pot_0,pot_0,pot_0,0,0,serve
post_pre,7005,141,142,"(-1, 0)",FETCH,FETCH,1,onion_0,onion_0,1,1,FETCH,FETCH,FETCH,onion_0,onion_0,onion_0,0,0,serve
post_pre,7005,143,144,"(0, 1)",PLACE,PLACE,1,pot_0,pot_0,1,1,PLACE,PLACE,PLACE,pot_0,pot_0,pot_0,0,0,serve
post_pre,7005,147,148,"(-1, 0)",FETCH,FETCH,1,onion_0,onion_0,1,1,FETCH,FETCH,FETCH,onion_0,onion_0,onion_0,0,0,serve
post_pre,7005,149,150,"(0, 1)",PLACE,PLACE,1,pot_0,pot_0,1,1,PLACE,PLACE,PLACE,pot_0,pot_0,pot_0,0,0,serve
post_pre,7005,153,154,interact,COOK_START,COOK_START,1,pot_0,pot_0,1,1,COOK_START,COOK_START,COOK_START,pot_0,pot_0,pot_0,0,0,serve
post_pre,7005,154,155,"(-1, 0)",FETCH,FETCH,1,onion_0,onion_0,1,1,FETCH,FETCH,FETCH,onion_0,onion_0,onion_0,0,0,serve
post_pre,7005,156,157,"(0, 1)",PLACE,PLACE,1,pot_1,pot_1,1,1,PLACE,PLACE,PLACE,pot_1,pot_1,pot_1,0,0,serve
post_pre,7005,162,163,"(1, 0)",FETCH,FETCH,1,onion_1,onion_1,1,1,FETCH,FETCH,FETCH,onion_1,onion_1,onion_1,0,0,serve
post_pre,7005,164,165,"(0, 1)",PLACE,PLACE,1,pot_1,pot_1,1,1,PLACE,PLACE,PLACE,pot_1,pot_1,pot_1,0,0,serve
post_pre,7005,168,169,"(1, 0)",FETCH,FETCH,1,onion_1,onion_1,1,1,FETCH,FETCH,FETCH,onion_1,onion_1,onion_1,0,0,serve
post_pre,7005,170,171,"(0, 1)",PLACE,PLACE,1,pot_1,pot_1,1,1,PLACE,PLACE,PLACE,pot_1,pot_1,pot_1,0,0,serve
post_pre,7005,174,175,interact,COOK_START,COOK_START,1,pot_1,pot_1,1,1,COOK_START,COOK_START,COOK_START,pot_1,pot_1,pot_1,0,0,serve
post_pre,7005,175,176,"(0, 0)",GET_DISH,GET_DISH,1,dish_0,dish_0,1,1,GET_DISH,GET_DISH,GET_DISH,dish_0,dish_0,dish_0,0,0,cook
post_pre,7005,181,182,"(1, 0)",PRE,PRE,1,pot_1,none,0,0,PRE,PRE,PRE,none,pot_1,none,0,1,dynamic
post_pre,7005,194,195,"(1, 0)",PICKUP,PICKUP,1,pot_1,pot_1,1,1,PICKUP,PICKUP,PICKUP,pot_1,pot_1,pot_1,0,0,cook
post_pre,7005,197,198,"(0, 1)",DELIVER,DELIVER,1,serve_0,serve_0,1,1,DELIVER,DELIVER,DELIVER,serve_0,serve_0,serve_0,0,0,cook
post_pre,7005,199,200,"(0, -1)",FETCH,FETCH,1,onion_1,onion_1,1,1,FETCH,FETCH,FETCH,onion_1,onion_1,onion_1,0,0,serve
post_pre,7005,202,203,"(0, 1)",PLACE,PLACE,1,pot_1,pot_1,1,1,PLACE,PLACE,PLACE,pot_1,pot_1,pot_1,0,0,serve
post_pre,7005,206,207,"(1, 0)",FETCH,FETCH,1,onion_1,onion_1,1,1,FETCH,FETCH,FETCH,onion_1,onion_1,onion_1,0,0,serve
post_pre,7005,208,209,"(-1, 0)",PLACE,PLACE,1,pot_1,pot_1,1,1,PLACE,PLACE,PLACE,pot_1,pot_1,pot_1,0,0,serve
post_pre,7005,212,213,"(1, 0)",FETCH,FETCH,1,onion_1,onion_1,1,1,FETCH,FETCH,FETCH,onion_1,onion_1,onion_1,0,0,serve
post_pre,7005,214,215,"(-1, 0)",PLACE,PLACE,1,pot_1,pot_1,1,1,PLACE,PLACE,PLACE,pot_1,pot_1,pot_1,0,0,serve
post_pre,7005,218,219,interact,COOK_START,COOK_START,1,pot_1,pot_1,1,1,COOK_START,COOK_START,COOK_START,pot_1,pot_1,pot_1,0,0,serve
post_pre,7005,219,220,"(1, 0)",FETCH,FETCH,1,onion_1,onion_1,1,1,FETCH,FETCH,FETCH,onion_1,onion_1,onion_1,0,0,serve
post_pre,7005,221,222,"(0, 1)",PLACE,PLACE,1,pot_0,pot_0,1,1,PLACE,PLACE,PLACE,pot_0,pot_0,pot_0,0,0,serve
post_pre,7005,234,235,interact,COOK_START,COOK_START,1,pot_0,pot_0,1,1,COOK_START,COOK_START,COOK_START,pot_0,pot_0,pot_0,0,0,serve
post_pre,7005,235,236,"(1, 0)",HOLD,HOLD,1,none,none,1,1,HOLD,HOLD,HOLD,none,none,none,0,0,dynamic
post_pre,7005,241,242,"(-1, 0)",FETCH,GET_DISH,0,onion_0,dish_0,0,0,GET_DISH,GET_DISH,GET_DISH,dish_0,dish_0,dish_0,0,0,cook
post_pre,7005,244,245,"(0, 1)",PLACE,PLACE,1,pot_1,pot_0,0,0,PLACE,PLACE,PLACE,pot_0,pot_0,pot_0,0,0,serve
post_pre,7005,253,254,"(1, 0)",FETCH,FETCH,1,onion_1,onion_1,1,1,FETCH,FETCH,FETCH,onion_1,onion_1,onion_1,0,0,serve
post_pre,7005,255,256,"(0, 1)",PLACE,PLACE,1,pot_1,pot_1,1,1,PLACE,PLACE,PLACE,pot_1,pot_1,pot_1,0,0,serve
post_pre,7005,259,260,"(1, 0)",FETCH,FETCH,1,onion_1,onion_1,1,1,FETCH,FETCH,FETCH,onion_1,onion_1,onion_1,0,0,serve
post_pre,7005,261,262,"(0, 1)",PLACE,PLACE,1,pot_1,pot_1,1,1,PLACE,PLACE,PLACE,pot_1,pot_1,pot_1,0,0,serve
post_pre,7005,267,268,interact,COOK_START,COOK_START,1,pot_1,pot_1,1,1,COOK_START,COOK_START,COOK_START,pot_1,pot_1,pot_1,0,0,serve
post_pre,7005,268,269,"(1, 0)",FETCH,FETCH,1,onion_1,onion_1,1,1,FETCH,FETCH,FETCH,onion_1,onion_1,onion_1,0,0,serve
post_pre,7005,270,271,"(0, 1)",PLACE,PLACE,1,pot_0,pot_0,1,1,PLACE,PLACE,PLACE,pot_0,pot_0,pot_0,0,0,serve
post_pre,7005,280,281,"(-1, 0)",FETCH,FETCH,1,onion_0,onion_0,1,1,FETCH,FETCH,FETCH,onion_0,onion_0,onion_0,0,0,serve
post_pre,7005,282,283,"(0, 1)",PLACE,PLACE,1,pot_0,pot_0,1,1,PLACE,PLACE,PLACE,pot_0,pot_0,pot_0,0,0,serve
post_pre,7005,286,287,"(-1, 0)",FETCH,FETCH,1,onion_0,onion_0,1,1,FETCH,FETCH,FETCH,onion_0,onion_0,onion_0,0,0,serve
post_pre,7005,288,289,"(0, 1)",PLACE,PLACE,1,pot_0,pot_0,1,1,PLACE,PLACE,PLACE,pot_0,pot_0,pot_0,0,0,serve
post_pre,7005,292,293,interact,COOK_START,COOK_START,1,pot_0,pot_0,1,1,COOK_START,COOK_START,COOK_START,pot_0,pot_0,pot_0,0,0,serve
post_pre,7005,293,294,"(-1, 0)",FETCH,FETCH,1,onion_0,onion_0,1,1,FETCH,FETCH,FETCH,onion_0,onion_0,onion_0,0,0,serve
post_pre,7005,295,296,"(0, 1)",PLACE,PLACE,1,pot_1,pot_1,1,1,PLACE,PLACE,PLACE,pot_1,pot_1,pot_1,0,0,serve
post_pre,7005,301,302,"(1, 0)",FETCH,FETCH,1,onion_1,onion_1,1,1,FETCH,FETCH,FETCH,onion_1,onion_1,onion_1,0,0,serve
post_pre,7005,303,304,"(0, 1)",PLACE,PLACE,1,pot_1,pot_1,1,1,PLACE,PLACE,PLACE,pot_1,pot_1,pot_1,0,0,serve
post_pre,7005,307,308,"(1, 0)",FETCH,FETCH,1,onion_1,onion_1,1,1,FETCH,FETCH,FETCH,onion_1,onion_1,onion_1,0,0,serve
post_pre,7005,309,310,"(0, 1)",PLACE,PLACE,1,pot_1,pot_1,1,1,PLACE,PLACE,PLACE,pot_1,pot_1,pot_1,0,0,serve
post_pre,7005,313,314,interact,COOK_START,COOK_START,1,pot_1,pot_1,1,1,COOK_START,COOK_START,COOK_START,pot_1,pot_1,pot_1,0,0,serve
post_pre,7005,314,315,"(0, 0)",GET_DISH,GET_DISH,1,dish_0,dish_0,1,1,GET_DISH,GET_DISH,GET_DISH,dish_0,dish_0,dish_0,0,0,cook
post_pre,7005,320,321,"(1, 0)",PRE,PRE,1,pot_1,none,0,0,PRE,PRE,PRE,none,onion_1,none,0,1,dynamic
post_pre,7005,333,334,"(1, 0)",PICKUP,PICKUP,1,pot_1,pot_1,1,1,PICKUP,PICKUP,PICKUP,pot_1,pot_1,pot_1,0,0,cook
post_pre,7005,336,337,"(0, 1)",DELIVER,DELIVER,1,serve_0,serve_0,1,1,DELIVER,DELIVER,DELIVER,serve_0,serve_0,serve_0,0,0,cook
post_pre,7005,338,339,"(0, -1)",FETCH,FETCH,1,onion_1,onion_1,1,1,FETCH,FETCH,FETCH,onion_1,onion_1,onion_1,0,0,serve
post_pre,7005,341,342,"(0, 1)",PLACE,PLACE,1,pot_1,pot_1,1,1,PLACE,PLACE,PLACE,pot_1,pot_0,pot_0,0,1,serve
post_pre,7005,352,353,"(1, 0)",FETCH,FETCH,1,onion_1,onion_1,1,1,FETCH,FETCH,FETCH,onion_1,onion_1,onion_1,0,0,serve
post_pre,7005,354,355,"(-1, 0)",PLACE,PLACE,1,pot_1,pot_1,1,1,PLACE,PLACE,PLACE,pot_1,pot_1,pot_1,0,0,serve
post_pre,7005,358,359,"(1, 0)",FETCH,FETCH,1,onion_1,onion_1,1,1,FETCH,FETCH,FETCH,onion_1,onion_1,onion_1,0,0,serve
post_pre,7005,360,361,"(-1, 0)",PLACE,PLACE,1,pot_1,pot_1,1,1,PLACE,PLACE,PLACE,pot_1,pot_1,pot_1,0,0,serve
post_pre,7005,364,365,interact,COOK_START,COOK_START,1,pot_1,pot_1,1,1,COOK_START,COOK_START,COOK_START,pot_1,pot_1,pot_1,0,0,serve
post_pre,7005,365,366,"(1, 0)",FETCH,FETCH,1,onion_1,onion_1,1,1,FETCH,FETCH,FETCH,onion_1,onion_1,onion_1,0,0,serve
post_pre,7005,367,368,"(0, 1)",PLACE,PLACE,1,pot_0,pot_0,1,1,PLACE,PLACE,PLACE,pot_0,pot_0,pot_0,0,0,serve
post_pre,7005,380,381,"(-1, 0)",FETCH,FETCH,1,onion_0,onion_0,1,1,FETCH,FETCH,FETCH,onion_0,onion_0,onion_0,0,0,serve
post_pre,7005,382,383,"(0, 1)",PLACE,PLACE,1,pot_0,pot_0,1,1,PLACE,PLACE,PLACE,pot_0,pot_0,pot_0,0,0,serve
post_pre,7005,386,387,"(-1, 0)",FETCH,FETCH,1,onion_0,onion_0,1,1,FETCH,FETCH,FETCH,onion_0,onion_0,onion_0,0,0,serve
post_pre,7005,388,389,"(0, 1)",PLACE,PLACE,1,pot_0,pot_0,1,1,PLACE,PLACE,PLACE,pot_0,pot_0,pot_0,0,0,serve
post_pre,7005,392,393,interact,COOK_START,COOK_START,1,pot_0,pot_0,1,1,COOK_START,COOK_START,COOK_START,pot_0,pot_0,pot_0,0,0,serve
post_pre,7005,393,394,"(-1, 0)",FETCH,GET_DISH,0,onion_0,onion_0,1,0,GET_DISH,FETCH,GET_DISH,onion_0,onion_0,onion_0,1,0,cook
post_pre,7005,395,396,"(0, 1)",PLACE,PLACE,1,pot_1,pot_1,1,1,PLACE,PLACE,PLACE,pot_1,pot_1,pot_1,0,0,serve
post_pre,7005,401,402,"(1, 0)",FETCH,FETCH,1,onion_1,onion_1,1,1,FETCH,FETCH,FETCH,onion_1,onion_1,onion_1,0,0,serve
post_pre,7005,403,404,"(0, 1)",PLACE,PLACE,1,pot_1,pot_1,1,1,PLACE,PLACE,PLACE,pot_1,pot_1,pot_1,0,0,serve
post_pre,7005,407,408,"(1, 0)",FETCH,FETCH,1,onion_1,onion_1,1,1,FETCH,FETCH,FETCH,onion_1,onion_1,onion_1,0,0,serve
post_pre,7005,409,410,"(0, 1)",PLACE,PLACE,1,pot_1,pot_1,1,1,PLACE,PLACE,PLACE,pot_1,pot_1,pot_1,0,0,serve
post_pre,7005,413,414,interact,COOK_START,COOK_START,1,pot_1,pot_1,1,1,COOK_START,COOK_START,COOK_START,pot_1,pot_1,pot_1,0,0,serve
post_pre,7005,414,415,"(0, 0)",GET_DISH,GET_DISH,1,dish_0,dish_0,1,1,GET_DISH,GET_DISH,GET_DISH,dish_0,dish_0,dish_0,0,0,cook
post_pre,7005,420,421,"(1, 0)",PRE,PRE,1,pot_1,pot_0,0,0,PRE,PRE,PRE,pot_0,pot_0,pot_0,0,0,dynamic
post_pre,7005,433,434,"(1, 0)",PICKUP,PICKUP,1,pot_1,pot_1,1,1,PICKUP,PICKUP,PICKUP,pot_1,pot_1,pot_1,0,0,cook
post_pre,7005,436,437,"(0, 1)",DELIVER,DELIVER,1,serve_0,serve_0,1,1,DELIVER,DELIVER,DELIVER,serve_0,serve_0,serve_0,0,0,cook
post_pre,7005,438,439,"(0, -1)",FETCH,FETCH,1,onion_1,onion_1,1,1,FETCH,FETCH,FETCH,onion_1,onion_1,onion_1,0,0,serve
post_pre,7005,441,442,"(0, 1)",PLACE,PLACE,1,pot_1,pot_0,0,0,PLACE,PLACE,PLACE,pot_0,pot_0,pot_0,0,0,serve
post_pre,7005,452,453,"(1, 0)",FETCH,FETCH,1,onion_1,onion_1,1,1,FETCH,FETCH,FETCH,onion_1,onion_1,onion_1,0,0,serve
post_pre,7005,454,455,"(-1, 0)",PLACE,PLACE,1,pot_1,pot_1,1,1,PLACE,PLACE,PLACE,pot_1,pot_1,pot_1,0,0,serve
post_pre,7005,458,459,"(1, 0)",FETCH,FETCH,1,onion_1,onion_1,1,1,FETCH,FETCH,FETCH,onion_1,onion_1,onion_1,0,0,serve
post_pre,7005,460,461,"(-1, 0)",PLACE,PLACE,1,pot_1,pot_1,1,1,PLACE,PLACE,PLACE,pot_1,pot_1,pot_1,0,0,serve
post_pre,7005,464,465,interact,COOK_START,COOK_START,1,pot_1,pot_1,1,1,COOK_START,COOK_START,COOK_START,pot_1,pot_1,pot_1,0,0,serve
post_pre,7005,465,466,"(1, 0)",FETCH,FETCH,1,onion_1,onion_1,1,1,FETCH,FETCH,FETCH,onion_1,onion_1,onion_1,0,0,serve
post_pre,7005,467,468,"(0, 1)",PLACE,PLACE,1,pot_0,pot_0,1,1,PLACE,PLACE,PLACE,pot_0,pot_0,pot_0,0,0,serve
post_pre,7005,480,481,"(-1, 0)",FETCH,FETCH,1,onion_0,onion_0,1,1,FETCH,FETCH,FETCH,onion_0,onion_0,onion_0,0,0,serve
post_pre,7005,482,483,"(0, 1)",PLACE,PLACE,1,pot_0,pot_0,1,1,PLACE,PLACE,PLACE,pot_0,pot_0,pot_0,0,0,serve
post_pre,7005,486,487,"(-1, 0)",FETCH,FETCH,1,onion_0,onion_0,1,1,FETCH,FETCH,FETCH,onion_0,onion_0,onion_0,0,0,serve
post_pre,7005,488,489,"(0, 1)",PLACE,PLACE,1,pot_0,pot_0,1,1,PLACE,PLACE,PLACE,pot_0,pot_0,pot_0,0,0,serve
post_pre,7005,492,493,interact,COOK_START,COOK_START,1,pot_0,pot_0,1,1,COOK_START,COOK_START,COOK_START,pot_0,pot_0,pot_0,0,0,serve
post_pre,7005,493,494,"(-1, 0)",FETCH,GET_DISH,0,onion_0,dish_0,0,0,GET_DISH,GET_DISH,GET_DISH,dish_0,dish_0,dish_0,0,0,cook
post_pre,7005,495,496,"(0, 1)",PLACE,PLACE,1,pot_1,pot_1,1,1,PLACE,PLACE,PLACE,pot_1,pot_1,pot_1,0,0,serve
post_pre,7005,501,502,"(1, 0)",FETCH,FETCH,1,onion_1,onion_1,1,1,FETCH,FETCH,FETCH,onion_1,onion_1,onion_1,0,0,serve
post_pre,7005,503,504,"(0, 1)",PLACE,PLACE,1,pot_1,pot_1,1,1,PLACE,PLACE,PLACE,pot_1,pot_1,pot_1,0,0,serve
post_pre,7005,507,508,"(1, 0)",FETCH,FETCH,1,onion_1,onion_1,1,1,FETCH,FETCH,FETCH,onion_1,onion_1,onion_1,0,0,serve
post_pre,7005,509,510,"(0, 1)",PLACE,PLACE,1,pot_1,pot_1,1,1,PLACE,PLACE,PLACE,pot_1,pot_1,pot_1,0,0,serve
post_pre,7005,513,514,interact,COOK_START,COOK_START,1,pot_1,pot_1,1,1,COOK_START,COOK_START,COOK_START,pot_1,pot_1,pot_1,0,0,serve
post_pre,7005,514,515,"(0, 0)",GET_DISH,GET_DISH,1,dish_0,dish_0,1,1,GET_DISH,GET_DISH,GET_DISH,dish_0,dish_0,dish_0,0,0,cook
post_pre,7005,520,521,"(1, 0)",PRE,PRE,1,pot_1,pot_0,0,0,PRE,PRE,PRE,pot_0,dish_0,pot_0,0,1,dynamic
post_pre,7005,533,534,"(1, 0)",PICKUP,PICKUP,1,pot_1,pot_1,1,1,PICKUP,PICKUP,PICKUP,pot_1,pot_1,pot_1,0,0,cook
post_pre,7005,536,537,"(0, 1)",DELIVER,DELIVER,1,serve_0,serve_0,1,1,DELIVER,DELIVER,DELIVER,serve_0,serve_0,serve_0,0,0,cook
post_pre,7005,538,539,"(0, -1)",FETCH,FETCH,1,onion_1,onion_1,1,1,FETCH,FETCH,FETCH,onion_1,onion_1,onion_1,0,0,serve
post_pre,7005,541,542,"(0, 1)",PLACE,PLACE,1,pot_1,pot_0,0,0,PLACE,PLACE,PLACE,pot_0,pot_0,pot_0,0,0,serve
post_pre,7005,552,553,"(1, 0)",FETCH,FETCH,1,onion_1,onion_1,1,1,FETCH,FETCH,FETCH,onion_1,onion_1,onion_1,0,0,serve
post_pre,7005,554,555,"(-1, 0)",PLACE,PLACE,1,pot_1,pot_1,1,1,PLACE,PLACE,PLACE,pot_1,pot_1,pot_1,0,0,serve
post_pre,7005,558,559,"(1, 0)",FETCH,FETCH,1,onion_1,onion_1,1,1,FETCH,FETCH,FETCH,onion_1,onion_1,onion_1,0,0,serve
post_pre,7005,560,561,"(-1, 0)",PLACE,PLACE,1,pot_1,pot_1,1,1,PLACE,PLACE,PLACE,pot_1,pot_1,pot_1,0,0,serve
post_pre,7005,564,565,interact,COOK_START,COOK_START,1,pot_1,pot_1,1,1,COOK_START,COOK_START,COOK_START,pot_1,pot_1,pot_1,0,0,serve
post_pre,7005,565,566,"(1, 0)",FETCH,FETCH,1,onion_1,onion_1,1,1,FETCH,FETCH,FETCH,onion_1,onion_1,onion_1,0,0,serve
post_pre,7005,567,568,"(0, 1)",PLACE,PLACE,1,pot_0,pot_0,1,1,PLACE,PLACE,PLACE,pot_0,pot_0,pot_0,0,0,serve
post_pre,7005,580,581,"(-1, 0)",FETCH,GET_DISH,0,onion_0,dish_0,0,0,GET_DISH,GET_DISH,GET_DISH,dish_0,dish_0,dish_0,0,0,cook
post_pre,7005,582,583,"(0, 1)",PLACE,PLACE,1,pot_0,pot_0,1,1,PLACE,PLACE,PLACE,pot_0,pot_0,pot_0,0,0,serve
post_pre,7005,586,587,"(-1, 0)",FETCH,FETCH,1,onion_0,onion_0,1,1,FETCH,FETCH,FETCH,onion_0,onion_0,onion_0,0,0,serve
post_pre,7005,588,589,"(0, 1)",PLACE,PLACE,1,pot_0,pot_0,1,1,PLACE,PLACE,PLACE,pot_0,pot_0,pot_0,0,0,serve
post_pre,7005,592,593,interact,COOK_START,COOK_START,1,pot_0,pot_0,1,1,COOK_START,COOK_START,COOK_START,pot_0,pot_0,pot_0,0,0,serve
post_pre,7005,593,594,"(-1, 0)",FETCH,GET_DISH,0,onion_0,dish_0,0,0,GET_DISH,GET_DISH,GET_DISH,dish_0,dish_0,dish_0,0,0,cook
post_pre,7005,595,596,"(0, 1)",PLACE,PLACE,1,pot_1,pot_1,1,1,PLACE,PLACE,PLACE,pot_1,pot_1,pot_1,0,0,serve
post_pre,7005,601,602,"(1, 0)",FETCH,FETCH,1,onion_1,onion_1,1,1,FETCH,FETCH,FETCH,onion_1,onion_1,onion_1,0,0,serve
post_pre,7005,603,604,"(0, 1)",PLACE,PLACE,1,pot_1,pot_1,1,1,PLACE,PLACE,PLACE,pot_1,pot_1,pot_1,0,0,serve
post_pre,7005,607,608,"(1, 0)",FETCH,FETCH,1,onion_1,onion_1,1,1,FETCH,FETCH,FETCH,onion_1,onion_1,onion_1,0,0,serve
post_pre,7005,609,610,"(0, 1)",PLACE,PLACE,1,pot_1,pot_1,1,1,PLACE,PLACE,PLACE,pot_1,pot_1,pot_1,0,0,serve
post_pre,7005,613,614,interact,COOK_START,COOK_START,1,pot_1,pot_1,1,1,COOK_START,COOK_START,COOK_START,pot_1,pot_1,pot_1,0,0,serve
post_pre,7005,614,615,"(0, 0)",GET_DISH,GET_DISH,1,dish_0,dish_0,1,1,GET_DISH,GET_DISH,GET_DISH,dish_0,dish_0,dish_0,0,0,cook
post_pre,7005,620,621,"(1, 0)",PRE,PRE,1,pot_1,pot_0,0,0,PRE,PRE,PRE,pot_0,dish_0,dish_0,0,1,dynamic
post_pre,7005,633,634,"(1, 0)",PICKUP,PICKUP,1,pot_1,pot_1,1,1,PICKUP,PICKUP,PICKUP,pot_1,pot_1,pot_1,0,0,cook
post_pre,7005,636,637,"(0, 1)",DELIVER,DELIVER,1,serve_0,serve_0,1,1,DELIVER,DELIVER,DELIVER,serve_0,serve_0,serve_0,0,0,cook
post_pre,7005,638,639,"(0, -1)",FETCH,FETCH,1,onion_1,onion_1,1,1,FETCH,FETCH,FETCH,onion_1,onion_1,onion_1,0,0,serve
post_pre,7005,641,642,"(0, 1)",PLACE,PLACE,1,pot_1,pot_0,0,0,PLACE,PLACE,PLACE,pot_0,pot_0,pot_0,0,0,serve
post_pre,7005,652,653,"(1, 0)",FETCH,FETCH,1,onion_1,onion_1,1,1,FETCH,FETCH,FETCH,onion_1,onion_1,onion_1,0,0,serve
post_pre,7005,654,655,"(-1, 0)",PLACE,PLACE,1,pot_1,pot_1,1,1,PLACE,PLACE,PLACE,pot_1,pot_1,pot_1,0,0,serve
post_pre,7005,658,659,"(1, 0)",FETCH,FETCH,1,onion_1,onion_1,1,1,FETCH,FETCH,FETCH,onion_1,onion_1,onion_1,0,0,serve
post_pre,7005,660,661,"(-1, 0)",PLACE,PLACE,1,pot_1,pot_1,1,1,PLACE,PLACE,PLACE,pot_1,pot_1,pot_1,0,0,serve
post_pre,7005,664,665,interact,COOK_START,COOK_START,1,pot_1,pot_1,1,1,COOK_START,COOK_START,COOK_START,pot_1,pot_1,pot_1,0,0,serve
post_pre,7005,665,666,"(1, 0)",FETCH,FETCH,1,onion_1,onion_1,1,1,FETCH,FETCH,FETCH,onion_1,onion_1,onion_1,0,0,serve
post_pre,7005,667,668,"(0, 1)",PLACE,PLACE,1,pot_0,pot_0,1,1,PLACE,PLACE,PLACE,pot_0,pot_0,pot_0,0,0,serve
post_pre,7005,680,681,"(-1, 0)",FETCH,GET_DISH,0,onion_0,dish_0,0,0,GET_DISH,GET_DISH,GET_DISH,dish_0,dish_0,dish_0,0,0,cook
post_pre,7005,682,683,"(0, 1)",PLACE,PLACE,1,pot_0,pot_0,1,1,PLACE,PLACE,PLACE,pot_0,pot_0,pot_0,0,0,serve
post_pre,7005,686,687,"(-1, 0)",FETCH,FETCH,1,onion_0,onion_0,1,1,FETCH,FETCH,FETCH,onion_0,onion_0,onion_0,0,0,serve
post_pre,7005,688,689,"(0, 1)",PLACE,PLACE,1,pot_0,pot_0,1,1,PLACE,PLACE,PLACE,pot_0,pot_0,pot_0,0,0,serve
post_pre,7005,692,693,interact,COOK_START,COOK_START,1,pot_0,pot_0,1,1,COOK_START,COOK_START,COOK_START,pot_0,pot_0,pot_0,0,0,serve
post_pre,7005,693,694,"(-1, 0)",FETCH,GET_DISH,0,onion_0,dish_0,0,0,GET_DISH,GET_DISH,GET_DISH,dish_0,dish_0,dish_0,0,0,cook
post_pre,7005,695,696,"(0, 1)",PLACE,PLACE,1,pot_1,pot_1,1,1,PLACE,PLACE,PLACE,pot_1,pot_1,pot_1,0,0,serve
post_pre,7006,0,1,"(0, 0)",FETCH,FETCH,1,onion_0,onion_0,1,1,FETCH,FETCH,FETCH,onion_0,onion_0,onion_0,0,0,serve
post_pre,7006,3,4,"(0, 1)",PLACE,PLACE,1,pot_0,pot_0,1,1,PLACE,PLACE,PLACE,pot_0,pot_0,pot_0,0,0,serve
post_pre,7006,7,8,"(-1, 0)",FETCH,FETCH,1,onion_0,onion_0,1,1,FETCH,FETCH,FETCH,onion_0,onion_0,onion_0,0,0,serve
post_pre,7006,9,10,"(0, 1)",PLACE,PLACE,1,pot_0,pot_0,1,1,PLACE,PLACE,PLACE,pot_0,pot_0,pot_0,0,0,serve
post_pre,7006,13,14,"(-1, 0)",FETCH,FETCH,1,onion_0,onion_0,1,1,FETCH,FETCH,FETCH,onion_0,onion_0,onion_0,0,0,serve
post_pre,7006,15,16,"(0, 1)",PLACE,PLACE,1,pot_0,pot_0,1,1,PLACE,PLACE,PLACE,pot_0,pot_0,pot_0,0,0,serve
post_pre,7006,19,20,interact,COOK_START,COOK_START,1,pot_0,pot_0,1,1,COOK_START,COOK_START,COOK_START,pot_0,pot_0,pot_0,0,0,serve
post_pre,7006,20,21,"(-1, 0)",FETCH,FETCH,1,onion_0,onion_0,1,1,FETCH,FETCH,FETCH,onion_0,onion_0,onion_0,0,0,serve
post_pre,7006,22,23,"(0, 1)",PLACE,PLACE,1,pot_1,pot_1,1,1,PLACE,PLACE,PLACE,pot_1,pot_1,pot_1,0,0,serve
post_pre,7006,28,29,"(1, 0)",FETCH,FETCH,1,onion_1,onion_1,1,1,FETCH,FETCH,FETCH,onion_1,onion_1,onion_1,0,0,serve
post_pre,7006,30,31,"(0, 1)",PLACE,PLACE,1,pot_1,pot_1,1,1,PLACE,PLACE,PLACE,pot_1,pot_1,pot_1,0,0,serve
post_pre,7006,34,35,"(1, 0)",FETCH,FETCH,1,onion_1,onion_1,1,1,FETCH,FETCH,FETCH,onion_1,onion_1,onion_1,0,0,serve
post_pre,7006,36,37,"(0, 1)",PLACE,PLACE,1,pot_1,pot_1,1,1,PLACE,PLACE,PLACE,pot_1,pot_1,pot_1,0,0,serve
post_pre,7006,40,41,interact,COOK_START,COOK_START,1,pot_1,pot_1,1,1,COOK_START,COOK_START,COOK_START,pot_1,pot_1,pot_1,0,0,serve
post_pre,7006,41,42,"(0, 0)",GET_DISH,GET_DISH,1,dish_0,dish_0,1,1,GET_DISH,GET_DISH,GET_DISH,dish_0,dish_0,dish_0,0,0,cook
post_pre,7006,47,48,"(1, 0)",PRE,PRE,1,pot_1,none,0,0,PRE,PRE,PRE,none,pot_1,none,0,1,dynamic
post_pre,7006,60,61,"(1, 0)",PICKUP,PICKUP,1,pot_1,pot_1,1,1,PICKUP,PICKUP,PICKUP,pot_1,pot_1,pot_1,0,0,cook
post_pre,7006,63,64,"(0, 1)",DELIVER,DELIVER,1,serve_0,serve_0,1,1,DELIVER,DELIVER,DELIVER,serve_0,serve_0,serve_0,0,0,cook
post_pre,7006,65,66,"(0, -1)",FETCH,FETCH,1,onion_1,onion_1,1,1,FETCH,FETCH,FETCH,onion_1,onion_1,onion_1,0,0,serve
post_pre,7006,68,69,"(0, 1)",PLACE,PLACE,1,pot_1,pot_1,1,1,PLACE,PLACE,PLACE,pot_1,pot_1,pot_1,0,0,serve
post_pre,7006,72,73,"(1, 0)",FETCH,FETCH,1,onion_1,onion_1,1,1,FETCH,FETCH,FETCH,onion_1,onion_1,onion_1,0,0,serve
post_pre,7006,74,75,"(-1, 0)",PLACE,PLACE,1,pot_1,pot_1,1,1,PLACE,PLACE,PLACE,pot_1,pot_1,pot_1,0,0,serve
post_pre,7006,78,79,"(1, 0)",FETCH,FETCH,1,onion_1,onion_1,1,1,FETCH,FETCH,FETCH,onion_1,onion_1,onion_1,0,0,serve
post_pre,7006,80,81,"(-1, 0)",PLACE,PLACE,1,pot_1,pot_1,1,1,PLACE,PLACE,PLACE,pot_1,pot_1,pot_1,0,0,serve
post_pre,7006,84,85,interact,COOK_START,COOK_START,1,pot_1,pot_1,1,1,COOK_START,COOK_START,COOK_START,pot_1,pot_1,pot_1,0,0,serve
post_pre,7006,85,86,"(1, 0)",FETCH,FETCH,1,onion_1,onion_1,1,1,FETCH,FETCH,FETCH,onion_1,onion_1,onion_1,0,0,serve
post_pre,7006,87,88,"(0, 1)",PLACE,PLACE,1,pot_0,pot_0,1,1,PLACE,PLACE,PLACE,pot_0,pot_0,pot_0,0,0,serve
post_pre,7006,100,101,interact,COOK_START,COOK_START,1,pot_0,pot_0,1,1,COOK_START,COOK_START,COOK_START,pot_0,pot_0,pot_0,0,0,serve
post_pre,7006,101,102,"(1, 0)",HOLD,HOLD,1,none,none,1,1,HOLD,HOLD,HOLD,none,none,none,0,0,dynamic
post_pre,7006,107,108,"(-1, 0)",FETCH,GET_DISH,0,onion_0,dish_0,0,0,GET_DISH,GET_DISH,GET_DISH,dish_0,dish_0,dish_0,0,0,cook
post_pre,7006,110,111,"(0, 1)",PLACE,PLACE,1,pot_1,pot_0,0,0,PLACE,PLACE,PLACE,pot_0,pot_0,pot_0,0,0,serve
post_pre,7006,119,120,"(1, 0)",FETCH,FETCH,1,onion_1,onion_1,1,1,FETCH,FETCH,FETCH,onion_1,onion_1,onion_1,0,0,serve
post_pre,7006,121,122,"(0, 1)",PLACE,PLACE,1,pot_1,pot_1,1,1,PLACE,PLACE,PLACE,pot_1,pot_1,pot_1,0,0,serve
post_pre,7006,125,126,"(1, 0)",FETCH,FETCH,1,onion_1,onion_1,1,1,FETCH,FETCH,FETCH,onion_1,onion_1,onion_1,0,0,serve
post_pre,7006,127,128,"(0, 1)",PLACE,PLACE,1,pot_1,pot_1,1,1,PLACE,PLACE,PLACE,pot_1,pot_1,pot_1,0,0,serve
post_pre,7006,133,134,interact,COOK_START,COOK_START,1,pot_1,pot_1,1,1,COOK_START,COOK_START,COOK_START,pot_1,pot_1,pot_1,0,0,serve
post_pre,7006,134,135,"(1, 0)",FETCH,FETCH,1,onion_1,onion_1,1,1,FETCH,FETCH,FETCH,onion_1,onion_1,onion_1,0,0,serve
post_pre,7006,136,137,"(0, 1)",PLACE,PLACE,1,pot_0,pot_0,1,1,PLACE,PLACE,PLACE,pot_0,pot_0,pot_0,0,0,serve
post_pre,7006,146,147,"(-1, 0)",FETCH,FETCH,1,onion_0,onion_0,1,1,FETCH,FETCH,FETCH,onion_0,onion_0,onion_0,0,0,serve
post_pre,7006,148,149,"(0, 1)",PLACE,PLACE,1,pot_0,pot_0,1,1,PLACE,PLACE,PLACE,pot_0,pot_0,pot_0,0,0,serve
post_pre,7006,152,153,"(-1, 0)",FETCH,FETCH,1,onion_0,onion_0,1,1,FETCH,FETCH,FETCH,onion_0,onion_0,onion_0,0,0,serve
post_pre,7006,154,155,"(0, 1)",PLACE,PLACE,1,pot_0,pot_0,1,1,PLACE,PLACE,PLACE,pot_0,pot_0,pot_0,0,0,serve
post_pre,7006,158,159,interact,COOK_START,COOK_START,1,pot_0,pot_0,1,1,COOK_START,COOK_START,COOK_START,pot_0,pot_0,pot_0,0,0,serve
post_pre,7006,159,160,"(-1, 0)",FETCH,FETCH,1,onion_0,onion_0,1,1,FETCH,FETCH,FETCH,onion_0,onion_0,onion_0,0,0,serve
post_pre,7006,161,162,"(0, 1)",PLACE,PLACE,1,pot_1,pot_1,1,1,PLACE,PLACE,PLACE,pot_1,pot_1,pot_1,0,0,serve
post_pre,7006,167,168,"(1, 0)",FETCH,FETCH,1,onion_1,onion_1,1,1,FETCH,FETCH,FETCH,onion_1,onion_1,onion_1,0,0,serve
post_pre,7006,169,170,"(0, 1)",PLACE,PLACE,1,pot_1,pot_1,1,1,PLACE,PLACE,PLACE,pot_1,pot_1,pot_1,0,0,serve
post_pre,7006,173,174,"(1, 0)",FETCH,FETCH,1,onion_1,onion_1,1,1,FETCH,FETCH,FETCH,onion_1,onion_1,onion_1,0,0,serve
post_pre,7006,175,176,"(0, 1)",PLACE,PLACE,1,pot_1,pot_1,1,1,PLACE,PLACE,PLACE,pot_1,pot_1,pot_1,0,0,serve
post_pre,7006,179,180,interact,COOK_START,COOK_START,1,pot_1,pot_1,1,1,COOK_START,COOK_START,COOK_START,pot_1,pot_1,pot_1,0,0,serve
post_pre,7006,180,181,"(0, 0)",GET_DISH,GET_DISH,1,dish_0,dish_0,1,1,GET_DISH,GET_DISH,GET_DISH,dish_0,dish_0,dish_0,0,0,cook
post_pre,7006,186,187,"(1, 0)",PRE,PRE,1,pot_1,none,0,0,PRE,PRE,PRE,none,pot_1,none,0,1,dynamic
post_pre,7006,199,200,"(1, 0)",PICKUP,PICKUP,1,pot_1,pot_1,1,1,PICKUP,PICKUP,PICKUP,pot_1,pot_1,pot_1,0,0,cook
post_pre,7006,202,203,"(0, 1)",DELIVER,DELIVER,1,serve_0,serve_0,1,1,DELIVER,DELIVER,DELIVER,serve_0,serve_0,serve_0,0,0,cook
post_pre,7006,204,205,"(0, -1)",FETCH,FETCH,1,onion_1,onion_1,1,1,FETCH,FETCH,FETCH,onion_1,onion_1,onion_1,0,0,serve
post_pre,7006,207,208,"(0, 1)",PLACE,PLACE,1,pot_1,pot_1,1,1,PLACE,PLACE,PLACE,pot_1,pot_1,pot_1,0,0,serve
post_pre,7006,218,219,"(1, 0)",FETCH,FETCH,1,onion_1,onion_1,1,1,FETCH,FETCH,FETCH,onion_1,onion_1,onion_1,0,0,serve
post_pre,7006,220,221,"(-1, 0)",PLACE,PLACE,1,pot_1,pot_1,1,1,PLACE,PLACE,PLACE,pot_1,pot_1,pot_1,0,0,serve
post_pre,7006,224,225,"(1, 0)",FETCH,FETCH,1,onion_1,onion_1,1,1,FETCH,FETCH,FETCH,onion_1,onion_1,onion_1,0,0,serve
post_pre,7006,226,227,"(-1, 0)",PLACE,PLACE,1,pot_1,pot_1,1,1,PLACE,PLACE,PLACE,pot_1,pot_1,pot_1,0,0,serve
post_pre,7006,230,231,interact,COOK_START,COOK_START,1,pot_1,pot_1,1,1,COOK_START,COOK_START,COOK_START,pot_1,pot_1,pot_1,0,0,serve
post_pre,7006,231,232,"(1, 0)",FETCH,FETCH,1,onion_1,onion_1,1,1,FETCH,FETCH,FETCH,onion_1,onion_1,onion_1,0,0,serve
post_pre,7006,233,234,"(0, 1)",PLACE,PLACE,1,pot_0,pot_0,1,1,PLACE,PLACE,PLACE,pot_0,pot_0,pot_0,0,0,serve
post_pre,7006,246,247,"(-1, 0)",FETCH,FETCH,1,onion_0,onion_0,1,1,FETCH,FETCH,FETCH,onion_0,onion_0,onion_0,0,0,serve
post_pre,7006,248,249,"(0, 1)",PLACE,PLACE,1,pot_0,pot_0,1,1,PLACE,PLACE,PLACE,pot_0,pot_0,pot_0,0,0,serve
post_pre,7006,252,253,"(-1, 0)",FETCH,FETCH,1,onion_0,onion_0,1,1,FETCH,FETCH,FETCH,onion_0,onion_0,onion_0,0,0,serve
post_pre,7006,254,255,"(0, 1)",PLACE,PLACE,1,pot_0,pot_0,1,1,PLACE,PLACE,PLACE,pot_0,pot_0,pot_0,0,0,serve
post_pre,7006,258,259,interact,COOK_START,COOK_START,1,pot_0,pot_0,1,1,COOK_START,COOK_START,COOK_START,pot_0,pot_0,pot_0,0,0,serve
post_pre,7006,259,260,"(-1, 0)",FETCH,FETCH,1,onion_0,onion_0,1,1,FETCH,FETCH,FETCH,onion_0,onion_0,onion_0,0,0,serve
post_pre,7006,261,262,"(0, 1)",PLACE,PLACE,1,pot_1,pot_1,1,1,PLACE,PLACE,PLACE,pot_1,pot_1,pot_1,0,0,serve
post_pre,7006,267,268,"(1, 0)",FETCH,FETCH,1,onion_1,onion_1,1,1,FETCH,FETCH,FETCH,onion_1,onion_1,onion_1,0,0,serve
post_pre,7006,269,270,"(0, 1)",PLACE,PLACE,1,pot_1,pot_1,1,1,PLACE,PLACE,PLACE,pot_1,pot_1,pot_1,0,0,serve
post_pre,7006,273,274,"(1, 0)",FETCH,FETCH,1,onion_1,onion_1,1,1,FETCH,FETCH,FETCH,onion_1,onion_1,onion_1,0,0,serve
post_pre,7006,275,276,"(0, 1)",PLACE,PLACE,1,pot_1,pot_1,1,1,PLACE,PLACE,PLACE,pot_1,pot_1,pot_1,0,0,serve
post_pre,7006,279,280,interact,COOK_START,COOK_START,1,pot_1,pot_1,1,1,COOK_START,COOK_START,COOK_START,pot_1,pot_1,pot_1,0,0,serve
post_pre,7006,280,281,"(0, 0)",GET_DISH,GET_DISH,1,dish_0,dish_0,1,1,GET_DISH,GET_DISH,GET_DISH,dish_0,dish_0,dish_0,0,0,cook
post_pre,7006,286,287,"(1, 0)",PRE,PRE,1,pot_1,none,0,0,PRE,PRE,PRE,none,onion_1,none,0,1,dynamic
post_pre,7006,299,300,"(1, 0)",PICKUP,PICKUP,1,pot_1,pot_1,1,1,PICKUP,PICKUP,PICKUP,pot_1,pot_1,pot_1,0,0,cook
post_pre,7006,302,303,"(0, 1)",DELIVER,DELIVER,1,serve_0,serve_0,1,1,DELIVER,DELIVER,DELIVER,serve_0,serve_0,serve_0,0,0,cook
post_pre,7006,304,305,"(0, -1)",FETCH,FETCH,1,onion_1,onion_1,1,1,FETCH,FETCH,FETCH,onion_1,onion_1,onion_1,0,0,serve
post_pre,7006,307,308,"(0, 1)",PLACE,PLACE,1,pot_1,pot_1,1,1,PLACE,PLACE,PLACE,pot_1,pot_1,pot_1,0,0,serve
post_pre,7006,311,312,"(1, 0)",FETCH,FETCH,1,onion_1,onion_1,1,1,FETCH,FETCH,FETCH,onion_1,onion_1,onion_1,0,0,serve
post_pre,7006,313,314,"(-1, 0)",PLACE,PLACE,1,pot_1,pot_1,1,1,PLACE,PLACE,PLACE,pot_1,pot_1,pot_1,0,0,serve
post_pre,7006,317,318,"(1, 0)",FETCH,FETCH,1,onion_1,onion_1,1,1,FETCH,FETCH,FETCH,onion_1,onion_1,onion_1,0,0,serve
post_pre,7006,319,320,"(-1, 0)",PLACE,PLACE,1,pot_1,pot_1,1,1,PLACE,PLACE,PLACE,pot_1,pot_1,pot_1,0,0,serve
post_pre,7006,323,324,interact,COOK_START,COOK_START,1,pot_1,pot_1,1,1,COOK_START,COOK_START,COOK_START,pot_1,pot_1,pot_1,0,0,serve
post_pre,7006,324,325,"(1, 0)",FETCH,FETCH,1,onion_1,onion_1,1,1,FETCH,FETCH,FETCH,onion_1,onion_1,onion_1,0,0,serve
post_pre,7006,326,327,"(0, 1)",PLACE,PLACE,1,pot_0,pot_0,1,1,PLACE,PLACE,PLACE,pot_0,pot_0,pot_0,0,0,serve
post_pre,7006,339,340,interact,COOK_START,COOK_START,1,pot_0,pot_0,1,1,COOK_START,COOK_START,COOK_START,pot_0,pot_0,pot_0,0,0,serve
post_pre,7006,340,341,"(1, 0)",HOLD,HOLD,1,none,none,1,1,HOLD,HOLD,HOLD,none,none,none,0,0,dynamic
post_pre,7006,346,347,"(-1, 0)",FETCH,GET_DISH,0,onion_0,dish_0,0,0,GET_DISH,GET_DISH,GET_DISH,dish_0,dish_0,dish_0,0,0,cook
post_pre,7006,349,350,"(0, 1)",PLACE,PLACE,1,pot_1,pot_0,0,0,PLACE,PLACE,PLACE,pot_0,pot_0,pot_0,0,0,serve
post_pre,7006,358,359,"(1, 0)",FETCH,FETCH,1,onion_1,onion_1,1,1,FETCH,FETCH,FETCH,onion_1,onion_1,onion_1,0,0,serve
post_pre,7006,360,361,"(0, 1)",PLACE,PLACE,1,pot_1,pot_1,1,1,PLACE,PLACE,PLACE,pot_1,pot_1,pot_1,0,0,serve
post_pre,7006,364,365,"(1, 0)",FETCH,FETCH,1,onion_1,onion_1,1,1,FETCH,FETCH,FETCH,onion_1,onion_1,onion_1,0,0,serve
post_pre,7006,366,367,"(0, 1)",PLACE,PLACE,1,pot_1,pot_1,1,1,PLACE,PLACE,PLACE,pot_1,pot_1,pot_1,0,0,serve
post_pre,7006,372,373,interact,COOK_START,COOK_START,1,pot_1,pot_1,1,1,COOK_START,COOK_START,COOK_START,pot_1,pot_1,pot_1,0,0,serve
post_pre,7006,373,374,"(1, 0)",FETCH,FETCH,1,onion_1,onion_1,1,1,FETCH,FETCH,FETCH,onion_1,onion_1,onion_1,0,0,serve
post_pre,7006,375,376,"(0, 1)",PLACE,PLACE,1,pot_0,pot_0,1,1,PLACE,PLACE,PLACE,pot_0,pot_0,pot_0,0,0,serve
post_pre,7006,385,386,"(-1, 0)",FETCH,FETCH,1,onion_0,onion_0,1,1,FETCH,FETCH,FETCH,onion_0,onion_0,onion_0,0,0,serve
post_pre,7006,387,388,"(0, 1)",PLACE,PLACE,1,pot_0,pot_0,1,1,PLACE,PLACE,PLACE,pot_0,pot_0,pot_0,0,0,serve
post_pre,7006,391,392,"(-1, 0)",FETCH,FETCH,1,onion_0,onion_0,1,1,FETCH,FETCH,FETCH,onion_0,onion_0,onion_0,0,0,serve
post_pre,7006,393,394,"(0, 1)",PLACE,PLACE,1,pot_0,pot_0,1,1,PLACE,PLACE,PLACE,pot_0,pot_0,pot_0,0,0,serve
post_pre,7006,397,398,interact,COOK_START,COOK_START,1,pot_0,pot_0,1,1,COOK_START,COOK_START,COOK_START,pot_0,pot_0,pot_0,0,0,serve
post_pre,7006,398,399,"(-1, 0)",FETCH,GET_DISH,0,onion_0,dish_0,0,0,GET_DISH,FETCH,GET_DISH,dish_0,onion_0,dish_0,1,1,cook
post_pre,7006,400,401,"(0, 1)",PLACE,PLACE,1,pot_1,pot_1,1,1,PLACE,PLACE,PLACE,pot_1,pot_1,pot_1,0,0,serve
post_pre,7006,406,407,"(1, 0)",FETCH,FETCH,1,onion_1,onion_1,1,1,FETCH,FETCH,FETCH,onion_1,onion_1,onion_1,0,0,serve
post_pre,7006,408,409,"(0, 1)",PLACE,PLACE,1,pot_1,pot_1,1,1,PLACE,PLACE,PLACE,pot_1,pot_1,pot_1,0,0,serve
post_pre,7006,412,413,"(1, 0)",FETCH,FETCH,1,onion_1,onion_1,1,1,FETCH,FETCH,FETCH,onion_1,onion_1,onion_1,0,0,serve
post_pre,7006,414,415,"(0, 1)",PLACE,PLACE,1,pot_1,pot_1,1,1,PLACE,PLACE,PLACE,pot_1,pot_1,pot_1,0,0,serve
post_pre,7006,418,419,interact,COOK_START,COOK_START,1,pot_1,pot_1,1,1,COOK_START,COOK_START,COOK_START,pot_1,pot_1,pot_1,0,0,serve
post_pre,7006,419,420,"(0, 0)",GET_DISH,GET_DISH,1,dish_0,dish_0,1,1,GET_DISH,GET_DISH,GET_DISH,dish_0,dish_0,dish_0,0,0,cook
post_pre,7006,425,426,"(1, 0)",PRE,PRE,1,pot_1,pot_0,0,0,PRE,PRE,PRE,pot_0,pot_0,pot_0,0,0,dynamic
post_pre,7006,438,439,"(1, 0)",PICKUP,PICKUP,1,pot_1,pot_1,1,1,PICKUP,PICKUP,PICKUP,pot_1,pot_1,pot_1,0,0,cook
post_pre,7006,441,442,"(0, 1)",DELIVER,DELIVER,1,serve_0,serve_0,1,1,DELIVER,DELIVER,DELIVER,serve_0,serve_0,serve_0,0,0,cook
post_pre,7006,443,444,"(0, -1)",FETCH,FETCH,1,onion_1,onion_1,1,1,FETCH,FETCH,FETCH,onion_1,onion_1,onion_1,0,0,serve
post_pre,7006,446,447,"(0, 1)",PLACE,PLACE,1,pot_1,pot_0,0,0,PLACE,PLACE,PLACE,pot_0,pot_0,pot_0,0,0,serve
post_pre,7006,457,458,"(1, 0)",FETCH,FETCH,1,onion_1,onion_1,1,1,FETCH,FETCH,FETCH,onion_1,onion_1,onion_1,0,0,serve
post_pre,7006,459,460,"(-1, 0)",PLACE,PLACE,1,pot_1,pot_1,1,1,PLACE,PLACE,PLACE,pot_1,pot_1,pot_1,0,0,serve
post_pre,7006,463,464,"(1, 0)",FETCH,FETCH,1,onion_1,onion_1,1,1,FETCH,FETCH,FETCH,onion_1,onion_1,onion_1,0,0,serve
post_pre,7006,465,466,"(-1, 0)",PLACE,PLACE,1,pot_1,pot_1,1,1,PLACE,PLACE,PLACE,pot_1,pot_1,pot_1,0,0,serve
post_pre,7006,469,470,interact,COOK_START,COOK_START,1,pot_1,pot_1,1,1,COOK_START,COOK_START,COOK_START,pot_1,pot_1,pot_1,0,0,serve
post_pre,7006,470,471,"(1, 0)",FETCH,FETCH,1,onion_1,onion_1,1,1,FETCH,FETCH,FETCH,onion_1,onion_1,onion_1,0,0,serve
post_pre,7006,472,473,"(0, 1)",PLACE,PLACE,1,pot_0,pot_0,1,1,PLACE,PLACE,PLACE,pot_0,pot_0,pot_0,0,0,serve
post_pre,7006,485,486,"(-1, 0)",FETCH,GET_DISH,0,onion_0,onion_0,1,0,GET_DISH,FETCH,GET_DISH,onion_0,onion_0,onion_0,1,0,cook
post_pre,7006,487,488,"(0, 1)",PLACE,PLACE,1,pot_0,pot_0,1,1,PLACE,PLACE,PLACE,pot_0,pot_0,pot_0,0,0,serve
post_pre,7006,491,492,"(-1, 0)",FETCH,FETCH,1,onion_0,onion_0,1,1,FETCH,FETCH,FETCH,onion_0,onion_0,onion_0,0,0,serve
post_pre,7006,493,494,"(0, 1)",PLACE,PLACE,1,pot_0,pot_0,1,1,PLACE,PLACE,PLACE,pot_0,pot_0,pot_0,0,0,serve
post_pre,7006,497,498,interact,COOK_START,COOK_START,1,pot_0,pot_0,1,1,COOK_START,COOK_START,COOK_START,pot_0,pot_0,pot_0,0,0,serve
post_pre,7006,498,499,"(-1, 0)",FETCH,GET_DISH,0,onion_0,dish_0,0,0,GET_DISH,GET_DISH,GET_DISH,dish_0,dish_0,dish_0,0,0,cook
post_pre,7006,500,501,"(0, 1)",PLACE,PLACE,1,pot_1,pot_1,1,1,PLACE,PLACE,PLACE,pot_1,pot_1,pot_1,0,0,serve
post_pre,7006,506,507,"(1, 0)",FETCH,FETCH,1,onion_1,onion_1,1,1,FETCH,FETCH,FETCH,onion_1,onion_1,onion_1,0,0,serve
post_pre,7006,508,509,"(0, 1)",PLACE,PLACE,1,pot_1,pot_1,1,1,PLACE,PLACE,PLACE,pot_1,pot_1,pot_1,0,0,serve
post_pre,7006,512,513,"(1, 0)",FETCH,FETCH,1,onion_1,onion_1,1,1,FETCH,FETCH,FETCH,onion_1,onion_1,onion_1,0,0,serve
post_pre,7006,514,515,"(0, 1)",PLACE,PLACE,1,pot_1,pot_1,1,1,PLACE,PLACE,PLACE,pot_1,pot_1,pot_1,0,0,serve
post_pre,7006,518,519,interact,COOK_START,COOK_START,1,pot_1,pot_1,1,1,COOK_START,COOK_START,COOK_START,pot_1,pot_1,pot_1,0,0,serve
post_pre,7006,519,520,"(0, 0)",GET_DISH,GET_DISH,1,dish_0,dish_0,1,1,GET_DISH,GET_DISH,GET_DISH,dish_0,dish_0,dish_0,0,0,cook
post_pre,7006,525,526,"(1, 0)",PRE,PRE,1,pot_1,pot_0,0,0,PRE,PRE,PRE,pot_0,dish_0,pot_0,0,1,dynamic
post_pre,7006,538,539,"(1, 0)",PICKUP,PICKUP,1,pot_1,pot_1,1,1,PICKUP,PICKUP,PICKUP,pot_1,pot_1,pot_1,0,0,cook
post_pre,7006,541,542,"(0, 1)",DELIVER,DELIVER,1,serve_0,serve_0,1,1,DELIVER,DELIVER,DELIVER,serve_0,serve_0,serve_0,0,0,cook
post_pre,7006,543,544,"(0, -1)",FETCH,FETCH,1,onion_1,onion_1,1,1,FETCH,FETCH,FETCH,onion_1,onion_1,onion_1,0,0,serve
post_pre,7006,546,547,"(0, 1)",PLACE,PLACE,1,pot_1,pot_0,0,0,PLACE,PLACE,PLACE,pot_0,pot_0,pot_0,0,0,serve
post_pre,7006,557,558,"(1, 0)",FETCH,FETCH,1,onion_1,onion_1,1,1,FETCH,FETCH,FETCH,onion_1,onion_1,onion_1,0,0,serve
post_pre,7006,559,560,"(-1, 0)",PLACE,PLACE,1,pot_1,pot_1,1,1,PLACE,PLACE,PLACE,pot_1,pot_1,pot_1,0,0,serve
post_pre,7006,563,564,"(1, 0)",FETCH,FETCH,1,onion_1,onion_1,1,1,FETCH,FETCH,FETCH,onion_1,onion_1,onion_1,0,0,serve
post_pre,7006,565,566,"(-1, 0)",PLACE,PLACE,1,pot_1,pot_1,1,1,PLACE,PLACE,PLACE,pot_1,pot_1,pot_1,0,0,serve
post_pre,7006,569,570,interact,COOK_START,COOK_START,1,pot_1,pot_1,1,1,COOK_START,COOK_START,COOK_START,pot_1,pot_1,pot_1,0,0,serve
post_pre,7006,570,571,"(1, 0)",FETCH,FETCH,1,onion_1,onion_1,1,1,FETCH,FETCH,FETCH,onion_1,onion_1,onion_1,0,0,serve
post_pre,7006,572,573,"(0, 1)",PLACE,PLACE,1,pot_0,pot_0,1,1,PLACE,PLACE,PLACE,pot_0,pot_0,pot_0,0,0,serve
post_pre,7006,585,586,"(-1, 0)",FETCH,GET_DISH,0,onion_0,dish_0,0,0,GET_DISH,GET_DISH,GET_DISH,dish_0,dish_0,dish_0,0,0,cook
post_pre,7006,587,588,"(0, 1)",PLACE,PLACE,1,pot_0,pot_0,1,1,PLACE,PLACE,PLACE,pot_0,pot_0,pot_0,0,0,serve
post_pre,7006,591,592,"(-1, 0)",FETCH,FETCH,1,onion_0,onion_0,1,1,FETCH,FETCH,FETCH,onion_0,onion_0,onion_0,0,0,serve
post_pre,7006,593,594,"(0, 1)",PLACE,PLACE,1,pot_0,pot_0,1,1,PLACE,PLACE,PLACE,pot_0,pot_0,pot_0,0,0,serve
post_pre,7006,597,598,interact,COOK_START,COOK_START,1,pot_0,pot_0,1,1,COOK_START,COOK_START,COOK_START,pot_0,pot_0,pot_0,0,0,serve
post_pre,7006,598,599,"(-1, 0)",FETCH,GET_DISH,0,onion_0,dish_0,0,0,GET_DISH,GET_DISH,GET_DISH,dish_0,dish_0,dish_0,0,0,cook
post_pre,7006,600,601,"(0, 1)",PLACE,PLACE,1,pot_1,pot_1,1,1,PLACE,PLACE,PLACE,pot_1,pot_1,pot_1,0,0,serve
post_pre,7006,606,607,"(1, 0)",FETCH,FETCH,1,onion_1,onion_1,1,1,FETCH,FETCH,FETCH,onion_1,onion_1,onion_1,0,0,serve
post_pre,7006,608,609,"(0, 1)",PLACE,PLACE,1,pot_1,pot_1,1,1,PLACE,PLACE,PLACE,pot_1,pot_1,pot_1,0,0,serve
post_pre,7006,612,613,"(1, 0)",FETCH,FETCH,1,onion_1,onion_1,1,1,FETCH,FETCH,FETCH,onion_1,onion_1,onion_1,0,0,serve
post_pre,7006,614,615,"(0, 1)",PLACE,PLACE,1,pot_1,pot_1,1,1,PLACE,PLACE,PLACE,pot_1,pot_1,pot_1,0,0,serve
post_pre,7006,618,619,interact,COOK_START,COOK_START,1,pot_1,pot_1,1,1,COOK_START,COOK_START,COOK_START,pot_1,pot_1,pot_1,0,0,serve
post_pre,7006,619,620,"(0, 0)",GET_DISH,GET_DISH,1,dish_0,dish_0,1,1,GET_DISH,GET_DISH,GET_DISH,dish_0,dish_0,dish_0,0,0,cook
post_pre,7006,625,626,"(1, 0)",PRE,PRE,1,pot_1,pot_0,0,0,PRE,PRE,PRE,pot_0,dish_0,dish_0,0,1,dynamic
post_pre,7006,638,639,"(1, 0)",PICKUP,PICKUP,1,pot_1,pot_1,1,1,PICKUP,PICKUP,PICKUP,pot_1,pot_1,pot_1,0,0,cook
post_pre,7006,641,642,"(0, 1)",DELIVER,DELIVER,1,serve_0,serve_0,1,1,DELIVER,DELIVER,DELIVER,serve_0,serve_0,serve_0,0,0,cook
post_pre,7006,643,644,"(0, -1)",FETCH,FETCH,1,onion_1,onion_1,1,1,FETCH,FETCH,FETCH,onion_1,onion_1,onion_1,0,0,serve
post_pre,7006,646,647,"(0, 1)",PLACE,PLACE,1,pot_1,pot_0,0,0,PLACE,PLACE,PLACE,pot_0,pot_0,pot_0,0,0,serve
post_pre,7006,657,658,"(1, 0)",FETCH,FETCH,1,onion_1,onion_1,1,1,FETCH,FETCH,FETCH,onion_1,onion_1,onion_1,0,0,serve
post_pre,7006,659,660,"(-1, 0)",PLACE,PLACE,1,pot_1,pot_1,1,1,PLACE,PLACE,PLACE,pot_1,pot_1,pot_1,0,0,serve
post_pre,7006,663,664,"(1, 0)",FETCH,FETCH,1,onion_1,onion_1,1,1,FETCH,FETCH,FETCH,onion_1,onion_1,onion_1,0,0,serve
post_pre,7006,665,666,"(-1, 0)",PLACE,PLACE,1,pot_1,pot_1,1,1,PLACE,PLACE,PLACE,pot_1,pot_1,pot_1,0,0,serve
post_pre,7006,669,670,interact,COOK_START,COOK_START,1,pot_1,pot_1,1,1,COOK_START,COOK_START,COOK_START,pot_1,pot_1,pot_1,0,0,serve
post_pre,7006,670,671,"(1, 0)",FETCH,FETCH,1,onion_1,onion_1,1,1,FETCH,FETCH,FETCH,onion_1,onion_1,onion_1,0,0,serve
post_pre,7006,672,673,"(0, 1)",PLACE,PLACE,1,pot_0,pot_0,1,1,PLACE,PLACE,PLACE,pot_0,pot_0,pot_0,0,0,serve
post_pre,7006,685,686,"(-1, 0)",FETCH,GET_DISH,0,onion_0,dish_0,0,0,GET_DISH,GET_DISH,GET_DISH,dish_0,dish_0,dish_0,0,0,cook
post_pre,7006,687,688,"(0, 1)",PLACE,PLACE,1,pot_0,pot_0,1,1,PLACE,PLACE,PLACE,pot_0,pot_0,pot_0,0,0,serve
post_pre,7006,691,692,"(-1, 0)",FETCH,FETCH,1,onion_0,onion_0,1,1,FETCH,FETCH,FETCH,onion_0,onion_0,onion_0,0,0,serve
post_pre,7006,693,694,"(0, 1)",PLACE,PLACE,1,pot_0,pot_0,1,1,PLACE,PLACE,PLACE,pot_0,pot_0,pot_0,0,0,serve
post_pre,7006,697,698,interact,COOK_START,COOK_START,1,pot_0,pot_0,1,1,COOK_START,COOK_START,COOK_START,pot_0,pot_0,pot_0,0,0,serve
post_pre,7006,698,699,"(-1, 0)",FETCH,GET_DISH,0,onion_0,dish_0,0,0,GET_DISH,GET_DISH,GET_DISH,dish_0,dish_0,dish_0,0,0,cook
post_pre,7007,0,1,"(0, -1)",FETCH,FETCH,1,onion_0,onion_0,1,1,FETCH,FETCH,FETCH,onion_0,onion_0,onion_0,0,0,serve
post_pre,7007,3,4,"(0, 1)",PLACE,PLACE,1,pot_0,pot_0,1,1,PLACE,PLACE,PLACE,pot_0,pot_0,pot_0,0,0,serve
post_pre,7007,7,8,"(-1, 0)",FETCH,FETCH,1,onion_0,onion_0,1,1,FETCH,FETCH,FETCH,onion_0,onion_0,onion_0,0,0,serve
post_pre,7007,9,10,"(0, 1)",PLACE,PLACE,1,pot_0,pot_0,1,1,PLACE,PLACE,PLACE,pot_0,pot_0,pot_0,0,0,serve
post_pre,7007,13,14,"(-1, 0)",FETCH,FETCH,1,onion_0,onion_0,1,1,FETCH,FETCH,FETCH,onion_0,onion_0,onion_0,0,0,serve
post_pre,7007,15,16,"(0, 1)",PLACE,PLACE,1,pot_0,pot_0,1,1,PLACE,PLACE,PLACE,pot_0,pot_0,pot_0,0,0,serve
post_pre,7007,19,20,interact,COOK_START,COOK_START,1,pot_0,pot_0,1,1,COOK_START,COOK_START,COOK_START,pot_0,pot_0,pot_0,0,0,serve
post_pre,7007,20,21,"(-1, 0)",FETCH,FETCH,1,onion_0,onion_0,1,1,FETCH,FETCH,FETCH,onion_0,onion_0,onion_0,0,0,serve
post_pre,7007,22,23,"(0, 1)",PLACE,PLACE,1,pot_1,pot_1,1,1,PLACE,PLACE,PLACE,pot_1,pot_1,pot_1,0,0,serve
post_pre,7007,28,29,"(1, 0)",FETCH,FETCH,1,onion_1,onion_1,1,1,FETCH,FETCH,FETCH,onion_1,onion_1,onion_1,0,0,serve
post_pre,7007,30,31,"(0, 1)",PLACE,PLACE,1,pot_1,pot_1,1,1,PLACE,PLACE,PLACE,pot_1,pot_1,pot_1,0,0,serve
post_pre,7007,34,35,"(1, 0)",FETCH,FETCH,1,onion_1,onion_1,1,1,FETCH,FETCH,FETCH,onion_1,onion_1,onion_1,0,0,serve
post_pre,7007,36,37,"(0, 1)",PLACE,PLACE,1,pot_1,pot_1,1,1,PLACE,PLACE,PLACE,pot_1,pot_1,pot_1,0,0,serve
post_pre,7007,40,41,interact,COOK_START,COOK_START,1,pot_1,pot_1,1,1,COOK_START,COOK_START,COOK_START,pot_1,pot_1,pot_1,0,0,serve
post_pre,7007,41,42,"(0, 0)",GET_DISH,GET_DISH,1,dish_0,dish_0,1,1,GET_DISH,GET_DISH,GET_DISH,dish_0,dish_0,dish_0,0,0,cook
post_pre,7007,47,48,"(1, 0)",PRE,PRE,1,pot_1,none,0,0,PRE,PRE,PRE,none,pot_1,none,0,1,dynamic
post_pre,7007,60,61,"(1, 0)",PICKUP,PICKUP,1,pot_1,pot_1,1,1,PICKUP,PICKUP,PICKUP,pot_1,pot_1,pot_1,0,0,cook
post_pre,7007,63,64,"(0, 1)",DELIVER,DELIVER,1,serve_0,serve_0,1,1,DELIVER,DELIVER,DELIVER,serve_0,serve_0,serve_0,0,0,cook
post_pre,7007,65,66,"(0, -1)",FETCH,FETCH,1,onion_1,onion_1,1,1,FETCH,FETCH,FETCH,onion_1,onion_1,onion_1,0,0,serve
post_pre,7007,68,69,"(0, 1)",PLACE,PLACE,1,pot_1,pot_1,1,1,PLACE,PLACE,PLACE,pot_1,pot_1,pot_1,0,0,serve
post_pre,7007,72,73,"(1, 0)",FETCH,FETCH,1,onion_1,onion_1,1,1,FETCH,FETCH,FETCH,onion_1,onion_1,onion_1,0,0,serve
post_pre,7007,74,75,"(-1, 0)",PLACE,PLACE,1,pot_1,pot_1,1,1,PLACE,PLACE,PLACE,pot_1,pot_1,pot_1,0,0,serve
post_pre,7007,78,79,"(1, 0)",FETCH,FETCH,1,onion_1,onion_1,1,1,FETCH,FETCH,FETCH,onion_1,onion_1,onion_1,0,0,serve
post_pre,7007,80,81,"(-1, 0)",PLACE,PLACE,1,pot_1,pot_1,1,1,PLACE,PLACE,PLACE,pot_1,pot_1,pot_1,0,0,serve
post_pre,7007,84,85,interact,COOK_START,COOK_START,1,pot_1,pot_1,1,1,COOK_START,COOK_START,COOK_START,pot_1,pot_1,pot_1,0,0,serve
post_pre,7007,85,86,"(1, 0)",FETCH,FETCH,1,onion_1,onion_1,1,1,FETCH,FETCH,FETCH,onion_1,onion_1,onion_1,0,0,serve
post_pre,7007,87,88,"(0, 1)",PLACE,PLACE,1,pot_0,pot_0,1,1,PLACE,PLACE,PLACE,pot_0,pot_0,pot_0,0,0,serve
post_pre,7007,100,101,interact,COOK_START,COOK_START,1,pot_0,pot_0,1,1,COOK_START,COOK_START,COOK_START,pot_0,pot_0,pot_0,0,0,serve
post_pre,7007,101,102,"(1, 0)",HOLD,HOLD,1,none,none,1,1,HOLD,HOLD,HOLD,none,none,none,0,0,dynamic
post_pre,7007,107,108,"(-1, 0)",FETCH,GET_DISH,0,onion_0,dish_0,0,0,GET_DISH,GET_DISH,GET_DISH,dish_0,dish_0,dish_0,0,0,cook
post_pre,7007,110,111,"(0, 1)",PLACE,PLACE,1,pot_1,pot_0,0,0,PLACE,PLACE,PLACE,pot_0,pot_0,pot_0,0,0,serve
post_pre,7007,119,120,"(1, 0)",FETCH,FETCH,1,onion_1,onion_1,1,1,FETCH,FETCH,FETCH,onion_1,onion_1,onion_1,0,0,serve
post_pre,7007,121,122,"(0, 1)",PLACE,PLACE,1,pot_1,pot_1,1,1,PLACE,PLACE,PLACE,pot_1,pot_1,pot_1,0,0,serve
post_pre,7007,125,126,"(1, 0)",FETCH,FETCH,1,onion_1,onion_1,1,1,FETCH,FETCH,FETCH,onion_1,onion_1,onion_1,0,0,serve
post_pre,7007,127,128,"(0, 1)",PLACE,PLACE,1,pot_1,pot_1,1,1,PLACE,PLACE,PLACE,pot_1,pot_1,pot_1,0,0,serve
post_pre,7007,133,134,interact,COOK_START,COOK_START,1,pot_1,pot_1,1,1,COOK_START,COOK_START,COOK_START,pot_1,pot_1,pot_1,0,0,serve
post_pre,7007,134,135,"(1, 0)",FETCH,FETCH,1,onion_1,onion_1,1,1,FETCH,FETCH,FETCH,onion_1,onion_1,onion_1,0,0,serve
post_pre,7007,136,137,"(0, 1)",PLACE,PLACE,1,pot_0,pot_0,1,1,PLACE,PLACE,PLACE,pot_0,pot_0,pot_0,0,0,serve
post_pre,7007,146,147,"(-1, 0)",FETCH,FETCH,1,onion_0,onion_0,1,1,FETCH,FETCH,FETCH,onion_0,onion_0,onion_0,0,0,serve
post_pre,7007,148,149,"(0, 1)",PLACE,PLACE,1,pot_0,pot_0,1,1,PLACE,PLACE,PLACE,pot_0,pot_0,pot_0,0,0,serve
post_pre,7007,152,153,"(-1, 0)",FETCH,FETCH,1,onion_0,onion_0,1,1,FETCH,FETCH,FETCH,onion_0,onion_0,onion_0,0,0,serve
post_pre,7007,154,155,"(0, 1)",PLACE,PLACE,1,pot_0,pot_0,1,1,PLACE,PLACE,PLACE,pot_0,pot_0,pot_0,0,0,serve
post_pre,7007,158,159,interact,COOK_START,COOK_START,1,pot_0,pot_0,1,1,COOK_START,COOK_START,COOK_START,pot_0,pot_0,pot_0,0,0,serve
post_pre,7007,159,160,"(-1, 0)",FETCH,FETCH,1,onion_0,onion_0,1,1,FETCH,FETCH,FETCH,onion_0,onion_0,onion_0,0,0,serve
post_pre,7007,161,162,"(0, 1)",PLACE,PLACE,1,pot_1,pot_1,1,1,PLACE,PLACE,PLACE,pot_1,pot_1,pot_1,0,0,serve
post_pre,7007,167,168,"(1, 0)",FETCH,FETCH,1,onion_1,onion_1,1,1,FETCH,FETCH,FETCH,onion_1,onion_1,onion_1,0,0,serve
post_pre,7007,169,170,"(0, 1)",PLACE,PLACE,1,pot_1,pot_1,1,1,PLACE,PLACE,PLACE,pot_1,pot_1,pot_1,0,0,serve
post_pre,7007,173,174,"(1, 0)",FETCH,FETCH,1,onion_1,onion_1,1,1,FETCH,FETCH,FETCH,onion_1,onion_1,onion_1,0,0,serve
post_pre,7007,175,176,"(0, 1)",PLACE,PLACE,1,pot_1,pot_1,1,1,PLACE,PLACE,PLACE,pot_1,pot_1,pot_1,0,0,serve
post_pre,7007,179,180,interact,COOK_START,COOK_START,1,pot_1,pot_1,1,1,COOK_START,COOK_START,COOK_START,pot_1,pot_1,pot_1,0,0,serve
post_pre,7007,180,181,"(0, 0)",GET_DISH,GET_DISH,1,dish_0,dish_0,1,1,GET_DISH,GET_DISH,GET_DISH,dish_0,dish_0,dish_0,0,0,cook
post_pre,7007,186,187,"(1, 0)",PRE,PRE,1,pot_1,none,0,0,PRE,PRE,PRE,none,pot_1,none,0,1,dynamic
post_pre,7007,199,200,"(1, 0)",PICKUP,PICKUP,1,pot_1,pot_1,1,1,PICKUP,PICKUP,PICKUP,pot_1,pot_1,pot_1,0,0,cook
post_pre,7007,202,203,"(0, 1)",DELIVER,DELIVER,1,serve_0,serve_0,1,1,DELIVER,DELIVER,DELIVER,serve_0,serve_0,serve_0,0,0,cook
post_pre,7007,204,205,"(0, -1)",FETCH,FETCH,1,onion_1,onion_1,1,1,FETCH,FETCH,FETCH,onion_1,onion_1,onion_1,0,0,serve
post_pre,7007,207,208,"(0, 1)",PLACE,PLACE,1,pot_1,pot_1,1,1,PLACE,PLACE,PLACE,pot_1,pot_1,pot_1,0,0,serve
post_pre,7007,218,219,"(1, 0)",FETCH,FETCH,1,onion_1,onion_1,1,1,FETCH,FETCH,FETCH,onion_1,onion_1,onion_1,0,0,serve
post_pre,7007,220,221,"(-1, 0)",PLACE,PLACE,1,pot_1,pot_1,1,1,PLACE,PLACE,PLACE,pot_1,pot_1,pot_1,0,0,serve
post_pre,7007,224,225,"(1, 0)",FETCH,FETCH,1,onion_1,onion_1,1,1,FETCH,FETCH,FETCH,onion_1,onion_1,onion_1,0,0,serve
post_pre,7007,226,227,"(-1, 0)",PLACE,PLACE,1,pot_1,pot_1,1,1,PLACE,PLACE,PLACE,pot_1,pot_1,pot_1,0,0,serve
post_pre,7007,230,231,interact,COOK_START,COOK_START,1,pot_1,pot_1,1,1,COOK_START,COOK_START,COOK_START,pot_1,pot_1,pot_1,0,0,serve
post_pre,7007,231,232,"(1, 0)",FETCH,FETCH,1,onion_1,onion_1,1,1,FETCH,FETCH,FETCH,onion_1,onion_1,onion_1,0,0,serve
post_pre,7007,233,234,"(0, 1)",PLACE,PLACE,1,pot_0,pot_0,1,1,PLACE,PLACE,PLACE,pot_0,pot_0,pot_0,0,0,serve
post_pre,7007,246,247,"(-1, 0)",FETCH,FETCH,1,onion_0,onion_0,1,1,FETCH,FETCH,FETCH,onion_0,onion_0,onion_0,0,0,serve
post_pre,7007,248,249,"(0, 1)",PLACE,PLACE,1,pot_0,pot_0,1,1,PLACE,PLACE,PLACE,pot_0,pot_0,pot_0,0,0,serve
post_pre,7007,252,253,"(-1, 0)",FETCH,FETCH,1,onion_0,onion_0,1,1,FETCH,FETCH,FETCH,onion_0,onion_0,onion_0,0,0,serve
post_pre,7007,254,255,"(0, 1)",PLACE,PLACE,1,pot_0,pot_0,1,1,PLACE,PLACE,PLACE,pot_0,pot_0,pot_0,0,0,serve
post_pre,7007,258,259,interact,COOK_START,COOK_START,1,pot_0,pot_0,1,1,COOK_START,COOK_START,COOK_START,pot_0,pot_0,pot_0,0,0,serve
post_pre,7007,259,260,"(-1, 0)",FETCH,FETCH,1,onion_0,onion_0,1,1,FETCH,FETCH,FETCH,onion_0,onion_0,onion_0,0,0,serve
post_pre,7007,261,262,"(0, 1)",PLACE,PLACE,1,pot_1,pot_1,1,1,PLACE,PLACE,PLACE,pot_1,pot_1,pot_1,0,0,serve
post_pre,7007,267,268,"(1, 0)",FETCH,FETCH,1,onion_1,onion_1,1,1,FETCH,FETCH,FETCH,onion_1,onion_1,onion_1,0,0,serve
post_pre,7007,269,270,"(0, 1)",PLACE,PLACE,1,pot_1,pot_1,1,1,PLACE,PLACE,PLACE,pot_1,pot_1,pot_1,0,0,serve
post_pre,7007,273,274,"(1, 0)",FETCH,FETCH,1,onion_1,onion_1,1,1,FETCH,FETCH,FETCH,onion_1,onion_1,onion_1,0,0,serve
post_pre,7007,275,276,"(0, 1)",PLACE,PLACE,1,pot_1,pot_1,1,1,PLACE,PLACE,PLACE,pot_1,pot_1,pot_1,0,0,serve
post_pre,7007,279,280,interact,COOK_START,COOK_START,1,pot_1,pot_1,1,1,COOK_START,COOK_START,COOK_START,pot_1,pot_1,pot_1,0,0,serve
post_pre,7007,280,281,"(0, 0)",GET_DISH,GET_DISH,1,dish_0,dish_0,1,1,GET_DISH,GET_DISH,GET_DISH,dish_0,dish_0,dish_0,0,0,cook
post_pre,7007,286,287,"(1, 0)",PRE,PRE,1,pot_1,none,0,0,PRE,PRE,PRE,none,onion_1,none,0,1,dynamic
post_pre,7007,299,300,"(1, 0)",PICKUP,PICKUP,1,pot_1,pot_1,1,1,PICKUP,PICKUP,PICKUP,pot_1,pot_1,pot_1,0,0,cook
post_pre,7007,302,303,"(0, 1)",DELIVER,DELIVER,1,serve_0,serve_0,1,1,DELIVER,DELIVER,DELIVER,serve_0,serve_0,serve_0,0,0,cook
post_pre,7007,304,305,"(0, -1)",FETCH,FETCH,1,onion_1,onion_1,1,1,FETCH,FETCH,FETCH,onion_1,onion_1,onion_1,0,0,serve
post_pre,7007,307,308,"(0, 1)",PLACE,PLACE,1,pot_1,pot_1,1,1,PLACE,PLACE,PLACE,pot_1,pot_1,pot_1,0,0,serve
post_pre,7007,311,312,"(1, 0)",FETCH,FETCH,1,onion_1,onion_1,1,1,FETCH,FETCH,FETCH,onion_1,onion_1,onion_1,0,0,serve
post_pre,7007,313,314,"(-1, 0)",PLACE,PLACE,1,pot_1,pot_1,1,1,PLACE,PLACE,PLACE,pot_1,pot_1,pot_1,0,0,serve
post_pre,7007,317,318,"(1, 0)",FETCH,FETCH,1,onion_1,onion_1,1,1,FETCH,FETCH,FETCH,onion_1,onion_1,onion_1,0,0,serve
post_pre,7007,319,320,"(-1, 0)",PLACE,PLACE,1,pot_1,pot_1,1,1,PLACE,PLACE,PLACE,pot_1,pot_1,pot_1,0,0,serve
post_pre,7007,323,324,interact,COOK_START,COOK_START,1,pot_1,pot_1,1,1,COOK_START,COOK_START,COOK_START,pot_1,pot_1,pot_1,0,0,serve
post_pre,7007,324,325,"(1, 0)",FETCH,FETCH,1,onion_1,onion_1,1,1,FETCH,FETCH,FETCH,onion_1,onion_1,onion_1,0,0,serve
post_pre,7007,326,327,"(0, 1)",PLACE,PLACE,1,pot_0,pot_0,1,1,PLACE,PLACE,PLACE,pot_0,pot_0,pot_0,0,0,serve
post_pre,7007,339,340,interact,COOK_START,COOK_START,1,pot_0,pot_0,1,1,COOK_START,COOK_START,COOK_START,pot_0,pot_0,pot_0,0,0,serve
post_pre,7007,340,341,"(1, 0)",HOLD,HOLD,1,none,none,1,1,HOLD,HOLD,HOLD,none,none,none,0,0,dynamic
post_pre,7007,346,347,"(-1, 0)",FETCH,GET_DISH,0,onion_0,dish_0,0,0,GET_DISH,GET_DISH,GET_DISH,dish_0,dish_0,dish_0,0,0,cook
post_pre,7007,349,350,"(0, 1)",PLACE,PLACE,1,pot_1,pot_0,0,0,PLACE,PLACE,PLACE,pot_0,pot_0,pot_0,0,0,serve
post_pre,7007,358,359,"(1, 0)",FETCH,FETCH,1,onion_1,onion_1,1,1,FETCH,FETCH,FETCH,onion_1,onion_1,onion_1,0,0,serve
post_pre,7007,360,361,"(0, 1)",PLACE,PLACE,1,pot_1,pot_1,1,1,PLACE,PLACE,PLACE,pot_1,pot_1,pot_1,0,0,serve
post_pre,7007,364,365,"(1, 0)",FETCH,FETCH,1,onion_1,onion_1,1,1,FETCH,FETCH,FETCH,onion_1,onion_1,onion_1,0,0,serve
post_pre,7007,366,367,"(0, 1)",PLACE,PLACE,1,pot_1,pot_1,1,1,PLACE,PLACE,PLACE,pot_1,pot_1,pot_1,0,0,serve
post_pre,7007,372,373,interact,COOK_START,COOK_START,1,pot_1,pot_1,1,1,COOK_START,COOK_START,COOK_START,pot_1,pot_1,pot_1,0,0,serve
post_pre,7007,373,374,"(1, 0)",FETCH,FETCH,1,onion_1,onion_1,1,1,FETCH,FETCH,FETCH,onion_1,onion_1,onion_1,0,0,serve
post_pre,7007,375,376,"(0, 1)",PLACE,PLACE,1,pot_0,pot_0,1,1,PLACE,PLACE,PLACE,pot_0,pot_0,pot_0,0,0,serve
post_pre,7007,385,386,"(-1, 0)",FETCH,FETCH,1,onion_0,onion_0,1,1,FETCH,FETCH,FETCH,onion_0,onion_0,onion_0,0,0,serve
post_pre,7007,387,388,"(0, 1)",PLACE,PLACE,1,pot_0,pot_0,1,1,PLACE,PLACE,PLACE,pot_0,pot_0,pot_0,0,0,serve
post_pre,7007,391,392,"(-1, 0)",FETCH,FETCH,1,onion_0,onion_0,1,1,FETCH,FETCH,FETCH,onion_0,onion_0,onion_0,0,0,serve
post_pre,7007,393,394,"(0, 1)",PLACE,PLACE,1,pot_0,pot_0,1,1,PLACE,PLACE,PLACE,pot_0,pot_0,pot_0,0,0,serve
post_pre,7007,397,398,interact,COOK_START,COOK_START,1,pot_0,pot_0,1,1,COOK_START,COOK_START,COOK_START,pot_0,pot_0,pot_0,0,0,serve
post_pre,7007,398,399,"(-1, 0)",FETCH,GET_DISH,0,onion_0,dish_0,0,0,GET_DISH,FETCH,GET_DISH,dish_0,onion_0,dish_0,1,1,cook
post_pre,7007,400,401,"(0, 1)",PLACE,PLACE,1,pot_1,pot_1,1,1,PLACE,PLACE,PLACE,pot_1,pot_1,pot_1,0,0,serve
post_pre,7007,406,407,"(1, 0)",FETCH,FETCH,1,onion_1,onion_1,1,1,FETCH,FETCH,FETCH,onion_1,onion_1,onion_1,0,0,serve
post_pre,7007,408,409,"(0, 1)",PLACE,PLACE,1,pot_1,pot_1,1,1,PLACE,PLACE,PLACE,pot_1,pot_1,pot_1,0,0,serve
post_pre,7007,412,413,"(1, 0)",FETCH,FETCH,1,onion_1,onion_1,1,1,FETCH,FETCH,FETCH,onion_1,onion_1,onion_1,0,0,serve
post_pre,7007,414,415,"(0, 1)",PLACE,PLACE,1,pot_1,pot_1,1,1,PLACE,PLACE,PLACE,pot_1,pot_1,pot_1,0,0,serve
post_pre,7007,418,419,interact,COOK_START,COOK_START,1,pot_1,pot_1,1,1,COOK_START,COOK_START,COOK_START,pot_1,pot_1,pot_1,0,0,serve
post_pre,7007,419,420,"(0, 0)",GET_DISH,GET_DISH,1,dish_0,dish_0,1,1,GET_DISH,GET_DISH,GET_DISH,dish_0,dish_0,dish_0,0,0,cook
post_pre,7007,425,426,"(1, 0)",PRE,PRE,1,pot_1,pot_0,0,0,PRE,PRE,PRE,pot_0,pot_0,pot_0,0,0,dynamic
post_pre,7007,438,439,"(1, 0)",PICKUP,PICKUP,1,pot_1,pot_1,1,1,PICKUP,PICKUP,PICKUP,pot_1,pot_1,pot_1,0,0,cook
post_pre,7007,441,442,"(0, 1)",DELIVER,DELIVER,1,serve_0,serve_0,1,1,DELIVER,DELIVER,DELIVER,serve_0,serve_0,serve_0,0,0,cook
post_pre,7007,443,444,"(0, -1)",FETCH,FETCH,1,onion_1,onion_1,1,1,FETCH,FETCH,FETCH,onion_1,onion_1,onion_1,0,0,serve
post_pre,7007,446,447,"(0, 1)",PLACE,PLACE,1,pot_1,pot_0,0,0,PLACE,PLACE,PLACE,pot_0,pot_0,pot_0,0,0,serve
post_pre,7007,457,458,"(1, 0)",FETCH,FETCH,1,onion_1,onion_1,1,1,FETCH,FETCH,FETCH,onion_1,onion_1,onion_1,0,0,serve
post_pre,7007,459,460,"(-1, 0)",PLACE,PLACE,1,pot_1,pot_1,1,1,PLACE,PLACE,PLACE,pot_1,pot_1,pot_1,0,0,serve
post_pre,7007,463,464,"(1, 0)",FETCH,FETCH,1,onion_1,onion_1,1,1,FETCH,FETCH,FETCH,onion_1,onion_1,onion_1,0,0,serve
post_pre,7007,465,466,"(-1, 0)",PLACE,PLACE,1,pot_1,pot_1,1,1,PLACE,PLACE,PLACE,pot_1,pot_1,pot_1,0,0,serve
post_pre,7007,469,470,interact,COOK_START,COOK_START,1,pot_1,pot_1,1,1,COOK_START,COOK_START,COOK_START,pot_1,pot_1,pot_1,0,0,serve
post_pre,7007,470,471,"(1, 0)",FETCH,FETCH,1,onion_1,onion_1,1,1,FETCH,FETCH,FETCH,onion_1,onion_1,onion_1,0,0,serve
post_pre,7007,472,473,"(0, 1)",PLACE,PLACE,1,pot_0,pot_0,1,1,PLACE,PLACE,PLACE,pot_0,pot_0,pot_0,0,0,serve
post_pre,7007,485,486,"(-1, 0)",FETCH,GET_DISH,0,onion_0,onion_0,1,0,GET_DISH,FETCH,GET_DISH,onion_0,onion_0,onion_0,1,0,cook
post_pre,7007,487,488,"(0, 1)",PLACE,PLACE,1,pot_0,pot_0,1,1,PLACE,PLACE,PLACE,pot_0,pot_0,pot_0,0,0,serve
post_pre,7007,491,492,"(-1, 0)",FETCH,FETCH,1,onion_0,onion_0,1,1,FETCH,FETCH,FETCH,onion_0,onion_0,onion_0,0,0,serve
post_pre,7007,493,494,"(0, 1)",PLACE,PLACE,1,pot_0,pot_0,1,1,PLACE,PLACE,PLACE,pot_0,pot_0,pot_0,0,0,serve
post_pre,7007,497,498,interact,COOK_START,COOK_START,1,pot_0,pot_0,1,1,COOK_START,COOK_START,COOK_START,pot_0,pot_0,pot_0,0,0,serve
post_pre,7007,498,499,"(-1, 0)",FETCH,GET_DISH,0,onion_0,dish_0,0,0,GET_DISH,GET_DISH,GET_DISH,dish_0,dish_0,dish_0,0,0,cook
post_pre,7007,500,501,"(0, 1)",PLACE,PLACE,1,pot_1,pot_1,1,1,PLACE,PLACE,PLACE,pot_1,pot_1,pot_1,0,0,serve
post_pre,7007,506,507,"(1, 0)",FETCH,FETCH,1,onion_1,onion_1,1,1,FETCH,FETCH,FETCH,onion_1,onion_1,onion_1,0,0,serve
post_pre,7007,508,509,"(0, 1)",PLACE,PLACE,1,pot_1,pot_1,1,1,PLACE,PLACE,PLACE,pot_1,pot_1,pot_1,0,0,serve
post_pre,7007,512,513,"(1, 0)",FETCH,FETCH,1,onion_1,onion_1,1,1,FETCH,FETCH,FETCH,onion_1,onion_1,onion_1,0,0,serve
post_pre,7007,514,515,"(0, 1)",PLACE,PLACE,1,pot_1,pot_1,1,1,PLACE,PLACE,PLACE,pot_1,pot_1,pot_1,0,0,serve
post_pre,7007,518,519,interact,COOK_START,COOK_START,1,pot_1,pot_1,1,1,COOK_START,COOK_START,COOK_START,pot_1,pot_1,pot_1,0,0,serve
post_pre,7007,519,520,"(0, 0)",GET_DISH,GET_DISH,1,dish_0,dish_0,1,1,GET_DISH,GET_DISH,GET_DISH,dish_0,dish_0,dish_0,0,0,cook
post_pre,7007,525,526,"(1, 0)",PRE,PRE,1,pot_1,pot_0,0,0,PRE,PRE,PRE,pot_0,dish_0,pot_0,0,1,dynamic
post_pre,7007,538,539,"(1, 0)",PICKUP,PICKUP,1,pot_1,pot_1,1,1,PICKUP,PICKUP,PICKUP,pot_1,pot_1,pot_1,0,0,cook
post_pre,7007,541,542,"(0, 1)",DELIVER,DELIVER,1,serve_0,serve_0,1,1,DELIVER,DELIVER,DELIVER,serve_0,serve_0,serve_0,0,0,cook
post_pre,7007,543,544,"(0, -1)",FETCH,FETCH,1,onion_1,onion_1,1,1,FETCH,FETCH,FETCH,onion_1,onion_1,onion_1,0,0,serve
post_pre,7007,546,547,"(0, 1)",PLACE,PLACE,1,pot_1,pot_0,0,0,PLACE,PLACE,PLACE,pot_0,pot_0,pot_0,0,0,serve
post_pre,7007,557,558,"(1, 0)",FETCH,FETCH,1,onion_1,onion_1,1,1,FETCH,FETCH,FETCH,onion_1,onion_1,onion_1,0,0,serve
post_pre,7007,559,560,"(-1, 0)",PLACE,PLACE,1,pot_1,pot_1,1,1,PLACE,PLACE,PLACE,pot_1,pot_1,pot_1,0,0,serve
post_pre,7007,563,564,"(1, 0)",FETCH,FETCH,1,onion_1,onion_1,1,1,FETCH,FETCH,FETCH,onion_1,onion_1,onion_1,0,0,serve
post_pre,7007,565,566,"(-1, 0)",PLACE,PLACE,1,pot_1,pot_1,1,1,PLACE,PLACE,PLACE,pot_1,pot_1,pot_1,0,0,serve
post_pre,7007,569,570,interact,COOK_START,COOK_START,1,pot_1,pot_1,1,1,COOK_START,COOK_START,COOK_START,pot_1,pot_1,pot_1,0,0,serve
post_pre,7007,570,571,"(1, 0)",FETCH,FETCH,1,onion_1,onion_1,1,1,FETCH,FETCH,FETCH,onion_1,onion_1,onion_1,0,0,serve
post_pre,7007,572,573,"(0, 1)",PLACE,PLACE,1,pot_0,pot_0,1,1,PLACE,PLACE,PLACE,pot_0,pot_0,pot_0,0,0,serve
post_pre,7007,585,586,"(-1, 0)",FETCH,GET_DISH,0,onion_0,dish_0,0,0,GET_DISH,GET_DISH,GET_DISH,dish_0,dish_0,dish_0,0,0,cook
post_pre,7007,587,588,"(0, 1)",PLACE,PLACE,1,pot_0,pot_0,1,1,PLACE,PLACE,PLACE,pot_0,pot_0,pot_0,0,0,serve
post_pre,7007,591,592,"(-1, 0)",FETCH,FETCH,1,onion_0,onion_0,1,1,FETCH,FETCH,FETCH,onion_0,onion_0,onion_0,0,0,serve
post_pre,7007,593,594,"(0, 1)",PLACE,PLACE,1,pot_0,pot_0,1,1,PLACE,PLACE,PLACE,pot_0,pot_0,pot_0,0,0,serve
post_pre,7007,597,598,interact,COOK_START,COOK_START,1,pot_0,pot_0,1,1,COOK_START,COOK_START,COOK_START,pot_0,pot_0,pot_0,0,0,serve
post_pre,7007,598,599,"(-1, 0)",FETCH,GET_DISH,0,onion_0,dish_0,0,0,GET_DISH,GET_DISH,GET_DISH,dish_0,dish_0,dish_0,0,0,cook
post_pre,7007,600,601,"(0, 1)",PLACE,PLACE,1,pot_1,pot_1,1,1,PLACE,PLACE,PLACE,pot_1,pot_1,pot_1,0,0,serve
post_pre,7007,606,607,"(1, 0)",FETCH,FETCH,1,onion_1,onion_1,1,1,FETCH,FETCH,FETCH,onion_1,onion_1,onion_1,0,0,serve
post_pre,7007,608,609,"(0, 1)",PLACE,PLACE,1,pot_1,pot_1,1,1,PLACE,PLACE,PLACE,pot_1,pot_1,pot_1,0,0,serve
post_pre,7007,612,613,"(1, 0)",FETCH,FETCH,1,onion_1,onion_1,1,1,FETCH,FETCH,FETCH,onion_1,onion_1,onion_1,0,0,serve
post_pre,7007,614,615,"(0, 1)",PLACE,PLACE,1,pot_1,pot_1,1,1,PLACE,PLACE,PLACE,pot_1,pot_1,pot_1,0,0,serve
post_pre,7007,618,619,interact,COOK_START,COOK_START,1,pot_1,pot_1,1,1,COOK_START,COOK_START,COOK_START,pot_1,pot_1,pot_1,0,0,serve
post_pre,7007,619,620,"(0, 0)",GET_DISH,GET_DISH,1,dish_0,dish_0,1,1,GET_DISH,GET_DISH,GET_DISH,dish_0,dish_0,dish_0,0,0,cook
post_pre,7007,625,626,"(1, 0)",PRE,PRE,1,pot_1,pot_0,0,0,PRE,PRE,PRE,pot_0,dish_0,dish_0,0,1,dynamic
post_pre,7007,638,639,"(1, 0)",PICKUP,PICKUP,1,pot_1,pot_1,1,1,PICKUP,PICKUP,PICKUP,pot_1,pot_1,pot_1,0,0,cook
post_pre,7007,641,642,"(0, 1)",DELIVER,DELIVER,1,serve_0,serve_0,1,1,DELIVER,DELIVER,DELIVER,serve_0,serve_0,serve_0,0,0,cook
post_pre,7007,643,644,"(0, -1)",FETCH,FETCH,1,onion_1,onion_1,1,1,FETCH,FETCH,FETCH,onion_1,onion_1,onion_1,0,0,serve
post_pre,7007,646,647,"(0, 1)",PLACE,PLACE,1,pot_1,pot_0,0,0,PLACE,PLACE,PLACE,pot_0,pot_0,pot_0,0,0,serve
post_pre,7007,657,658,"(1, 0)",FETCH,FETCH,1,onion_1,onion_1,1,1,FETCH,FETCH,FETCH,onion_1,onion_1,onion_1,0,0,serve
post_pre,7007,659,660,"(-1, 0)",PLACE,PLACE,1,pot_1,pot_1,1,1,PLACE,PLACE,PLACE,pot_1,pot_1,pot_1,0,0,serve
post_pre,7007,663,664,"(1, 0)",FETCH,FETCH,1,onion_1,onion_1,1,1,FETCH,FETCH,FETCH,onion_1,onion_1,onion_1,0,0,serve
post_pre,7007,665,666,"(-1, 0)",PLACE,PLACE,1,pot_1,pot_1,1,1,PLACE,PLACE,PLACE,pot_1,pot_1,pot_1,0,0,serve
post_pre,7007,669,670,interact,COOK_START,COOK_START,1,pot_1,pot_1,1,1,COOK_START,COOK_START,COOK_START,pot_1,pot_1,pot_1,0,0,serve
post_pre,7007,670,671,"(1, 0)",FETCH,FETCH,1,onion_1,onion_1,1,1,FETCH,FETCH,FETCH,onion_1,onion_1,onion_1,0,0,serve
post_pre,7007,672,673,"(0, 1)",PLACE,PLACE,1,pot_0,pot_0,1,1,PLACE,PLACE,PLACE,pot_0,pot_0,pot_0,0,0,serve
post_pre,7007,685,686,"(-1, 0)",FETCH,GET_DISH,0,onion_0,dish_0,0,0,GET_DISH,GET_DISH,GET_DISH,dish_0,dish_0,dish_0,0,0,cook
post_pre,7007,687,688,"(0, 1)",PLACE,PLACE,1,pot_0,pot_0,1,1,PLACE,PLACE,PLACE,pot_0,pot_0,pot_0,0,0,serve
post_pre,7007,691,692,"(-1, 0)",FETCH,FETCH,1,onion_0,onion_0,1,1,FETCH,FETCH,FETCH,onion_0,onion_0,onion_0,0,0,serve
post_pre,7007,693,694,"(0, 1)",PLACE,PLACE,1,pot_0,pot_0,1,1,PLACE,PLACE,PLACE,pot_0,pot_0,pot_0,0,0,serve
post_pre,7007,697,698,interact,COOK_START,COOK_START,1,pot_0,pot_0,1,1,COOK_START,COOK_START,COOK_START,pot_0,pot_0,pot_0,0,0,serve
post_pre,7007,698,699,"(-1, 0)",FETCH,GET_DISH,0,onion_0,dish_0,0,0,GET_DISH,GET_DISH,GET_DISH,dish_0,dish_0,dish_0,0,0,cook
post_pre,7008,0,1,"(0, -1)",FETCH,FETCH,1,onion_0,onion_0,1,1,FETCH,FETCH,FETCH,onion_0,onion_0,onion_0,0,0,serve
post_pre,7008,5,6,"(0, 1)",PLACE,PLACE,1,pot_0,pot_0,1,1,PLACE,PLACE,PLACE,pot_0,pot_0,pot_0,0,0,serve
post_pre,7008,9,10,"(-1, 0)",FETCH,FETCH,1,onion_0,onion_0,1,1,FETCH,FETCH,FETCH,onion_0,onion_0,onion_0,0,0,serve
post_pre,7008,11,12,"(0, 1)",PLACE,PLACE,1,pot_0,pot_0,1,1,PLACE,PLACE,PLACE,pot_0,pot_0,pot_0,0,0,serve
post_pre,7008,15,16,"(-1, 0)",FETCH,FETCH,1,onion_0,onion_0,1,1,FETCH,FETCH,FETCH,onion_0,onion_0,onion_0,0,0,serve
post_pre,7008,17,18,"(0, 1)",PLACE,PLACE,1,pot_0,pot_0,1,1,PLACE,PLACE,PLACE,pot_0,pot_0,pot_0,0,0,serve
post_pre,7008,21,22,interact,COOK_START,COOK_START,1,pot_0,pot_0,1,1,COOK_START,COOK_START,COOK_START,pot_0,pot_0,pot_0,0,0,serve
post_pre,7008,22,23,"(-1, 0)",FETCH,FETCH,1,onion_0,onion_0,1,1,FETCH,FETCH,FETCH,onion_0,onion_0,onion_0,0,0,serve
post_pre,7008,24,25,"(0, 1)",PLACE,PLACE,1,pot_1,pot_1,1,1,PLACE,PLACE,PLACE,pot_1,pot_1,pot_1,0,0,serve
post_pre,7008,30,31,"(1, 0)",FETCH,FETCH,1,onion_1,onion_1,1,1,FETCH,FETCH,FETCH,onion_1,onion_1,onion_1,0,0,serve
post_pre,7008,32,33,"(0, 1)",PLACE,PLACE,1,pot_1,pot_1,1,1,PLACE,PLACE,PLACE,pot_1,pot_1,pot_1,0,0,serve
post_pre,7008,36,37,"(1, 0)",FETCH,FETCH,1,onion_1,onion_1,1,1,FETCH,FETCH,FETCH,onion_1,onion_1,onion_1,0,0,serve
post_pre,7008,38,39,"(0, 1)",PLACE,PLACE,1,pot_1,pot_1,1,1,PLACE,PLACE,PLACE,pot_1,pot_1,pot_1,0,0,serve
post_pre,7008,42,43,interact,COOK_START,COOK_START,1,pot_1,pot_1,1,1,COOK_START,COOK_START,COOK_START,pot_1,pot_1,pot_1,0,0,serve
post_pre,7008,43,44,"(0, 0)",GET_DISH,GET_DISH,1,dish_0,dish_0,1,1,GET_DISH,GET_DISH,GET_DISH,dish_0,dish_0,dish_0,0,0,cook
post_pre,7008,49,50,"(1, 0)",PRE,PRE,1,pot_1,none,0,0,PRE,PRE,PRE,none,pot_1,none,0,1,dynamic
post_pre,7008,62,63,"(1, 0)",PICKUP,PICKUP,1,pot_1,pot_1,1,1,PICKUP,PICKUP,PICKUP,pot_1,pot_1,pot_1,0,0,cook
post_pre,7008,65,66,"(0, 1)",DELIVER,DELIVER,1,serve_0,serve_0,1,1,DELIVER,DELIVER,DELIVER,serve_0,serve_0,serve_0,0,0,cook
post_pre,7008,67,68,"(0, -1)",FETCH,FETCH,1,onion_1,onion_1,1,1,FETCH,FETCH,FETCH,onion_1,onion_1,onion_1,0,0,serve
post_pre,7008,70,71,"(0, 1)",PLACE,PLACE,1,pot_1,pot_1,1,1,PLACE,PLACE,PLACE,pot_1,pot_1,pot_1,0,0,serve
post_pre,7008,74,75,"(1, 0)",FETCH,FETCH,1,onion_1,onion_1,1,1,FETCH,FETCH,FETCH,onion_1,onion_1,onion_1,0,0,serve
post_pre,7008,76,77,"(-1, 0)",PLACE,PLACE,1,pot_1,pot_1,1,1,PLACE,PLACE,PLACE,pot_1,pot_1,pot_1,0,0,serve
post_pre,7008,80,81,"(1, 0)",FETCH,FETCH,1,onion_1,onion_1,1,1,FETCH,FETCH,FETCH,onion_1,onion_1,onion_1,0,0,serve
post_pre,7008,82,83,"(-1, 0)",PLACE,PLACE,1,pot_1,pot_1,1,1,PLACE,PLACE,PLACE,pot_1,pot_1,pot_1,0,0,serve
post_pre,7008,86,87,interact,COOK_START,COOK_START,1,pot_1,pot_1,1,1,COOK_START,COOK_START,COOK_START,pot_1,pot_1,pot_1,0,0,serve
post_pre,7008,87,88,"(1, 0)",FETCH,FETCH,1,onion_1,onion_1,1,1,FETCH,FETCH,FETCH,onion_1,onion_1,onion_1,0,0,serve
post_pre,7008,89,90,"(0, 1)",PLACE,PLACE,1,pot_0,pot_0,1,1,PLACE,PLACE,PLACE,pot_0,pot_0,pot_0,0,0,serve
post_pre,7008,102,103,interact,COOK_START,COOK_START,1,pot_0,pot_0,1,1,COOK_START,COOK_START,COOK_START,pot_0,pot_0,pot_0,0,0,serve
post_pre,7008,103,104,"(1, 0)",HOLD,HOLD,1,none,none,1,1,HOLD,HOLD,HOLD,none,none,none,0,0,dynamic
post_pre,7008,109,110,"(-1, 0)",FETCH,GET_DISH,0,onion_0,dish_0,0,0,GET_DISH,GET_DISH,GET_DISH,dish_0,dish_0,dish_0,0,0,cook
post_pre,7008,112,113,"(0, 1)",PLACE,PLACE,1,pot_1,pot_0,0,0,PLACE,PLACE,PLACE,pot_0,pot_0,pot_0,0,0,serve
post_pre,7008,121,122,"(1, 0)",FETCH,FETCH,1,onion_1,onion_1,1,1,FETCH,FETCH,FETCH,onion_1,onion_1,onion_1,0,0,serve
post_pre,7008,123,124,"(0, 1)",PLACE,PLACE,1,pot_1,pot_1,1,1,PLACE,PLACE,PLACE,pot_1,pot_1,pot_1,0,0,serve
post_pre,7008,127,128,"(1, 0)",FETCH,FETCH,1,onion_1,onion_1,1,1,FETCH,FETCH,FETCH,onion_1,onion_1,onion_1,0,0,serve
post_pre,7008,129,130,"(0, 1)",PLACE,PLACE,1,pot_1,pot_1,1,1,PLACE,PLACE,PLACE,pot_1,pot_1,pot_1,0,0,serve
post_pre,7008,135,136,interact,COOK_START,COOK_START,1,pot_1,pot_1,1,1,COOK_START,COOK_START,COOK_START,pot_1,pot_1,pot_1,0,0,serve
post_pre,7008,136,137,"(1, 0)",FETCH,FETCH,1,onion_1,onion_1,1,1,FETCH,FETCH,FETCH,onion_1,onion_1,onion_1,0,0,serve
post_pre,7008,138,139,"(0, 1)",PLACE,PLACE,1,pot_0,pot_0,1,1,PLACE,PLACE,PLACE,pot_0,pot_0,pot_0,0,0,serve
post_pre,7008,148,149,"(-1, 0)",FETCH,FETCH,1,onion_0,onion_0,1,1,FETCH,FETCH,FETCH,onion_0,onion_0,onion_0,0,0,serve
post_pre,7008,150,151,"(0, 1)",PLACE,PLACE,1,pot_0,pot_0,1,1,PLACE,PLACE,PLACE,pot_0,pot_0,pot_0,0,0,serve
post_pre,7008,154,155,"(-1, 0)",FETCH,FETCH,1,onion_0,onion_0,1,1,FETCH,FETCH,FETCH,onion_0,onion_0,onion_0,0,0,serve
post_pre,7008,156,157,"(0, 1)",PLACE,PLACE,1,pot_0,pot_0,1,1,PLACE,PLACE,PLACE,pot_0,pot_0,pot_0,0,0,serve
post_pre,7008,160,161,interact,COOK_START,COOK_START,1,pot_0,pot_0,1,1,COOK_START,COOK_START,COOK_START,pot_0,pot_0,pot_0,0,0,serve
post_pre,7008,161,162,"(-1, 0)",FETCH,FETCH,1,onion_0,onion_0,1,1,FETCH,FETCH,FETCH,onion_0,onion_0,onion_0,0,0,serve
post_pre,7008,163,164,"(0, 1)",PLACE,PLACE,1,pot_1,pot_1,1,1,PLACE,PLACE,PLACE,pot_1,pot_1,pot_1,0,0,serve
post_pre,7008,169,170,"(1, 0)",FETCH,FETCH,1,onion_1,onion_1,1,1,FETCH,FETCH,FETCH,onion_1,onion_1,onion_1,0,0,serve
post_pre,7008,171,172,"(0, 1)",PLACE,PLACE,1,pot_1,pot_1,1,1,PLACE,PLACE,PLACE,pot_1,pot_1,pot_1,0,0,serve
post_pre,7008,175,176,"(1, 0)",FETCH,FETCH,1,onion_1,onion_1,1,1,FETCH,FETCH,FETCH,onion_1,onion_1,onion_1,0,0,serve
post_pre,7008,177,178,"(0, 1)",PLACE,PLACE,1,pot_1,pot_1,1,1,PLACE,PLACE,PLACE,pot_1,pot_1,pot_1,0,0,serve
post_pre,7008,181,182,interact,COOK_START,COOK_START,1,pot_1,pot_1,1,1,COOK_START,COOK_START,COOK_START,pot_1,pot_1,pot_1,0,0,serve
post_pre,7008,182,183,"(0, 0)",GET_DISH,GET_DISH,1,dish_0,dish_0,1,1,GET_DISH,GET_DISH,GET_DISH,dish_0,dish_0,dish_0,0,0,cook
post_pre,7008,188,189,"(1, 0)",PRE,PRE,1,pot_1,none,0,0,PRE,PRE,PRE,none,pot_1,none,0,1,dynamic
post_pre,7008,201,202,"(1, 0)",PICKUP,PICKUP,1,pot_1,pot_1,1,1,PICKUP,PICKUP,PICKUP,pot_1,pot_1,pot_1,0,0,cook
post_pre,7008,204,205,"(0, 1)",DELIVER,DELIVER,1,serve_0,serve_0,1,1,DELIVER,DELIVER,DELIVER,serve_0,serve_0,serve_0,0,0,cook
post_pre,7008,206,207,"(0, -1)",FETCH,FETCH,1,onion_1,onion_1,1,1,FETCH,FETCH,FETCH,onion_1,onion_1,onion_1,0,0,serve
post_pre,7008,209,210,"(0, 1)",PLACE,PLACE,1,pot_1,pot_1,1,1,PLACE,PLACE,PLACE,pot_1,pot_1,pot_1,0,0,serve
post_pre,7008,220,221,"(1, 0)",FETCH,FETCH,1,onion_1,onion_1,1,1,FETCH,FETCH,FETCH,onion_1,onion_1,onion_1,0,0,serve
post_pre,7008,222,223,"(-1, 0)",PLACE,PLACE,1,pot_1,pot_1,1,1,PLACE,PLACE,PLACE,pot_1,pot_1,pot_1,0,0,serve
post_pre,7008,226,227,"(1, 0)",FETCH,FETCH,1,onion_1,onion_1,1,1,FETCH,FETCH,FETCH,onion_1,onion_1,onion_1,0,0,serve
post_pre,7008,228,229,"(-1, 0)",PLACE,PLACE,1,pot_1,pot_1,1,1,PLACE,PLACE,PLACE,pot_1,pot_1,pot_1,0,0,serve
post_pre,7008,232,233,interact,COOK_START,COOK_START,1,pot_1,pot_1,1,1,COOK_START,COOK_START,COOK_START,pot_1,pot_1,pot_1,0,0,serve
post_pre,7008,233,234,"(1, 0)",FETCH,FETCH,1,onion_1,onion_1,1,1,FETCH,FETCH,FETCH,onion_1,onion_1,onion_1,0,0,serve
post_pre,7008,235,236,"(0, 1)",PLACE,PLACE,1,pot_0,pot_0,1,1,PLACE,PLACE,PLACE,pot_0,pot_0,pot_0,0,0,serve
post_pre,7008,248,249,"(-1, 0)",FETCH,FETCH,1,onion_0,onion_0,1,1,FETCH,FETCH,FETCH,onion_0,onion_0,onion_0,0,0,serve
post_pre,7008,250,251,"(0, 1)",PLACE,PLACE,1,pot_0,pot_0,1,1,PLACE,PLACE,PLACE,pot_0,pot_0,pot_0,0,0,serve
post_pre,7008,254,255,"(-1, 0)",FETCH,FETCH,1,onion_0,onion_0,1,1,FETCH,FETCH,FETCH,onion_0,onion_0,onion_0,0,0,serve
post_pre,7008,256,257,"(0, 1)",PLACE,PLACE,1,pot_0,pot_0,1,1,PLACE,PLACE,PLACE,pot_0,pot_0,pot_0,0,0,serve
post_pre,7008,260,261,interact,COOK_START,COOK_START,1,pot_0,pot_0,1,1,COOK_START,COOK_START,COOK_START,pot_0,pot_0,pot_0,0,0,serve
post_pre,7008,261,262,"(-1, 0)",FETCH,FETCH,1,onion_0,onion_0,1,1,FETCH,FETCH,FETCH,onion_0,onion_0,onion_0,0,0,serve
post_pre,7008,263,264,"(0, 1)",PLACE,PLACE,1,pot_1,pot_1,1,1,PLACE,PLACE,PLACE,pot_1,pot_1,pot_1,0,0,serve
post_pre,7008,269,270,"(1, 0)",FETCH,FETCH,1,onion_1,onion_1,1,1,FETCH,FETCH,FETCH,onion_1,onion_1,onion_1,0,0,serve
post_pre,7008,271,272,"(0, 1)",PLACE,PLACE,1,pot_1,pot_1,1,1,PLACE,PLACE,PLACE,pot_1,pot_1,pot_1,0,0,serve
post_pre,7008,275,276,"(1, 0)",FETCH,FETCH,1,onion_1,onion_1,1,1,FETCH,FETCH,FETCH,onion_1,onion_1,onion_1,0,0,serve
post_pre,7008,277,278,"(0, 1)",PLACE,PLACE,1,pot_1,pot_1,1,1,PLACE,PLACE,PLACE,pot_1,pot_1,pot_1,0,0,serve
post_pre,7008,281,282,interact,COOK_START,COOK_START,1,pot_1,pot_1,1,1,COOK_START,COOK_START,COOK_START,pot_1,pot_1,pot_1,0,0,serve
post_pre,7008,282,283,"(0, 0)",GET_DISH,GET_DISH,1,dish_0,dish_0,1,1,GET_DISH,GET_DISH,GET_DISH,dish_0,dish_0,dish_0,0,0,cook
post_pre,7008,288,289,"(1, 0)",PRE,PRE,1,pot_1,none,0,0,PRE,PRE,PRE,none,onion_1,none,0,1,dynamic
post_pre,7008,301,302,"(1, 0)",PICKUP,PICKUP,1,pot_1,pot_1,1,1,PICKUP,PICKUP,PICKUP,pot_1,pot_1,pot_1,0,0,cook
post_pre,7008,304,305,"(0, 1)",DELIVER,DELIVER,1,serve_0,serve_0,1,1,DELIVER,DELIVER,DELIVER,serve_0,serve_0,serve_0,0,0,cook
post_pre,7008,306,307,"(0, -1)",FETCH,FETCH,1,onion_1,onion_1,1,1,FETCH,FETCH,FETCH,onion_1,onion_1,onion_1,0,0,serve
post_pre,7008,309,310,"(0, 1)",PLACE,PLACE,1,pot_1,pot_1,1,1,PLACE,PLACE,PLACE,pot_1,pot_1,pot_1,0,0,serve
post_pre,7008,313,314,"(1, 0)",FETCH,FETCH,1,onion_1,onion_1,1,1,FETCH,FETCH,FETCH,onion_1,onion_1,onion_1,0,0,serve
post_pre,7008,315,316,"(-1, 0)",PLACE,PLACE,1,pot_1,pot_1,1,1,PLACE,PLACE,PLACE,pot_1,pot_1,pot_1,0,0,serve
post_pre,7008,319,320,"(1, 0)",FETCH,FETCH,1,onion_1,onion_1,1,1,FETCH,FETCH,FETCH,onion_1,onion_1,onion_1,0,0,serve
post_pre,7008,321,322,"(-1, 0)",PLACE,PLACE,1,pot_1,pot_1,1,1,PLACE,PLACE,PLACE,pot_1,pot_1,pot_1,0,0,serve
post_pre,7008,325,326,interact,COOK_START,COOK_START,1,pot_1,pot_1,1,1,COOK_START,COOK_START,COOK_START,pot_1,pot_1,pot_1,0,0,serve
post_pre,7008,326,327,"(1, 0)",FETCH,FETCH,1,onion_1,onion_1,1,1,FETCH,FETCH,FETCH,onion_1,onion_1,onion_1,0,0,serve
post_pre,7008,328,329,"(0, 1)",PLACE,PLACE,1,pot_0,pot_0,1,1,PLACE,PLACE,PLACE,pot_0,pot_0,pot_0,0,0,serve
post_pre,7008,341,342,interact,COOK_START,COOK_START,1,pot_0,pot_0,1,1,COOK_START,COOK_START,COOK_START,pot_0,pot_0,pot_0,0,0,serve
post_pre,7008,342,343,"(1, 0)",HOLD,HOLD,1,none,none,1,1,HOLD,HOLD,HOLD,none,none,none,0,0,dynamic
post_pre,7008,348,349,"(-1, 0)",FETCH,GET_DISH,0,onion_0,dish_0,0,0,GET_DISH,GET_DISH,GET_DISH,dish_0,dish_0,dish_0,0,0,cook
post_pre,7008,351,352,"(0, 1)",PLACE,PLACE,1,pot_1,pot_0,0,0,PLACE,PLACE,PLACE,pot_0,pot_0,pot_0,0,0,serve
post_pre,7008,360,361,"(1, 0)",FETCH,FETCH,1,onion_1,onion_1,1,1,FETCH,FETCH,FETCH,onion_1,onion_1,onion_1,0,0,serve
post_pre,7008,362,363,"(0, 1)",PLACE,PLACE,1,pot_1,pot_1,1,1,PLACE,PLACE,PLACE,pot_1,pot_1,pot_1,0,0,serve
post_pre,7008,366,367,"(1, 0)",FETCH,FETCH,1,onion_1,onion_1,1,1,FETCH,FETCH,FETCH,onion_1,onion_1,onion_1,0,0,serve
post_pre,7008,368,369,"(0, 1)",PLACE,PLACE,1,pot_1,pot_1,1,1,PLACE,PLACE,PLACE,pot_1,pot_1,pot_1,0,0,serve
post_pre,7008,374,375,interact,COOK_START,COOK_START,1,pot_1,pot_1,1,1,COOK_START,COOK_START,COOK_START,pot_1,pot_1,pot_1,0,0,serve
post_pre,7008,375,376,"(1, 0)",FETCH,FETCH,1,onion_1,onion_1,1,1,FETCH,FETCH,FETCH,onion_1,onion_1,onion_1,0,0,serve
post_pre,7008,377,378,"(0, 1)",PLACE,PLACE,1,pot_0,pot_0,1,1,PLACE,PLACE,PLACE,pot_0,pot_0,pot_0,0,0,serve
post_pre,7008,387,388,"(-1, 0)",FETCH,FETCH,1,onion_0,onion_0,1,1,FETCH,FETCH,FETCH,onion_0,onion_0,onion_0,0,0,serve
post_pre,7008,389,390,"(0, 1)",PLACE,PLACE,1,pot_0,pot_0,1,1,PLACE,PLACE,PLACE,pot_0,pot_0,pot_0,0,0,serve
post_pre,7008,393,394,"(-1, 0)",FETCH,FETCH,1,onion_0,onion_0,1,1,FETCH,FETCH,FETCH,onion_0,onion_0,onion_0,0,0,serve
post_pre,7008,395,396,"(0, 1)",PLACE,PLACE,1,pot_0,pot_0,1,1,PLACE,PLACE,PLACE,pot_0,pot_0,pot_0,0,0,serve
post_pre,7008,399,400,interact,COOK_START,COOK_START,1,pot_0,pot_0,1,1,COOK_START,COOK_START,COOK_START,pot_0,pot_0,pot_0,0,0,serve
post_pre,7008,400,401,"(-1, 0)",FETCH,GET_DISH,0,onion_0,dish_0,0,0,GET_DISH,FETCH,GET_DISH,dish_0,onion_0,dish_0,1,1,cook
post_pre,7008,402,403,"(0, 1)",PLACE,PLACE,1,pot_1,pot_1,1,1,PLACE,PLACE,PLACE,pot_1,pot_1,pot_1,0,0,serve
post_pre,7008,408,409,"(1, 0)",FETCH,FETCH,1,onion_1,onion_1,1,1,FETCH,FETCH,FETCH,onion_1,onion_1,onion_1,0,0,serve
post_pre,7008,410,411,"(0, 1)",PLACE,PLACE,1,pot_1,pot_1,1,1,PLACE,PLACE,PLACE,pot_1,pot_1,pot_1,0,0,serve
post_pre,7008,414,415,"(1, 0)",FETCH,FETCH,1,onion_1,onion_1,1,1,FETCH,FETCH,FETCH,onion_1,onion_1,onion_1,0,0,serve
post_pre,7008,416,417,"(0, 1)",PLACE,PLACE,1,pot_1,pot_1,1,1,PLACE,PLACE,PLACE,pot_1,pot_1,pot_1,0,0,serve
post_pre,7008,420,421,interact,COOK_START,COOK_START,1,pot_1,pot_1,1,1,COOK_START,COOK_START,COOK_START,pot_1,pot_1,pot_1,0,0,serve
post_pre,7008,421,422,"(0, 0)",GET_DISH,GET_DISH,1,dish_0,dish_0,1,1,GET_DISH,GET_DISH,GET_DISH,dish_0,dish_0,dish_0,0,0,cook
post_pre,7008,427,428,"(1, 0)",PRE,PRE,1,pot_1,pot_0,0,0,PRE,PRE,PRE,pot_0,pot_0,pot_0,0,0,dynamic
post_pre,7008,440,441,"(1, 0)",PICKUP,PICKUP,1,pot_1,pot_1,1,1,PICKUP,PICKUP,PICKUP,pot_1,pot_1,pot_1,0,0,cook
post_pre,7008,443,444,"(0, 1)",DELIVER,DELIVER,1,serve_0,serve_0,1,1,DELIVER,DELIVER,DELIVER,serve_0,serve_0,serve_0,0,0,cook
post_pre,7008,445,446,"(0, -1)",FETCH,FETCH,1,onion_1,onion_1,1,1,FETCH,FETCH,FETCH,onion_1,onion_1,onion_1,0,0,serve
post_pre,7008,448,449,"(0, 1)",PLACE,PLACE,1,pot_1,pot_0,0,0,PLACE,PLACE,PLACE,pot_0,pot_0,pot_0,0,0,serve
post_pre,7008,459,460,"(1, 0)",FETCH,FETCH,1,onion_1,onion_1,1,1,FETCH,FETCH,FETCH,onion_1,onion_1,onion_1,0,0,serve
post_pre,7008,461,462,"(-1, 0)",PLACE,PLACE,1,pot_1,pot_1,1,1,PLACE,PLACE,PLACE,pot_1,pot_1,pot_1,0,0,serve
post_pre,7008,465,466,"(1, 0)",FETCH,FETCH,1,onion_1,onion_1,1,1,FETCH,FETCH,FETCH,onion_1,onion_1,onion_1,0,0,serve
post_pre,7008,467,468,"(-1, 0)",PLACE,PLACE,1,pot_1,pot_1,1,1,PLACE,PLACE,PLACE,pot_1,pot_1,pot_1,0,0,serve
post_pre,7008,471,472,interact,COOK_START,COOK_START,1,pot_1,pot_1,1,1,COOK_START,COOK_START,COOK_START,pot_1,pot_1,pot_1,0,0,serve
post_pre,7008,472,473,"(1, 0)",FETCH,FETCH,1,onion_1,onion_1,1,1,FETCH,FETCH,FETCH,onion_1,onion_1,onion_1,0,0,serve
post_pre,7008,474,475,"(0, 1)",PLACE,PLACE,1,pot_0,pot_0,1,1,PLACE,PLACE,PLACE,pot_0,pot_0,pot_0,0,0,serve
post_pre,7008,487,488,"(-1, 0)",FETCH,GET_DISH,0,onion_0,onion_0,1,0,GET_DISH,FETCH,GET_DISH,onion_0,onion_0,onion_0,1,0,cook
post_pre,7008,489,490,"(0, 1)",PLACE,PLACE,1,pot_0,pot_0,1,1,PLACE,PLACE,PLACE,pot_0,pot_0,pot_0,0,0,serve
post_pre,7008,493,494,"(-1, 0)",FETCH,FETCH,1,onion_0,onion_0,1,1,FETCH,FETCH,FETCH,onion_0,onion_0,onion_0,0,0,serve
post_pre,7008,495,496,"(0, 1)",PLACE,PLACE,1,pot_0,pot_0,1,1,PLACE,PLACE,PLACE,pot_0,pot_0,pot_0,0,0,serve
post_pre,7008,499,500,interact,COOK_START,COOK_START,1,pot_0,pot_0,1,1,COOK_START,COOK_START,COOK_START,pot_0,pot_0,pot_0,0,0,serve
post_pre,7008,500,501,"(-1, 0)",FETCH,GET_DISH,0,onion_0,dish_0,0,0,GET_DISH,GET_DISH,GET_DISH,dish_0,dish_0,dish_0,0,0,cook
post_pre,7008,502,503,"(0, 1)",PLACE,PLACE,1,pot_1,pot_1,1,1,PLACE,PLACE,PLACE,pot_1,pot_1,pot_1,0,0,serve
post_pre,7008,508,509,"(1, 0)",FETCH,FETCH,1,onion_1,onion_1,1,1,FETCH,FETCH,FETCH,onion_1,onion_1,onion_1,0,0,serve
post_pre,7008,510,511,"(0, 1)",PLACE,PLACE,1,pot_1,pot_1,1,1,PLACE,PLACE,PLACE,pot_1,pot_1,pot_1,0,0,serve
post_pre,7008,514,515,"(1, 0)",FETCH,FETCH,1,onion_1,onion_1,1,1,FETCH,FETCH,FETCH,onion_1,onion_1,onion_1,0,0,serve
post_pre,7008,516,517,"(0, 1)",PLACE,PLACE,1,pot_1,pot_1,1,1,PLACE,PLACE,PLACE,pot_1,pot_1,pot_1,0,0,serve
post_pre,7008,520,521,interact,COOK_START,COOK_START,1,pot_1,pot_1,1,1,COOK_START,COOK_START,COOK_START,pot_1,pot_1,pot_1,0,0,serve
post_pre,7008,521,522,"(0, 0)",GET_DISH,GET_DISH,1,dish_0,dish_0,1,1,GET_DISH,GET_DISH,GET_DISH,dish_0,dish_0,dish_0,0,0,cook
post_pre,7008,527,528,"(1, 0)",PRE,PRE,1,pot_1,pot_0,0,0,PRE,PRE,PRE,pot_0,dish_0,pot_0,0,1,dynamic
post_pre,7008,540,541,"(1, 0)",PICKUP,PICKUP,1,pot_1,pot_1,1,1,PICKUP,PICKUP,PICKUP,pot_1,pot_1,pot_1,0,0,cook
post_pre,7008,543,544,"(0, 1)",DELIVER,DELIVER,1,serve_0,serve_0,1,1,DELIVER,DELIVER,DELIVER,serve_0,serve_0,serve_0,0,0,cook
post_pre,7008,545,546,"(0, -1)",FETCH,FETCH,1,onion_1,onion_1,1,1,FETCH,FETCH,FETCH,onion_1,onion_1,onion_1,0,0,serve
post_pre,7008,548,549,"(0, 1)",PLACE,PLACE,1,pot_1,pot_0,0,0,PLACE,PLACE,PLACE,pot_0,pot_0,pot_0,0,0,serve
post_pre,7008,559,560,"(1, 0)",FETCH,FETCH,1,onion_1,onion_1,1,1,FETCH,FETCH,FETCH,onion_1,onion_1,onion_1,0,0,serve
post_pre,7008,561,562,"(-1, 0)",PLACE,PLACE,1,pot_1,pot_1,1,1,PLACE,PLACE,PLACE,pot_1,pot_1,pot_1,0,0,serve
post_pre,7008,565,566,"(1, 0)",FETCH,FETCH,1,onion_1,onion_1,1,1,FETCH,FETCH,FETCH,onion_1,onion_1,onion_1,0,0,serve
post_pre,7008,567,568,"(-1, 0)",PLACE,PLACE,1,pot_1,pot_1,1,1,PLACE,PLACE,PLACE,pot_1,pot_1,pot_1,0,0,serve
post_pre,7008,571,572,interact,COOK_START,COOK_START,1,pot_1,pot_1,1,1,COOK_START,COOK_START,COOK_START,pot_1,pot_1,pot_1,0,0,serve
post_pre,7008,572,573,"(1, 0)",FETCH,FETCH,1,onion_1,onion_1,1,1,FETCH,FETCH,FETCH,onion_1,onion_1,onion_1,0,0,serve
post_pre,7008,574,575,"(0, 1)",PLACE,PLACE,1,pot_0,pot_0,1,1,PLACE,PLACE,PLACE,pot_0,pot_0,pot_0,0,0,serve
post_pre,7008,587,588,"(-1, 0)",FETCH,GET_DISH,0,onion_0,dish_0,0,0,GET_DISH,GET_DISH,GET_DISH,dish_0,dish_0,dish_0,0,0,cook
post_pre,7008,589,590,"(0, 1)",PLACE,PLACE,1,pot_0,pot_0,1,1,PLACE,PLACE,PLACE,pot_0,pot_0,pot_0,0,0,serve
post_pre,7008,593,594,"(-1, 0)",FETCH,FETCH,1,onion_0,onion_0,1,1,FETCH,FETCH,FETCH,onion_0,onion_0,onion_0,0,0,serve
post_pre,7008,595,596,"(0, 1)",PLACE,PLACE,1,pot_0,pot_0,1,1,PLACE,PLACE,PLACE,pot_0,pot_0,pot_0,0,0,serve
post_pre,7008,599,600,interact,COOK_START,COOK_START,1,pot_0,pot_0,1,1,COOK_START,COOK_START,COOK_START,pot_0,pot_0,pot_0,0,0,serve
post_pre,7008,600,601,"(-1, 0)",FETCH,GET_DISH,0,onion_0,dish_0,0,0,GET_DISH,GET_DISH,GET_DISH,dish_0,dish_0,dish_0,0,0,cook
post_pre,7008,602,603,"(0, 1)",PLACE,PLACE,1,pot_1,pot_1,1,1,PLACE,PLACE,PLACE,pot_1,pot_1,pot_1,0,0,serve
post_pre,7008,608,609,"(1, 0)",FETCH,FETCH,1,onion_1,onion_1,1,1,FETCH,FETCH,FETCH,onion_1,onion_1,onion_1,0,0,serve
post_pre,7008,610,611,"(0, 1)",PLACE,PLACE,1,pot_1,pot_1,1,1,PLACE,PLACE,PLACE,pot_1,pot_1,pot_1,0,0,serve
post_pre,7008,614,615,"(1, 0)",FETCH,FETCH,1,onion_1,onion_1,1,1,FETCH,FETCH,FETCH,onion_1,onion_1,onion_1,0,0,serve
post_pre,7008,616,617,"(0, 1)",PLACE,PLACE,1,pot_1,pot_1,1,1,PLACE,PLACE,PLACE,pot_1,pot_1,pot_1,0,0,serve
post_pre,7008,620,621,interact,COOK_START,COOK_START,1,pot_1,pot_1,1,1,COOK_START,COOK_START,COOK_START,pot_1,pot_1,pot_1,0,0,serve
post_pre,7008,621,622,"(0, 0)",GET_DISH,GET_DISH,1,dish_0,dish_0,1,1,GET_DISH,GET_DISH,GET_DISH,dish_0,dish_0,dish_0,0,0,cook
post_pre,7008,627,628,"(1, 0)",PRE,PRE,1,pot_1,pot_0,0,0,PRE,PRE,PRE,pot_0,dish_0,dish_0,0,1,dynamic
post_pre,7008,640,641,"(1, 0)",PICKUP,PICKUP,1,pot_1,pot_1,1,1,PICKUP,PICKUP,PICKUP,pot_1,pot_1,pot_1,0,0,cook
post_pre,7008,643,644,"(0, 1)",DELIVER,DELIVER,1,serve_0,serve_0,1,1,DELIVER,DELIVER,DELIVER,serve_0,serve_0,serve_0,0,0,cook
post_pre,7008,645,646,"(0, -1)",FETCH,FETCH,1,onion_1,onion_1,1,1,FETCH,FETCH,FETCH,onion_1,onion_1,onion_1,0,0,serve
post_pre,7008,648,649,"(0, 1)",PLACE,PLACE,1,pot_1,pot_0,0,0,PLACE,PLACE,PLACE,pot_0,pot_0,pot_0,0,0,serve
post_pre,7008,659,660,"(1, 0)",FETCH,FETCH,1,onion_1,onion_1,1,1,FETCH,FETCH,FETCH,onion_1,onion_1,onion_1,0,0,serve
post_pre,7008,661,662,"(-1, 0)",PLACE,PLACE,1,pot_1,pot_1,1,1,PLACE,PLACE,PLACE,pot_1,pot_1,pot_1,0,0,serve
post_pre,7008,665,666,"(1, 0)",FETCH,FETCH,1,onion_1,onion_1,1,1,FETCH,FETCH,FETCH,onion_1,onion_1,onion_1,0,0,serve
post_pre,7008,667,668,"(-1, 0)",PLACE,PLACE,1,pot_1,pot_1,1,1,PLACE,PLACE,PLACE,pot_1,pot_1,pot_1,0,0,serve
post_pre,7008,671,672,interact,COOK_START,COOK_START,1,pot_1,pot_1,1,1,COOK_START,COOK_START,COOK_START,pot_1,pot_1,pot_1,0,0,serve
post_pre,7008,672,673,"(1, 0)",FETCH,FETCH,1,onion_1,onion_1,1,1,FETCH,FETCH,FETCH,onion_1,onion_1,onion_1,0,0,serve
post_pre,7008,674,675,"(0, 1)",PLACE,PLACE,1,pot_0,pot_0,1,1,PLACE,PLACE,PLACE,pot_0,pot_0,pot_0,0,0,serve
post_pre,7008,687,688,"(-1, 0)",FETCH,GET_DISH,0,onion_0,dish_0,0,0,GET_DISH,GET_DISH,GET_DISH,dish_0,dish_0,dish_0,0,0,cook
post_pre,7008,689,690,"(0, 1)",PLACE,PLACE,1,pot_0,pot_0,1,1,PLACE,PLACE,PLACE,pot_0,pot_0,pot_0,0,0,serve
post_pre,7008,693,694,"(-1, 0)",FETCH,FETCH,1,onion_0,onion_0,1,1,FETCH,FETCH,FETCH,onion_0,onion_0,onion_0,0,0,serve
post_pre,7008,695,696,"(0, 1)",PLACE,PLACE,1,pot_0,pot_0,1,1,PLACE,PLACE,PLACE,pot_0,pot_0,pot_0,0,0,serve
post_pre,7008,699,700,interact,COOK_START,COOK_START,1,pot_0,pot_0,1,1,COOK_START,COOK_START,COOK_START,pot_0,pot_0,pot_0,0,0,serve
post_pre,7009,0,1,"(0, 0)",FETCH,FETCH,1,onion_0,onion_0,1,1,FETCH,FETCH,FETCH,onion_0,onion_0,onion_0,0,0,serve
post_pre,7009,4,5,"(0, 1)",PLACE,PLACE,1,pot_0,pot_0,1,1,PLACE,PLACE,PLACE,pot_0,pot_0,pot_0,0,0,serve
post_pre,7009,8,9,"(-1, 0)",FETCH,FETCH,1,onion_0,onion_0,1,1,FETCH,FETCH,FETCH,onion_0,onion_0,onion_0,0,0,serve
post_pre,7009,10,11,"(0, 1)",PLACE,PLACE,1,pot_0,pot_0,1,1,PLACE,PLACE,PLACE,pot_0,pot_0,pot_0,0,0,serve
post_pre,7009,14,15,"(-1, 0)",FETCH,FETCH,1,onion_0,onion_0,1,1,FETCH,FETCH,FETCH,onion_0,onion_0,onion_0,0,0,serve
post_pre,7009,16,17,"(0, 1)",PLACE,PLACE,1,pot_0,pot_0,1,1,PLACE,PLACE,PLACE,pot_0,pot_0,pot_0,0,0,serve
post_pre,7009,20,21,interact,COOK_START,COOK_START,1,pot_0,pot_0,1,1,COOK_START,COOK_START,COOK_START,pot_0,pot_0,pot_0,0,0,serve
post_pre,7009,21,22,"(-1, 0)",FETCH,FETCH,1,onion_0,onion_0,1,1,FETCH,FETCH,FETCH,onion_0,onion_0,onion_0,0,0,serve
post_pre,7009,23,24,"(0, 1)",PLACE,PLACE,1,pot_1,pot_1,1,1,PLACE,PLACE,PLACE,pot_1,pot_1,pot_1,0,0,serve
post_pre,7009,29,30,"(1, 0)",FETCH,FETCH,1,onion_1,onion_1,1,1,FETCH,FETCH,FETCH,onion_1,onion_1,onion_1,0,0,serve
post_pre,7009,31,32,"(0, 1)",PLACE,PLACE,1,pot_1,pot_1,1,1,PLACE,PLACE,PLACE,pot_1,pot_1,pot_1,0,0,serve
post_pre,7009,35,36,"(1, 0)",FETCH,FETCH,1,onion_1,onion_1,1,1,FETCH,FETCH,FETCH,onion_1,onion_1,onion_1,0,0,serve
post_pre,7009,37,38,"(0, 1)",PLACE,PLACE,1,pot_1,pot_1,1,1,PLACE,PLACE,PLACE,pot_1,pot_1,pot_1,0,0,serve
post_pre,7009,41,42,interact,COOK_START,COOK_START,1,pot_1,pot_1,1,1,COOK_START,COOK_START,COOK_START,pot_1,pot_1,pot_1,0,0,serve
post_pre,7009,42,43,"(0, 0)",GET_DISH,GET_DISH,1,dish_0,dish_0,1,1,GET_DISH,GET_DISH,GET_DISH,dish_0,dish_0,dish_0,0,0,cook
post_pre,7009,48,49,"(1, 0)",PRE,PRE,1,pot_1,none,0,0,PRE,PRE,PRE,none,pot_1,none,0,1,dynamic
post_pre,7009,61,62,"(1, 0)",PICKUP,PICKUP,1,pot_1,pot_1,1,1,PICKUP,PICKUP,PICKUP,pot_1,pot_1,pot_1,0,0,cook
post_pre,7009,64,65,"(0, 1)",DELIVER,DELIVER,1,serve_0,serve_0,1,1,DELIVER,DELIVER,DELIVER,serve_0,serve_0,serve_0,0,0,cook
post_pre,7009,66,67,"(0, -1)",FETCH,FETCH,1,onion_1,onion_1,1,1,FETCH,FETCH,FETCH,onion_1,onion_1,onion_1,0,0,serve
post_pre,7009,69,70,"(0, 1)",PLACE,PLACE,1,pot_1,pot_1,1,1,PLACE,PLACE,PLACE,pot_1,pot_1,pot_1,0,0,serve
post_pre,7009,73,74,"(1, 0)",FETCH,FETCH,1,onion_1,onion_1,1,1,FETCH,FETCH,FETCH,onion_1,onion_1,onion_1,0,0,serve
post_pre,7009,75,76,"(-1, 0)",PLACE,PLACE,1,pot_1,pot_1,1,1,PLACE,PLACE,PLACE,pot_1,pot_1,pot_1,0,0,serve
post_pre,7009,79,80,"(1, 0)",FETCH,FETCH,1,onion_1,onion_1,1,1,FETCH,FETCH,FETCH,onion_1,onion_1,onion_1,0,0,serve
post_pre,7009,81,82,"(-1, 0)",PLACE,PLACE,1,pot_1,pot_1,1,1,PLACE,PLACE,PLACE,pot_1,pot_1,pot_1,0,0,serve
post_pre,7009,85,86,interact,COOK_START,COOK_START,1,pot_1,pot_1,1,1,COOK_START,COOK_START,COOK_START,pot_1,pot_1,pot_1,0,0,serve
post_pre,7009,86,87,"(1, 0)",FETCH,FETCH,1,onion_1,onion_1,1,1,FETCH,FETCH,FETCH,onion_1,onion_1,onion_1,0,0,serve
post_pre,7009,88,89,"(0, 1)",PLACE,PLACE,1,pot_0,pot_0,1,1,PLACE,PLACE,PLACE,pot_0,pot_0,pot_0,0,0,serve
post_pre,7009,101,102,interact,COOK_START,COOK_START,1,pot_0,pot_0,1,1,COOK_START,COOK_START,COOK_START,pot_0,pot_0,pot_0,0,0,serve
post_pre,7009,102,103,"(1, 0)",HOLD,HOLD,1,none,none,1,1,HOLD,HOLD,HOLD,none,none,none,0,0,dynamic
post_pre,7009,108,109,"(-1, 0)",FETCH,GET_DISH,0,onion_0,dish_0,0,0,GET_DISH,GET_DISH,GET_DISH,dish_0,dish_0,dish_0,0,0,cook
post_pre,7009,111,112,"(0, 1)",PLACE,PLACE,1,pot_1,pot_0,0,0,PLACE,PLACE,PLACE,pot_0,pot_0,pot_0,0,0,serve
post_pre,7009,120,121,"(1, 0)",FETCH,FETCH,1,onion_1,onion_1,1,1,FETCH,FETCH,FETCH,onion_1,onion_1,onion_1,0,0,serve
post_pre,7009,122,123,"(0, 1)",PLACE,PLACE,1,pot_1,pot_1,1,1,PLACE,PLACE,PLACE,pot_1,pot_1,pot_1,0,0,serve
post_pre,7009,126,127,"(1, 0)",FETCH,FETCH,1,onion_1,onion_1,1,1,FETCH,FETCH,FETCH,onion_1,onion_1,onion_1,0,0,serve
post_pre,7009,128,129,"(0, 1)",PLACE,PLACE,1,pot_1,pot_1,1,1,PLACE,PLACE,PLACE,pot_1,pot_1,pot_1,0,0,serve
post_pre,7009,134,135,interact,COOK_START,COOK_START,1,pot_1,pot_1,1,1,COOK_START,COOK_START,COOK_START,pot_1,pot_1,pot_1,0,0,serve
post_pre,7009,135,136,"(1, 0)",FETCH,FETCH,1,onion_1,onion_1,1,1,FETCH,FETCH,FETCH,onion_1,onion_1,onion_1,0,0,serve
post_pre,7009,137,138,"(0, 1)",PLACE,PLACE,1,pot_0,pot_0,1,1,PLACE,PLACE,PLACE,pot_0,pot_0,pot_0,0,0,serve
post_pre,7009,147,148,"(-1, 0)",FETCH,FETCH,1,onion_0,onion_0,1,1,FETCH,FETCH,FETCH,onion_0,onion_0,onion_0,0,0,serve
post_pre,7009,149,150,"(0, 1)",PLACE,PLACE,1,pot_0,pot_0,1,1,PLACE,PLACE,PLACE,pot_0,pot_0,pot_0,0,0,serve
post_pre,7009,153,154,"(-1, 0)",FETCH,FETCH,1,onion_0,onion_0,1,1,FETCH,FETCH,FETCH,onion_0,onion_0,onion_0,0,0,serve
post_pre,7009,155,156,"(0, 1)",PLACE,PLACE,1,pot_0,pot_0,1,1,PLACE,PLACE,PLACE,pot_0,pot_0,pot_0,0,0,serve
post_pre,7009,159,160,interact,COOK_START,COOK_START,1,pot_0,pot_0,1,1,COOK_START,COOK_START,COOK_START,pot_0,pot_0,pot_0,0,0,serve
post_pre,7009,160,161,"(-1, 0)",FETCH,FETCH,1,onion_0,onion_0,1,1,FETCH,FETCH,FETCH,onion_0,onion_0,onion_0,0,0,serve
post_pre,7009,162,163,"(0, 1)",PLACE,PLACE,1,pot_1,pot_1,1,1,PLACE,PLACE,PLACE,pot_1,pot_1,pot_1,0,0,serve
post_pre,7009,168,169,"(1, 0)",FETCH,FETCH,1,onion_1,onion_1,1,1,FETCH,FETCH,FETCH,onion_1,onion_1,onion_1,0,0,serve
post_pre,7009,170,171,"(0, 1)",PLACE,PLACE,1,pot_1,pot_1,1,1,PLACE,PLACE,PLACE,pot_1,pot_1,pot_1,0,0,serve
post_pre,7009,174,175,"(1, 0)",FETCH,FETCH,1,onion_1,onion_1,1,1,FETCH,FETCH,FETCH,onion_1,onion_1,onion_1,0,0,serve
post_pre,7009,176,177,"(0, 1)",PLACE,PLACE,1,pot_1,pot_1,1,1,PLACE,PLACE,PLACE,pot_1,pot_1,pot_1,0,0,serve
post_pre,7009,180,181,interact,COOK_START,COOK_START,1,pot_1,pot_1,1,1,COOK_START,COOK_START,COOK_START,pot_1,pot_1,pot_1,0,0,serve
post_pre,7009,181,182,"(0, 0)",GET_DISH,GET_DISH,1,dish_0,dish_0,1,1,GET_DISH,GET_DISH,GET_DISH,dish_0,dish_0,dish_0,0,0,cook
post_pre,7009,187,188,"(1, 0)",PRE,PRE,1,pot_1,none,0,0,PRE,PRE,PRE,none,pot_1,none,0,1,dynamic
post_pre,7009,200,201,"(1, 0)",PICKUP,PICKUP,1,pot_1,pot_1,1,1,PICKUP,PICKUP,PICKUP,pot_1,pot_1,pot_1,0,0,cook
post_pre,7009,203,204,"(0, 1)",DELIVER,DELIVER,1,serve_0,serve_0,1,1,DELIVER,DELIVER,DELIVER,serve_0,serve_0,serve_0,0,0,cook
post_pre,7009,205,206,"(0, -1)",FETCH,FETCH,1,onion_1,onion_1,1,1,FETCH,FETCH,FETCH,onion_1,onion_1,onion_1,0,0,serve
post_pre,7009,208,209,"(0, 1)",PLACE,PLACE,1,pot_1,pot_1,1,1,PLACE,PLACE,PLACE,pot_1,pot_1,pot_1,0,0,serve
post_pre,7009,219,220,"(1, 0)",FETCH,FETCH,1,onion_1,onion_1,1,1,FETCH,FETCH,FETCH,onion_1,onion_1,onion_1,0,0,serve
post_pre,7009,221,222,"(-1, 0)",PLACE,PLACE,1,pot_1,pot_1,1,1,PLACE,PLACE,PLACE,pot_1,pot_1,pot_1,0,0,serve
post_pre,7009,225,226,"(1, 0)",FETCH,FETCH,1,onion_1,onion_1,1,1,FETCH,FETCH,FETCH,onion_1,onion_1,onion_1,0,0,serve
post_pre,7009,227,228,"(-1, 0)",PLACE,PLACE,1,pot_1,pot_1,1,1,PLACE,PLACE,PLACE,pot_1,pot_1,pot_1,0,0,serve
post_pre,7009,231,232,interact,COOK_START,COOK_START,1,pot_1,pot_1,1,1,COOK_START,COOK_START,COOK_START,pot_1,pot_1,pot_1,0,0,serve
post_pre,7009,232,233,"(1, 0)",FETCH,FETCH,1,onion_1,onion_1,1,1,FETCH,FETCH,FETCH,onion_1,onion_1,onion_1,0,0,serve
post_pre,7009,234,235,"(0, 1)",PLACE,PLACE,1,pot_0,pot_0,1,1,PLACE,PLACE,PLACE,pot_0,pot_0,pot_0,0,0,serve
post_pre,7009,247,248,"(-1, 0)",FETCH,FETCH,1,onion_0,onion_0,1,1,FETCH,FETCH,FETCH,onion_0,onion_0,onion_0,0,0,serve
post_pre,7009,249,250,"(0, 1)",PLACE,PLACE,1,pot_0,pot_0,1,1,PLACE,PLACE,PLACE,pot_0,pot_0,pot_0,0,0,serve
post_pre,7009,253,254,"(-1, 0)",FETCH,FETCH,1,onion_0,onion_0,1,1,FETCH,FETCH,FETCH,onion_0,onion_0,onion_0,0,0,serve
post_pre,7009,255,256,"(0, 1)",PLACE,PLACE,1,pot_0,pot_0,1,1,PLACE,PLACE,PLACE,pot_0,pot_0,pot_0,0,0,serve
post_pre,7009,259,260,interact,COOK_START,COOK_START,1,pot_0,pot_0,1,1,COOK_START,COOK_START,COOK_START,pot_0,pot_0,pot_0,0,0,serve
post_pre,7009,260,261,"(-1, 0)",FETCH,FETCH,1,onion_0,onion_0,1,1,FETCH,FETCH,FETCH,onion_0,onion_0,onion_0,0,0,serve
post_pre,7009,262,263,"(0, 1)",PLACE,PLACE,1,pot_1,pot_1,1,1,PLACE,PLACE,PLACE,pot_1,pot_1,pot_1,0,0,serve
post_pre,7009,268,269,"(1, 0)",FETCH,FETCH,1,onion_1,onion_1,1,1,FETCH,FETCH,FETCH,onion_1,onion_1,onion_1,0,0,serve
post_pre,7009,270,271,"(0, 1)",PLACE,PLACE,1,pot_1,pot_1,1,1,PLACE,PLACE,PLACE,pot_1,pot_1,pot_1,0,0,serve
post_pre,7009,274,275,"(1, 0)",FETCH,FETCH,1,onion_1,onion_1,1,1,FETCH,FETCH,FETCH,onion_1,onion_1,onion_1,0,0,serve
post_pre,7009,276,277,"(0, 1)",PLACE,PLACE,1,pot_1,pot_1,1,1,PLACE,PLACE,PLACE,pot_1,pot_1,pot_1,0,0,serve
post_pre,7009,280,281,interact,COOK_START,COOK_START,1,pot_1,pot_1,1,1,COOK_START,COOK_START,COOK_START,pot_1,pot_1,pot_1,0,0,serve
post_pre,7009,281,282,"(0, 0)",GET_DISH,GET_DISH,1,dish_0,dish_0,1,1,GET_DISH,GET_DISH,GET_DISH,dish_0,dish_0,dish_0,0,0,cook
post_pre,7009,287,288,"(1, 0)",PRE,PRE,1,pot_1,none,0,0,PRE,PRE,PRE,none,onion_1,none,0,1,dynamic
post_pre,7009,300,301,"(1, 0)",PICKUP,PICKUP,1,pot_1,pot_1,1,1,PICKUP,PICKUP,PICKUP,pot_1,pot_1,pot_1,0,0,cook
post_pre,7009,303,304,"(0, 1)",DELIVER,DELIVER,1,serve_0,serve_0,1,1,DELIVER,DELIVER,DELIVER,serve_0,serve_0,serve_0,0,0,cook
post_pre,7009,305,306,"(0, -1)",FETCH,FETCH,1,onion_1,onion_1,1,1,FETCH,FETCH,FETCH,onion_1,onion_1,onion_1,0,0,serve
post_pre,7009,308,309,"(0, 1)",PLACE,PLACE,1,pot_1,pot_1,1,1,PLACE,PLACE,PLACE,pot_1,pot_1,pot_1,0,0,serve
post_pre,7009,312,313,"(1, 0)",FETCH,FETCH,1,onion_1,onion_1,1,1,FETCH,FETCH,FETCH,onion_1,onion_1,onion_1,0,0,serve
post_pre,7009,314,315,"(-1, 0)",PLACE,PLACE,1,pot_1,pot_1,1,1,PLACE,PLACE,PLACE,pot_1,pot_1,pot_1,0,0,serve
post_pre,7009,318,319,"(1, 0)",FETCH,FETCH,1,onion_1,onion_1,1,1,FETCH,FETCH,FETCH,onion_1,onion_1,onion_1,0,0,serve
post_pre,7009,320,321,"(-1, 0)",PLACE,PLACE,1,pot_1,pot_1,1,1,PLACE,PLACE,PLACE,pot_1,pot_1,pot_1,0,0,serve
post_pre,7009,324,325,interact,COOK_START,COOK_START,1,pot_1,pot_1,1,1,COOK_START,COOK_START,COOK_START,pot_1,pot_1,pot_1,0,0,serve
post_pre,7009,325,326,"(1, 0)",FETCH,FETCH,1,onion_1,onion_1,1,1,FETCH,FETCH,FETCH,onion_1,onion_1,onion_1,0,0,serve
post_pre,7009,327,328,"(0, 1)",PLACE,PLACE,1,pot_0,pot_0,1,1,PLACE,PLACE,PLACE,pot_0,pot_0,pot_0,0,0,serve
post_pre,7009,340,341,interact,COOK_START,COOK_START,1,pot_0,pot_0,1,1,COOK_START,COOK_START,COOK_START,pot_0,pot_0,pot_0,0,0,serve
post_pre,7009,341,342,"(1, 0)",HOLD,HOLD,1,none,none,1,1,HOLD,HOLD,HOLD,none,none,none,0,0,dynamic
post_pre,7009,347,348,"(-1, 0)",FETCH,GET_DISH,0,onion_0,dish_0,0,0,GET_DISH,GET_DISH,GET_DISH,dish_0,dish_0,dish_0,0,0,cook
post_pre,7009,350,351,"(0, 1)",PLACE,PLACE,1,pot_1,pot_0,0,0,PLACE,PLACE,PLACE,pot_0,pot_0,pot_0,0,0,serve
post_pre,7009,359,360,"(1, 0)",FETCH,FETCH,1,onion_1,onion_1,1,1,FETCH,FETCH,FETCH,onion_1,onion_1,onion_1,0,0,serve
post_pre,7009,361,362,"(0, 1)",PLACE,PLACE,1,pot_1,pot_1,1,1,PLACE,PLACE,PLACE,pot_1,pot_1,pot_1,0,0,serve
post_pre,7009,365,366,"(1, 0)",FETCH,FETCH,1,onion_1,onion_1,1,1,FETCH,FETCH,FETCH,onion_1,onion_1,onion_1,0,0,serve
post_pre,7009,367,368,"(0, 1)",PLACE,PLACE,1,pot_1,pot_1,1,1,PLACE,PLACE,PLACE,pot_1,pot_1,pot_1,0,0,serve
post_pre,7009,373,374,interact,COOK_START,COOK_START,1,pot_1,pot_1,1,1,COOK_START,COOK_START,COOK_START,pot_1,pot_1,pot_1,0,0,serve
post_pre,7009,374,375,"(1, 0)",FETCH,FETCH,1,onion_1,onion_1,1,1,FETCH,FETCH,FETCH,onion_1,onion_1,onion_1,0,0,serve
post_pre,7009,376,377,"(0, 1)",PLACE,PLACE,1,pot_0,pot_0,1,1,PLACE,PLACE,PLACE,pot_0,pot_0,pot_0,0,0,serve
post_pre,7009,386,387,"(-1, 0)",FETCH,FETCH,1,onion_0,onion_0,1,1,FETCH,FETCH,FETCH,onion_0,onion_0,onion_0,0,0,serve
post_pre,7009,388,389,"(0, 1)",PLACE,PLACE,1,pot_0,pot_0,1,1,PLACE,PLACE,PLACE,pot_0,pot_0,pot_0,0,0,serve
post_pre,7009,392,393,"(-1, 0)",FETCH,FETCH,1,onion_0,onion_0,1,1,FETCH,FETCH,FETCH,onion_0,onion_0,onion_0,0,0,serve
post_pre,7009,394,395,"(0, 1)",PLACE,PLACE,1,pot_0,pot_0,1,1,PLACE,PLACE,PLACE,pot_0,pot_0,pot_0,0,0,serve
post_pre,7009,398,399,interact,COOK_START,COOK_START,1,pot_0,pot_0,1,1,COOK_START,COOK_START,COOK_START,pot_0,pot_0,pot_0,0,0,serve
post_pre,7009,399,400,"(-1, 0)",FETCH,GET_DISH,0,onion_0,dish_0,0,0,GET_DISH,FETCH,GET_DISH,dish_0,onion_0,dish_0,1,1,cook
post_pre,7009,401,402,"(0, 1)",PLACE,PLACE,1,pot_1,pot_1,1,1,PLACE,PLACE,PLACE,pot_1,pot_1,pot_1,0,0,serve
post_pre,7009,407,408,"(1, 0)",FETCH,FETCH,1,onion_1,onion_1,1,1,FETCH,FETCH,FETCH,onion_1,onion_1,onion_1,0,0,serve
post_pre,7009,409,410,"(0, 1)",PLACE,PLACE,1,pot_1,pot_1,1,1,PLACE,PLACE,PLACE,pot_1,pot_1,pot_1,0,0,serve
post_pre,7009,413,414,"(1, 0)",FETCH,FETCH,1,onion_1,onion_1,1,1,FETCH,FETCH,FETCH,onion_1,onion_1,onion_1,0,0,serve
post_pre,7009,415,416,"(0, 1)",PLACE,PLACE,1,pot_1,pot_1,1,1,PLACE,PLACE,PLACE,pot_1,pot_1,pot_1,0,0,serve
post_pre,7009,419,420,interact,COOK_START,COOK_START,1,pot_1,pot_1,1,1,COOK_START,COOK_START,COOK_START,pot_1,pot_1,pot_1,0,0,serve
post_pre,7009,420,421,"(0, 0)",GET_DISH,GET_DISH,1,dish_0,dish_0,1,1,GET_DISH,GET_DISH,GET_DISH,dish_0,dish_0,dish_0,0,0,cook
post_pre,7009,426,427,"(1, 0)",PRE,PRE,1,pot_1,pot_0,0,0,PRE,PRE,PRE,pot_0,pot_0,pot_0,0,0,dynamic
post_pre,7009,439,440,"(1, 0)",PICKUP,PICKUP,1,pot_1,pot_1,1,1,PICKUP,PICKUP,PICKUP,pot_1,pot_1,pot_1,0,0,cook
post_pre,7009,442,443,"(0, 1)",DELIVER,DELIVER,1,serve_0,serve_0,1,1,DELIVER,DELIVER,DELIVER,serve_0,serve_0,serve_0,0,0,cook
post_pre,7009,444,445,"(0, -1)",FETCH,FETCH,1,onion_1,onion_1,1,1,FETCH,FETCH,FETCH,onion_1,onion_1,onion_1,0,0,serve
post_pre,7009,447,448,"(0, 1)",PLACE,PLACE,1,pot_1,pot_0,0,0,PLACE,PLACE,PLACE,pot_0,pot_0,pot_0,0,0,serve
post_pre,7009,458,459,"(1, 0)",FETCH,FETCH,1,onion_1,onion_1,1,1,FETCH,FETCH,FETCH,onion_1,onion_1,onion_1,0,0,serve
post_pre,7009,460,461,"(-1, 0)",PLACE,PLACE,1,pot_1,pot_1,1,1,PLACE,PLACE,PLACE,pot_1,pot_1,pot_1,0,0,serve
post_pre,7009,464,465,"(1, 0)",FETCH,FETCH,1,onion_1,onion_1,1,1,FETCH,FETCH,FETCH,onion_1,onion_1,onion_1,0,0,serve
post_pre,7009,466,467,"(-1, 0)",PLACE,PLACE,1,pot_1,pot_1,1,1,PLACE,PLACE,PLACE,pot_1,pot_1,pot_1,0,0,serve
post_pre,7009,470,471,interact,COOK_START,COOK_START,1,pot_1,pot_1,1,1,COOK_START,COOK_START,COOK_START,pot_1,pot_1,pot_1,0,0,serve
post_pre,7009,471,472,"(1, 0)",FETCH,FETCH,1,onion_1,onion_1,1,1,FETCH,FETCH,FETCH,onion_1,onion_1,onion_1,0,0,serve
post_pre,7009,473,474,"(0, 1)",PLACE,PLACE,1,pot_0,pot_0,1,1,PLACE,PLACE,PLACE,pot_0,pot_0,pot_0,0,0,serve
post_pre,7009,486,487,"(-1, 0)",FETCH,GET_DISH,0,onion_0,onion_0,1,0,GET_DISH,FETCH,GET_DISH,onion_0,onion_0,onion_0,1,0,cook
post_pre,7009,488,489,"(0, 1)",PLACE,PLACE,1,pot_0,pot_0,1,1,PLACE,PLACE,PLACE,pot_0,pot_0,pot_0,0,0,serve
post_pre,7009,492,493,"(-1, 0)",FETCH,FETCH,1,onion_0,onion_0,1,1,FETCH,FETCH,FETCH,onion_0,onion_0,onion_0,0,0,serve
post_pre,7009,494,495,"(0, 1)",PLACE,PLACE,1,pot_0,pot_0,1,1,PLACE,PLACE,PLACE,pot_0,pot_0,pot_0,0,0,serve
post_pre,7009,498,499,interact,COOK_START,COOK_START,1,pot_0,pot_0,1,1,COOK_START,COOK_START,COOK_START,pot_0,pot_0,pot_0,0,0,serve
post_pre,7009,499,500,"(-1, 0)",FETCH,GET_DISH,0,onion_0,dish_0,0,0,GET_DISH,GET_DISH,GET_DISH,dish_0,dish_0,dish_0,0,0,cook
post_pre,7009,501,502,"(0, 1)",PLACE,PLACE,1,pot_1,pot_1,1,1,PLACE,PLACE,PLACE,pot_1,pot_1,pot_1,0,0,serve
post_pre,7009,507,508,"(1, 0)",FETCH,FETCH,1,onion_1,onion_1,1,1,FETCH,FETCH,FETCH,onion_1,onion_1,onion_1,0,0,serve
post_pre,7009,509,510,"(0, 1)",PLACE,PLACE,1,pot_1,pot_1,1,1,PLACE,PLACE,PLACE,pot_1,pot_1,pot_1,0,0,serve
post_pre,7009,513,514,"(1, 0)",FETCH,FETCH,1,onion_1,onion_1,1,1,FETCH,FETCH,FETCH,onion_1,onion_1,onion_1,0,0,serve
post_pre,7009,515,516,"(0, 1)",PLACE,PLACE,1,pot_1,pot_1,1,1,PLACE,PLACE,PLACE,pot_1,pot_1,pot_1,0,0,serve
post_pre,7009,519,520,interact,COOK_START,COOK_START,1,pot_1,pot_1,1,1,COOK_START,COOK_START,COOK_START,pot_1,pot_1,pot_1,0,0,serve
post_pre,7009,520,521,"(0, 0)",GET_DISH,GET_DISH,1,dish_0,dish_0,1,1,GET_DISH,GET_DISH,GET_DISH,dish_0,dish_0,dish_0,0,0,cook
post_pre,7009,526,527,"(1, 0)",PRE,PRE,1,pot_1,pot_0,0,0,PRE,PRE,PRE,pot_0,dish_0,pot_0,0,1,dynamic
post_pre,7009,539,540,"(1, 0)",PICKUP,PICKUP,1,pot_1,pot_1,1,1,PICKUP,PICKUP,PICKUP,pot_1,pot_1,pot_1,0,0,cook
post_pre,7009,542,543,"(0, 1)",DELIVER,DELIVER,1,serve_0,serve_0,1,1,DELIVER,DELIVER,DELIVER,serve_0,serve_0,serve_0,0,0,cook
post_pre,7009,544,545,"(0, -1)",FETCH,FETCH,1,onion_1,onion_1,1,1,FETCH,FETCH,FETCH,onion_1,onion_1,onion_1,0,0,serve
post_pre,7009,547,548,"(0, 1)",PLACE,PLACE,1,pot_1,pot_0,0,0,PLACE,PLACE,PLACE,pot_0,pot_0,pot_0,0,0,serve
post_pre,7009,558,559,"(1, 0)",FETCH,FETCH,1,onion_1,onion_1,1,1,FETCH,FETCH,FETCH,onion_1,onion_1,onion_1,0,0,serve
post_pre,7009,560,561,"(-1, 0)",PLACE,PLACE,1,pot_1,pot_1,1,1,PLACE,PLACE,PLACE,pot_1,pot_1,pot_1,0,0,serve
post_pre,7009,564,565,"(1, 0)",FETCH,FETCH,1,onion_1,onion_1,1,1,FETCH,FETCH,FETCH,onion_1,onion_1,onion_1,0,0,serve
post_pre,7009,566,567,"(-1, 0)",PLACE,PLACE,1,pot_1,pot_1,1,1,PLACE,PLACE,PLACE,pot_1,pot_1,pot_1,0,0,serve
post_pre,7009,570,571,interact,COOK_START,COOK_START,1,pot_1,pot_1,1,1,COOK_START,COOK_START,COOK_START,pot_1,pot_1,pot_1,0,0,serve
post_pre,7009,571,572,"(1, 0)",FETCH,FETCH,1,onion_1,onion_1,1,1,FETCH,FETCH,FETCH,onion_1,onion_1,onion_1,0,0,serve
post_pre,7009,573,574,"(0, 1)",PLACE,PLACE,1,pot_0,pot_0,1,1,PLACE,PLACE,PLACE,pot_0,pot_0,pot_0,0,0,serve
post_pre,7009,586,587,"(-1, 0)",FETCH,GET_DISH,0,onion_0,dish_0,0,0,GET_DISH,GET_DISH,GET_DISH,dish_0,dish_0,dish_0,0,0,cook
post_pre,7009,588,589,"(0, 1)",PLACE,PLACE,1,pot_0,pot_0,1,1,PLACE,PLACE,PLACE,pot_0,pot_0,pot_0,0,0,serve
post_pre,7009,592,593,"(-1, 0)",FETCH,FETCH,1,onion_0,onion_0,1,1,FETCH,FETCH,FETCH,onion_0,onion_0,onion_0,0,0,serve
post_pre,7009,594,595,"(0, 1)",PLACE,PLACE,1,pot_0,pot_0,1,1,PLACE,PLACE,PLACE,pot_0,pot_0,pot_0,0,0,serve
post_pre,7009,598,599,interact,COOK_START,COOK_START,1,pot_0,pot_0,1,1,COOK_START,COOK_START,COOK_START,pot_0,pot_0,pot_0,0,0,serve
post_pre,7009,599,600,"(-1, 0)",FETCH,GET_DISH,0,onion_0,dish_0,0,0,GET_DISH,GET_DISH,GET_DISH,dish_0,dish_0,dish_0,0,0,cook
post_pre,7009,601,602,"(0, 1)",PLACE,PLACE,1,pot_1,pot_1,1,1,PLACE,PLACE,PLACE,pot_1,pot_1,pot_1,0,0,serve
post_pre,7009,607,608,"(1, 0)",FETCH,FETCH,1,onion_1,onion_1,1,1,FETCH,FETCH,FETCH,onion_1,onion_1,onion_1,0,0,serve
post_pre,7009,609,610,"(0, 1)",PLACE,PLACE,1,pot_1,pot_1,1,1,PLACE,PLACE,PLACE,pot_1,pot_1,pot_1,0,0,serve
post_pre,7009,613,614,"(1, 0)",FETCH,FETCH,1,onion_1,onion_1,1,1,FETCH,FETCH,FETCH,onion_1,onion_1,onion_1,0,0,serve
post_pre,7009,615,616,"(0, 1)",PLACE,PLACE,1,pot_1,pot_1,1,1,PLACE,PLACE,PLACE,pot_1,pot_1,pot_1,0,0,serve
post_pre,7009,619,620,interact,COOK_START,COOK_START,1,pot_1,pot_1,1,1,COOK_START,COOK_START,COOK_START,pot_1,pot_1,pot_1,0,0,serve
post_pre,7009,620,621,"(0, 0)",GET_DISH,GET_DISH,1,dish_0,dish_0,1,1,GET_DISH,GET_DISH,GET_DISH,dish_0,dish_0,dish_0,0,0,cook
post_pre,7009,626,627,"(1, 0)",PRE,PRE,1,pot_1,pot_0,0,0,PRE,PRE,PRE,pot_0,dish_0,dish_0,0,1,dynamic
post_pre,7009,639,640,"(1, 0)",PICKUP,PICKUP,1,pot_1,pot_1,1,1,PICKUP,PICKUP,PICKUP,pot_1,pot_1,pot_1,0,0,cook
post_pre,7009,642,643,"(0, 1)",DELIVER,DELIVER,1,serve_0,serve_0,1,1,DELIVER,DELIVER,DELIVER,serve_0,serve_0,serve_0,0,0,cook
post_pre,7009,644,645,"(0, -1)",FETCH,FETCH,1,onion_1,onion_1,1,1,FETCH,FETCH,FETCH,onion_1,onion_1,onion_1,0,0,serve
post_pre,7009,647,648,"(0, 1)",PLACE,PLACE,1,pot_1,pot_0,0,0,PLACE,PLACE,PLACE,pot_0,pot_0,pot_0,0,0,serve
post_pre,7009,658,659,"(1, 0)",FETCH,FETCH,1,onion_1,onion_1,1,1,FETCH,FETCH,FETCH,onion_1,onion_1,onion_1,0,0,serve
post_pre,7009,660,661,"(-1, 0)",PLACE,PLACE,1,pot_1,pot_1,1,1,PLACE,PLACE,PLACE,pot_1,pot_1,pot_1,0,0,serve
post_pre,7009,664,665,"(1, 0)",FETCH,FETCH,1,onion_1,onion_1,1,1,FETCH,FETCH,FETCH,onion_1,onion_1,onion_1,0,0,serve
post_pre,7009,666,667,"(-1, 0)",PLACE,PLACE,1,pot_1,pot_1,1,1,PLACE,PLACE,PLACE,pot_1,pot_1,pot_1,0,0,serve
post_pre,7009,670,671,interact,COOK_START,COOK_START,1,pot_1,pot_1,1,1,COOK_START,COOK_START,COOK_START,pot_1,pot_1,pot_1,0,0,serve
post_pre,7009,671,672,"(1, 0)",FETCH,FETCH,1,onion_1,onion_1,1,1,FETCH,FETCH,FETCH,onion_1,onion_1,onion_1,0,0,serve
post_pre,7009,673,674,"(0, 1)",PLACE,PLACE,1,pot_0,pot_0,1,1,PLACE,PLACE,PLACE,pot_0,pot_0,pot_0,0,0,serve
post_pre,7009,686,687,"(-1, 0)",FETCH,GET_DISH,0,onion_0,dish_0,0,0,GET_DISH,GET_DISH,GET_DISH,dish_0,dish_0,dish_0,0,0,cook
post_pre,7009,688,689,"(0, 1)",PLACE,PLACE,1,pot_0,pot_0,1,1,PLACE,PLACE,PLACE,pot_0,pot_0,pot_0,0,0,serve
post_pre,7009,692,693,"(-1, 0)",FETCH,FETCH,1,onion_0,onion_0,1,1,FETCH,FETCH,FETCH,onion_0,onion_0,onion_0,0,0,serve
post_pre,7009,694,695,"(0, 1)",PLACE,PLACE,1,pot_0,pot_0,1,1,PLACE,PLACE,PLACE,pot_0,pot_0,pot_0,0,0,serve
post_pre,7009,698,699,interact,COOK_START,COOK_START,1,pot_0,pot_0,1,1,COOK_START,COOK_START,COOK_START,pot_0,pot_0,pot_0,0,0,serve
post_pre,7009,699,700,"(-1, 0)",FETCH,GET_DISH,0,onion_0,dish_0,0,0,GET_DISH,GET_DISH,GET_DISH,dish_0,dish_0,dish_0,0,0,cook
post_pre,7010,0,1,"(0, 0)",FETCH,COOK_START,0,onion_1,pot_1,0,0,COOK_START,COOK_START,COOK_START,pot_1,pot_1,pot_1,0,0,serve
post_pre,7010,3,4,"(-1, 0)",PLACE,PLACE,1,pot_1,pot_1,1,1,PLACE,PLACE,PLACE,pot_1,pot_1,pot_1,0,0,serve
post_pre,7010,7,8,"(1, 0)",FETCH,FETCH,1,onion_1,onion_1,1,1,FETCH,FETCH,FETCH,onion_1,onion_1,onion_1,0,0,serve
post_pre,7010,9,10,"(-1, 0)",PLACE,PLACE,1,pot_1,pot_1,1,1,PLACE,PLACE,PLACE,pot_1,pot_1,pot_1,0,0,serve
post_pre,7010,13,14,"(1, 0)",FETCH,FETCH,1,onion_1,onion_1,1,1,FETCH,FETCH,FETCH,onion_1,onion_1,onion_1,0,0,serve
post_pre,7010,15,16,"(-1, 0)",PLACE,PLACE,1,pot_1,pot_1,1,1,PLACE,PLACE,PLACE,pot_1,pot_1,pot_1,0,0,serve
post_pre,7010,19,20,interact,COOK_START,COOK_START,1,pot_1,pot_1,1,1,COOK_START,COOK_START,COOK_START,pot_1,pot_1,pot_1,0,0,serve
post_pre,7010,20,21,"(1, 0)",FETCH,FETCH,1,onion_1,onion_1,1,1,FETCH,FETCH,FETCH,onion_1,onion_1,onion_1,0,0,serve
post_pre,7010,22,23,"(0, 1)",PLACE,PLACE,1,pot_0,pot_0,1,1,PLACE,PLACE,PLACE,pot_0,pot_0,pot_0,0,0,serve
post_pre,7010,35,36,"(-1, 0)",FETCH,FETCH,1,onion_0,onion_0,1,1,FETCH,FETCH,FETCH,onion_0,onion_0,onion_0,0,0,serve
post_pre,7010,37,38,"(0, 1)",PLACE,PLACE,1,pot_0,pot_0,1,1,PLACE,PLACE,PLACE,pot_0,pot_0,pot_0,0,0,serve
post_pre,7010,41,42,"(-1, 0)",FETCH,FETCH,1,onion_0,onion_0,1,1,FETCH,FETCH,FETCH,onion_0,onion_0,onion_0,0,0,serve
post_pre,7010,43,44,"(0, 1)",PLACE,PLACE,1,pot_0,pot_0,1,1,PLACE,PLACE,PLACE,pot_0,pot_0,pot_0,0,0,serve
post_pre,7010,47,48,interact,COOK_START,COOK_START,1,pot_0,pot_0,1,1,COOK_START,COOK_START,COOK_START,pot_0,pot_0,pot_0,0,0,serve
post_pre,7010,48,49,"(-1, 0)",FETCH,FETCH,1,onion_0,onion_0,1,1,FETCH,FETCH,FETCH,onion_0,onion_0,onion_0,0,0,serve
post_pre,7010,50,51,"(0, 1)",PLACE,PLACE,1,pot_1,pot_1,1,1,PLACE,PLACE,PLACE,pot_1,pot_1,pot_1,0,0,serve
post_pre,7010,56,57,"(1, 0)",FETCH,FETCH,1,onion_1,onion_1,1,1,FETCH,FETCH,FETCH,onion_1,onion_1,onion_1,0,0,serve
post_pre,7010,58,59,"(0, 1)",PLACE,PLACE,1,pot_1,pot_1,1,1,PLACE,PLACE,PLACE,pot_1,pot_1,pot_1,0,0,serve
post_pre,7010,62,63,"(1, 0)",FETCH,FETCH,1,onion_1,onion_1,1,1,FETCH,FETCH,FETCH,onion_1,onion_1,onion_1,0,0,serve
post_pre,7010,64,65,"(0, 1)",PLACE,PLACE,1,pot_1,pot_1,1,1,PLACE,PLACE,PLACE,pot_1,pot_1,pot_1,0,0,serve
post_pre,7010,68,69,interact,COOK_START,COOK_START,1,pot_1,pot_1,1,1,COOK_START,COOK_START,COOK_START,pot_1,pot_1,pot_1,0,0,serve
post_pre,7010,69,70,"(0, 0)",GET_DISH,GET_DISH,1,dish_0,dish_0,1,1,GET_DISH,GET_DISH,GET_DISH,dish_0,dish_0,dish_0,0,0,cook
post_pre,7010,75,76,"(1, 0)",PRE,PRE,1,pot_1,none,0,0,PRE,PRE,PRE,none,pot_1,none,0,1,dynamic
post_pre,7010,88,89,"(1, 0)",PICKUP,PICKUP,1,pot_1,pot_1,1,1,PICKUP,PICKUP,PICKUP,pot_1,pot_1,pot_1,0,0,cook
post_pre,7010,91,92,"(0, 1)",DELIVER,DELIVER,1,serve_0,serve_0,1,1,DELIVER,DELIVER,DELIVER,serve_0,serve_0,serve_0,0,0,cook
post_pre,7010,93,94,"(0, -1)",FETCH,FETCH,1,onion_1,onion_1,1,1,FETCH,FETCH,FETCH,onion_1,onion_1,onion_1,0,0,serve
post_pre,7010,96,97,"(0, 1)",PLACE,PLACE,1,pot_1,pot_1,1,1,PLACE,PLACE,PLACE,pot_1,pot_1,pot_1,0,0,serve
post_pre,7010,107,108,"(1, 0)",FETCH,FETCH,1,onion_1,onion_1,1,1,FETCH,FETCH,FETCH,onion_1,onion_1,onion_1,0,0,serve
post_pre,7010,109,110,"(-1, 0)",PLACE,PLACE,1,pot_1,pot_1,1,1,PLACE,PLACE,PLACE,pot_1,pot_1,pot_1,0,0,serve
post_pre,7010,113,114,"(1, 0)",FETCH,FETCH,1,onion_1,onion_1,1,1,FETCH,FETCH,FETCH,onion_1,onion_1,onion_1,0,0,serve
post_pre,7010,115,116,"(-1, 0)",PLACE,PLACE,1,pot_1,pot_1,1,1,PLACE,PLACE,PLACE,pot_1,pot_1,pot_1,0,0,serve
post_pre,7010,119,120,interact,COOK_START,COOK_START,1,pot_1,pot_1,1,1,COOK_START,COOK_START,COOK_START,pot_1,pot_1,pot_1,0,0,serve
post_pre,7010,120,121,"(1, 0)",FETCH,FETCH,1,onion_1,onion_1,1,1,FETCH,FETCH,FETCH,onion_1,onion_1,onion_1,0,0,serve
post_pre,7010,122,123,"(0, 1)",PLACE,PLACE,1,pot_0,pot_0,1,1,PLACE,PLACE,PLACE,pot_0,pot_0,pot_0,0,0,serve
post_pre,7010,135,136,"(-1, 0)",FETCH,FETCH,1,onion_0,onion_0,1,1,FETCH,FETCH,FETCH,onion_0,onion_0,onion_0,0,0,serve
post_pre,7010,137,138,"(0, 1)",PLACE,PLACE,1,pot_0,pot_0,1,1,PLACE,PLACE,PLACE,pot_0,pot_0,pot_0,0,0,serve
post_pre,7010,141,142,"(-1, 0)",FETCH,FETCH,1,onion_0,onion_0,1,1,FETCH,FETCH,FETCH,onion_0,onion_0,onion_0,0,0,serve
post_pre,7010,143,144,"(0, 1)",PLACE,PLACE,1,pot_0,pot_0,1,1,PLACE,PLACE,PLACE,pot_0,pot_0,pot_0,0,0,serve
post_pre,7010,147,148,interact,COOK_START,COOK_START,1,pot_0,pot_0,1,1,COOK_START,COOK_START,COOK_START,pot_0,pot_0,pot_0,0,0,serve
post_pre,7010,148,149,"(-1, 0)",FETCH,FETCH,1,onion_0,onion_0,1,1,FETCH,FETCH,FETCH,onion_0,onion_0,onion_0,0,0,serve
post_pre,7010,150,151,"(0, 1)",PLACE,PLACE,1,pot_1,pot_1,1,1,PLACE,PLACE,PLACE,pot_1,pot_1,pot_1,0,0,serve
post_pre,7010,156,157,"(1, 0)",FETCH,FETCH,1,onion_1,onion_1,1,1,FETCH,FETCH,FETCH,onion_1,onion_1,onion_1,0,0,serve
post_pre,7010,158,159,"(0, 1)",PLACE,PLACE,1,pot_1,pot_1,1,1,PLACE,PLACE,PLACE,pot_1,pot_1,pot_1,0,0,serve
post_pre,7010,162,163,"(1, 0)",FETCH,FETCH,1,onion_1,onion_1,1,1,FETCH,FETCH,FETCH,onion_1,onion_1,onion_1,0,0,serve
post_pre,7010,164,165,"(0, 1)",PLACE,PLACE,1,pot_1,pot_1,1,1,PLACE,PLACE,PLACE,pot_1,pot_1,pot_1,0,0,serve
post_pre,7010,168,169,interact,COOK_START,COOK_START,1,pot_1,pot_1,1,1,COOK_START,COOK_START,COOK_START,pot_1,pot_1,pot_1,0,0,serve
post_pre,7010,169,170,"(0, 0)",GET_DISH,GET_DISH,1,dish_0,dish_0,1,1,GET_DISH,GET_DISH,GET_DISH,dish_0,dish_0,dish_0,0,0,cook
post_pre,7010,175,176,"(1, 0)",PRE,PRE,1,pot_1,none,0,0,PRE,PRE,PRE,none,pot_1,none,0,1,dynamic
post_pre,7010,188,189,"(1, 0)",PICKUP,PICKUP,1,pot_1,pot_1,1,1,PICKUP,PICKUP,PICKUP,pot_1,pot_1,pot_1,0,0,cook
post_pre,7010,191,192,"(0, 1)",DELIVER,DELIVER,1,serve_0,serve_0,1,1,DELIVER,DELIVER,DELIVER,serve_0,serve_0,serve_0,0,0,cook
post_pre,7010,193,194,"(0, -1)",FETCH,FETCH,1,onion_1,onion_1,1,1,FETCH,FETCH,FETCH,onion_1,onion_1,onion_1,0,0,serve
post_pre,7010,196,197,"(0, 1)",PLACE,PLACE,1,pot_1,pot_1,1,1,PLACE,PLACE,PLACE,pot_1,pot_1,pot_1,0,0,serve
post_pre,7010,200,201,"(1, 0)",FETCH,FETCH,1,onion_1,onion_1,1,1,FETCH,FETCH,FETCH,onion_1,onion_1,onion_1,0,0,serve
post_pre,7010,202,203,"(-1, 0)",PLACE,PLACE,1,pot_1,pot_1,1,1,PLACE,PLACE,PLACE,pot_1,pot_1,pot_1,0,0,serve
post_pre,7010,206,207,"(1, 0)",FETCH,FETCH,1,onion_1,onion_1,1,1,FETCH,FETCH,FETCH,onion_1,onion_1,onion_1,0,0,serve
post_pre,7010,208,209,"(-1, 0)",PLACE,PLACE,1,pot_1,pot_1,1,1,PLACE,PLACE,PLACE,pot_1,pot_1,pot_1,0,0,serve
post_pre,7010,212,213,interact,COOK_START,COOK_START,1,pot_1,pot_1,1,1,COOK_START,COOK_START,COOK_START,pot_1,pot_1,pot_1,0,0,serve
post_pre,7010,213,214,"(1, 0)",FETCH,FETCH,1,onion_1,onion_1,1,1,FETCH,FETCH,FETCH,onion_1,onion_1,onion_1,0,0,serve
post_pre,7010,215,216,"(0, 1)",PLACE,PLACE,1,pot_0,pot_0,1,1,PLACE,PLACE,PLACE,pot_0,pot_0,pot_0,0,0,serve
post_pre,7010,228,229,interact,COOK_START,COOK_START,1,pot_0,pot_0,1,1,COOK_START,COOK_START,COOK_START,pot_0,pot_0,pot_0,0,0,serve
post_pre,7010,229,230,"(1, 0)",HOLD,HOLD,1,none,none,1,1,HOLD,HOLD,HOLD,none,none,none,0,0,dynamic
post_pre,7010,235,236,"(-1, 0)",FETCH,GET_DISH,0,onion_0,dish_0,0,0,GET_DISH,GET_DISH,GET_DISH,dish_0,dish_0,dish_0,0,0,cook
post_pre,7010,238,239,"(0, 1)",PLACE,PLACE,1,pot_1,pot_0,0,0,PLACE,PLACE,PLACE,pot_0,pot_0,pot_0,0,0,serve
post_pre,7010,247,248,"(1, 0)",FETCH,FETCH,1,onion_1,onion_1,1,1,FETCH,FETCH,FETCH,onion_1,onion_1,onion_1,0,0,serve
post_pre,7010,249,250,"(0, 1)",PLACE,PLACE,1,pot_1,pot_1,1,1,PLACE,PLACE,PLACE,pot_1,pot_1,pot_1,0,0,serve
post_pre,7010,253,254,"(1, 0)",FETCH,FETCH,1,onion_1,onion_1,1,1,FETCH,FETCH,FETCH,onion_1,onion_1,onion_1,0,0,serve
post_pre,7010,255,256,"(0, 1)",PLACE,PLACE,1,pot_1,pot_1,1,1,PLACE,PLACE,PLACE,pot_1,pot_1,pot_1,0,0,serve
post_pre,7010,261,262,interact,COOK_START,COOK_START,1,pot_1,pot_1,1,1,COOK_START,COOK_START,COOK_START,pot_1,pot_1,pot_1,0,0,serve
post_pre,7010,262,263,"(1, 0)",FETCH,FETCH,1,onion_1,onion_1,1,1,FETCH,FETCH,FETCH,onion_1,onion_1,onion_1,0,0,serve
post_pre,7010,264,265,"(0, 1)",PLACE,PLACE,1,pot_0,pot_0,1,1,PLACE,PLACE,PLACE,pot_0,pot_0,pot_0,0,0,serve
post_pre,7010,274,275,"(-1, 0)",FETCH,FETCH,1,onion_0,onion_0,1,1,FETCH,FETCH,FETCH,onion_0,onion_0,onion_0,0,0,serve
post_pre,7010,276,277,"(0, 1)",PLACE,PLACE,1,pot_0,pot_0,1,1,PLACE,PLACE,PLACE,pot_0,pot_0,pot_0,0,0,serve
post_pre,7010,280,281,"(-1, 0)",FETCH,FETCH,1,onion_0,onion_0,1,1,FETCH,FETCH,FETCH,onion_0,onion_0,onion_0,0,0,serve
post_pre,7010,282,283,"(0, 1)",PLACE,PLACE,1,pot_0,pot_0,1,1,PLACE,PLACE,PLACE,pot_0,pot_0,pot_0,0,0,serve
post_pre,7010,286,287,interact,COOK_START,COOK_START,1,pot_0,pot_0,1,1,COOK_START,COOK_START,COOK_START,pot_0,pot_0,pot_0,0,0,serve
post_pre,7010,287,288,"(-1, 0)",FETCH,FETCH,1,onion_0,onion_0,1,1,FETCH,FETCH,FETCH,onion_0,onion_0,onion_0,0,0,serve
post_pre,7010,289,290,"(0, 1)",PLACE,PLACE,1,pot_1,pot_1,1,1,PLACE,PLACE,PLACE,pot_1,pot_1,pot_1,0,0,serve
post_pre,7010,295,296,"(1, 0)",FETCH,FETCH,1,onion_1,onion_1,1,1,FETCH,FETCH,FETCH,onion_1,onion_1,onion_1,0,0,serve
post_pre,7010,297,298,"(0, 1)",PLACE,PLACE,1,pot_1,pot_1,1,1,PLACE,PLACE,PLACE,pot_1,pot_1,pot_1,0,0,serve
post_pre,7010,301,302,"(1, 0)",FETCH,FETCH,1,onion_1,onion_1,1,1,FETCH,FETCH,FETCH,onion_1,onion_1,onion_1,0,0,serve
post_pre,7010,303,304,"(0, 1)",PLACE,PLACE,1,pot_1,pot_1,1,1,PLACE,PLACE,PLACE,pot_1,pot_1,pot_1,0,0,serve
post_pre,7010,307,308,interact,COOK_START,COOK_START,1,pot_1,pot_1,1,1,COOK_START,COOK_START,COOK_START,pot_1,pot_1,pot_1,0,0,serve
post_pre,7010,308,309,"(0, 0)",GET_DISH,GET_DISH,1,dish_0,dish_0,1,1,GET_DISH,GET_DISH,GET_DISH,dish_0,dish_0,dish_0,0,0,cook
post_pre,7010,314,315,"(1, 0)",PRE,PRE,1,pot_1,none,0,0,PRE,PRE,PRE,none,onion_1,none,0,1,dynamic
post_pre,7010,327,328,"(1, 0)",PICKUP,PICKUP,1,pot_1,pot_1,1,1,PICKUP,PICKUP,PICKUP,pot_1,pot_1,pot_1,0,0,cook
post_pre,7010,330,331,"(0, 1)",DELIVER,DELIVER,1,serve_0,serve_0,1,1,DELIVER,DELIVER,DELIVER,serve_0,serve_0,serve_0,0,0,cook
post_pre,7010,332,333,"(0, -1)",FETCH,FETCH,1,onion_1,onion_1,1,1,FETCH,FETCH,FETCH,onion_1,onion_1,onion_1,0,0,serve
post_pre,7010,335,336,"(0, 1)",PLACE,PLACE,1,pot_1,pot_1,1,1,PLACE,PLACE,PLACE,pot_1,pot_0,pot_0,0,1,serve
post_pre,7010,346,347,"(1, 0)",FETCH,FETCH,1,onion_1,onion_1,1,1,FETCH,FETCH,FETCH,onion_1,onion_1,onion_1,0,0,serve
post_pre,7010,348,349,"(-1, 0)",PLACE,PLACE,1,pot_1,pot_1,1,1,PLACE,PLACE,PLACE,pot_1,pot_1,pot_1,0,0,serve
post_pre,7010,352,353,"(1, 0)",FETCH,FETCH,1,onion_1,onion_1,1,1,FETCH,FETCH,FETCH,onion_1,onion_1,onion_1,0,0,serve
post_pre,7010,354,355,"(-1, 0)",PLACE,PLACE,1,pot_1,pot_1,1,1,PLACE,PLACE,PLACE,pot_1,pot_1,pot_1,0,0,serve
post_pre,7010,358,359,interact,COOK_START,COOK_START,1,pot_1,pot_1,1,1,COOK_START,COOK_START,COOK_START,pot_1,pot_1,pot_1,0,0,serve
post_pre,7010,359,360,"(1, 0)",FETCH,FETCH,1,onion_1,onion_1,1,1,FETCH,FETCH,FETCH,onion_1,onion_1,onion_1,0,0,serve
post_pre,7010,361,362,"(0, 1)",PLACE,PLACE,1,pot_0,pot_0,1,1,PLACE,PLACE,PLACE,pot_0,pot_0,pot_0,0,0,serve
post_pre,7010,374,375,"(-1, 0)",FETCH,FETCH,1,onion_0,onion_0,1,1,FETCH,FETCH,FETCH,onion_0,onion_0,onion_0,0,0,serve
post_pre,7010,376,377,"(0, 1)",PLACE,PLACE,1,pot_0,pot_0,1,1,PLACE,PLACE,PLACE,pot_0,pot_0,pot_0,0,0,serve
post_pre,7010,380,381,"(-1, 0)",FETCH,FETCH,1,onion_0,onion_0,1,1,FETCH,FETCH,FETCH,onion_0,onion_0,onion_0,0,0,serve
post_pre,7010,382,383,"(0, 1)",PLACE,PLACE,1,pot_0,pot_0,1,1,PLACE,PLACE,PLACE,pot_0,pot_0,pot_0,0,0,serve
post_pre,7010,386,387,interact,COOK_START,COOK_START,1,pot_0,pot_0,1,1,COOK_START,COOK_START,COOK_START,pot_0,pot_0,pot_0,0,0,serve
post_pre,7010,387,388,"(-1, 0)",FETCH,GET_DISH,0,onion_0,onion_0,1,0,GET_DISH,FETCH,FETCH,onion_0,onion_0,onion_0,1,0,cook
post_pre,7010,389,390,"(0, 1)",PLACE,PLACE,1,pot_1,pot_1,1,1,PLACE,PLACE,PLACE,pot_1,pot_1,pot_1,0,0,serve
post_pre,7010,395,396,"(1, 0)",FETCH,FETCH,1,onion_1,onion_1,1,1,FETCH,FETCH,FETCH,onion_1,onion_1,onion_1,0,0,serve
post_pre,7010,397,398,"(0, 1)",PLACE,PLACE,1,pot_1,pot_1,1,1,PLACE,PLACE,PLACE,pot_1,pot_1,pot_1,0,0,serve
post_pre,7010,401,402,"(1, 0)",FETCH,FETCH,1,onion_1,onion_1,1,1,FETCH,FETCH,FETCH,onion_1,onion_1,onion_1,0,0,serve
post_pre,7010,403,404,"(0, 1)",PLACE,PLACE,1,pot_1,pot_1,1,1,PLACE,PLACE,PLACE,pot_1,pot_1,pot_1,0,0,serve
post_pre,7010,407,408,interact,COOK_START,COOK_START,1,pot_1,pot_1,1,1,COOK_START,COOK_START,COOK_START,pot_1,pot_1,pot_1,0,0,serve
post_pre,7010,408,409,"(0, 0)",GET_DISH,GET_DISH,1,dish_0,dish_0,1,1,GET_DISH,GET_DISH,GET_DISH,dish_0,dish_0,dish_0,0,0,cook
post_pre,7010,414,415,"(1, 0)",PRE,PRE,1,pot_1,pot_0,0,0,PRE,PRE,PRE,pot_0,pot_0,pot_0,0,0,dynamic
post_pre,7010,427,428,"(1, 0)",PICKUP,PICKUP,1,pot_1,pot_1,1,1,PICKUP,PICKUP,PICKUP,pot_1,pot_1,pot_1,0,0,cook
post_pre,7010,430,431,"(0, 1)",DELIVER,DELIVER,1,serve_0,serve_0,1,1,DELIVER,DELIVER,DELIVER,serve_0,serve_0,serve_0,0,0,cook
post_pre,7010,432,433,"(0, -1)",FETCH,FETCH,1,onion_1,onion_1,1,1,FETCH,FETCH,FETCH,onion_1,onion_1,onion_1,0,0,serve
post_pre,7010,435,436,"(0, 1)",PLACE,PLACE,1,pot_1,pot_0,0,0,PLACE,PLACE,PLACE,pot_0,pot_0,pot_0,0,0,serve
post_pre,7010,446,447,"(1, 0)",FETCH,FETCH,1,onion_1,onion_1,1,1,FETCH,FETCH,FETCH,onion_1,onion_1,onion_1,0,0,serve
post_pre,7010,448,449,"(-1, 0)",PLACE,PLACE,1,pot_1,pot_1,1,1,PLACE,PLACE,PLACE,pot_1,pot_1,pot_1,0,0,serve
post_pre,7010,452,453,"(1, 0)",FETCH,FETCH,1,onion_1,onion_1,1,1,FETCH,FETCH,FETCH,onion_1,onion_1,onion_1,0,0,serve
post_pre,7010,454,455,"(-1, 0)",PLACE,PLACE,1,pot_1,pot_1,1,1,PLACE,PLACE,PLACE,pot_1,pot_1,pot_1,0,0,serve
post_pre,7010,458,459,interact,COOK_START,COOK_START,1,pot_1,pot_1,1,1,COOK_START,COOK_START,COOK_START,pot_1,pot_1,pot_1,0,0,serve
post_pre,7010,459,460,"(1, 0)",FETCH,FETCH,1,onion_1,onion_1,1,1,FETCH,FETCH,FETCH,onion_1,onion_1,onion_1,0,0,serve
post_pre,7010,461,462,"(0, 1)",PLACE,PLACE,1,pot_0,pot_0,1,1,PLACE,PLACE,PLACE,pot_0,pot_0,pot_0,0,0,serve
post_pre,7010,474,475,"(-1, 0)",FETCH,FETCH,1,onion_0,onion_0,1,1,FETCH,FETCH,FETCH,onion_0,onion_0,onion_0,0,0,serve
post_pre,7010,476,477,"(0, 1)",PLACE,PLACE,1,pot_0,pot_0,1,1,PLACE,PLACE,PLACE,pot_0,pot_0,pot_0,0,0,serve
post_pre,7010,480,481,"(-1, 0)",FETCH,FETCH,1,onion_0,onion_0,1,1,FETCH,FETCH,FETCH,onion_0,onion_0,onion_0,0,0,serve
post_pre,7010,482,483,"(0, 1)",PLACE,PLACE,1,pot_0,pot_0,1,1,PLACE,PLACE,PLACE,pot_0,pot_0,pot_0,0,0,serve
post_pre,7010,486,487,interact,COOK_START,COOK_START,1,pot_0,pot_0,1,1,COOK_START,COOK_START,COOK_START,pot_0,pot_0,pot_0,0,0,serve
post_pre,7010,487,488,"(-1, 0)",FETCH,GET_DISH,0,onion_0,dish_0,0,0,GET_DISH,GET_DISH,GET_DISH,dish_0,dish_0,dish_0,0,0,cook
post_pre,7010,489,490,"(0, 1)",PLACE,PLACE,1,pot_1,pot_1,1,1,PLACE,PLACE,PLACE,pot_1,pot_1,pot_1,0,0,serve
post_pre,7010,495,496,"(1, 0)",FETCH,FETCH,1,onion_1,onion_1,1,1,FETCH,FETCH,FETCH,onion_1,onion_1,onion_1,0,0,serve
post_pre,7010,497,498,"(0, 1)",PLACE,PLACE,1,pot_1,pot_1,1,1,PLACE,PLACE,PLACE,pot_1,pot_1,pot_1,0,0,serve
post_pre,7010,501,502,"(1, 0)",FETCH,FETCH,1,onion_1,onion_1,1,1,FETCH,FETCH,FETCH,onion_1,onion_1,onion_1,0,0,serve
post_pre,7010,503,504,"(0, 1)",PLACE,PLACE,1,pot_1,pot_1,1,1,PLACE,PLACE,PLACE,pot_1,pot_1,pot_1,0,0,serve
post_pre,7010,507,508,interact,COOK_START,COOK_START,1,pot_1,pot_1,1,1,COOK_START,COOK_START,COOK_START,pot_1,pot_1,pot_1,0,0,serve
post_pre,7010,508,509,"(0, 0)",GET_DISH,GET_DISH,1,dish_0,dish_0,1,1,GET_DISH,GET_DISH,GET_DISH,dish_0,dish_0,dish_0,0,0,cook
post_pre,7010,514,515,"(1, 0)",PRE,PRE,1,pot_1,pot_0,0,0,PRE,PRE,PRE,pot_0,dish_0,pot_0,0,1,dynamic
post_pre,7010,527,528,"(1, 0)",PICKUP,PICKUP,1,pot_1,pot_1,1,1,PICKUP,PICKUP,PICKUP,pot_1,pot_1,pot_1,0,0,cook
post_pre,7010,530,531,"(0, 1)",DELIVER,DELIVER,1,serve_0,serve_0,1,1,DELIVER,DELIVER,DELIVER,serve_0,serve_0,serve_0,0,0,cook
post_pre,7010,532,533,"(0, -1)",FETCH,FETCH,1,onion_1,onion_1,1,1,FETCH,FETCH,FETCH,onion_1,onion_1,onion_1,0,0,serve
post_pre,7010,535,536,"(0, 1)",PLACE,PLACE,1,pot_1,pot_0,0,0,PLACE,PLACE,PLACE,pot_0,pot_0,pot_0,0,0,serve
post_pre,7010,546,547,"(1, 0)",FETCH,FETCH,1,onion_1,onion_1,1,1,FETCH,FETCH,FETCH,onion_1,onion_1,onion_1,0,0,serve
post_pre,7010,548,549,"(-1, 0)",PLACE,PLACE,1,pot_1,pot_1,1,1,PLACE,PLACE,PLACE,pot_1,pot_1,pot_1,0,0,serve
post_pre,7010,552,553,"(1, 0)",FETCH,FETCH,1,onion_1,onion_1,1,1,FETCH,FETCH,FETCH,onion_1,onion_1,onion_1,0,0,serve
post_pre,7010,554,555,"(-1, 0)",PLACE,PLACE,1,pot_1,pot_1,1,1,PLACE,PLACE,PLACE,pot_1,pot_1,pot_1,0,0,serve
post_pre,7010,558,559,interact,COOK_START,COOK_START,1,pot_1,pot_1,1,1,COOK_START,COOK_START,COOK_START,pot_1,pot_1,pot_1,0,0,serve
post_pre,7010,559,560,"(1, 0)",FETCH,FETCH,1,onion_1,onion_1,1,1,FETCH,FETCH,FETCH,onion_1,onion_1,onion_1,0,0,serve
post_pre,7010,561,562,"(0, 1)",PLACE,PLACE,1,pot_0,pot_0,1,1,PLACE,PLACE,PLACE,pot_0,pot_0,pot_0,0,0,serve
post_pre,7010,574,575,"(-1, 0)",FETCH,GET_DISH,0,onion_0,dish_0,0,0,GET_DISH,GET_DISH,GET_DISH,dish_0,dish_0,dish_0,0,0,cook
post_pre,7010,576,577,"(0, 1)",PLACE,PLACE,1,pot_0,pot_0,1,1,PLACE,PLACE,PLACE,pot_0,pot_0,pot_0,0,0,serve
post_pre,7010,580,581,"(-1, 0)",FETCH,FETCH,1,onion_0,onion_0,1,1,FETCH,FETCH,FETCH,onion_0,onion_0,onion_0,0,0,serve
post_pre,7010,582,583,"(0, 1)",PLACE,PLACE,1,pot_0,pot_0,1,1,PLACE,PLACE,PLACE,pot_0,pot_0,pot_0,0,0,serve
post_pre,7010,586,587,interact,COOK_START,COOK_START,1,pot_0,pot_0,1,1,COOK_START,COOK_START,COOK_START,pot_0,pot_0,pot_0,0,0,serve
post_pre,7010,587,588,"(-1, 0)",FETCH,GET_DISH,0,onion_0,dish_0,0,0,GET_DISH,GET_DISH,GET_DISH,dish_0,dish_0,dish_0,0,0,cook
post_pre,7010,589,590,"(0, 1)",PLACE,PLACE,1,pot_1,pot_1,1,1,PLACE,PLACE,PLACE,pot_1,pot_1,pot_1,0,0,serve
post_pre,7010,595,596,"(1, 0)",FETCH,FETCH,1,onion_1,onion_1,1,1,FETCH,FETCH,FETCH,onion_1,onion_1,onion_1,0,0,serve
post_pre,7010,597,598,"(0, 1)",PLACE,PLACE,1,pot_1,pot_1,1,1,PLACE,PLACE,PLACE,pot_1,pot_1,pot_1,0,0,serve
post_pre,7010,601,602,"(1, 0)",FETCH,FETCH,1,onion_1,onion_1,1,1,FETCH,FETCH,FETCH,onion_1,onion_1,onion_1,0,0,serve
post_pre,7010,603,604,"(0, 1)",PLACE,PLACE,1,pot_1,pot_1,1,1,PLACE,PLACE,PLACE,pot_1,pot_1,pot_1,0,0,serve
post_pre,7010,607,608,interact,COOK_START,COOK_START,1,pot_1,pot_1,1,1,COOK_START,COOK_START,COOK_START,pot_1,pot_1,pot_1,0,0,serve
post_pre,7010,608,609,"(0, 0)",GET_DISH,GET_DISH,1,dish_0,dish_0,1,1,GET_DISH,GET_DISH,GET_DISH,dish_0,dish_0,dish_0,0,0,cook
post_pre,7010,614,615,"(1, 0)",PRE,PRE,1,pot_1,pot_0,0,0,PRE,PRE,PRE,pot_0,dish_0,dish_0,0,1,dynamic
post_pre,7010,627,628,"(1, 0)",PICKUP,PICKUP,1,pot_1,pot_1,1,1,PICKUP,PICKUP,PICKUP,pot_1,pot_1,pot_1,0,0,cook
post_pre,7010,630,631,"(0, 1)",DELIVER,DELIVER,1,serve_0,serve_0,1,1,DELIVER,DELIVER,DELIVER,serve_0,serve_0,serve_0,0,0,cook
post_pre,7010,632,633,"(0, -1)",FETCH,FETCH,1,onion_1,onion_1,1,1,FETCH,FETCH,FETCH,onion_1,onion_1,onion_1,0,0,serve
post_pre,7010,635,636,"(0, 1)",PLACE,PLACE,1,pot_1,pot_0,0,0,PLACE,PLACE,PLACE,pot_0,pot_0,pot_0,0,0,serve
post_pre,7010,646,647,"(1, 0)",FETCH,FETCH,1,onion_1,onion_1,1,1,FETCH,FETCH,FETCH,onion_1,onion_1,onion_1,0,0,serve
post_pre,7010,648,649,"(-1, 0)",PLACE,PLACE,1,pot_1,pot_1,1,1,PLACE,PLACE,PLACE,pot_1,pot_1,pot_1,0,0,serve
post_pre,7010,652,653,"(1, 0)",FETCH,FETCH,1,onion_1,onion_1,1,1,FETCH,FETCH,FETCH,onion_1,onion_1,onion_1,0,0,serve
post_pre,7010,654,655,"(-1, 0)",PLACE,PLACE,1,pot_1,pot_1,1,1,PLACE,PLACE,PLACE,pot_1,pot_1,pot_1,0,0,serve
post_pre,7010,658,659,interact,COOK_START,COOK_START,1,pot_1,pot_1,1,1,COOK_START,COOK_START,COOK_START,pot_1,pot_1,pot_1,0,0,serve
post_pre,7010,659,660,"(1, 0)",FETCH,FETCH,1,onion_1,onion_1,1,1,FETCH,FETCH,FETCH,onion_1,onion_1,onion_1,0,0,serve
post_pre,7010,661,662,"(0, 1)",PLACE,PLACE,1,pot_0,pot_0,1,1,PLACE,PLACE,PLACE,pot_0,pot_0,pot_0,0,0,serve
post_pre,7010,674,675,"(-1, 0)",FETCH,GET_DISH,0,onion_0,dish_0,0,0,GET_DISH,GET_DISH,GET_DISH,dish_0,dish_0,dish_0,0,0,cook
post_pre,7010,676,677,"(0, 1)",PLACE,PLACE,1,pot_0,pot_0,1,1,PLACE,PLACE,PLACE,pot_0,pot_0,pot_0,0,0,serve
post_pre,7010,680,681,"(-1, 0)",FETCH,FETCH,1,onion_0,onion_0,1,1,FETCH,FETCH,FETCH,onion_0,onion_0,onion_0,0,0,serve
post_pre,7010,682,683,"(0, 1)",PLACE,PLACE,1,pot_0,pot_0,1,1,PLACE,PLACE,PLACE,pot_0,pot_0,pot_0,0,0,serve
post_pre,7010,686,687,interact,COOK_START,COOK_START,1,pot_0,pot_0,1,1,COOK_START,COOK_START,COOK_START,pot_0,pot_0,pot_0,0,0,serve
post_pre,7010,687,688,"(-1, 0)",FETCH,GET_DISH,0,onion_0,dish_0,0,0,GET_DISH,GET_DISH,GET_DISH,dish_0,dish_0,dish_0,0,0,cook
post_pre,7010,689,690,"(0, 1)",PLACE,PLACE,1,pot_1,pot_1,1,1,PLACE,PLACE,PLACE,pot_1,pot_1,pot_1,0,0,serve
post_pre,7010,695,696,"(1, 0)",FETCH,FETCH,1,onion_1,onion_1,1,1,FETCH,FETCH,FETCH,onion_1,onion_1,onion_1,0,0,serve
post_pre,7010,697,698,"(0, 1)",PLACE,PLACE,1,pot_1,pot_1,1,1,PLACE,PLACE,PLACE,pot_1,pot_1,pot_1,0,0,serve
post_pre,7011,0,1,"(0, -1)",FETCH,FETCH,1,onion_0,onion_0,1,1,FETCH,FETCH,FETCH,onion_0,onion_0,onion_0,0,0,serve
post_pre,7011,5,6,"(0, 1)",PLACE,PLACE,1,pot_0,pot_0,1,1,PLACE,PLACE,PLACE,pot_0,pot_0,pot_0,0,0,serve
post_pre,7011,9,10,"(-1, 0)",FETCH,FETCH,1,onion_0,onion_0,1,1,FETCH,FETCH,FETCH,onion_0,onion_0,onion_0,0,0,serve
post_pre,7011,11,12,"(0, 1)",PLACE,PLACE,1,pot_0,pot_0,1,1,PLACE,PLACE,PLACE,pot_0,pot_0,pot_0,0,0,serve
post_pre,7011,15,16,"(-1, 0)",FETCH,FETCH,1,onion_0,onion_0,1,1,FETCH,FETCH,FETCH,onion_0,onion_0,onion_0,0,0,serve
post_pre,7011,17,18,"(0, 1)",PLACE,PLACE,1,pot_0,pot_0,1,1,PLACE,PLACE,PLACE,pot_0,pot_0,pot_0,0,0,serve
post_pre,7011,21,22,interact,COOK_START,COOK_START,1,pot_0,pot_0,1,1,COOK_START,COOK_START,COOK_START,pot_0,pot_0,pot_0,0,0,serve
post_pre,7011,22,23,"(-1, 0)",FETCH,FETCH,1,onion_0,onion_0,1,1,FETCH,FETCH,FETCH,onion_0,onion_0,onion_0,0,0,serve
post_pre,7011,24,25,"(0, 1)",PLACE,PLACE,1,pot_1,pot_1,1,1,PLACE,PLACE,PLACE,pot_1,pot_1,pot_1,0,0,serve
post_pre,7011,30,31,"(1, 0)",FETCH,FETCH,1,onion_1,onion_1,1,1,FETCH,FETCH,FETCH,onion_1,onion_1,onion_1,0,0,serve
post_pre,7011,32,33,"(0, 1)",PLACE,PLACE,1,pot_1,pot_1,1,1,PLACE,PLACE,PLACE,pot_1,pot_1,pot_1,0,0,serve
post_pre,7011,36,37,"(1, 0)",FETCH,FETCH,1,onion_1,onion_1,1,1,FETCH,FETCH,FETCH,onion_1,onion_1,onion_1,0,0,serve
post_pre,7011,38,39,"(0, 1)",PLACE,PLACE,1,pot_1,pot_1,1,1,PLACE,PLACE,PLACE,pot_1,pot_1,pot_1,0,0,serve
post_pre,7011,42,43,interact,COOK_START,COOK_START,1,pot_1,pot_1,1,1,COOK_START,COOK_START,COOK_START,pot_1,pot_1,pot_1,0,0,serve
post_pre,7011,43,44,"(0, 0)",GET_DISH,GET_DISH,1,dish_0,dish_0,1,1,GET_DISH,GET_DISH,GET_DISH,dish_0,dish_0,dish_0,0,0,cook
post_pre,7011,49,50,"(1, 0)",PRE,PRE,1,pot_1,none,0,0,PRE,PRE,PRE,none,pot_1,none,0,1,dynamic
post_pre,7011,62,63,"(1, 0)",PICKUP,PICKUP,1,pot_1,pot_1,1,1,PICKUP,PICKUP,PICKUP,pot_1,pot_1,pot_1,0,0,cook
post_pre,7011,65,66,"(0, 1)",DELIVER,DELIVER,1,serve_0,serve_0,1,1,DELIVER,DELIVER,DELIVER,serve_0,serve_0,serve_0,0,0,cook
post_pre,7011,67,68,"(0, -1)",FETCH,FETCH,1,onion_1,onion_1,1,1,FETCH,FETCH,FETCH,onion_1,onion_1,onion_1,0,0,serve
post_pre,7011,70,71,"(0, 1)",PLACE,PLACE,1,pot_1,pot_1,1,1,PLACE,PLACE,PLACE,pot_1,pot_1,pot_1,0,0,serve
post_pre,7011,74,75,"(1, 0)",FETCH,FETCH,1,onion_1,onion_1,1,1,FETCH,FETCH,FETCH,onion_1,onion_1,onion_1,0,0,serve
post_pre,7011,76,77,"(-1, 0)",PLACE,PLACE,1,pot_1,pot_1,1,1,PLACE,PLACE,PLACE,pot_1,pot_1,pot_1,0,0,serve
post_pre,7011,80,81,"(1, 0)",FETCH,FETCH,1,onion_1,onion_1,1,1,FETCH,FETCH,FETCH,onion_1,onion_1,onion_1,0,0,serve
post_pre,7011,82,83,"(-1, 0)",PLACE,PLACE,1,pot_1,pot_1,1,1,PLACE,PLACE,PLACE,pot_1,pot_1,pot_1,0,0,serve
post_pre,7011,86,87,interact,COOK_START,COOK_START,1,pot_1,pot_1,1,1,COOK_START,COOK_START,COOK_START,pot_1,pot_1,pot_1,0,0,serve
post_pre,7011,87,88,"(1, 0)",FETCH,FETCH,1,onion_1,onion_1,1,1,FETCH,FETCH,FETCH,onion_1,onion_1,onion_1,0,0,serve
post_pre,7011,89,90,"(0, 1)",PLACE,PLACE,1,pot_0,pot_0,1,1,PLACE,PLACE,PLACE,pot_0,pot_0,pot_0,0,0,serve
post_pre,7011,102,103,interact,COOK_START,COOK_START,1,pot_0,pot_0,1,1,COOK_START,COOK_START,COOK_START,pot_0,pot_0,pot_0,0,0,serve
post_pre,7011,103,104,"(1, 0)",HOLD,HOLD,1,none,none,1,1,HOLD,HOLD,HOLD,none,none,none,0,0,dynamic
post_pre,7011,109,110,"(-1, 0)",FETCH,GET_DISH,0,onion_0,dish_0,0,0,GET_DISH,GET_DISH,GET_DISH,dish_0,dish_0,dish_0,0,0,cook
post_pre,7011,112,113,"(0, 1)",PLACE,PLACE,1,pot_1,pot_0,0,0,PLACE,PLACE,PLACE,pot_0,pot_0,pot_0,0,0,serve
post_pre,7011,121,122,"(1, 0)",FETCH,FETCH,1,onion_1,onion_1,1,1,FETCH,FETCH,FETCH,onion_1,onion_1,onion_1,0,0,serve
post_pre,7011,123,124,"(0, 1)",PLACE,PLACE,1,pot_1,pot_1,1,1,PLACE,PLACE,PLACE,pot_1,pot_1,pot_1,0,0,serve
post_pre,7011,127,128,"(1, 0)",FETCH,FETCH,1,onion_1,onion_1,1,1,FETCH,FETCH,FETCH,onion_1,onion_1,onion_1,0,0,serve
post_pre,7011,129,130,"(0, 1)",PLACE,PLACE,1,pot_1,pot_1,1,1,PLACE,PLACE,PLACE,pot_1,pot_1,pot_1,0,0,serve
post_pre,7011,135,136,interact,COOK_START,COOK_START,1,pot_1,pot_1,1,1,COOK_START,COOK_START,COOK_START,pot_1,pot_1,pot_1,0,0,serve
post_pre,7011,136,137,"(1, 0)",FETCH,FETCH,1,onion_1,onion_1,1,1,FETCH,FETCH,FETCH,onion_1,onion_1,onion_1,0,0,serve
post_pre,7011,138,139,"(0, 1)",PLACE,PLACE,1,pot_0,pot_0,1,1,PLACE,PLACE,PLACE,pot_0,pot_0,pot_0,0,0,serve
post_pre,7011,148,149,"(-1, 0)",FETCH,FETCH,1,onion_0,onion_0,1,1,FETCH,FETCH,FETCH,onion_0,onion_0,onion_0,0,0,serve
post_pre,7011,150,151,"(0, 1)",PLACE,PLACE,1,pot_0,pot_0,1,1,PLACE,PLACE,PLACE,pot_0,pot_0,pot_0,0,0,serve
post_pre,7011,154,155,"(-1, 0)",FETCH,FETCH,1,onion_0,onion_0,1,1,FETCH,FETCH,FETCH,onion_0,onion_0,onion_0,0,0,serve
post_pre,7011,156,157,"(0, 1)",PLACE,PLACE,1,pot_0,pot_0,1,1,PLACE,PLACE,PLACE,pot_0,pot_0,pot_0,0,0,serve
post_pre,7011,160,161,interact,COOK_START,COOK_START,1,pot_0,pot_0,1,1,COOK_START,COOK_START,COOK_START,pot_0,pot_0,pot_0,0,0,serve
post_pre,7011,161,162,"(-1, 0)",FETCH,FETCH,1,onion_0,onion_0,1,1,FETCH,FETCH,FETCH,onion_0,onion_0,onion_0,0,0,serve
post_pre,7011,163,164,"(0, 1)",PLACE,PLACE,1,pot_1,pot_1,1,1,PLACE,PLACE,PLACE,pot_1,pot_1,pot_1,0,0,serve
post_pre,7011,169,170,"(1, 0)",FETCH,FETCH,1,onion_1,onion_1,1,1,FETCH,FETCH,FETCH,onion_1,onion_1,onion_1,0,0,serve
post_pre,7011,171,172,"(0, 1)",PLACE,PLACE,1,pot_1,pot_1,1,1,PLACE,PLACE,PLACE,pot_1,pot_1,pot_1,0,0,serve
post_pre,7011,175,176,"(1, 0)",FETCH,FETCH,1,onion_1,onion_1,1,1,FETCH,FETCH,FETCH,onion_1,onion_1,onion_1,0,0,serve
post_pre,7011,177,178,"(0, 1)",PLACE,PLACE,1,pot_1,pot_1,1,1,PLACE,PLACE,PLACE,pot_1,pot_1,pot_1,0,0,serve
post_pre,7011,181,182,interact,COOK_START,COOK_START,1,pot_1,pot_1,1,1,COOK_START,COOK_START,COOK_START,pot_1,pot_1,pot_1,0,0,serve
post_pre,7011,182,183,"(0, 0)",GET_DISH,GET_DISH,1,dish_0,dish_0,1,1,GET_DISH,GET_DISH,GET_DISH,dish_0,dish_0,dish_0,0,0,cook
post_pre,7011,188,189,"(1, 0)",PRE,PRE,1,pot_1,none,0,0,PRE,PRE,PRE,none,pot_1,none,0,1,dynamic
post_pre,7011,201,202,"(1, 0)",PICKUP,PICKUP,1,pot_1,pot_1,1,1,PICKUP,PICKUP,PICKUP,pot_1,pot_1,pot_1,0,0,cook
post_pre,7011,204,205,"(0, 1)",DELIVER,DELIVER,1,serve_0,serve_0,1,1,DELIVER,DELIVER,DELIVER,serve_0,serve_0,serve_0,0,0,cook
post_pre,7011,206,207,"(0, -1)",FETCH,FETCH,1,onion_1,onion_1,1,1,FETCH,FETCH,FETCH,onion_1,onion_1,onion_1,0,0,serve
post_pre,7011,209,210,"(0, 1)",PLACE,PLACE,1,pot_1,pot_1,1,1,PLACE,PLACE,PLACE,pot_1,pot_1,pot_1,0,0,serve
post_pre,7011,220,221,"(1, 0)",FETCH,FETCH,1,onion_1,onion_1,1,1,FETCH,FETCH,FETCH,onion_1,onion_1,onion_1,0,0,serve
post_pre,7011,222,223,"(-1, 0)",PLACE,PLACE,1,pot_1,pot_1,1,1,PLACE,PLACE,PLACE,pot_1,pot_1,pot_1,0,0,serve
post_pre,7011,226,227,"(1, 0)",FETCH,FETCH,1,onion_1,onion_1,1,1,FETCH,FETCH,FETCH,onion_1,onion_1,onion_1,0,0,serve
post_pre,7011,228,229,"(-1, 0)",PLACE,PLACE,1,pot_1,pot_1,1,1,PLACE,PLACE,PLACE,pot_1,pot_1,pot_1,0,0,serve
post_pre,7011,232,233,interact,COOK_START,COOK_START,1,pot_1,pot_1,1,1,COOK_START,COOK_START,COOK_START,pot_1,pot_1,pot_1,0,0,serve
post_pre,7011,233,234,"(1, 0)",FETCH,FETCH,1,onion_1,onion_1,1,1,FETCH,FETCH,FETCH,onion_1,onion_1,onion_1,0,0,serve
post_pre,7011,235,236,"(0, 1)",PLACE,PLACE,1,pot_0,pot_0,1,1,PLACE,PLACE,PLACE,pot_0,pot_0,pot_0,0,0,serve
post_pre,7011,248,249,"(-1, 0)",FETCH,FETCH,1,onion_0,onion_0,1,1,FETCH,FETCH,FETCH,onion_0,onion_0,onion_0,0,0,serve
post_pre,7011,250,251,"(0, 1)",PLACE,PLACE,1,pot_0,pot_0,1,1,PLACE,PLACE,PLACE,pot_0,pot_0,pot_0,0,0,serve
post_pre,7011,254,255,"(-1, 0)",FETCH,FETCH,1,onion_0,onion_0,1,1,FETCH,FETCH,FETCH,onion_0,onion_0,onion_0,0,0,serve
post_pre,7011,256,257,"(0, 1)",PLACE,PLACE,1,pot_0,pot_0,1,1,PLACE,PLACE,PLACE,pot_0,pot_0,pot_0,0,0,serve
post_pre,7011,260,261,interact,COOK_START,COOK_START,1,pot_0,pot_0,1,1,COOK_START,COOK_START,COOK_START,pot_0,pot_0,pot_0,0,0,serve
post_pre,7011,261,262,"(-1, 0)",FETCH,FETCH,1,onion_0,onion_0,1,1,FETCH,FETCH,FETCH,onion_0,onion_0,onion_0,0,0,serve
post_pre,7011,263,264,"(0, 1)",PLACE,PLACE,1,pot_1,pot_1,1,1,PLACE,PLACE,PLACE,pot_1,pot_1,pot_1,0,0,serve
post_pre,7011,269,270,"(1, 0)",FETCH,FETCH,1,onion_1,onion_1,1,1,FETCH,FETCH,FETCH,onion_1,onion_1,onion_1,0,0,serve
post_pre,7011,271,272,"(0, 1)",PLACE,PLACE,1,pot_1,pot_1,1,1,PLACE,PLACE,PLACE,pot_1,pot_1,pot_1,0,0,serve
post_pre,7011,275,276,"(1, 0)",FETCH,FETCH,1,onion_1,onion_1,1,1,FETCH,FETCH,FETCH,onion_1,onion_1,onion_1,0,0,serve
post_pre,7011,277,278,"(0, 1)",PLACE,PLACE,1,pot_1,pot_1,1,1,PLACE,PLACE,PLACE,pot_1,pot_1,pot_1,0,0,serve
post_pre,7011,281,282,interact,COOK_START,COOK_START,1,pot_1,pot_1,1,1,COOK_START,COOK_START,COOK_START,pot_1,pot_1,pot_1,0,0,serve
post_pre,7011,282,283,"(0, 0)",GET_DISH,GET_DISH,1,dish_0,dish_0,1,1,GET_DISH,GET_DISH,GET_DISH,dish_0,dish_0,dish_0,0,0,cook
post_pre,7011,288,289,"(1, 0)",PRE,PRE,1,pot_1,none,0,0,PRE,PRE,PRE,none,onion_1,none,0,1,dynamic
post_pre,7011,301,302,"(1, 0)",PICKUP,PICKUP,1,pot_1,pot_1,1,1,PICKUP,PICKUP,PICKUP,pot_1,pot_1,pot_1,0,0,cook
post_pre,7011,304,305,"(0, 1)",DELIVER,DELIVER,1,serve_0,serve_0,1,1,DELIVER,DELIVER,DELIVER,serve_0,serve_0,serve_0,0,0,cook
post_pre,7011,306,307,"(0, -1)",FETCH,FETCH,1,onion_1,onion_1,1,1,FETCH,FETCH,FETCH,onion_1,onion_1,onion_1,0,0,serve
post_pre,7011,309,310,"(0, 1)",PLACE,PLACE,1,pot_1,pot_1,1,1,PLACE,PLACE,PLACE,pot_1,pot_1,pot_1,0,0,serve
post_pre,7011,313,314,"(1, 0)",FETCH,FETCH,1,onion_1,onion_1,1,1,FETCH,FETCH,FETCH,onion_1,onion_1,onion_1,0,0,serve
post_pre,7011,315,316,"(-1, 0)",PLACE,PLACE,1,pot_1,pot_1,1,1,PLACE,PLACE,PLACE,pot_1,pot_1,pot_1,0,0,serve
post_pre,7011,319,320,"(1, 0)",FETCH,FETCH,1,onion_1,onion_1,1,1,FETCH,FETCH,FETCH,onion_1,onion_1,onion_1,0,0,serve
post_pre,7011,321,322,"(-1, 0)",PLACE,PLACE,1,pot_1,pot_1,1,1,PLACE,PLACE,PLACE,pot_1,pot_1,pot_1,0,0,serve
post_pre,7011,325,326,interact,COOK_START,COOK_START,1,pot_1,pot_1,1,1,COOK_START,COOK_START,COOK_START,pot_1,pot_1,pot_1,0,0,serve
post_pre,7011,326,327,"(1, 0)",FETCH,FETCH,1,onion_1,onion_1,1,1,FETCH,FETCH,FETCH,onion_1,onion_1,onion_1,0,0,serve
post_pre,7011,328,329,"(0, 1)",PLACE,PLACE,1,pot_0,pot_0,1,1,PLACE,PLACE,PLACE,pot_0,pot_0,pot_0,0,0,serve
post_pre,7011,341,342,interact,COOK_START,COOK_START,1,pot_0,pot_0,1,1,COOK_START,COOK_START,COOK_START,pot_0,pot_0,pot_0,0,0,serve
post_pre,7011,342,343,"(1, 0)",HOLD,HOLD,1,none,none,1,1,HOLD,HOLD,HOLD,none,none,none,0,0,dynamic
post_pre,7011,348,349,"(-1, 0)",FETCH,GET_DISH,0,onion_0,dish_0,0,0,GET_DISH,GET_DISH,GET_DISH,dish_0,dish_0,dish_0,0,0,cook
post_pre,7011,351,352,"(0, 1)",PLACE,PLACE,1,pot_1,pot_0,0,0,PLACE,PLACE,PLACE,pot_0,pot_0,pot_0,0,0,serve
post_pre,7011,360,361,"(1, 0)",FETCH,FETCH,1,onion_1,onion_1,1,1,FETCH,FETCH,FETCH,onion_1,onion_1,onion_1,0,0,serve
post_pre,7011,362,363,"(0, 1)",PLACE,PLACE,1,pot_1,pot_1,1,1,PLACE,PLACE,PLACE,pot_1,pot_1,pot_1,0,0,serve
post_pre,7011,366,367,"(1, 0)",FETCH,FETCH,1,onion_1,onion_1,1,1,FETCH,FETCH,FETCH,onion_1,onion_1,onion_1,0,0,serve
post_pre,7011,368,369,"(0, 1)",PLACE,PLACE,1,pot_1,pot_1,1,1,PLACE,PLACE,PLACE,pot_1,pot_1,pot_1,0,0,serve
post_pre,7011,374,375,interact,COOK_START,COOK_START,1,pot_1,pot_1,1,1,COOK_START,COOK_START,COOK_START,pot_1,pot_1,pot_1,0,0,serve
post_pre,7011,375,376,"(1, 0)",FETCH,FETCH,1,onion_1,onion_1,1,1,FETCH,FETCH,FETCH,onion_1,onion_1,onion_1,0,0,serve
post_pre,7011,377,378,"(0, 1)",PLACE,PLACE,1,pot_0,pot_0,1,1,PLACE,PLACE,PLACE,pot_0,pot_0,pot_0,0,0,serve
post_pre,7011,387,388,"(-1, 0)",FETCH,FETCH,1,onion_0,onion_0,1,1,FETCH,FETCH,FETCH,onion_0,onion_0,onion_0,0,0,serve
post_pre,7011,389,390,"(0, 1)",PLACE,PLACE,1,pot_0,pot_0,1,1,PLACE,PLACE,PLACE,pot_0,pot_0,pot_0,0,0,serve
post_pre,7011,393,394,"(-1, 0)",FETCH,FETCH,1,onion_0,onion_0,1,1,FETCH,FETCH,FETCH,onion_0,onion_0,onion_0,0,0,serve
post_pre,7011,395,396,"(0, 1)",PLACE,PLACE,1,pot_0,pot_0,1,1,PLACE,PLACE,PLACE,pot_0,pot_0,pot_0,0,0,serve
post_pre,7011,399,400,interact,COOK_START,COOK_START,1,pot_0,pot_0,1,1,COOK_START,COOK_START,COOK_START,pot_0,pot_0,pot_0,0,0,serve
post_pre,7011,400,401,"(-1, 0)",FETCH,GET_DISH,0,onion_0,dish_0,0,0,GET_DISH,FETCH,GET_DISH,dish_0,onion_0,dish_0,1,1,cook
post_pre,7011,402,403,"(0, 1)",PLACE,PLACE,1,pot_1,pot_1,1,1,PLACE,PLACE,PLACE,pot_1,pot_1,pot_1,0,0,serve
post_pre,7011,408,409,"(1, 0)",FETCH,FETCH,1,onion_1,onion_1,1,1,FETCH,FETCH,FETCH,onion_1,onion_1,onion_1,0,0,serve
post_pre,7011,410,411,"(0, 1)",PLACE,PLACE,1,pot_1,pot_1,1,1,PLACE,PLACE,PLACE,pot_1,pot_1,pot_1,0,0,serve
post_pre,7011,414,415,"(1, 0)",FETCH,FETCH,1,onion_1,onion_1,1,1,FETCH,FETCH,FETCH,onion_1,onion_1,onion_1,0,0,serve
post_pre,7011,416,417,"(0, 1)",PLACE,PLACE,1,pot_1,pot_1,1,1,PLACE,PLACE,PLACE,pot_1,pot_1,pot_1,0,0,serve
post_pre,7011,420,421,interact,COOK_START,COOK_START,1,pot_1,pot_1,1,1,COOK_START,COOK_START,COOK_START,pot_1,pot_1,pot_1,0,0,serve
post_pre,7011,421,422,"(0, 0)",GET_DISH,GET_DISH,1,dish_0,dish_0,1,1,GET_DISH,GET_DISH,GET_DISH,dish_0,dish_0,dish_0,0,0,cook
post_pre,7011,427,428,"(1, 0)",PRE,PRE,1,pot_1,pot_0,0,0,PRE,PRE,PRE,pot_0,pot_0,pot_0,0,0,dynamic
post_pre,7011,440,441,"(1, 0)",PICKUP,PICKUP,1,pot_1,pot_1,1,1,PICKUP,PICKUP,PICKUP,pot_1,pot_1,pot_1,0,0,cook
post_pre,7011,443,444,"(0, 1)",DELIVER,DELIVER,1,serve_0,serve_0,1,1,DELIVER,DELIVER,DELIVER,serve_0,serve_0,serve_0,0,0,cook
post_pre,7011,445,446,"(0, -1)",FETCH,FETCH,1,onion_1,onion_1,1,1,FETCH,FETCH,FETCH,onion_1,onion_1,onion_1,0,0,serve
post_pre,7011,448,449,"(0, 1)",PLACE,PLACE,1,pot_1,pot_0,0,0,PLACE,PLACE,PLACE,pot_0,pot_0,pot_0,0,0,serve
post_pre,7011,459,460,"(1, 0)",FETCH,FETCH,1,onion_1,onion_1,1,1,FETCH,FETCH,FETCH,onion_1,onion_1,onion_1,0,0,serve
post_pre,7011,461,462,"(-1, 0)",PLACE,PLACE,1,pot_1,pot_1,1,1,PLACE,PLACE,PLACE,pot_1,pot_1,pot_1,0,0,serve
post_pre,7011,465,466,"(1, 0)",FETCH,FETCH,1,onion_1,onion_1,1,1,FETCH,FETCH,FETCH,onion_1,onion_1,onion_1,0,0,serve
post_pre,7011,467,468,"(-1, 0)",PLACE,PLACE,1,pot_1,pot_1,1,1,PLACE,PLACE,PLACE,pot_1,pot_1,pot_1,0,0,serve
post_pre,7011,471,472,interact,COOK_START,COOK_START,1,pot_1,pot_1,1,1,COOK_START,COOK_START,COOK_START,pot_1,pot_1,pot_1,0,0,serve
post_pre,7011,472,473,"(1, 0)",FETCH,FETCH,1,onion_1,onion_1,1,1,FETCH,FETCH,FETCH,onion_1,onion_1,onion_1,0,0,serve
post_pre,7011,474,475,"(0, 1)",PLACE,PLACE,1,pot_0,pot_0,1,1,PLACE,PLACE,PLACE,pot_0,pot_0,pot_0,0,0,serve
post_pre,7011,487,488,"(-1, 0)",FETCH,GET_DISH,0,onion_0,onion_0,1,0,GET_DISH,FETCH,GET_DISH,onion_0,onion_0,onion_0,1,0,cook
post_pre,7011,489,490,"(0, 1)",PLACE,PLACE,1,pot_0,pot_0,1,1,PLACE,PLACE,PLACE,pot_0,pot_0,pot_0,0,0,serve
post_pre,7011,493,494,"(-1, 0)",FETCH,FETCH,1,onion_0,onion_0,1,1,FETCH,FETCH,FETCH,onion_0,onion_0,onion_0,0,0,serve
post_pre,7011,495,496,"(0, 1)",PLACE,PLACE,1,pot_0,pot_0,1,1,PLACE,PLACE,PLACE,pot_0,pot_0,pot_0,0,0,serve
post_pre,7011,499,500,interact,COOK_START,COOK_START,1,pot_0,pot_0,1,1,COOK_START,COOK_START,COOK_START,pot_0,pot_0,pot_0,0,0,serve
post_pre,7011,500,501,"(-1, 0)",FETCH,GET_DISH,0,onion_0,dish_0,0,0,GET_DISH,GET_DISH,GET_DISH,dish_0,dish_0,dish_0,0,0,cook
post_pre,7011,502,503,"(0, 1)",PLACE,PLACE,1,pot_1,pot_1,1,1,PLACE,PLACE,PLACE,pot_1,pot_1,pot_1,0,0,serve
post_pre,7011,508,509,"(1, 0)",FETCH,FETCH,1,onion_1,onion_1,1,1,FETCH,FETCH,FETCH,onion_1,onion_1,onion_1,0,0,serve
post_pre,7011,510,511,"(0, 1)",PLACE,PLACE,1,pot_1,pot_1,1,1,PLACE,PLACE,PLACE,pot_1,pot_1,pot_1,0,0,serve
post_pre,7011,514,515,"(1, 0)",FETCH,FETCH,1,onion_1,onion_1,1,1,FETCH,FETCH,FETCH,onion_1,onion_1,onion_1,0,0,serve
post_pre,7011,516,517,"(0, 1)",PLACE,PLACE,1,pot_1,pot_1,1,1,PLACE,PLACE,PLACE,pot_1,pot_1,pot_1,0,0,serve
post_pre,7011,520,521,interact,COOK_START,COOK_START,1,pot_1,pot_1,1,1,COOK_START,COOK_START,COOK_START,pot_1,pot_1,pot_1,0,0,serve
post_pre,7011,521,522,"(0, 0)",GET_DISH,GET_DISH,1,dish_0,dish_0,1,1,GET_DISH,GET_DISH,GET_DISH,dish_0,dish_0,dish_0,0,0,cook
post_pre,7011,527,528,"(1, 0)",PRE,PRE,1,pot_1,pot_0,0,0,PRE,PRE,PRE,pot_0,dish_0,pot_0,0,1,dynamic
post_pre,7011,540,541,"(1, 0)",PICKUP,PICKUP,1,pot_1,pot_1,1,1,PICKUP,PICKUP,PICKUP,pot_1,pot_1,pot_1,0,0,cook
post_pre,7011,543,544,"(0, 1)",DELIVER,DELIVER,1,serve_0,serve_0,1,1,DELIVER,DELIVER,DELIVER,serve_0,serve_0,serve_0,0,0,cook
post_pre,7011,545,546,"(0, -1)",FETCH,FETCH,1,onion_1,onion_1,1,1,FETCH,FETCH,FETCH,onion_1,onion_1,onion_1,0,0,serve
post_pre,7011,548,549,"(0, 1)",PLACE,PLACE,1,pot_1,pot_0,0,0,PLACE,PLACE,PLACE,pot_0,pot_0,pot_0,0,0,serve
post_pre,7011,559,560,"(1, 0)",FETCH,FETCH,1,onion_1,onion_1,1,1,FETCH,FETCH,FETCH,onion_1,onion_1,onion_1,0,0,serve
post_pre,7011,561,562,"(-1, 0)",PLACE,PLACE,1,pot_1,pot_1,1,1,PLACE,PLACE,PLACE,pot_1,pot_1,pot_1,0,0,serve
post_pre,7011,565,566,"(1, 0)",FETCH,FETCH,1,onion_1,onion_1,1,1,FETCH,FETCH,FETCH,onion_1,onion_1,onion_1,0,0,serve
post_pre,7011,567,568,"(-1, 0)",PLACE,PLACE,1,pot_1,pot_1,1,1,PLACE,PLACE,PLACE,pot_1,pot_1,pot_1,0,0,serve
post_pre,7011,571,572,interact,COOK_START,COOK_START,1,pot_1,pot_1,1,1,COOK_START,COOK_START,COOK_START,pot_1,pot_1,pot_1,0,0,serve
post_pre,7011,572,573,"(1, 0)",FETCH,FETCH,1,onion_1,onion_1,1,1,FETCH,FETCH,FETCH,onion_1,onion_1,onion_1,0,0,serve
post_pre,7011,574,575,"(0, 1)",PLACE,PLACE,1,pot_0,pot_0,1,1,PLACE,PLACE,PLACE,pot_0,pot_0,pot_0,0,0,serve
post_pre,7011,587,588,"(-1, 0)",FETCH,GET_DISH,0,onion_0,dish_0,0,0,GET_DISH,GET_DISH,GET_DISH,dish_0,dish_0,dish_0,0,0,cook
post_pre,7011,589,590,"(0, 1)",PLACE,PLACE,1,pot_0,pot_0,1,1,PLACE,PLACE,PLACE,pot_0,pot_0,pot_0,0,0,serve
post_pre,7011,593,594,"(-1, 0)",FETCH,FETCH,1,onion_0,onion_0,1,1,FETCH,FETCH,FETCH,onion_0,onion_0,onion_0,0,0,serve
post_pre,7011,595,596,"(0, 1)",PLACE,PLACE,1,pot_0,pot_0,1,1,PLACE,PLACE,PLACE,pot_0,pot_0,pot_0,0,0,serve
post_pre,7011,599,600,interact,COOK_START,COOK_START,1,pot_0,pot_0,1,1,COOK_START,COOK_START,COOK_START,pot_0,pot_0,pot_0,0,0,serve
post_pre,7011,600,601,"(-1, 0)",FETCH,GET_DISH,0,onion_0,dish_0,0,0,GET_DISH,GET_DISH,GET_DISH,dish_0,dish_0,dish_0,0,0,cook
post_pre,7011,602,603,"(0, 1)",PLACE,PLACE,1,pot_1,pot_1,1,1,PLACE,PLACE,PLACE,pot_1,pot_1,pot_1,0,0,serve
post_pre,7011,608,609,"(1, 0)",FETCH,FETCH,1,onion_1,onion_1,1,1,FETCH,FETCH,FETCH,onion_1,onion_1,onion_1,0,0,serve
post_pre,7011,610,611,"(0, 1)",PLACE,PLACE,1,pot_1,pot_1,1,1,PLACE,PLACE,PLACE,pot_1,pot_1,pot_1,0,0,serve
post_pre,7011,614,615,"(1, 0)",FETCH,FETCH,1,onion_1,onion_1,1,1,FETCH,FETCH,FETCH,onion_1,onion_1,onion_1,0,0,serve
post_pre,7011,616,617,"(0, 1)",PLACE,PLACE,1,pot_1,pot_1,1,1,PLACE,PLACE,PLACE,pot_1,pot_1,pot_1,0,0,serve
post_pre,7011,620,621,interact,COOK_START,COOK_START,1,pot_1,pot_1,1,1,COOK_START,COOK_START,COOK_START,pot_1,pot_1,pot_1,0,0,serve
post_pre,7011,621,622,"(0, 0)",GET_DISH,GET_DISH,1,dish_0,dish_0,1,1,GET_DISH,GET_DISH,GET_DISH,dish_0,dish_0,dish_0,0,0,cook
post_pre,7011,627,628,"(1, 0)",PRE,PRE,1,pot_1,pot_0,0,0,PRE,PRE,PRE,pot_0,dish_0,dish_0,0,1,dynamic
post_pre,7011,640,641,"(1, 0)",PICKUP,PICKUP,1,pot_1,pot_1,1,1,PICKUP,PICKUP,PICKUP,pot_1,pot_1,pot_1,0,0,cook
post_pre,7011,643,644,"(0, 1)",DELIVER,DELIVER,1,serve_0,serve_0,1,1,DELIVER,DELIVER,DELIVER,serve_0,serve_0,serve_0,0,0,cook
post_pre,7011,645,646,"(0, -1)",FETCH,FETCH,1,onion_1,onion_1,1,1,FETCH,FETCH,FETCH,onion_1,onion_1,onion_1,0,0,serve
post_pre,7011,648,649,"(0, 1)",PLACE,PLACE,1,pot_1,pot_0,0,0,PLACE,PLACE,PLACE,pot_0,pot_0,pot_0,0,0,serve
post_pre,7011,659,660,"(1, 0)",FETCH,FETCH,1,onion_1,onion_1,1,1,FETCH,FETCH,FETCH,onion_1,onion_1,onion_1,0,0,serve
post_pre,7011,661,662,"(-1, 0)",PLACE,PLACE,1,pot_1,pot_1,1,1,PLACE,PLACE,PLACE,pot_1,pot_1,pot_1,0,0,serve
post_pre,7011,665,666,"(1, 0)",FETCH,FETCH,1,onion_1,onion_1,1,1,FETCH,FETCH,FETCH,onion_1,onion_1,onion_1,0,0,serve
post_pre,7011,667,668,"(-1, 0)",PLACE,PLACE,1,pot_1,pot_1,1,1,PLACE,PLACE,PLACE,pot_1,pot_1,pot_1,0,0,serve
post_pre,7011,671,672,interact,COOK_START,COOK_START,1,pot_1,pot_1,1,1,COOK_START,COOK_START,COOK_START,pot_1,pot_1,pot_1,0,0,serve
post_pre,7011,672,673,"(1, 0)",FETCH,FETCH,1,onion_1,onion_1,1,1,FETCH,FETCH,FETCH,onion_1,onion_1,onion_1,0,0,serve
post_pre,7011,674,675,"(0, 1)",PLACE,PLACE,1,pot_0,pot_0,1,1,PLACE,PLACE,PLACE,pot_0,pot_0,pot_0,0,0,serve
post_pre,7011,687,688,"(-1, 0)",FETCH,GET_DISH,0,onion_0,dish_0,0,0,GET_DISH,GET_DISH,GET_DISH,dish_0,dish_0,dish_0,0,0,cook
post_pre,7011,689,690,"(0, 1)",PLACE,PLACE,1,pot_0,pot_0,1,1,PLACE,PLACE,PLACE,pot_0,pot_0,pot_0,0,0,serve
post_pre,7011,693,694,"(-1, 0)",FETCH,FETCH,1,onion_0,onion_0,1,1,FETCH,FETCH,FETCH,onion_0,onion_0,onion_0,0,0,serve
post_pre,7011,695,696,"(0, 1)",PLACE,PLACE,1,pot_0,pot_0,1,1,PLACE,PLACE,PLACE,pot_0,pot_0,pot_0,0,0,serve
post_pre,7011,699,700,interact,COOK_START,COOK_START,1,pot_0,pot_0,1,1,COOK_START,COOK_START,COOK_START,pot_0,pot_0,pot_0,0,0,serve
post_pre,7012,0,1,"(0, 0)",FETCH,FETCH,1,onion_0,onion_0,1,1,FETCH,FETCH,FETCH,onion_0,onion_0,onion_0,0,0,serve
post_pre,7012,6,7,"(0, 1)",PLACE,PLACE,1,pot_0,pot_0,1,1,PLACE,PLACE,PLACE,pot_0,pot_0,pot_0,0,0,serve
post_pre,7012,10,11,"(-1, 0)",FETCH,FETCH,1,onion_0,onion_0,1,1,FETCH,FETCH,FETCH,onion_0,onion_0,onion_0,0,0,serve
post_pre,7012,12,13,"(0, 1)",PLACE,PLACE,1,pot_0,pot_0,1,1,PLACE,PLACE,PLACE,pot_0,pot_0,pot_0,0,0,serve
post_pre,7012,16,17,"(-1, 0)",FETCH,FETCH,1,onion_0,onion_0,1,1,FETCH,FETCH,FETCH,onion_0,onion_0,onion_0,0,0,serve
post_pre,7012,18,19,"(0, 1)",PLACE,PLACE,1,pot_0,pot_0,1,1,PLACE,PLACE,PLACE,pot_0,pot_0,pot_0,0,0,serve
post_pre,7012,22,23,interact,COOK_START,COOK_START,1,pot_0,pot_0,1,1,COOK_START,COOK_START,COOK_START,pot_0,pot_0,pot_0,0,0,serve
post_pre,7012,23,24,"(-1, 0)",FETCH,FETCH,1,onion_0,onion_0,1,1,FETCH,FETCH,FETCH,onion_0,onion_0,onion_0,0,0,serve
post_pre,7012,25,26,"(0, 1)",PLACE,PLACE,1,pot_1,pot_1,1,1,PLACE,PLACE,PLACE,pot_1,pot_1,pot_1,0,0,serve
post_pre,7012,31,32,"(1, 0)",FETCH,FETCH,1,onion_1,onion_1,1,1,FETCH,FETCH,FETCH,onion_1,onion_1,onion_1,0,0,serve
post_pre,7012,33,34,"(0, 1)",PLACE,PLACE,1,pot_1,pot_1,1,1,PLACE,PLACE,PLACE,pot_1,pot_1,pot_1,0,0,serve
post_pre,7012,37,38,"(1, 0)",FETCH,FETCH,1,onion_1,onion_1,1,1,FETCH,FETCH,FETCH,onion_1,onion_1,onion_1,0,0,serve
post_pre,7012,39,40,"(0, 1)",PLACE,PLACE,1,pot_1,pot_1,1,1,PLACE,PLACE,PLACE,pot_1,pot_1,pot_1,0,0,serve
post_pre,7012,43,44,interact,COOK_START,COOK_START,1,pot_1,pot_1,1,1,COOK_START,COOK_START,COOK_START,pot_1,pot_1,pot_1,0,0,serve
post_pre,7012,44,45,"(0, 0)",GET_DISH,GET_DISH,1,dish_0,dish_0,1,1,GET_DISH,GET_DISH,GET_DISH,dish_0,dish_0,dish_0,0,0,cook
post_pre,7012,50,51,"(1, 0)",PRE,PRE,1,pot_1,none,0,0,PRE,PRE,PRE,none,pot_1,none,0,1,dynamic
post_pre,7012,63,64,"(1, 0)",PICKUP,PICKUP,1,pot_1,pot_1,1,1,PICKUP,PICKUP,PICKUP,pot_1,pot_1,pot_1,0,0,cook
post_pre,7012,66,67,"(0, 1)",DELIVER,DELIVER,1,serve_0,serve_0,1,1,DELIVER,DELIVER,DELIVER,serve_0,serve_0,serve_0,0,0,cook
post_pre,7012,68,69,"(0, -1)",FETCH,FETCH,1,onion_1,onion_1,1,1,FETCH,FETCH,FETCH,onion_1,onion_1,onion_1,0,0,serve
post_pre,7012,71,72,"(0, 1)",PLACE,PLACE,1,pot_1,pot_1,1,1,PLACE,PLACE,PLACE,pot_1,pot_1,pot_1,0,0,serve
post_pre,7012,75,76,"(1, 0)",FETCH,FETCH,1,onion_1,onion_1,1,1,FETCH,FETCH,FETCH,onion_1,onion_1,onion_1,0,0,serve
post_pre,7012,77,78,"(-1, 0)",PLACE,PLACE,1,pot_1,pot_1,1,1,PLACE,PLACE,PLACE,pot_1,pot_1,pot_1,0,0,serve
post_pre,7012,81,82,"(1, 0)",FETCH,FETCH,1,onion_1,onion_1,1,1,FETCH,FETCH,FETCH,onion_1,onion_1,onion_1,0,0,serve
post_pre,7012,83,84,"(-1, 0)",PLACE,PLACE,1,pot_1,pot_1,1,1,PLACE,PLACE,PLACE,pot_1,pot_1,pot_1,0,0,serve
post_pre,7012,87,88,interact,COOK_START,COOK_START,1,pot_1,pot_1,1,1,COOK_START,COOK_START,COOK_START,pot_1,pot_1,pot_1,0,0,serve
post_pre,7012,88,89,"(1, 0)",FETCH,FETCH,1,onion_1,onion_1,1,1,FETCH,FETCH,FETCH,onion_1,onion_1,onion_1,0,0,serve
post_pre,7012,90,91,"(0, 1)",PLACE,PLACE,1,pot_0,pot_0,1,1,PLACE,PLACE,PLACE,pot_0,pot_0,pot_0,0,0,serve
post_pre,7012,103,104,interact,COOK_START,COOK_START,1,pot_0,pot_0,1,1,COOK_START,COOK_START,COOK_START,pot_0,pot_0,pot_0,0,0,serve
post_pre,7012,104,105,"(1, 0)",HOLD,HOLD,1,none,none,1,1,HOLD,HOLD,HOLD,none,none,none,0,0,dynamic
post_pre,7012,110,111,"(-1, 0)",FETCH,GET_DISH,0,onion_0,dish_0,0,0,GET_DISH,GET_DISH,GET_DISH,dish_0,dish_0,dish_0,0,0,cook
post_pre,7012,113,114,"(0, 1)",PLACE,PLACE,1,pot_1,pot_0,0,0,PLACE,PLACE,PLACE,pot_0,pot_0,pot_0,0,0,serve
post_pre,7012,122,123,"(1, 0)",FETCH,FETCH,1,onion_1,onion_1,1,1,FETCH,FETCH,FETCH,onion_1,onion_1,onion_1,0,0,serve
post_pre,7012,124,125,"(0, 1)",PLACE,PLACE,1,pot_1,pot_1,1,1,PLACE,PLACE,PLACE,pot_1,pot_1,pot_1,0,0,serve
post_pre,7012,128,129,"(1, 0)",FETCH,FETCH,1,onion_1,onion_1,1,1,FETCH,FETCH,FETCH,onion_1,onion_1,onion_1,0,0,serve
post_pre,7012,130,131,"(0, 1)",PLACE,PLACE,1,pot_1,pot_1,1,1,PLACE,PLACE,PLACE,pot_1,pot_1,pot_1,0,0,serve
post_pre,7012,136,137,interact,COOK_START,COOK_START,1,pot_1,pot_1,1,1,COOK_START,COOK_START,COOK_START,pot_1,pot_1,pot_1,0,0,serve
post_pre,7012,137,138,"(1, 0)",FETCH,FETCH,1,onion_1,onion_1,1,1,FETCH,FETCH,FETCH,onion_1,onion_1,onion_1,0,0,serve
post_pre,7012,139,140,"(0, 1)",PLACE,PLACE,1,pot_0,pot_0,1,1,PLACE,PLACE,PLACE,pot_0,pot_0,pot_0,0,0,serve
post_pre,7012,149,150,"(-1, 0)",FETCH,FETCH,1,onion_0,onion_0,1,1,FETCH,FETCH,FETCH,onion_0,onion_0,onion_0,0,0,serve
post_pre,7012,151,152,"(0, 1)",PLACE,PLACE,1,pot_0,pot_0,1,1,PLACE,PLACE,PLACE,pot_0,pot_0,pot_0,0,0,serve
post_pre,7012,155,156,"(-1, 0)",FETCH,FETCH,1,onion_0,onion_0,1,1,FETCH,FETCH,FETCH,onion_0,onion_0,onion_0,0,0,serve
post_pre,7012,157,158,"(0, 1)",PLACE,PLACE,1,pot_0,pot_0,1,1,PLACE,PLACE,PLACE,pot_0,pot_0,pot_0,0,0,serve
post_pre,7012,161,162,interact,COOK_START,COOK_START,1,pot_0,pot_0,1,1,COOK_START,COOK_START,COOK_START,pot_0,pot_0,pot_0,0,0,serve
post_pre,7012,162,163,"(-1, 0)",FETCH,FETCH,1,onion_0,onion_0,1,1,FETCH,FETCH,FETCH,onion_0,onion_0,onion_0,0,0,serve
post_pre,7012,164,165,"(0, 1)",PLACE,PLACE,1,pot_1,pot_1,1,1,PLACE,PLACE,PLACE,pot_1,pot_1,pot_1,0,0,serve
post_pre,7012,170,171,"(1, 0)",FETCH,FETCH,1,onion_1,onion_1,1,1,FETCH,FETCH,FETCH,onion_1,onion_1,onion_1,0,0,serve
post_pre,7012,172,173,"(0, 1)",PLACE,PLACE,1,pot_1,pot_1,1,1,PLACE,PLACE,PLACE,pot_1,pot_1,pot_1,0,0,serve
post_pre,7012,176,177,"(1, 0)",FETCH,FETCH,1,onion_1,onion_1,1,1,FETCH,FETCH,FETCH,onion_1,onion_1,onion_1,0,0,serve
post_pre,7012,178,179,"(0, 1)",PLACE,PLACE,1,pot_1,pot_1,1,1,PLACE,PLACE,PLACE,pot_1,pot_1,pot_1,0,0,serve
post_pre,7012,182,183,interact,COOK_START,COOK_START,1,pot_1,pot_1,1,1,COOK_START,COOK_START,COOK_START,pot_1,pot_1,pot_1,0,0,serve
post_pre,7012,183,184,"(0, 0)",GET_DISH,GET_DISH,1,dish_0,dish_0,1,1,GET_DISH,GET_DISH,GET_DISH,dish_0,dish_0,dish_0,0,0,cook
post_pre,7012,189,190,"(1, 0)",PRE,PRE,1,pot_1,none,0,0,PRE,PRE,PRE,none,pot_1,none,0,1,dynamic
post_pre,7012,202,203,"(1, 0)",PICKUP,PICKUP,1,pot_1,pot_1,1,1,PICKUP,PICKUP,PICKUP,pot_1,pot_1,pot_1,0,0,cook
post_pre,7012,205,206,"(0, 1)",DELIVER,DELIVER,1,serve_0,serve_0,1,1,DELIVER,DELIVER,DELIVER,serve_0,serve_0,serve_0,0,0,cook
post_pre,7012,207,208,"(0, -1)",FETCH,FETCH,1,onion_1,onion_1,1,1,FETCH,FETCH,FETCH,onion_1,onion_1,onion_1,0,0,serve
post_pre,7012,210,211,"(0, 1)",PLACE,PLACE,1,pot_1,pot_1,1,1,PLACE,PLACE,PLACE,pot_1,pot_1,pot_1,0,0,serve
post_pre,7012,221,222,"(1, 0)",FETCH,FETCH,1,onion_1,onion_1,1,1,FETCH,FETCH,FETCH,onion_1,onion_1,onion_1,0,0,serve
post_pre,7012,223,224,"(-1, 0)",PLACE,PLACE,1,pot_1,pot_1,1,1,PLACE,PLACE,PLACE,pot_1,pot_1,pot_1,0,0,serve
post_pre,7012,227,228,"(1, 0)",FETCH,FETCH,1,onion_1,onion_1,1,1,FETCH,FETCH,FETCH,onion_1,onion_1,onion_1,0,0,serve
post_pre,7012,229,230,"(-1, 0)",PLACE,PLACE,1,pot_1,pot_1,1,1,PLACE,PLACE,PLACE,pot_1,pot_1,pot_1,0,0,serve
post_pre,7012,233,234,interact,COOK_START,COOK_START,1,pot_1,pot_1,1,1,COOK_START,COOK_START,COOK_START,pot_1,pot_1,pot_1,0,0,serve
post_pre,7012,234,235,"(1, 0)",FETCH,FETCH,1,onion_1,onion_1,1,1,FETCH,FETCH,FETCH,onion_1,onion_1,onion_1,0,0,serve
post_pre,7012,236,237,"(0, 1)",PLACE,PLACE,1,pot_0,pot_0,1,1,PLACE,PLACE,PLACE,pot_0,pot_0,pot_0,0,0,serve
post_pre,7012,249,250,"(-1, 0)",FETCH,FETCH,1,onion_0,onion_0,1,1,FETCH,FETCH,FETCH,onion_0,onion_0,onion_0,0,0,serve
post_pre,7012,251,252,"(0, 1)",PLACE,PLACE,1,pot_0,pot_0,1,1,PLACE,PLACE,PLACE,pot_0,pot_0,pot_0,0,0,serve
post_pre,7012,255,256,"(-1, 0)",FETCH,FETCH,1,onion_0,onion_0,1,1,FETCH,FETCH,FETCH,onion_0,onion_0,onion_0,0,0,serve
post_pre,7012,257,258,"(0, 1)",PLACE,PLACE,1,pot_0,pot_0,1,1,PLACE,PLACE,PLACE,pot_0,pot_0,pot_0,0,0,serve
post_pre,7012,261,262,interact,COOK_START,COOK_START,1,pot_0,pot_0,1,1,COOK_START,COOK_START,COOK_START,pot_0,pot_0,pot_0,0,0,serve
post_pre,7012,262,263,"(-1, 0)",FETCH,FETCH,1,onion_0,onion_0,1,1,FETCH,FETCH,FETCH,onion_0,onion_0,onion_0,0,0,serve
post_pre,7012,264,265,"(0, 1)",PLACE,PLACE,1,pot_1,pot_1,1,1,PLACE,PLACE,PLACE,pot_1,pot_1,pot_1,0,0,serve
post_pre,7012,270,271,"(1, 0)",FETCH,FETCH,1,onion_1,onion_1,1,1,FETCH,FETCH,FETCH,onion_1,onion_1,onion_1,0,0,serve
post_pre,7012,272,273,"(0, 1)",PLACE,PLACE,1,pot_1,pot_1,1,1,PLACE,PLACE,PLACE,pot_1,pot_1,pot_1,0,0,serve
post_pre,7012,276,277,"(1, 0)",FETCH,FETCH,1,onion_1,onion_1,1,1,FETCH,FETCH,FETCH,onion_1,onion_1,onion_1,0,0,serve
post_pre,7012,278,279,"(0, 1)",PLACE,PLACE,1,pot_1,pot_1,1,1,PLACE,PLACE,PLACE,pot_1,pot_1,pot_1,0,0,serve
post_pre,7012,282,283,interact,COOK_START,COOK_START,1,pot_1,pot_1,1,1,COOK_START,COOK_START,COOK_START,pot_1,pot_1,pot_1,0,0,serve
post_pre,7012,283,284,"(0, 0)",GET_DISH,GET_DISH,1,dish_0,dish_0,1,1,GET_DISH,GET_DISH,GET_DISH,dish_0,dish_0,dish_0,0,0,cook
post_pre,7012,289,290,"(1, 0)",PRE,PRE,1,pot_1,none,0,0,PRE,PRE,PRE,none,onion_1,none,0,1,dynamic
post_pre,7012,302,303,"(1, 0)",PICKUP,PICKUP,1,pot_1,pot_1,1,1,PICKUP,PICKUP,PICKUP,pot_1,pot_1,pot_1,0,0,cook
post_pre,7012,305,306,"(0, 1)",DELIVER,DELIVER,1,serve_0,serve_0,1,1,DELIVER,DELIVER,DELIVER,serve_0,serve_0,serve_0,0,0,cook
post_pre,7012,307,308,"(0, -1)",FETCH,FETCH,1,onion_1,onion_1,1,1,FETCH,FETCH,FETCH,onion_1,onion_1,onion_1,0,0,serve
post_pre,7012,310,311,"(0, 1)",PLACE,PLACE,1,pot_1,pot_1,1,1,PLACE,PLACE,PLACE,pot_1,pot_1,pot_1,0,0,serve
post_pre,7012,314,315,"(1, 0)",FETCH,FETCH,1,onion_1,onion_1,1,1,FETCH,FETCH,FETCH,onion_1,onion_1,onion_1,0,0,serve
post_pre,7012,316,317,"(-1, 0)",PLACE,PLACE,1,pot_1,pot_1,1,1,PLACE,PLACE,PLACE,pot_1,pot_1,pot_1,0,0,serve
post_pre,7012,320,321,"(1, 0)",FETCH,FETCH,1,onion_1,onion_1,1,1,FETCH,FETCH,FETCH,onion_1,onion_1,onion_1,0,0,serve
post_pre,7012,322,323,"(-1, 0)",PLACE,PLACE,1,pot_1,pot_1,1,1,PLACE,PLACE,PLACE,pot_1,pot_1,pot_1,0,0,serve
post_pre,7012,326,327,interact,COOK_START,COOK_START,1,pot_1,pot_1,1,1,COOK_START,COOK_START,COOK_START,pot_1,pot_1,pot_1,0,0,serve
post_pre,7012,327,328,"(1, 0)",FETCH,FETCH,1,onion_1,onion_1,1,1,FETCH,FETCH,FETCH,onion_1,onion_1,onion_1,0,0,serve
post_pre,7012,329,330,"(0, 1)",PLACE,PLACE,1,pot_0,pot_0,1,1,PLACE,PLACE,PLACE,pot_0,pot_0,pot_0,0,0,serve
post_pre,7012,342,343,interact,COOK_START,COOK_START,1,pot_0,pot_0,1,1,COOK_START,COOK_START,COOK_START,pot_0,pot_0,pot_0,0,0,serve
post_pre,7012,343,344,"(1, 0)",HOLD,HOLD,1,none,none,1,1,HOLD,HOLD,HOLD,none,none,none,0,0,dynamic
post_pre,7012,349,350,"(-1, 0)",FETCH,GET_DISH,0,onion_0,dish_0,0,0,GET_DISH,GET_DISH,GET_DISH,dish_0,dish_0,dish_0,0,0,cook
post_pre,7012,352,353,"(0, 1)",PLACE,PLACE,1,pot_1,pot_0,0,0,PLACE,PLACE,PLACE,pot_0,pot_0,pot_0,0,0,serve
post_pre,7012,361,362,"(1, 0)",FETCH,FETCH,1,onion_1,onion_1,1,1,FETCH,FETCH,FETCH,onion_1,onion_1,onion_1,0,0,serve
post_pre,7012,363,364,"(0, 1)",PLACE,PLACE,1,pot_1,pot_1,1,1,PLACE,PLACE,PLACE,pot_1,pot_1,pot_1,0,0,serve
post_pre,7012,367,368,"(1, 0)",FETCH,FETCH,1,onion_1,onion_1,1,1,FETCH,FETCH,FETCH,onion_1,onion_1,onion_1,0,0,serve
post_pre,7012,369,370,"(0, 1)",PLACE,PLACE,1,pot_1,pot_1,1,1,PLACE,PLACE,PLACE,pot_1,pot_1,pot_1,0,0,serve
post_pre,7012,375,376,interact,COOK_START,COOK_START,1,pot_1,pot_1,1,1,COOK_START,COOK_START,COOK_START,pot_1,pot_1,pot_1,0,0,serve
post_pre,7012,376,377,"(1, 0)",FETCH,FETCH,1,onion_1,onion_1,1,1,FETCH,FETCH,FETCH,onion_1,onion_1,onion_1,0,0,serve
post_pre,7012,378,379,"(0, 1)",PLACE,PLACE,1,pot_0,pot_0,1,1,PLACE,PLACE,PLACE,pot_0,pot_0,pot_0,0,0,serve
post_pre,7012,388,389,"(-1, 0)",FETCH,FETCH,1,onion_0,onion_0,1,1,FETCH,FETCH,FETCH,onion_0,onion_0,onion_0,0,0,serve
post_pre,7012,390,391,"(0, 1)",PLACE,PLACE,1,pot_0,pot_0,1,1,PLACE,PLACE,PLACE,pot_0,pot_0,pot_0,0,0,serve
post_pre,7012,394,395,"(-1, 0)",FETCH,FETCH,1,onion_0,onion_0,1,1,FETCH,FETCH,FETCH,onion_0,onion_0,onion_0,0,0,serve
post_pre,7012,396,397,"(0, 1)",PLACE,PLACE,1,pot_0,pot_0,1,1,PLACE,PLACE,PLACE,pot_0,pot_0,pot_0,0,0,serve
post_pre,7012,400,401,interact,COOK_START,COOK_START,1,pot_0,pot_0,1,1,COOK_START,COOK_START,COOK_START,pot_0,pot_0,pot_0,0,0,serve
post_pre,7012,401,402,"(-1, 0)",FETCH,GET_DISH,0,onion_0,dish_0,0,0,GET_DISH,FETCH,GET_DISH,dish_0,onion_0,dish_0,1,1,cook
post_pre,7012,403,404,"(0, 1)",PLACE,PLACE,1,pot_1,pot_1,1,1,PLACE,PLACE,PLACE,pot_1,pot_1,pot_1,0,0,serve
post_pre,7012,409,410,"(1, 0)",FETCH,FETCH,1,onion_1,onion_1,1,1,FETCH,FETCH,FETCH,onion_1,onion_1,onion_1,0,0,serve
post_pre,7012,411,412,"(0, 1)",PLACE,PLACE,1,pot_1,pot_1,1,1,PLACE,PLACE,PLACE,pot_1,pot_1,pot_1,0,0,serve
post_pre,7012,415,416,"(1, 0)",FETCH,FETCH,1,onion_1,onion_1,1,1,FETCH,FETCH,FETCH,onion_1,onion_1,onion_1,0,0,serve
post_pre,7012,417,418,"(0, 1)",PLACE,PLACE,1,pot_1,pot_1,1,1,PLACE,PLACE,PLACE,pot_1,pot_1,pot_1,0,0,serve
post_pre,7012,421,422,interact,COOK_START,COOK_START,1,pot_1,pot_1,1,1,COOK_START,COOK_START,COOK_START,pot_1,pot_1,pot_1,0,0,serve
post_pre,7012,422,423,"(0, 0)",GET_DISH,GET_DISH,1,dish_0,dish_0,1,1,GET_DISH,GET_DISH,GET_DISH,dish_0,dish_0,dish_0,0,0,cook
post_pre,7012,428,429,"(1, 0)",PRE,PRE,1,pot_1,pot_0,0,0,PRE,PRE,PRE,pot_0,pot_0,pot_0,0,0,dynamic
post_pre,7012,441,442,"(1, 0)",PICKUP,PICKUP,1,pot_1,pot_1,1,1,PICKUP,PICKUP,PICKUP,pot_1,pot_1,pot_1,0,0,cook
post_pre,7012,444,445,"(0, 1)",DELIVER,DELIVER,1,serve_0,serve_0,1,1,DELIVER,DELIVER,DELIVER,serve_0,serve_0,serve_0,0,0,cook
post_pre,7012,446,447,"(0, -1)",FETCH,FETCH,1,onion_1,onion_1,1,1,FETCH,FETCH,FETCH,onion_1,onion_1,onion_1,0,0,serve
post_pre,7012,449,450,"(0, 1)",PLACE,PLACE,1,pot_1,pot_0,0,0,PLACE,PLACE,PLACE,pot_0,pot_0,pot_0,0,0,serve
post_pre,7012,460,461,"(1, 0)",FETCH,FETCH,1,onion_1,onion_1,1,1,FETCH,FETCH,FETCH,onion_1,onion_1,onion_1,0,0,serve
post_pre,7012,462,463,"(-1, 0)",PLACE,PLACE,1,pot_1,pot_1,1,1,PLACE,PLACE,PLACE,pot_1,pot_1,pot_1,0,0,serve
post_pre,7012,466,467,"(1, 0)",FETCH,FETCH,1,onion_1,onion_1,1,1,FETCH,FETCH,FETCH,onion_1,onion_1,onion_1,0,0,serve
post_pre,7012,468,469,"(-1, 0)",PLACE,PLACE,1,pot_1,pot_1,1,1,PLACE,PLACE,PLACE,pot_1,pot_1,pot_1,0,0,serve
post_pre,7012,472,473,interact,COOK_START,COOK_START,1,pot_1,pot_1,1,1,COOK_START,COOK_START,COOK_START,pot_1,pot_1,pot_1,0,0,serve
post_pre,7012,473,474,"(1, 0)",FETCH,FETCH,1,onion_1,onion_1,1,1,FETCH,FETCH,FETCH,onion_1,onion_1,onion_1,0,0,serve
post_pre,7012,475,476,"(0, 1)",PLACE,PLACE,1,pot_0,pot_0,1,1,PLACE,PLACE,PLACE,pot_0,pot_0,pot_0,0,0,serve
post_pre,7012,488,489,"(-1, 0)",FETCH,GET_DISH,0,onion_0,onion_0,1,0,GET_DISH,FETCH,GET_DISH,onion_0,onion_0,onion_0,1,0,cook
post_pre,7012,490,491,"(0, 1)",PLACE,PLACE,1,pot_0,pot_0,1,1,PLACE,PLACE,PLACE,pot_0,pot_0,pot_0,0,0,serve
post_pre,7012,494,495,"(-1, 0)",FETCH,FETCH,1,onion_0,onion_0,1,1,FETCH,FETCH,FETCH,onion_0,onion_0,onion_0,0,0,serve
post_pre,7012,496,497,"(0, 1)",PLACE,PLACE,1,pot_0,pot_0,1,1,PLACE,PLACE,PLACE,pot_0,pot_0,pot_0,0,0,serve
post_pre,7012,500,501,interact,COOK_START,COOK_START,1,pot_0,pot_0,1,1,COOK_START,COOK_START,COOK_START,pot_0,pot_0,pot_0,0,0,serve
post_pre,7012,501,502,"(-1, 0)",FETCH,GET_DISH,0,onion_0,dish_0,0,0,GET_DISH,GET_DISH,GET_DISH,dish_0,dish_0,dish_0,0,0,cook
post_pre,7012,503,504,"(0, 1)",PLACE,PLACE,1,pot_1,pot_1,1,1,PLACE,PLACE,PLACE,pot_1,pot_1,pot_1,0,0,serve
post_pre,7012,509,510,"(1, 0)",FETCH,FETCH,1,onion_1,onion_1,1,1,FETCH,FETCH,FETCH,onion_1,onion_1,onion_1,0,0,serve
post_pre,7012,511,512,"(0, 1)",PLACE,PLACE,1,pot_1,pot_1,1,1,PLACE,PLACE,PLACE,pot_1,pot_1,pot_1,0,0,serve
post_pre,7012,515,516,"(1, 0)",FETCH,FETCH,1,onion_1,onion_1,1,1,FETCH,FETCH,FETCH,onion_1,onion_1,onion_1,0,0,serve
post_pre,7012,517,518,"(0, 1)",PLACE,PLACE,1,pot_1,pot_1,1,1,PLACE,PLACE,PLACE,pot_1,pot_1,pot_1,0,0,serve
post_pre,7012,521,522,interact,COOK_START,COOK_START,1,pot_1,pot_1,1,1,COOK_START,COOK_START,COOK_START,pot_1,pot_1,pot_1,0,0,serve
post_pre,7012,522,523,"(0, 0)",GET_DISH,GET_DISH,1,dish_0,dish_0,1,1,GET_DISH,GET_DISH,GET_DISH,dish_0,dish_0,dish_0,0,0,cook
post_pre,7012,528,529,"(1, 0)",PRE,PRE,1,pot_1,pot_0,0,0,PRE,PRE,PRE,pot_0,dish_0,pot_0,0,1,dynamic
post_pre,7012,541,542,"(1, 0)",PICKUP,PICKUP,1,pot_1,pot_1,1,1,PICKUP,PICKUP,PICKUP,pot_1,pot_1,pot_1,0,0,cook
post_pre,7012,544,545,"(0, 1)",DELIVER,DELIVER,1,serve_0,serve_0,1,1,DELIVER,DELIVER,DELIVER,serve_0,serve_0,serve_0,0,0,cook
post_pre,7012,546,547,"(0, -1)",FETCH,FETCH,1,onion_1,onion_1,1,1,FETCH,FETCH,FETCH,onion_1,onion_1,onion_1,0,0,serve
post_pre,7012,549,550,"(0, 1)",PLACE,PLACE,1,pot_1,pot_0,0,0,PLACE,PLACE,PLACE,pot_0,pot_0,pot_0,0,0,serve
post_pre,7012,560,561,"(1, 0)",FETCH,FETCH,1,onion_1,onion_1,1,1,FETCH,FETCH,FETCH,onion_1,onion_1,onion_1,0,0,serve
post_pre,7012,562,563,"(-1, 0)",PLACE,PLACE,1,pot_1,pot_1,1,1,PLACE,PLACE,PLACE,pot_1,pot_1,pot_1,0,0,serve
post_pre,7012,566,567,"(1, 0)",FETCH,FETCH,1,onion_1,onion_1,1,1,FETCH,FETCH,FETCH,onion_1,onion_1,onion_1,0,0,serve
post_pre,7012,568,569,"(-1, 0)",PLACE,PLACE,1,pot_1,pot_1,1,1,PLACE,PLACE,PLACE,pot_1,pot_1,pot_1,0,0,serve
post_pre,7012,572,573,interact,COOK_START,COOK_START,1,pot_1,pot_1,1,1,COOK_START,COOK_START,COOK_START,pot_1,pot_1,pot_1,0,0,serve
post_pre,7012,573,574,"(1, 0)",FETCH,FETCH,1,onion_1,onion_1,1,1,FETCH,FETCH,FETCH,onion_1,onion_1,onion_1,0,0,serve
post_pre,7012,575,576,"(0, 1)",PLACE,PLACE,1,pot_0,pot_0,1,1,PLACE,PLACE,PLACE,pot_0,pot_0,pot_0,0,0,serve
post_pre,7012,588,589,"(-1, 0)",FETCH,GET_DISH,0,onion_0,dish_0,0,0,GET_DISH,GET_DISH,GET_DISH,dish_0,dish_0,dish_0,0,0,cook
post_pre,7012,590,591,"(0, 1)",PLACE,PLACE,1,pot_0,pot_0,1,1,PLACE,PLACE,PLACE,pot_0,pot_0,pot_0,0,0,serve
post_pre,7012,594,595,"(-1, 0)",FETCH,FETCH,1,onion_0,onion_0,1,1,FETCH,FETCH,FETCH,onion_0,onion_0,onion_0,0,0,serve
post_pre,7012,596,597,"(0, 1)",PLACE,PLACE,1,pot_0,pot_0,1,1,PLACE,PLACE,PLACE,pot_0,pot_0,pot_0,0,0,serve
post_pre,7012,600,601,interact,COOK_START,COOK_START,1,pot_0,pot_0,1,1,COOK_START,COOK_START,COOK_START,pot_0,pot_0,pot_0,0,0,serve
post_pre,7012,601,602,"(-1, 0)",FETCH,GET_DISH,0,onion_0,dish_0,0,0,GET_DISH,GET_DISH,GET_DISH,dish_0,dish_0,dish_0,0,0,cook
post_pre,7012,603,604,"(0, 1)",PLACE,PLACE,1,pot_1,pot_1,1,1,PLACE,PLACE,PLACE,pot_1,pot_1,pot_1,0,0,serve
post_pre,7012,609,610,"(1, 0)",FETCH,FETCH,1,onion_1,onion_1,1,1,FETCH,FETCH,FETCH,onion_1,onion_1,onion_1,0,0,serve
post_pre,7012,611,612,"(0, 1)",PLACE,PLACE,1,pot_1,pot_1,1,1,PLACE,PLACE,PLACE,pot_1,pot_1,pot_1,0,0,serve
post_pre,7012,615,616,"(1, 0)",FETCH,FETCH,1,onion_1,onion_1,1,1,FETCH,FETCH,FETCH,onion_1,onion_1,onion_1,0,0,serve
post_pre,7012,617,618,"(0, 1)",PLACE,PLACE,1,pot_1,pot_1,1,1,PLACE,PLACE,PLACE,pot_1,pot_1,pot_1,0,0,serve
post_pre,7012,621,622,interact,COOK_START,COOK_START,1,pot_1,pot_1,1,1,COOK_START,COOK_START,COOK_START,pot_1,pot_1,pot_1,0,0,serve
post_pre,7012,622,623,"(0, 0)",GET_DISH,GET_DISH,1,dish_0,dish_0,1,1,GET_DISH,GET_DISH,GET_DISH,dish_0,dish_0,dish_0,0,0,cook
post_pre,7012,628,629,"(1, 0)",PRE,PRE,1,pot_1,pot_0,0,0,PRE,PRE,PRE,pot_0,dish_0,dish_0,0,1,dynamic
post_pre,7012,641,642,"(1, 0)",PICKUP,PICKUP,1,pot_1,pot_1,1,1,PICKUP,PICKUP,PICKUP,pot_1,pot_1,pot_1,0,0,cook
post_pre,7012,644,645,"(0, 1)",DELIVER,DELIVER,1,serve_0,serve_0,1,1,DELIVER,DELIVER,DELIVER,serve_0,serve_0,serve_0,0,0,cook
post_pre,7012,646,647,"(0, -1)",FETCH,FETCH,1,onion_1,onion_1,1,1,FETCH,FETCH,FETCH,onion_1,onion_1,onion_1,0,0,serve
post_pre,7012,649,650,"(0, 1)",PLACE,PLACE,1,pot_1,pot_0,0,0,PLACE,PLACE,PLACE,pot_0,pot_0,pot_0,0,0,serve
post_pre,7012,660,661,"(1, 0)",FETCH,FETCH,1,onion_1,onion_1,1,1,FETCH,FETCH,FETCH,onion_1,onion_1,onion_1,0,0,serve
post_pre,7012,662,663,"(-1, 0)",PLACE,PLACE,1,pot_1,pot_1,1,1,PLACE,PLACE,PLACE,pot_1,pot_1,pot_1,0,0,serve
post_pre,7012,666,667,"(1, 0)",FETCH,FETCH,1,onion_1,onion_1,1,1,FETCH,FETCH,FETCH,onion_1,onion_1,onion_1,0,0,serve
post_pre,7012,668,669,"(-1, 0)",PLACE,PLACE,1,pot_1,pot_1,1,1,PLACE,PLACE,PLACE,pot_1,pot_1,pot_1,0,0,serve
post_pre,7012,672,673,interact,COOK_START,COOK_START,1,pot_1,pot_1,1,1,COOK_START,COOK_START,COOK_START,pot_1,pot_1,pot_1,0,0,serve
post_pre,7012,673,674,"(1, 0)",FETCH,FETCH,1,onion_1,onion_1,1,1,FETCH,FETCH,FETCH,onion_1,onion_1,onion_1,0,0,serve
post_pre,7012,675,676,"(0, 1)",PLACE,PLACE,1,pot_0,pot_0,1,1,PLACE,PLACE,PLACE,pot_0,pot_0,pot_0,0,0,serve
post_pre,7012,688,689,"(-1, 0)",FETCH,GET_DISH,0,onion_0,dish_0,0,0,GET_DISH,GET_DISH,GET_DISH,dish_0,dish_0,dish_0,0,0,cook
post_pre,7012,690,691,"(0, 1)",PLACE,PLACE,1,pot_0,pot_0,1,1,PLACE,PLACE,PLACE,pot_0,pot_0,pot_0,0,0,serve
post_pre,7012,694,695,"(-1, 0)",FETCH,FETCH,1,onion_0,onion_0,1,1,FETCH,FETCH,FETCH,onion_0,onion_0,onion_0,0,0,serve
post_pre,7012,696,697,"(0, 1)",PLACE,PLACE,1,pot_0,pot_0,1,1,PLACE,PLACE,PLACE,pot_0,pot_0,pot_0,0,0,serve
post_pre,7013,0,1,"(-1, 0)",FETCH,FETCH,1,onion_0,onion_0,1,1,FETCH,FETCH,FETCH,onion_0,onion_0,onion_0,0,0,serve
post_pre,7013,3,4,"(0, 1)",PLACE,PLACE,1,pot_0,pot_0,1,1,PLACE,PLACE,PLACE,pot_0,pot_0,pot_0,0,0,serve
post_pre,7013,7,8,"(-1, 0)",FETCH,FETCH,1,onion_0,onion_0,1,1,FETCH,FETCH,FETCH,onion_0,onion_0,onion_0,0,0,serve
post_pre,7013,9,10,"(0, 1)",PLACE,PLACE,1,pot_0,pot_0,1,1,PLACE,PLACE,PLACE,pot_0,pot_0,pot_0,0,0,serve
post_pre,7013,13,14,"(-1, 0)",FETCH,FETCH,1,onion_0,onion_0,1,1,FETCH,FETCH,FETCH,onion_0,onion_0,onion_0,0,0,serve
post_pre,7013,15,16,"(0, 1)",PLACE,PLACE,1,pot_0,pot_0,1,1,PLACE,PLACE,PLACE,pot_0,pot_0,pot_0,0,0,serve
post_pre,7013,19,20,interact,COOK_START,COOK_START,1,pot_0,pot_0,1,1,COOK_START,COOK_START,COOK_START,pot_0,pot_0,pot_0,0,0,serve
post_pre,7013,20,21,"(-1, 0)",FETCH,FETCH,1,onion_0,onion_0,1,1,FETCH,FETCH,FETCH,onion_0,onion_0,onion_0,0,0,serve
post_pre,7013,22,23,"(0, 1)",PLACE,PLACE,1,pot_1,pot_1,1,1,PLACE,PLACE,PLACE,pot_1,pot_1,pot_1,0,0,serve
post_pre,7013,28,29,"(1, 0)",FETCH,FETCH,1,onion_1,onion_1,1,1,FETCH,FETCH,FETCH,onion_1,onion_1,onion_1,0,0,serve
post_pre,7013,30,31,"(0, 1)",PLACE,PLACE,1,pot_1,pot_1,1,1,PLACE,PLACE,PLACE,pot_1,pot_1,pot_1,0,0,serve
post_pre,7013,34,35,"(1, 0)",FETCH,FETCH,1,onion_1,onion_1,1,1,FETCH,FETCH,FETCH,onion_1,onion_1,onion_1,0,0,serve
post_pre,7013,36,37,"(0, 1)",PLACE,PLACE,1,pot_1,pot_1,1,1,PLACE,PLACE,PLACE,pot_1,pot_1,pot_1,0,0,serve
post_pre,7013,40,41,interact,COOK_START,COOK_START,1,pot_1,pot_1,1,1,COOK_START,COOK_START,COOK_START,pot_1,pot_1,pot_1,0,0,serve
post_pre,7013,41,42,"(0, 0)",GET_DISH,GET_DISH,1,dish_0,dish_0,1,1,GET_DISH,GET_DISH,GET_DISH,dish_0,dish_0,dish_0,0,0,cook
post_pre,7013,47,48,"(1, 0)",PRE,PRE,1,pot_1,none,0,0,PRE,PRE,PRE,none,pot_1,none,0,1,dynamic
post_pre,7013,60,61,"(1, 0)",PICKUP,PICKUP,1,pot_1,pot_1,1,1,PICKUP,PICKUP,PICKUP,pot_1,pot_1,pot_1,0,0,cook
post_pre,7013,63,64,"(0, 1)",DELIVER,DELIVER,1,serve_0,serve_0,1,1,DELIVER,DELIVER,DELIVER,serve_0,serve_0,serve_0,0,0,cook
post_pre,7013,65,66,"(0, -1)",FETCH,FETCH,1,onion_1,onion_1,1,1,FETCH,FETCH,FETCH,onion_1,onion_1,onion_1,0,0,serve
post_pre,7013,68,69,"(0, 1)",PLACE,PLACE,1,pot_1,pot_1,1,1,PLACE,PLACE,PLACE,pot_1,pot_1,pot_1,0,0,serve
post_pre,7013,72,73,"(1, 0)",FETCH,FETCH,1,onion_1,onion_1,1,1,FETCH,FETCH,FETCH,onion_1,onion_1,onion_1,0,0,serve
post_pre,7013,74,75,"(-1, 0)",PLACE,PLACE,1,pot_1,pot_1,1,1,PLACE,PLACE,PLACE,pot_1,pot_1,pot_1,0,0,serve
post_pre,7013,78,79,"(1, 0)",FETCH,FETCH,1,onion_1,onion_1,1,1,FETCH,FETCH,FETCH,onion_1,onion_1,onion_1,0,0,serve
post_pre,7013,80,81,"(-1, 0)",PLACE,PLACE,1,pot_1,pot_1,1,1,PLACE,PLACE,PLACE,pot_1,pot_1,pot_1,0,0,serve
post_pre,7013,84,85,interact,COOK_START,COOK_START,1,pot_1,pot_1,1,1,COOK_START,COOK_START,COOK_START,pot_1,pot_1,pot_1,0,0,serve
post_pre,7013,85,86,"(1, 0)",FETCH,FETCH,1,onion_1,onion_1,1,1,FETCH,FETCH,FETCH,onion_1,onion_1,onion_1,0,0,serve
post_pre,7013,87,88,"(0, 1)",PLACE,PLACE,1,pot_0,pot_0,1,1,PLACE,PLACE,PLACE,pot_0,pot_0,pot_0,0,0,serve
post_pre,7013,100,101,interact,COOK_START,COOK_START,1,pot_0,pot_0,1,1,COOK_START,COOK_START,COOK_START,pot_0,pot_0,pot_0,0,0,serve
post_pre,7013,101,102,"(1, 0)",HOLD,HOLD,1,none,none,1,1,HOLD,HOLD,HOLD,none,none,none,0,0,dynamic
post_pre,7013,107,108,"(-1, 0)",FETCH,GET_DISH,0,onion_0,dish_0,0,0,GET_DISH,GET_DISH,GET_DISH,dish_0,dish_0,dish_0,0,0,cook
post_pre,7013,110,111,"(0, 1)",PLACE,PLACE,1,pot_1,pot_0,0,0,PLACE,PLACE,PLACE,pot_0,pot_0,pot_0,0,0,serve
post_pre,7013,119,120,"(1, 0)",FETCH,FETCH,1,onion_1,onion_1,1,1,FETCH,FETCH,FETCH,onion_1,onion_1,onion_1,0,0,serve
post_pre,7013,121,122,"(0, 1)",PLACE,PLACE,1,pot_1,pot_1,1,1,PLACE,PLACE,PLACE,pot_1,pot_1,pot_1,0,0,serve
post_pre,7013,125,126,"(1, 0)",FETCH,FETCH,1,onion_1,onion_1,1,1,FETCH,FETCH,FETCH,onion_1,onion_1,onion_1,0,0,serve
post_pre,7013,127,128,"(0, 1)",PLACE,PLACE,1,pot_1,pot_1,1,1,PLACE,PLACE,PLACE,pot_1,pot_1,pot_1,0,0,serve
post_pre,7013,133,134,interact,COOK_START,COOK_START,1,pot_1,pot_1,1,1,COOK_START,COOK_START,COOK_START,pot_1,pot_1,pot_1,0,0,serve
post_pre,7013,134,135,"(1, 0)",FETCH,FETCH,1,onion_1,onion_1,1,1,FETCH,FETCH,FETCH,onion_1,onion_1,onion_1,0,0,serve
post_pre,7013,136,137,"(0, 1)",PLACE,PLACE,1,pot_0,pot_0,1,1,PLACE,PLACE,PLACE,pot_0,pot_0,pot_0,0,0,serve
post_pre,7013,146,147,"(-1, 0)",FETCH,FETCH,1,onion_0,onion_0,1,1,FETCH,FETCH,FETCH,onion_0,onion_0,onion_0,0,0,serve
post_pre,7013,148,149,"(0, 1)",PLACE,PLACE,1,pot_0,pot_0,1,1,PLACE,PLACE,PLACE,pot_0,pot_0,pot_0,0,0,serve
post_pre,7013,152,153,"(-1, 0)",FETCH,FETCH,1,onion_0,onion_0,1,1,FETCH,FETCH,FETCH,onion_0,onion_0,onion_0,0,0,serve
post_pre,7013,154,155,"(0, 1)",PLACE,PLACE,1,pot_0,pot_0,1,1,PLACE,PLACE,PLACE,pot_0,pot_0,pot_0,0,0,serve
post_pre,7013,158,159,interact,COOK_START,COOK_START,1,pot_0,pot_0,1,1,COOK_START,COOK_START,COOK_START,pot_0,pot_0,pot_0,0,0,serve
post_pre,7013,159,160,"(-1, 0)",FETCH,FETCH,1,onion_0,onion_0,1,1,FETCH,FETCH,FETCH,onion_0,onion_0,onion_0,0,0,serve
post_pre,7013,161,162,"(0, 1)",PLACE,PLACE,1,pot_1,pot_1,1,1,PLACE,PLACE,PLACE,pot_1,pot_1,pot_1,0,0,serve
post_pre,7013,167,168,"(1, 0)",FETCH,FETCH,1,onion_1,onion_1,1,1,FETCH,FETCH,FETCH,onion_1,onion_1,onion_1,0,0,serve
post_pre,7013,169,170,"(0, 1)",PLACE,PLACE,1,pot_1,pot_1,1,1,PLACE,PLACE,PLACE,pot_1,pot_1,pot_1,0,0,serve
post_pre,7013,173,174,"(1, 0)",FETCH,FETCH,1,onion_1,onion_1,1,1,FETCH,FETCH,FETCH,onion_1,onion_1,onion_1,0,0,serve
post_pre,7013,175,176,"(0, 1)",PLACE,PLACE,1,pot_1,pot_1,1,1,PLACE,PLACE,PLACE,pot_1,pot_1,pot_1,0,0,serve
post_pre,7013,179,180,interact,COOK_START,COOK_START,1,pot_1,pot_1,1,1,COOK_START,COOK_START,COOK_START,pot_1,pot_1,pot_1,0,0,serve
post_pre,7013,180,181,"(0, 0)",GET_DISH,GET_DISH,1,dish_0,dish_0,1,1,GET_DISH,GET_DISH,GET_DISH,dish_0,dish_0,dish_0,0,0,cook
post_pre,7013,186,187,"(1, 0)",PRE,PRE,1,pot_1,none,0,0,PRE,PRE,PRE,none,pot_1,none,0,1,dynamic
post_pre,7013,199,200,"(1, 0)",PICKUP,PICKUP,1,pot_1,pot_1,1,1,PICKUP,PICKUP,PICKUP,pot_1,pot_1,pot_1,0,0,cook
post_pre,7013,202,203,"(0, 1)",DELIVER,DELIVER,1,serve_0,serve_0,1,1,DELIVER,DELIVER,DELIVER,serve_0,serve_0,serve_0,0,0,cook
post_pre,7013,204,205,"(0, -1)",FETCH,FETCH,1,onion_1,onion_1,1,1,FETCH,FETCH,FETCH,onion_1,onion_1,onion_1,0,0,serve
post_pre,7013,207,208,"(0, 1)",PLACE,PLACE,1,pot_1,pot_1,1,1,PLACE,PLACE,PLACE,pot_1,pot_1,pot_1,0,0,serve
post_pre,7013,218,219,"(1, 0)",FETCH,FETCH,1,onion_1,onion_1,1,1,FETCH,FETCH,FETCH,onion_1,onion_1,onion_1,0,0,serve
post_pre,7013,220,221,"(-1, 0)",PLACE,PLACE,1,pot_1,pot_1,1,1,PLACE,PLACE,PLACE,pot_1,pot_1,pot_1,0,0,serve
post_pre,7013,224,225,"(1, 0)",FETCH,FETCH,1,onion_1,onion_1,1,1,FETCH,FETCH,FETCH,onion_1,onion_1,onion_1,0,0,serve
post_pre,7013,226,227,"(-1, 0)",PLACE,PLACE,1,pot_1,pot_1,1,1,PLACE,PLACE,PLACE,pot_1,pot_1,pot_1,0,0,serve
post_pre,7013,230,231,interact,COOK_START,COOK_START,1,pot_1,pot_1,1,1,COOK_START,COOK_START,COOK_START,pot_1,pot_1,pot_1,0,0,serve
post_pre,7013,231,232,"(1, 0)",FETCH,FETCH,1,onion_1,onion_1,1,1,FETCH,FETCH,FETCH,onion_1,onion_1,onion_1,0,0,serve
post_pre,7013,233,234,"(0, 1)",PLACE,PLACE,1,pot_0,pot_0,1,1,PLACE,PLACE,PLACE,pot_0,pot_0,pot_0,0,0,serve
post_pre,7013,246,247,"(-1, 0)",FETCH,FETCH,1,onion_0,onion_0,1,1,FETCH,FETCH,FETCH,onion_0,onion_0,onion_0,0,0,serve
post_pre,7013,248,249,"(0, 1)",PLACE,PLACE,1,pot_0,pot_0,1,1,PLACE,PLACE,PLACE,pot_0,pot_0,pot_0,0,0,serve
post_pre,7013,252,253,"(-1, 0)",FETCH,FETCH,1,onion_0,onion_0,1,1,FETCH,FETCH,FETCH,onion_0,onion_0,onion_0,0,0,serve
post_pre,7013,254,255,"(0, 1)",PLACE,PLACE,1,pot_0,pot_0,1,1,PLACE,PLACE,PLACE,pot_0,pot_0,pot_0,0,0,serve
post_pre,7013,258,259,interact,COOK_START,COOK_START,1,pot_0,pot_0,1,1,COOK_START,COOK_START,COOK_START,pot_0,pot_0,pot_0,0,0,serve
post_pre,7013,259,260,"(-1, 0)",FETCH,FETCH,1,onion_0,onion_0,1,1,FETCH,FETCH,FETCH,onion_0,onion_0,onion_0,0,0,serve
post_pre,7013,261,262,"(0, 1)",PLACE,PLACE,1,pot_1,pot_1,1,1,PLACE,PLACE,PLACE,pot_1,pot_1,pot_1,0,0,serve
post_pre,7013,267,268,"(1, 0)",FETCH,FETCH,1,onion_1,onion_1,1,1,FETCH,FETCH,FETCH,onion_1,onion_1,onion_1,0,0,serve
post_pre,7013,269,270,"(0, 1)",PLACE,PLACE,1,pot_1,pot_1,1,1,PLACE,PLACE,PLACE,pot_1,pot_1,pot_1,0,0,serve
post_pre,7013,273,274,"(1, 0)",FETCH,FETCH,1,onion_1,onion_1,1,1,FETCH,FETCH,FETCH,onion_1,onion_1,onion_1,0,0,serve
post_pre,7013,275,276,"(0, 1)",PLACE,PLACE,1,pot_1,pot_1,1,1,PLACE,PLACE,PLACE,pot_1,pot_1,pot_1,0,0,serve
post_pre,7013,279,280,interact,COOK_START,COOK_START,1,pot_1,pot_1,1,1,COOK_START,COOK_START,COOK_START,pot_1,pot_1,pot_1,0,0,serve
post_pre,7013,280,281,"(0, 0)",GET_DISH,GET_DISH,1,dish_0,dish_0,1,1,GET_DISH,GET_DISH,GET_DISH,dish_0,dish_0,dish_0,0,0,cook
post_pre,7013,286,287,"(1, 0)",PRE,PRE,1,pot_1,none,0,0,PRE,PRE,PRE,none,onion_1,none,0,1,dynamic
post_pre,7013,299,300,"(1, 0)",PICKUP,PICKUP,1,pot_1,pot_1,1,1,PICKUP,PICKUP,PICKUP,pot_1,pot_1,pot_1,0,0,cook
post_pre,7013,302,303,"(0, 1)",DELIVER,DELIVER,1,serve_0,serve_0,1,1,DELIVER,DELIVER,DELIVER,serve_0,serve_0,serve_0,0,0,cook
post_pre,7013,304,305,"(0, -1)",FETCH,FETCH,1,onion_1,onion_1,1,1,FETCH,FETCH,FETCH,onion_1,onion_1,onion_1,0,0,serve
post_pre,7013,307,308,"(0, 1)",PLACE,PLACE,1,pot_1,pot_1,1,1,PLACE,PLACE,PLACE,pot_1,pot_1,pot_1,0,0,serve
post_pre,7013,311,312,"(1, 0)",FETCH,FETCH,1,onion_1,onion_1,1,1,FETCH,FETCH,FETCH,onion_1,onion_1,onion_1,0,0,serve
post_pre,7013,313,314,"(-1, 0)",PLACE,PLACE,1,pot_1,pot_1,1,1,PLACE,PLACE,PLACE,pot_1,pot_1,pot_1,0,0,serve
post_pre,7013,317,318,"(1, 0)",FETCH,FETCH,1,onion_1,onion_1,1,1,FETCH,FETCH,FETCH,onion_1,onion_1,onion_1,0,0,serve
post_pre,7013,319,320,"(-1, 0)",PLACE,PLACE,1,pot_1,pot_1,1,1,PLACE,PLACE,PLACE,pot_1,pot_1,pot_1,0,0,serve
post_pre,7013,323,324,interact,COOK_START,COOK_START,1,pot_1,pot_1,1,1,COOK_START,COOK_START,COOK_START,pot_1,pot_1,pot_1,0,0,serve
post_pre,7013,324,325,"(1, 0)",FETCH,FETCH,1,onion_1,onion_1,1,1,FETCH,FETCH,FETCH,onion_1,onion_1,onion_1,0,0,serve
post_pre,7013,326,327,"(0, 1)",PLACE,PLACE,1,pot_0,pot_0,1,1,PLACE,PLACE,PLACE,pot_0,pot_0,pot_0,0,0,serve
post_pre,7013,339,340,interact,COOK_START,COOK_START,1,pot_0,pot_0,1,1,COOK_START,COOK_START,COOK_START,pot_0,pot_0,pot_0,0,0,serve
post_pre,7013,340,341,"(1, 0)",HOLD,HOLD,1,none,none,1,1,HOLD,HOLD,HOLD,none,none,none,0,0,dynamic
post_pre,7013,346,347,"(-1, 0)",FETCH,GET_DISH,0,onion_0,dish_0,0,0,GET_DISH,GET_DISH,GET_DISH,dish_0,dish_0,dish_0,0,0,cook
post_pre,7013,349,350,"(0, 1)",PLACE,PLACE,1,pot_1,pot_0,0,0,PLACE,PLACE,PLACE,pot_0,pot_0,pot_0,0,0,serve
post_pre,7013,358,359,"(1, 0)",FETCH,FETCH,1,onion_1,onion_1,1,1,FETCH,FETCH,FETCH,onion_1,onion_1,onion_1,0,0,serve
post_pre,7013,360,361,"(0, 1)",PLACE,PLACE,1,pot_1,pot_1,1,1,PLACE,PLACE,PLACE,pot_1,pot_1,pot_1,0,0,serve
post_pre,7013,364,365,"(1, 0)",FETCH,FETCH,1,onion_1,onion_1,1,1,FETCH,FETCH,FETCH,onion_1,onion_1,onion_1,0,0,serve
post_pre,7013,366,367,"(0, 1)",PLACE,PLACE,1,pot_1,pot_1,1,1,PLACE,PLACE,PLACE,pot_1,pot_1,pot_1,0,0,serve
post_pre,7013,372,373,interact,COOK_START,COOK_START,1,pot_1,pot_1,1,1,COOK_START,COOK_START,COOK_START,pot_1,pot_1,pot_1,0,0,serve
post_pre,7013,373,374,"(1, 0)",FETCH,FETCH,1,onion_1,onion_1,1,1,FETCH,FETCH,FETCH,onion_1,onion_1,onion_1,0,0,serve
post_pre,7013,375,376,"(0, 1)",PLACE,PLACE,1,pot_0,pot_0,1,1,PLACE,PLACE,PLACE,pot_0,pot_0,pot_0,0,0,serve
post_pre,7013,385,386,"(-1, 0)",FETCH,FETCH,1,onion_0,onion_0,1,1,FETCH,FETCH,FETCH,onion_0,onion_0,onion_0,0,0,serve
post_pre,7013,387,388,"(0, 1)",PLACE,PLACE,1,pot_0,pot_0,1,1,PLACE,PLACE,PLACE,pot_0,pot_0,pot_0,0,0,serve
post_pre,7013,391,392,"(-1, 0)",FETCH,FETCH,1,onion_0,onion_0,1,1,FETCH,FETCH,FETCH,onion_0,onion_0,onion_0,0,0,serve
post_pre,7013,393,394,"(0, 1)",PLACE,PLACE,1,pot_0,pot_0,1,1,PLACE,PLACE,PLACE,pot_0,pot_0,pot_0,0,0,serve
post_pre,7013,397,398,interact,COOK_START,COOK_START,1,pot_0,pot_0,1,1,COOK_START,COOK_START,COOK_START,pot_0,pot_0,pot_0,0,0,serve
post_pre,7013,398,399,"(-1, 0)",FETCH,GET_DISH,0,onion_0,dish_0,0,0,GET_DISH,FETCH,GET_DISH,dish_0,onion_0,dish_0,1,1,cook
post_pre,7013,400,401,"(0, 1)",PLACE,PLACE,1,pot_1,pot_1,1,1,PLACE,PLACE,PLACE,pot_1,pot_1,pot_1,0,0,serve
post_pre,7013,406,407,"(1, 0)",FETCH,FETCH,1,onion_1,onion_1,1,1,FETCH,FETCH,FETCH,onion_1,onion_1,onion_1,0,0,serve
post_pre,7013,408,409,"(0, 1)",PLACE,PLACE,1,pot_1,pot_1,1,1,PLACE,PLACE,PLACE,pot_1,pot_1,pot_1,0,0,serve
post_pre,7013,412,413,"(1, 0)",FETCH,FETCH,1,onion_1,onion_1,1,1,FETCH,FETCH,FETCH,onion_1,onion_1,onion_1,0,0,serve
post_pre,7013,414,415,"(0, 1)",PLACE,PLACE,1,pot_1,pot_1,1,1,PLACE,PLACE,PLACE,pot_1,pot_1,pot_1,0,0,serve
post_pre,7013,418,419,interact,COOK_START,COOK_START,1,pot_1,pot_1,1,1,COOK_START,COOK_START,COOK_START,pot_1,pot_1,pot_1,0,0,serve
post_pre,7013,419,420,"(0, 0)",GET_DISH,GET_DISH,1,dish_0,dish_0,1,1,GET_DISH,GET_DISH,GET_DISH,dish_0,dish_0,dish_0,0,0,cook
post_pre,7013,425,426,"(1, 0)",PRE,PRE,1,pot_1,pot_0,0,0,PRE,PRE,PRE,pot_0,pot_0,pot_0,0,0,dynamic
post_pre,7013,438,439,"(1, 0)",PICKUP,PICKUP,1,pot_1,pot_1,1,1,PICKUP,PICKUP,PICKUP,pot_1,pot_1,pot_1,0,0,cook
post_pre,7013,441,442,"(0, 1)",DELIVER,DELIVER,1,serve_0,serve_0,1,1,DELIVER,DELIVER,DELIVER,serve_0,serve_0,serve_0,0,0,cook
post_pre,7013,443,444,"(0, -1)",FETCH,FETCH,1,onion_1,onion_1,1,1,FETCH,FETCH,FETCH,onion_1,onion_1,onion_1,0,0,serve
post_pre,7013,446,447,"(0, 1)",PLACE,PLACE,1,pot_1,pot_0,0,0,PLACE,PLACE,PLACE,pot_0,pot_0,pot_0,0,0,serve
post_pre,7013,457,458,"(1, 0)",FETCH,FETCH,1,onion_1,onion_1,1,1,FETCH,FETCH,FETCH,onion_1,onion_1,onion_1,0,0,serve
post_pre,7013,459,460,"(-1, 0)",PLACE,PLACE,1,pot_1,pot_1,1,1,PLACE,PLACE,PLACE,pot_1,pot_1,pot_1,0,0,serve
post_pre,7013,463,464,"(1, 0)",FETCH,FETCH,1,onion_1,onion_1,1,1,FETCH,FETCH,FETCH,onion_1,onion_1,onion_1,0,0,serve
post_pre,7013,465,466,"(-1, 0)",PLACE,PLACE,1,pot_1,pot_1,1,1,PLACE,PLACE,PLACE,pot_1,pot_1,pot_1,0,0,serve
post_pre,7013,469,470,interact,COOK_START,COOK_START,1,pot_1,pot_1,1,1,COOK_START,COOK_START,COOK_START,pot_1,pot_1,pot_1,0,0,serve
post_pre,7013,470,471,"(1, 0)",FETCH,FETCH,1,onion_1,onion_1,1,1,FETCH,FETCH,FETCH,onion_1,onion_1,onion_1,0,0,serve
post_pre,7013,472,473,"(0, 1)",PLACE,PLACE,1,pot_0,pot_0,1,1,PLACE,PLACE,PLACE,pot_0,pot_0,pot_0,0,0,serve
post_pre,7013,485,486,"(-1, 0)",FETCH,GET_DISH,0,onion_0,onion_0,1,0,GET_DISH,FETCH,GET_DISH,onion_0,onion_0,onion_0,1,0,cook
post_pre,7013,487,488,"(0, 1)",PLACE,PLACE,1,pot_0,pot_0,1,1,PLACE,PLACE,PLACE,pot_0,pot_0,pot_0,0,0,serve
post_pre,7013,491,492,"(-1, 0)",FETCH,FETCH,1,onion_0,onion_0,1,1,FETCH,FETCH,FETCH,onion_0,onion_0,onion_0,0,0,serve
post_pre,7013,493,494,"(0, 1)",PLACE,PLACE,1,pot_0,pot_0,1,1,PLACE,PLACE,PLACE,pot_0,pot_0,pot_0,0,0,serve
post_pre,7013,497,498,interact,COOK_START,COOK_START,1,pot_0,pot_0,1,1,COOK_START,COOK_START,COOK_START,pot_0,pot_0,pot_0,0,0,serve
post_pre,7013,498,499,"(-1, 0)",FETCH,GET_DISH,0,onion_0,dish_0,0,0,GET_DISH,GET_DISH,GET_DISH,dish_0,dish_0,dish_0,0,0,cook
post_pre,7013,500,501,"(0, 1)",PLACE,PLACE,1,pot_1,pot_1,1,1,PLACE,PLACE,PLACE,pot_1,pot_1,pot_1,0,0,serve
post_pre,7013,506,507,"(1, 0)",FETCH,FETCH,1,onion_1,onion_1,1,1,FETCH,FETCH,FETCH,onion_1,onion_1,onion_1,0,0,serve
post_pre,7013,508,509,"(0, 1)",PLACE,PLACE,1,pot_1,pot_1,1,1,PLACE,PLACE,PLACE,pot_1,pot_1,pot_1,0,0,serve
post_pre,7013,512,513,"(1, 0)",FETCH,FETCH,1,onion_1,onion_1,1,1,FETCH,FETCH,FETCH,onion_1,onion_1,onion_1,0,0,serve
post_pre,7013,514,515,"(0, 1)",PLACE,PLACE,1,pot_1,pot_1,1,1,PLACE,PLACE,PLACE,pot_1,pot_1,pot_1,0,0,serve
post_pre,7013,518,519,interact,COOK_START,COOK_START,1,pot_1,pot_1,1,1,COOK_START,COOK_START,COOK_START,pot_1,pot_1,pot_1,0,0,serve
post_pre,7013,519,520,"(0, 0)",GET_DISH,GET_DISH,1,dish_0,dish_0,1,1,GET_DISH,GET_DISH,GET_DISH,dish_0,dish_0,dish_0,0,0,cook
post_pre,7013,525,526,"(1, 0)",PRE,PRE,1,pot_1,pot_0,0,0,PRE,PRE,PRE,pot_0,dish_0,pot_0,0,1,dynamic
post_pre,7013,538,539,"(1, 0)",PICKUP,PICKUP,1,pot_1,pot_1,1,1,PICKUP,PICKUP,PICKUP,pot_1,pot_1,pot_1,0,0,cook
post_pre,7013,541,542,"(0, 1)",DELIVER,DELIVER,1,serve_0,serve_0,1,1,DELIVER,DELIVER,DELIVER,serve_0,serve_0,serve_0,0,0,cook
post_pre,7013,543,544,"(0, -1)",FETCH,FETCH,1,onion_1,onion_1,1,1,FETCH,FETCH,FETCH,onion_1,onion_1,onion_1,0,0,serve
post_pre,7013,546,547,"(0, 1)",PLACE,PLACE,1,pot_1,pot_0,0,0,PLACE,PLACE,PLACE,pot_0,pot_0,pot_0,0,0,serve
post_pre,7013,557,558,"(1, 0)",FETCH,FETCH,1,onion_1,onion_1,1,1,FETCH,FETCH,FETCH,onion_1,onion_1,onion_1,0,0,serve
post_pre,7013,559,560,"(-1, 0)",PLACE,PLACE,1,pot_1,pot_1,1,1,PLACE,PLACE,PLACE,pot_1,pot_1,pot_1,0,0,serve
post_pre,7013,563,564,"(1, 0)",FETCH,FETCH,1,onion_1,onion_1,1,1,FETCH,FETCH,FETCH,onion_1,onion_1,onion_1,0,0,serve
post_pre,7013,565,566,"(-1, 0)",PLACE,PLACE,1,pot_1,pot_1,1,1,PLACE,PLACE,PLACE,pot_1,pot_1,pot_1,0,0,serve
post_pre,7013,569,570,interact,COOK_START,COOK_START,1,pot_1,pot_1,1,1,COOK_START,COOK_START,COOK_START,pot_1,pot_1,pot_1,0,0,serve
post_pre,7013,570,571,"(1, 0)",FETCH,FETCH,1,onion_1,onion_1,1,1,FETCH,FETCH,FETCH,onion_1,onion_1,onion_1,0,0,serve
post_pre,7013,572,573,"(0, 1)",PLACE,PLACE,1,pot_0,pot_0,1,1,PLACE,PLACE,PLACE,pot_0,pot_0,pot_0,0,0,serve
post_pre,7013,585,586,"(-1, 0)",FETCH,GET_DISH,0,onion_0,dish_0,0,0,GET_DISH,GET_DISH,GET_DISH,dish_0,dish_0,dish_0,0,0,cook
post_pre,7013,587,588,"(0, 1)",PLACE,PLACE,1,pot_0,pot_0,1,1,PLACE,PLACE,PLACE,pot_0,pot_0,pot_0,0,0,serve
post_pre,7013,591,592,"(-1, 0)",FETCH,FETCH,1,onion_0,onion_0,1,1,FETCH,FETCH,FETCH,onion_0,onion_0,onion_0,0,0,serve
post_pre,7013,593,594,"(0, 1)",PLACE,PLACE,1,pot_0,pot_0,1,1,PLACE,PLACE,PLACE,pot_0,pot_0,pot_0,0,0,serve
post_pre,7013,597,598,interact,COOK_START,COOK_START,1,pot_0,pot_0,1,1,COOK_START,COOK_START,COOK_START,pot_0,pot_0,pot_0,0,0,serve
post_pre,7013,598,599,"(-1, 0)",FETCH,GET_DISH,0,onion_0,dish_0,0,0,GET_DISH,GET_DISH,GET_DISH,dish_0,dish_0,dish_0,0,0,cook
post_pre,7013,600,601,"(0, 1)",PLACE,PLACE,1,pot_1,pot_1,1,1,PLACE,PLACE,PLACE,pot_1,pot_1,pot_1,0,0,serve
post_pre,7013,606,607,"(1, 0)",FETCH,FETCH,1,onion_1,onion_1,1,1,FETCH,FETCH,FETCH,onion_1,onion_1,onion_1,0,0,serve
post_pre,7013,608,609,"(0, 1)",PLACE,PLACE,1,pot_1,pot_1,1,1,PLACE,PLACE,PLACE,pot_1,pot_1,pot_1,0,0,serve
post_pre,7013,612,613,"(1, 0)",FETCH,FETCH,1,onion_1,onion_1,1,1,FETCH,FETCH,FETCH,onion_1,onion_1,onion_1,0,0,serve
post_pre,7013,614,615,"(0, 1)",PLACE,PLACE,1,pot_1,pot_1,1,1,PLACE,PLACE,PLACE,pot_1,pot_1,pot_1,0,0,serve
post_pre,7013,618,619,interact,COOK_START,COOK_START,1,pot_1,pot_1,1,1,COOK_START,COOK_START,COOK_START,pot_1,pot_1,pot_1,0,0,serve
post_pre,7013,619,620,"(0, 0)",GET_DISH,GET_DISH,1,dish_0,dish_0,1,1,GET_DISH,GET_DISH,GET_DISH,dish_0,dish_0,dish_0,0,0,cook
post_pre,7013,625,626,"(1, 0)",PRE,PRE,1,pot_1,pot_0,0,0,PRE,PRE,PRE,pot_0,dish_0,dish_0,0,1,dynamic
post_pre,7013,638,639,"(1, 0)",PICKUP,PICKUP,1,pot_1,pot_1,1,1,PICKUP,PICKUP,PICKUP,pot_1,pot_1,pot_1,0,0,cook
post_pre,7013,641,642,"(0, 1)",DELIVER,DELIVER,1,serve_0,serve_0,1,1,DELIVER,DELIVER,DELIVER,serve_0,serve_0,serve_0,0,0,cook
post_pre,7013,643,644,"(0, -1)",FETCH,FETCH,1,onion_1,onion_1,1,1,FETCH,FETCH,FETCH,onion_1,onion_1,onion_1,0,0,serve
post_pre,7013,646,647,"(0, 1)",PLACE,PLACE,1,pot_1,pot_0,0,0,PLACE,PLACE,PLACE,pot_0,pot_0,pot_0,0,0,serve
post_pre,7013,657,658,"(1, 0)",FETCH,FETCH,1,onion_1,onion_1,1,1,FETCH,FETCH,FETCH,onion_1,onion_1,onion_1,0,0,serve
post_pre,7013,659,660,"(-1, 0)",PLACE,PLACE,1,pot_1,pot_1,1,1,PLACE,PLACE,PLACE,pot_1,pot_1,pot_1,0,0,serve
post_pre,7013,663,664,"(1, 0)",FETCH,FETCH,1,onion_1,onion_1,1,1,FETCH,FETCH,FETCH,onion_1,onion_1,onion_1,0,0,serve
post_pre,7013,665,666,"(-1, 0)",PLACE,PLACE,1,pot_1,pot_1,1,1,PLACE,PLACE,PLACE,pot_1,pot_1,pot_1,0,0,serve
post_pre,7013,669,670,interact,COOK_START,COOK_START,1,pot_1,pot_1,1,1,COOK_START,COOK_START,COOK_START,pot_1,pot_1,pot_1,0,0,serve
post_pre,7013,670,671,"(1, 0)",FETCH,FETCH,1,onion_1,onion_1,1,1,FETCH,FETCH,FETCH,onion_1,onion_1,onion_1,0,0,serve
post_pre,7013,672,673,"(0, 1)",PLACE,PLACE,1,pot_0,pot_0,1,1,PLACE,PLACE,PLACE,pot_0,pot_0,pot_0,0,0,serve
post_pre,7013,685,686,"(-1, 0)",FETCH,GET_DISH,0,onion_0,dish_0,0,0,GET_DISH,GET_DISH,GET_DISH,dish_0,dish_0,dish_0,0,0,cook
post_pre,7013,687,688,"(0, 1)",PLACE,PLACE,1,pot_0,pot_0,1,1,PLACE,PLACE,PLACE,pot_0,pot_0,pot_0,0,0,serve
post_pre,7013,691,692,"(-1, 0)",FETCH,FETCH,1,onion_0,onion_0,1,1,FETCH,FETCH,FETCH,onion_0,onion_0,onion_0,0,0,serve
post_pre,7013,693,694,"(0, 1)",PLACE,PLACE,1,pot_0,pot_0,1,1,PLACE,PLACE,PLACE,pot_0,pot_0,pot_0,0,0,serve
post_pre,7013,697,698,interact,COOK_START,COOK_START,1,pot_0,pot_0,1,1,COOK_START,COOK_START,COOK_START,pot_0,pot_0,pot_0,0,0,serve
post_pre,7013,698,699,"(-1, 0)",FETCH,GET_DISH,0,onion_0,dish_0,0,0,GET_DISH,GET_DISH,GET_DISH,dish_0,dish_0,dish_0,0,0,cook
post_pre,7014,0,1,"(0, 0)",FETCH,FETCH,1,onion_0,onion_0,1,1,FETCH,FETCH,FETCH,onion_0,onion_0,onion_0,0,0,serve
post_pre,7014,5,6,"(0, 1)",PLACE,PLACE,1,pot_0,pot_0,1,1,PLACE,PLACE,PLACE,pot_0,pot_0,pot_0,0,0,serve
post_pre,7014,9,10,"(-1, 0)",FETCH,FETCH,1,onion_0,onion_0,1,1,FETCH,FETCH,FETCH,onion_0,onion_0,onion_0,0,0,serve
post_pre,7014,11,12,"(0, 1)",PLACE,PLACE,1,pot_0,pot_0,1,1,PLACE,PLACE,PLACE,pot_0,pot_0,pot_0,0,0,serve
post_pre,7014,15,16,"(-1, 0)",FETCH,FETCH,1,onion_0,onion_0,1,1,FETCH,FETCH,FETCH,onion_0,onion_0,onion_0,0,0,serve
post_pre,7014,17,18,"(0, 1)",PLACE,PLACE,1,pot_0,pot_0,1,1,PLACE,PLACE,PLACE,pot_0,pot_0,pot_0,0,0,serve
post_pre,7014,21,22,interact,COOK_START,COOK_START,1,pot_0,pot_0,1,1,COOK_START,COOK_START,COOK_START,pot_0,pot_0,pot_0,0,0,serve
post_pre,7014,22,23,"(-1, 0)",FETCH,FETCH,1,onion_0,onion_0,1,1,FETCH,FETCH,FETCH,onion_0,onion_0,onion_0,0,0,serve
post_pre,7014,24,25,"(0, 1)",PLACE,PLACE,1,pot_1,pot_1,1,1,PLACE,PLACE,PLACE,pot_1,pot_1,pot_1,0,0,serve
post_pre,7014,30,31,"(1, 0)",FETCH,FETCH,1,onion_1,onion_1,1,1,FETCH,FETCH,FETCH,onion_1,onion_1,onion_1,0,0,serve
post_pre,7014,32,33,"(0, 1)",PLACE,PLACE,1,pot_1,pot_1,1,1,PLACE,PLACE,PLACE,pot_1,pot_1,pot_1,0,0,serve
post_pre,7014,36,37,"(1, 0)",FETCH,FETCH,1,onion_1,onion_1,1,1,FETCH,FETCH,FETCH,onion_1,onion_1,onion_1,0,0,serve
post_pre,7014,38,39,"(0, 1)",PLACE,PLACE,1,pot_1,pot_1,1,1,PLACE,PLACE,PLACE,pot_1,pot_1,pot_1,0,0,serve
post_pre,7014,42,43,interact,COOK_START,COOK_START,1,pot_1,pot_1,1,1,COOK_START,COOK_START,COOK_START,pot_1,pot_1,pot_1,0,0,serve
post_pre,7014,43,44,"(0, 0)",GET_DISH,GET_DISH,1,dish_0,dish_0,1,1,GET_DISH,GET_DISH,GET_DISH,dish_0,dish_0,dish_0,0,0,cook
post_pre,7014,49,50,"(1, 0)",PRE,PRE,1,pot_1,none,0,0,PRE,PRE,PRE,none,pot_1,none,0,1,dynamic
post_pre,7014,62,63,"(1, 0)",PICKUP,PICKUP,1,pot_1,pot_1,1,1,PICKUP,PICKUP,PICKUP,pot_1,pot_1,pot_1,0,0,cook
post_pre,7014,65,66,"(0, 1)",DELIVER,DELIVER,1,serve_0,serve_0,1,1,DELIVER,DELIVER,DELIVER,serve_0,serve_0,serve_0,0,0,cook
post_pre,7014,67,68,"(0, -1)",FETCH,FETCH,1,onion_1,onion_1,1,1,FETCH,FETCH,FETCH,onion_1,onion_1,onion_1,0,0,serve
post_pre,7014,70,71,"(0, 1)",PLACE,PLACE,1,pot_1,pot_1,1,1,PLACE,PLACE,PLACE,pot_1,pot_1,pot_1,0,0,serve
post_pre,7014,74,75,"(1, 0)",FETCH,FETCH,1,onion_1,onion_1,1,1,FETCH,FETCH,FETCH,onion_1,onion_1,onion_1,0,0,serve
post_pre,7014,76,77,"(-1, 0)",PLACE,PLACE,1,pot_1,pot_1,1,1,PLACE,PLACE,PLACE,pot_1,pot_1,pot_1,0,0,serve
post_pre,7014,80,81,"(1, 0)",FETCH,FETCH,1,onion_1,onion_1,1,1,FETCH,FETCH,FETCH,onion_1,onion_1,onion_1,0,0,serve
post_pre,7014,82,83,"(-1, 0)",PLACE,PLACE,1,pot_1,pot_1,1,1,PLACE,PLACE,PLACE,pot_1,pot_1,pot_1,0,0,serve
post_pre,7014,86,87,interact,COOK_START,COOK_START,1,pot_1,pot_1,1,1,COOK_START,COOK_START,COOK_START,pot_1,pot_1,pot_1,0,0,serve
post_pre,7014,87,88,"(1, 0)",FETCH,FETCH,1,onion_1,onion_1,1,1,FETCH,FETCH,FETCH,onion_1,onion_1,onion_1,0,0,serve
post_pre,7014,89,90,"(0, 1)",PLACE,PLACE,1,pot_0,pot_0,1,1,PLACE,PLACE,PLACE,pot_0,pot_0,pot_0,0,0,serve
post_pre,7014,102,103,interact,COOK_START,COOK_START,1,pot_0,pot_0,1,1,COOK_START,COOK_START,COOK_START,pot_0,pot_0,pot_0,0,0,serve
post_pre,7014,103,104,"(1, 0)",HOLD,HOLD,1,none,none,1,1,HOLD,HOLD,HOLD,none,none,none,0,0,dynamic
post_pre,7014,109,110,"(-1, 0)",FETCH,GET_DISH,0,onion_0,dish_0,0,0,GET_DISH,GET_DISH,GET_DISH,dish_0,dish_0,dish_0,0,0,cook
post_pre,7014,112,113,"(0, 1)",PLACE,PLACE,1,pot_1,pot_0,0,0,PLACE,PLACE,PLACE,pot_0,pot_0,pot_0,0,0,serve
post_pre,7014,121,122,"(1, 0)",FETCH,FETCH,1,onion_1,onion_1,1,1,FETCH,FETCH,FETCH,onion_1,onion_1,onion_1,0,0,serve
post_pre,7014,123,124,"(0, 1)",PLACE,PLACE,1,pot_1,pot_1,1,1,PLACE,PLACE,PLACE,pot_1,pot_1,pot_1,0,0,serve
post_pre,7014,127,128,"(1, 0)",FETCH,FETCH,1,onion_1,onion_1,1,1,FETCH,FETCH,FETCH,onion_1,onion_1,onion_1,0,0,serve
post_pre,7014,129,130,"(0, 1)",PLACE,PLACE,1,pot_1,pot_1,1,1,PLACE,PLACE,PLACE,pot_1,pot_1,pot_1,0,0,serve
post_pre,7014,135,136,interact,COOK_START,COOK_START,1,pot_1,pot_1,1,1,COOK_START,COOK_START,COOK_START,pot_1,pot_1,pot_1,0,0,serve
post_pre,7014,136,137,"(1, 0)",FETCH,FETCH,1,onion_1,onion_1,1,1,FETCH,FETCH,FETCH,onion_1,onion_1,onion_1,0,0,serve
post_pre,7014,138,139,"(0, 1)",PLACE,PLACE,1,pot_0,pot_0,1,1,PLACE,PLACE,PLACE,pot_0,pot_0,pot_0,0,0,serve
post_pre,7014,148,149,"(-1, 0)",FETCH,FETCH,1,onion_0,onion_0,1,1,FETCH,FETCH,FETCH,onion_0,onion_0,onion_0,0,0,serve
post_pre,7014,150,151,"(0, 1)",PLACE,PLACE,1,pot_0,pot_0,1,1,PLACE,PLACE,PLACE,pot_0,pot_0,pot_0,0,0,serve
post_pre,7014,154,155,"(-1, 0)",FETCH,FETCH,1,onion_0,onion_0,1,1,FETCH,FETCH,FETCH,onion_0,onion_0,onion_0,0,0,serve
post_pre,7014,156,157,"(0, 1)",PLACE,PLACE,1,pot_0,pot_0,1,1,PLACE,PLACE,PLACE,pot_0,pot_0,pot_0,0,0,serve
post_pre,7014,160,161,interact,COOK_START,COOK_START,1,pot_0,pot_0,1,1,COOK_START,COOK_START,COOK_START,pot_0,pot_0,pot_0,0,0,serve
post_pre,7014,161,162,"(-1, 0)",FETCH,FETCH,1,onion_0,onion_0,1,1,FETCH,FETCH,FETCH,onion_0,onion_0,onion_0,0,0,serve
post_pre,7014,163,164,"(0, 1)",PLACE,PLACE,1,pot_1,pot_1,1,1,PLACE,PLACE,PLACE,pot_1,pot_1,pot_1,0,0,serve
post_pre,7014,169,170,"(1, 0)",FETCH,FETCH,1,onion_1,onion_1,1,1,FETCH,FETCH,FETCH,onion_1,onion_1,onion_1,0,0,serve
post_pre,7014,171,172,"(0, 1)",PLACE,PLACE,1,pot_1,pot_1,1,1,PLACE,PLACE,PLACE,pot_1,pot_1,pot_1,0,0,serve
post_pre,7014,175,176,"(1, 0)",FETCH,FETCH,1,onion_1,onion_1,1,1,FETCH,FETCH,FETCH,onion_1,onion_1,onion_1,0,0,serve
post_pre,7014,177,178,"(0, 1)",PLACE,PLACE,1,pot_1,pot_1,1,1,PLACE,PLACE,PLACE,pot_1,pot_1,pot_1,0,0,serve
post_pre,7014,181,182,interact,COOK_START,COOK_START,1,pot_1,pot_1,1,1,COOK_START,COOK_START,COOK_START,pot_1,pot_1,pot_1,0,0,serve
post_pre,7014,182,183,"(0, 0)",GET_DISH,GET_DISH,1,dish_0,dish_0,1,1,GET_DISH,GET_DISH,GET_DISH,dish_0,dish_0,dish_0,0,0,cook
post_pre,7014,188,189,"(1, 0)",PRE,PRE,1,pot_1,none,0,0,PRE,PRE,PRE,none,pot_1,none,0,1,dynamic
post_pre,7014,201,202,"(1, 0)",PICKUP,PICKUP,1,pot_1,pot_1,1,1,PICKUP,PICKUP,PICKUP,pot_1,pot_1,pot_1,0,0,cook
post_pre,7014,204,205,"(0, 1)",DELIVER,DELIVER,1,serve_0,serve_0,1,1,DELIVER,DELIVER,DELIVER,serve_0,serve_0,serve_0,0,0,cook
post_pre,7014,206,207,"(0, -1)",FETCH,FETCH,1,onion_1,onion_1,1,1,FETCH,FETCH,FETCH,onion_1,onion_1,onion_1,0,0,serve
post_pre,7014,209,210,"(0, 1)",PLACE,PLACE,1,pot_1,pot_1,1,1,PLACE,PLACE,PLACE,pot_1,pot_1,pot_1,0,0,serve
post_pre,7014,220,221,"(1, 0)",FETCH,FETCH,1,onion_1,onion_1,1,1,FETCH,FETCH,FETCH,onion_1,onion_1,onion_1,0,0,serve
post_pre,7014,222,223,"(-1, 0)",PLACE,PLACE,1,pot_1,pot_1,1,1,PLACE,PLACE,PLACE,pot_1,pot_1,pot_1,0,0,serve
post_pre,7014,226,227,"(1, 0)",FETCH,FETCH,1,onion_1,onion_1,1,1,FETCH,FETCH,FETCH,onion_1,onion_1,onion_1,0,0,serve
post_pre,7014,228,229,"(-1, 0)",PLACE,PLACE,1,pot_1,pot_1,1,1,PLACE,PLACE,PLACE,pot_1,pot_1,pot_1,0,0,serve
post_pre,7014,232,233,interact,COOK_START,COOK_START,1,pot_1,pot_1,1,1,COOK_START,COOK_START,COOK_START,pot_1,pot_1,pot_1,0,0,serve
post_pre,7014,233,234,"(1, 0)",FETCH,FETCH,1,onion_1,onion_1,1,1,FETCH,FETCH,FETCH,onion_1,onion_1,onion_1,0,0,serve
post_pre,7014,235,236,"(0, 1)",PLACE,PLACE,1,pot_0,pot_0,1,1,PLACE,PLACE,PLACE,pot_0,pot_0,pot_0,0,0,serve
post_pre,7014,248,249,"(-1, 0)",FETCH,FETCH,1,onion_0,onion_0,1,1,FETCH,FETCH,FETCH,onion_0,onion_0,onion_0,0,0,serve
post_pre,7014,250,251,"(0, 1)",PLACE,PLACE,1,pot_0,pot_0,1,1,PLACE,PLACE,PLACE,pot_0,pot_0,pot_0,0,0,serve
post_pre,7014,254,255,"(-1, 0)",FETCH,FETCH,1,onion_0,onion_0,1,1,FETCH,FETCH,FETCH,onion_0,onion_0,onion_0,0,0,serve
post_pre,7014,256,257,"(0, 1)",PLACE,PLACE,1,pot_0,pot_0,1,1,PLACE,PLACE,PLACE,pot_0,pot_0,pot_0,0,0,serve
post_pre,7014,260,261,interact,COOK_START,COOK_START,1,pot_0,pot_0,1,1,COOK_START,COOK_START,COOK_START,pot_0,pot_0,pot_0,0,0,serve
post_pre,7014,261,262,"(-1, 0)",FETCH,FETCH,1,onion_0,onion_0,1,1,FETCH,FETCH,FETCH,onion_0,onion_0,onion_0,0,0,serve
post_pre,7014,263,264,"(0, 1)",PLACE,PLACE,1,pot_1,pot_1,1,1,PLACE,PLACE,PLACE,pot_1,pot_1,pot_1,0,0,serve
post_pre,7014,269,270,"(1, 0)",FETCH,FETCH,1,onion_1,onion_1,1,1,FETCH,FETCH,FETCH,onion_1,onion_1,onion_1,0,0,serve
post_pre,7014,271,272,"(0, 1)",PLACE,PLACE,1,pot_1,pot_1,1,1,PLACE,PLACE,PLACE,pot_1,pot_1,pot_1,0,0,serve
post_pre,7014,275,276,"(1, 0)",FETCH,FETCH,1,onion_1,onion_1,1,1,FETCH,FETCH,FETCH,onion_1,onion_1,onion_1,0,0,serve
post_pre,7014,277,278,"(0, 1)",PLACE,PLACE,1,pot_1,pot_1,1,1,PLACE,PLACE,PLACE,pot_1,pot_1,pot_1,0,0,serve
post_pre,7014,281,282,interact,COOK_START,COOK_START,1,pot_1,pot_1,1,1,COOK_START,COOK_START,COOK_START,pot_1,pot_1,pot_1,0,0,serve
post_pre,7014,282,283,"(0, 0)",GET_DISH,GET_DISH,1,dish_0,dish_0,1,1,GET_DISH,GET_DISH,GET_DISH,dish_0,dish_0,dish_0,0,0,cook
post_pre,7014,288,289,"(1, 0)",PRE,PRE,1,pot_1,none,0,0,PRE,PRE,PRE,none,onion_1,none,0,1,dynamic
post_pre,7014,301,302,"(1, 0)",PICKUP,PICKUP,1,pot_1,pot_1,1,1,PICKUP,PICKUP,PICKUP,pot_1,pot_1,pot_1,0,0,cook
post_pre,7014,304,305,"(0, 1)",DELIVER,DELIVER,1,serve_0,serve_0,1,1,DELIVER,DELIVER,DELIVER,serve_0,serve_0,serve_0,0,0,cook
post_pre,7014,306,307,"(0, -1)",FETCH,FETCH,1,onion_1,onion_1,1,1,FETCH,FETCH,FETCH,onion_1,onion_1,onion_1,0,0,serve
post_pre,7014,309,310,"(0, 1)",PLACE,PLACE,1,pot_1,pot_1,1,1,PLACE,PLACE,PLACE,pot_1,pot_1,pot_1,0,0,serve
post_pre,7014,313,314,"(1, 0)",FETCH,FETCH,1,onion_1,onion_1,1,1,FETCH,FETCH,FETCH,onion_1,onion_1,onion_1,0,0,serve
post_pre,7014,315,316,"(-1, 0)",PLACE,PLACE,1,pot_1,pot_1,1,1,PLACE,PLACE,PLACE,pot_1,pot_1,pot_1,0,0,serve
post_pre,7014,319,320,"(1, 0)",FETCH,FETCH,1,onion_1,onion_1,1,1,FETCH,FETCH,FETCH,onion_1,onion_1,onion_1,0,0,serve
post_pre,7014,321,322,"(-1, 0)",PLACE,PLACE,1,pot_1,pot_1,1,1,PLACE,PLACE,PLACE,pot_1,pot_1,pot_1,0,0,serve
post_pre,7014,325,326,interact,COOK_START,COOK_START,1,pot_1,pot_1,1,1,COOK_START,COOK_START,COOK_START,pot_1,pot_1,pot_1,0,0,serve
post_pre,7014,326,327,"(1, 0)",FETCH,FETCH,1,onion_1,onion_1,1,1,FETCH,FETCH,FETCH,onion_1,onion_1,onion_1,0,0,serve
post_pre,7014,328,329,"(0, 1)",PLACE,PLACE,1,pot_0,pot_0,1,1,PLACE,PLACE,PLACE,pot_0,pot_0,pot_0,0,0,serve
post_pre,7014,341,342,interact,COOK_START,COOK_START,1,pot_0,pot_0,1,1,COOK_START,COOK_START,COOK_START,pot_0,pot_0,pot_0,0,0,serve
post_pre,7014,342,343,"(1, 0)",HOLD,HOLD,1,none,none,1,1,HOLD,HOLD,HOLD,none,none,none,0,0,dynamic
post_pre,7014,348,349,"(-1, 0)",FETCH,GET_DISH,0,onion_0,dish_0,0,0,GET_DISH,GET_DISH,GET_DISH,dish_0,dish_0,dish_0,0,0,cook
post_pre,7014,351,352,"(0, 1)",PLACE,PLACE,1,pot_1,pot_0,0,0,PLACE,PLACE,PLACE,pot_0,pot_0,pot_0,0,0,serve
post_pre,7014,360,361,"(1, 0)",FETCH,FETCH,1,onion_1,onion_1,1,1,FETCH,FETCH,FETCH,onion_1,onion_1,onion_1,0,0,serve
post_pre,7014,362,363,"(0, 1)",PLACE,PLACE,1,pot_1,pot_1,1,1,PLACE,PLACE,PLACE,pot_1,pot_1,pot_1,0,0,serve
post_pre,7014,366,367,"(1, 0)",FETCH,FETCH,1,onion_1,onion_1,1,1,FETCH,FETCH,FETCH,onion_1,onion_1,onion_1,0,0,serve
post_pre,7014,368,369,"(0, 1)",PLACE,PLACE,1,pot_1,pot_1,1,1,PLACE,PLACE,PLACE,pot_1,pot_1,pot_1,0,0,serve
post_pre,7014,374,375,interact,COOK_START,COOK_START,1,pot_1,pot_1,1,1,COOK_START,COOK_START,COOK_START,pot_1,pot_1,pot_1,0,0,serve
post_pre,7014,375,376,"(1, 0)",FETCH,FETCH,1,onion_1,onion_1,1,1,FETCH,FETCH,FETCH,onion_1,onion_1,onion_1,0,0,serve
post_pre,7014,377,378,"(0, 1)",PLACE,PLACE,1,pot_0,pot_0,1,1,PLACE,PLACE,PLACE,pot_0,pot_0,pot_0,0,0,serve
post_pre,7014,387,388,"(-1, 0)",FETCH,FETCH,1,onion_0,onion_0,1,1,FETCH,FETCH,FETCH,onion_0,onion_0,onion_0,0,0,serve
post_pre,7014,389,390,"(0, 1)",PLACE,PLACE,1,pot_0,pot_0,1,1,PLACE,PLACE,PLACE,pot_0,pot_0,pot_0,0,0,serve
post_pre,7014,393,394,"(-1, 0)",FETCH,FETCH,1,onion_0,onion_0,1,1,FETCH,FETCH,FETCH,onion_0,onion_0,onion_0,0,0,serve
post_pre,7014,395,396,"(0, 1)",PLACE,PLACE,1,pot_0,pot_0,1,1,PLACE,PLACE,PLACE,pot_0,pot_0,pot_0,0,0,serve
post_pre,7014,399,400,interact,COOK_START,COOK_START,1,pot_0,pot_0,1,1,COOK_START,COOK_START,COOK_START,pot_0,pot_0,pot_0,0,0,serve
post_pre,7014,400,401,"(-1, 0)",FETCH,GET_DISH,0,onion_0,dish_0,0,0,GET_DISH,FETCH,GET_DISH,dish_0,onion_0,dish_0,1,1,cook
post_pre,7014,402,403,"(0, 1)",PLACE,PLACE,1,pot_1,pot_1,1,1,PLACE,PLACE,PLACE,pot_1,pot_1,pot_1,0,0,serve
post_pre,7014,408,409,"(1, 0)",FETCH,FETCH,1,onion_1,onion_1,1,1,FETCH,FETCH,FETCH,onion_1,onion_1,onion_1,0,0,serve
post_pre,7014,410,411,"(0, 1)",PLACE,PLACE,1,pot_1,pot_1,1,1,PLACE,PLACE,PLACE,pot_1,pot_1,pot_1,0,0,serve
post_pre,7014,414,415,"(1, 0)",FETCH,FETCH,1,onion_1,onion_1,1,1,FETCH,FETCH,FETCH,onion_1,onion_1,onion_1,0,0,serve
post_pre,7014,416,417,"(0, 1)",PLACE,PLACE,1,pot_1,pot_1,1,1,PLACE,PLACE,PLACE,pot_1,pot_1,pot_1,0,0,serve
post_pre,7014,420,421,interact,COOK_START,COOK_START,1,pot_1,pot_1,1,1,COOK_START,COOK_START,COOK_START,pot_1,pot_1,pot_1,0,0,serve
post_pre,7014,421,422,"(0, 0)",GET_DISH,GET_DISH,1,dish_0,dish_0,1,1,GET_DISH,GET_DISH,GET_DISH,dish_0,dish_0,dish_0,0,0,cook
post_pre,7014,427,428,"(1, 0)",PRE,PRE,1,pot_1,pot_0,0,0,PRE,PRE,PRE,pot_0,pot_0,pot_0,0,0,dynamic
post_pre,7014,440,441,"(1, 0)",PICKUP,PICKUP,1,pot_1,pot_1,1,1,PICKUP,PICKUP,PICKUP,pot_1,pot_1,pot_1,0,0,cook
post_pre,7014,443,444,"(0, 1)",DELIVER,DELIVER,1,serve_0,serve_0,1,1,DELIVER,DELIVER,DELIVER,serve_0,serve_0,serve_0,0,0,cook
post_pre,7014,445,446,"(0, -1)",FETCH,FETCH,1,onion_1,onion_1,1,1,FETCH,FETCH,FETCH,onion_1,onion_1,onion_1,0,0,serve
post_pre,7014,448,449,"(0, 1)",PLACE,PLACE,1,pot_1,pot_0,0,0,PLACE,PLACE,PLACE,pot_0,pot_0,pot_0,0,0,serve
post_pre,7014,459,460,"(1, 0)",FETCH,FETCH,1,onion_1,onion_1,1,1,FETCH,FETCH,FETCH,onion_1,onion_1,onion_1,0,0,serve
post_pre,7014,461,462,"(-1, 0)",PLACE,PLACE,1,pot_1,pot_1,1,1,PLACE,PLACE,PLACE,pot_1,pot_1,pot_1,0,0,serve
post_pre,7014,465,466,"(1, 0)",FETCH,FETCH,1,onion_1,onion_1,1,1,FETCH,FETCH,FETCH,onion_1,onion_1,onion_1,0,0,serve
post_pre,7014,467,468,"(-1, 0)",PLACE,PLACE,1,pot_1,pot_1,1,1,PLACE,PLACE,PLACE,pot_1,pot_1,pot_1,0,0,serve
post_pre,7014,471,472,interact,COOK_START,COOK_START,1,pot_1,pot_1,1,1,COOK_START,COOK_START,COOK_START,pot_1,pot_1,pot_1,0,0,serve
post_pre,7014,472,473,"(1, 0)",FETCH,FETCH,1,onion_1,onion_1,1,1,FETCH,FETCH,FETCH,onion_1,onion_1,onion_1,0,0,serve
post_pre,7014,474,475,"(0, 1)",PLACE,PLACE,1,pot_0,pot_0,1,1,PLACE,PLACE,PLACE,pot_0,pot_0,pot_0,0,0,serve
post_pre,7014,487,488,"(-1, 0)",FETCH,GET_DISH,0,onion_0,onion_0,1,0,GET_DISH,FETCH,GET_DISH,onion_0,onion_0,onion_0,1,0,cook
post_pre,7014,489,490,"(0, 1)",PLACE,PLACE,1,pot_0,pot_0,1,1,PLACE,PLACE,PLACE,pot_0,pot_0,pot_0,0,0,serve
post_pre,7014,493,494,"(-1, 0)",FETCH,FETCH,1,onion_0,onion_0,1,1,FETCH,FETCH,FETCH,onion_0,onion_0,onion_0,0,0,serve
post_pre,7014,495,496,"(0, 1)",PLACE,PLACE,1,pot_0,pot_0,1,1,PLACE,PLACE,PLACE,pot_0,pot_0,pot_0,0,0,serve
post_pre,7014,499,500,interact,COOK_START,COOK_START,1,pot_0,pot_0,1,1,COOK_START,COOK_START,COOK_START,pot_0,pot_0,pot_0,0,0,serve
post_pre,7014,500,501,"(-1, 0)",FETCH,GET_DISH,0,onion_0,dish_0,0,0,GET_DISH,GET_DISH,GET_DISH,dish_0,dish_0,dish_0,0,0,cook
post_pre,7014,502,503,"(0, 1)",PLACE,PLACE,1,pot_1,pot_1,1,1,PLACE,PLACE,PLACE,pot_1,pot_1,pot_1,0,0,serve
post_pre,7014,508,509,"(1, 0)",FETCH,FETCH,1,onion_1,onion_1,1,1,FETCH,FETCH,FETCH,onion_1,onion_1,onion_1,0,0,serve
post_pre,7014,510,511,"(0, 1)",PLACE,PLACE,1,pot_1,pot_1,1,1,PLACE,PLACE,PLACE,pot_1,pot_1,pot_1,0,0,serve
post_pre,7014,514,515,"(1, 0)",FETCH,FETCH,1,onion_1,onion_1,1,1,FETCH,FETCH,FETCH,onion_1,onion_1,onion_1,0,0,serve
post_pre,7014,516,517,"(0, 1)",PLACE,PLACE,1,pot_1,pot_1,1,1,PLACE,PLACE,PLACE,pot_1,pot_1,pot_1,0,0,serve
post_pre,7014,520,521,interact,COOK_START,COOK_START,1,pot_1,pot_1,1,1,COOK_START,COOK_START,COOK_START,pot_1,pot_1,pot_1,0,0,serve
post_pre,7014,521,522,"(0, 0)",GET_DISH,GET_DISH,1,dish_0,dish_0,1,1,GET_DISH,GET_DISH,GET_DISH,dish_0,dish_0,dish_0,0,0,cook
post_pre,7014,527,528,"(1, 0)",PRE,PRE,1,pot_1,pot_0,0,0,PRE,PRE,PRE,pot_0,dish_0,pot_0,0,1,dynamic
post_pre,7014,540,541,"(1, 0)",PICKUP,PICKUP,1,pot_1,pot_1,1,1,PICKUP,PICKUP,PICKUP,pot_1,pot_1,pot_1,0,0,cook
post_pre,7014,543,544,"(0, 1)",DELIVER,DELIVER,1,serve_0,serve_0,1,1,DELIVER,DELIVER,DELIVER,serve_0,serve_0,serve_0,0,0,cook
post_pre,7014,545,546,"(0, -1)",FETCH,FETCH,1,onion_1,onion_1,1,1,FETCH,FETCH,FETCH,onion_1,onion_1,onion_1,0,0,serve
post_pre,7014,548,549,"(0, 1)",PLACE,PLACE,1,pot_1,pot_0,0,0,PLACE,PLACE,PLACE,pot_0,pot_0,pot_0,0,0,serve
post_pre,7014,559,560,"(1, 0)",FETCH,FETCH,1,onion_1,onion_1,1,1,FETCH,FETCH,FETCH,onion_1,onion_1,onion_1,0,0,serve
post_pre,7014,561,562,"(-1, 0)",PLACE,PLACE,1,pot_1,pot_1,1,1,PLACE,PLACE,PLACE,pot_1,pot_1,pot_1,0,0,serve
post_pre,7014,565,566,"(1, 0)",FETCH,FETCH,1,onion_1,onion_1,1,1,FETCH,FETCH,FETCH,onion_1,onion_1,onion_1,0,0,serve
post_pre,7014,567,568,"(-1, 0)",PLACE,PLACE,1,pot_1,pot_1,1,1,PLACE,PLACE,PLACE,pot_1,pot_1,pot_1,0,0,serve
post_pre,7014,571,572,interact,COOK_START,COOK_START,1,pot_1,pot_1,1,1,COOK_START,COOK_START,COOK_START,pot_1,pot_1,pot_1,0,0,serve
post_pre,7014,572,573,"(1, 0)",FETCH,FETCH,1,onion_1,onion_1,1,1,FETCH,FETCH,FETCH,onion_1,onion_1,onion_1,0,0,serve
post_pre,7014,574,575,"(0, 1)",PLACE,PLACE,1,pot_0,pot_0,1,1,PLACE,PLACE,PLACE,pot_0,pot_0,pot_0,0,0,serve
post_pre,7014,587,588,"(-1, 0)",FETCH,GET_DISH,0,onion_0,dish_0,0,0,GET_DISH,GET_DISH,GET_DISH,dish_0,dish_0,dish_0,0,0,cook
post_pre,7014,589,590,"(0, 1)",PLACE,PLACE,1,pot_0,pot_0,1,1,PLACE,PLACE,PLACE,pot_0,pot_0,pot_0,0,0,serve
post_pre,7014,593,594,"(-1, 0)",FETCH,FETCH,1,onion_0,onion_0,1,1,FETCH,FETCH,FETCH,onion_0,onion_0,onion_0,0,0,serve
post_pre,7014,595,596,"(0, 1)",PLACE,PLACE,1,pot_0,pot_0,1,1,PLACE,PLACE,PLACE,pot_0,pot_0,pot_0,0,0,serve
post_pre,7014,599,600,interact,COOK_START,COOK_START,1,pot_0,pot_0,1,1,COOK_START,COOK_START,COOK_START,pot_0,pot_0,pot_0,0,0,serve
post_pre,7014,600,601,"(-1, 0)",FETCH,GET_DISH,0,onion_0,dish_0,0,0,GET_DISH,GET_DISH,GET_DISH,dish_0,dish_0,dish_0,0,0,cook
post_pre,7014,602,603,"(0, 1)",PLACE,PLACE,1,pot_1,pot_1,1,1,PLACE,PLACE,PLACE,pot_1,pot_1,pot_1,0,0,serve
post_pre,7014,608,609,"(1, 0)",FETCH,FETCH,1,onion_1,onion_1,1,1,FETCH,FETCH,FETCH,onion_1,onion_1,onion_1,0,0,serve
post_pre,7014,610,611,"(0, 1)",PLACE,PLACE,1,pot_1,pot_1,1,1,PLACE,PLACE,PLACE,pot_1,pot_1,pot_1,0,0,serve
post_pre,7014,614,615,"(1, 0)",FETCH,FETCH,1,onion_1,onion_1,1,1,FETCH,FETCH,FETCH,onion_1,onion_1,onion_1,0,0,serve
post_pre,7014,616,617,"(0, 1)",PLACE,PLACE,1,pot_1,pot_1,1,1,PLACE,PLACE,PLACE,pot_1,pot_1,pot_1,0,0,serve
post_pre,7014,620,621,interact,COOK_START,COOK_START,1,pot_1,pot_1,1,1,COOK_START,COOK_START,COOK_START,pot_1,pot_1,pot_1,0,0,serve
post_pre,7014,621,622,"(0, 0)",GET_DISH,GET_DISH,1,dish_0,dish_0,1,1,GET_DISH,GET_DISH,GET_DISH,dish_0,dish_0,dish_0,0,0,cook
post_pre,7014,627,628,"(1, 0)",PRE,PRE,1,pot_1,pot_0,0,0,PRE,PRE,PRE,pot_0,dish_0,dish_0,0,1,dynamic
post_pre,7014,640,641,"(1, 0)",PICKUP,PICKUP,1,pot_1,pot_1,1,1,PICKUP,PICKUP,PICKUP,pot_1,pot_1,pot_1,0,0,cook
post_pre,7014,643,644,"(0, 1)",DELIVER,DELIVER,1,serve_0,serve_0,1,1,DELIVER,DELIVER,DELIVER,serve_0,serve_0,serve_0,0,0,cook
post_pre,7014,645,646,"(0, -1)",FETCH,FETCH,1,onion_1,onion_1,1,1,FETCH,FETCH,FETCH,onion_1,onion_1,onion_1,0,0,serve
post_pre,7014,648,649,"(0, 1)",PLACE,PLACE,1,pot_1,pot_0,0,0,PLACE,PLACE,PLACE,pot_0,pot_0,pot_0,0,0,serve
post_pre,7014,659,660,"(1, 0)",FETCH,FETCH,1,onion_1,onion_1,1,1,FETCH,FETCH,FETCH,onion_1,onion_1,onion_1,0,0,serve
post_pre,7014,661,662,"(-1, 0)",PLACE,PLACE,1,pot_1,pot_1,1,1,PLACE,PLACE,PLACE,pot_1,pot_1,pot_1,0,0,serve
post_pre,7014,665,666,"(1, 0)",FETCH,FETCH,1,onion_1,onion_1,1,1,FETCH,FETCH,FETCH,onion_1,onion_1,onion_1,0,0,serve
post_pre,7014,667,668,"(-1, 0)",PLACE,PLACE,1,pot_1,pot_1,1,1,PLACE,PLACE,PLACE,pot_1,pot_1,pot_1,0,0,serve
post_pre,7014,671,672,interact,COOK_START,COOK_START,1,pot_1,pot_1,1,1,COOK_START,COOK_START,COOK_START,pot_1,pot_1,pot_1,0,0,serve
post_pre,7014,672,673,"(1, 0)",FETCH,FETCH,1,onion_1,onion_1,1,1,FETCH,FETCH,FETCH,onion_1,onion_1,onion_1,0,0,serve
post_pre,7014,674,675,"(0, 1)",PLACE,PLACE,1,pot_0,pot_0,1,1,PLACE,PLACE,PLACE,pot_0,pot_0,pot_0,0,0,serve
post_pre,7014,687,688,"(-1, 0)",FETCH,GET_DISH,0,onion_0,dish_0,0,0,GET_DISH,GET_DISH,GET_DISH,dish_0,dish_0,dish_0,0,0,cook
post_pre,7014,689,690,"(0, 1)",PLACE,PLACE,1,pot_0,pot_0,1,1,PLACE,PLACE,PLACE,pot_0,pot_0,pot_0,0,0,serve
post_pre,7014,693,694,"(-1, 0)",FETCH,FETCH,1,onion_0,onion_0,1,1,FETCH,FETCH,FETCH,onion_0,onion_0,onion_0,0,0,serve
post_pre,7014,695,696,"(0, 1)",PLACE,PLACE,1,pot_0,pot_0,1,1,PLACE,PLACE,PLACE,pot_0,pot_0,pot_0,0,0,serve
post_pre,7014,699,700,interact,COOK_START,COOK_START,1,pot_0,pot_0,1,1,COOK_START,COOK_START,COOK_START,pot_0,pot_0,pot_0,0,0,serve
post_pre,7015,0,1,"(0, 0)",FETCH,FETCH,1,onion_0,onion_0,1,1,FETCH,FETCH,FETCH,onion_0,onion_0,onion_0,0,0,serve
post_pre,7015,6,7,"(0, 1)",PLACE,PLACE,1,pot_0,pot_0,1,1,PLACE,PLACE,PLACE,pot_0,pot_0,pot_0,0,0,serve
post_pre,7015,10,11,"(-1, 0)",FETCH,FETCH,1,onion_0,onion_0,1,1,FETCH,FETCH,FETCH,onion_0,onion_0,onion_0,0,0,serve
post_pre,7015,12,13,"(0, 1)",PLACE,PLACE,1,pot_0,pot_0,1,1,PLACE,PLACE,PLACE,pot_0,pot_0,pot_0,0,0,serve
post_pre,7015,16,17,"(-1, 0)",FETCH,FETCH,1,onion_0,onion_0,1,1,FETCH,FETCH,FETCH,onion_0,onion_0,onion_0,0,0,serve
post_pre,7015,18,19,"(0, 1)",PLACE,PLACE,1,pot_0,pot_0,1,1,PLACE,PLACE,PLACE,pot_0,pot_0,pot_0,0,0,serve
post_pre,7015,22,23,interact,COOK_START,COOK_START,1,pot_0,pot_0,1,1,COOK_START,COOK_START,COOK_START,pot_0,pot_0,pot_0,0,0,serve
post_pre,7015,23,24,"(-1, 0)",FETCH,FETCH,1,onion_0,onion_0,1,1,FETCH,FETCH,FETCH,onion_0,onion_0,onion_0,0,0,serve
post_pre,7015,25,26,"(0, 1)",PLACE,PLACE,1,pot_1,pot_1,1,1,PLACE,PLACE,PLACE,pot_1,pot_1,pot_1,0,0,serve
post_pre,7015,31,32,"(1, 0)",FETCH,FETCH,1,onion_1,onion_1,1,1,FETCH,FETCH,FETCH,onion_1,onion_1,onion_1,0,0,serve
post_pre,7015,33,34,"(0, 1)",PLACE,PLACE,1,pot_1,pot_1,1,1,PLACE,PLACE,PLACE,pot_1,pot_1,pot_1,0,0,serve
post_pre,7015,37,38,"(1, 0)",FETCH,FETCH,1,onion_1,onion_1,1,1,FETCH,FETCH,FETCH,onion_1,onion_1,onion_1,0,0,serve
post_pre,7015,39,40,"(0, 1)",PLACE,PLACE,1,pot_1,pot_1,1,1,PLACE,PLACE,PLACE,pot_1,pot_1,pot_1,0,0,serve
post_pre,7015,43,44,interact,COOK_START,COOK_START,1,pot_1,pot_1,1,1,COOK_START,COOK_START,COOK_START,pot_1,pot_1,pot_1,0,0,serve
post_pre,7015,44,45,"(0, 0)",GET_DISH,GET_DISH,1,dish_0,dish_0,1,1,GET_DISH,GET_DISH,GET_DISH,dish_0,dish_0,dish_0,0,0,cook
post_pre,7015,50,51,"(1, 0)",PRE,PRE,1,pot_1,none,0,0,PRE,PRE,PRE,none,pot_1,none,0,1,dynamic
post_pre,7015,63,64,"(1, 0)",PICKUP,PICKUP,1,pot_1,pot_1,1,1,PICKUP,PICKUP,PICKUP,pot_1,pot_1,pot_1,0,0,cook
post_pre,7015,66,67,"(0, 1)",DELIVER,DELIVER,1,serve_0,serve_0,1,1,DELIVER,DELIVER,DELIVER,serve_0,serve_0,serve_0,0,0,cook
post_pre,7015,68,69,"(0, -1)",FETCH,FETCH,1,onion_1,onion_1,1,1,FETCH,FETCH,FETCH,onion_1,onion_1,onion_1,0,0,serve
post_pre,7015,71,72,"(0, 1)",PLACE,PLACE,1,pot_1,pot_1,1,1,PLACE,PLACE,PLACE,pot_1,pot_1,pot_1,0,0,serve
post_pre,7015,75,76,"(1, 0)",FETCH,FETCH,1,onion_1,onion_1,1,1,FETCH,FETCH,FETCH,onion_1,onion_1,onion_1,0,0,serve
post_pre,7015,77,78,"(-1, 0)",PLACE,PLACE,1,pot_1,pot_1,1,1,PLACE,PLACE,PLACE,pot_1,pot_1,pot_1,0,0,serve
post_pre,7015,81,82,"(1, 0)",FETCH,FETCH,1,onion_1,onion_1,1,1,FETCH,FETCH,FETCH,onion_1,onion_1,onion_1,0,0,serve
post_pre,7015,83,84,"(-1, 0)",PLACE,PLACE,1,pot_1,pot_1,1,1,PLACE,PLACE,PLACE,pot_1,pot_1,pot_1,0,0,serve
post_pre,7015,87,88,interact,COOK_START,COOK_START,1,pot_1,pot_1,1,1,COOK_START,COOK_START,COOK_START,pot_1,pot_1,pot_1,0,0,serve
post_pre,7015,88,89,"(1, 0)",FETCH,FETCH,1,onion_1,onion_1,1,1,FETCH,FETCH,FETCH,onion_1,onion_1,onion_1,0,0,serve
post_pre,7015,90,91,"(0, 1)",PLACE,PLACE,1,pot_0,pot_0,1,1,PLACE,PLACE,PLACE,pot_0,pot_0,pot_0,0,0,serve
post_pre,7015,103,104,interact,COOK_START,COOK_START,1,pot_0,pot_0,1,1,COOK_START,COOK_START,COOK_START,pot_0,pot_0,pot_0,0,0,serve
post_pre,7015,104,105,"(1, 0)",HOLD,HOLD,1,none,none,1,1,HOLD,HOLD,HOLD,none,none,none,0,0,dynamic
post_pre,7015,110,111,"(-1, 0)",FETCH,GET_DISH,0,onion_0,dish_0,0,0,GET_DISH,GET_DISH,GET_DISH,dish_0,dish_0,dish_0,0,0,cook
post_pre,7015,113,114,"(0, 1)",PLACE,PLACE,1,pot_1,pot_0,0,0,PLACE,PLACE,PLACE,pot_0,pot_0,pot_0,0,0,serve
post_pre,7015,122,123,"(1, 0)",FETCH,FETCH,1,onion_1,onion_1,1,1,FETCH,FETCH,FETCH,onion_1,onion_1,onion_1,0,0,serve
post_pre,7015,124,125,"(0, 1)",PLACE,PLACE,1,pot_1,pot_1,1,1,PLACE,PLACE,PLACE,pot_1,pot_1,pot_1,0,0,serve
post_pre,7015,128,129,"(1, 0)",FETCH,FETCH,1,onion_1,onion_1,1,1,FETCH,FETCH,FETCH,onion_1,onion_1,onion_1,0,0,serve
post_pre,7015,130,131,"(0, 1)",PLACE,PLACE,1,pot_1,pot_1,1,1,PLACE,PLACE,PLACE,pot_1,pot_1,pot_1,0,0,serve
post_pre,7015,136,137,interact,COOK_START,COOK_START,1,pot_1,pot_1,1,1,COOK_START,COOK_START,COOK_START,pot_1,pot_1,pot_1,0,0,serve
post_pre,7015,137,138,"(1, 0)",FETCH,FETCH,1,onion_1,onion_1,1,1,FETCH,FETCH,FETCH,onion_1,onion_1,onion_1,0,0,serve
post_pre,7015,139,140,"(0, 1)",PLACE,PLACE,1,pot_0,pot_0,1,1,PLACE,PLACE,PLACE,pot_0,pot_0,pot_0,0,0,serve
post_pre,7015,149,150,"(-1, 0)",FETCH,FETCH,1,onion_0,onion_0,1,1,FETCH,FETCH,FETCH,onion_0,onion_0,onion_0,0,0,serve
post_pre,7015,151,152,"(0, 1)",PLACE,PLACE,1,pot_0,pot_0,1,1,PLACE,PLACE,PLACE,pot_0,pot_0,pot_0,0,0,serve
post_pre,7015,155,156,"(-1, 0)",FETCH,FETCH,1,onion_0,onion_0,1,1,FETCH,FETCH,FETCH,onion_0,onion_0,onion_0,0,0,serve
post_pre,7015,157,158,"(0, 1)",PLACE,PLACE,1,pot_0,pot_0,1,1,PLACE,PLACE,PLACE,pot_0,pot_0,pot_0,0,0,serve
post_pre,7015,161,162,interact,COOK_START,COOK_START,1,pot_0,pot_0,1,1,COOK_START,COOK_START,COOK_START,pot_0,pot_0,pot_0,0,0,serve
post_pre,7015,162,163,"(-1, 0)",FETCH,FETCH,1,onion_0,onion_0,1,1,FETCH,FETCH,FETCH,onion_0,onion_0,onion_0,0,0,serve
post_pre,7015,164,165,"(0, 1)",PLACE,PLACE,1,pot_1,pot_1,1,1,PLACE,PLACE,PLACE,pot_1,pot_1,pot_1,0,0,serve
post_pre,7015,170,171,"(1, 0)",FETCH,FETCH,1,onion_1,onion_1,1,1,FETCH,FETCH,FETCH,onion_1,onion_1,onion_1,0,0,serve
post_pre,7015,172,173,"(0, 1)",PLACE,PLACE,1,pot_1,pot_1,1,1,PLACE,PLACE,PLACE,pot_1,pot_1,pot_1,0,0,serve
post_pre,7015,176,177,"(1, 0)",FETCH,FETCH,1,onion_1,onion_1,1,1,FETCH,FETCH,FETCH,onion_1,onion_1,onion_1,0,0,serve
post_pre,7015,178,179,"(0, 1)",PLACE,PLACE,1,pot_1,pot_1,1,1,PLACE,PLACE,PLACE,pot_1,pot_1,pot_1,0,0,serve
post_pre,7015,182,183,interact,COOK_START,COOK_START,1,pot_1,pot_1,1,1,COOK_START,COOK_START,COOK_START,pot_1,pot_1,pot_1,0,0,serve
post_pre,7015,183,184,"(0, 0)",GET_DISH,GET_DISH,1,dish_0,dish_0,1,1,GET_DISH,GET_DISH,GET_DISH,dish_0,dish_0,dish_0,0,0,cook
post_pre,7015,189,190,"(1, 0)",PRE,PRE,1,pot_1,none,0,0,PRE,PRE,PRE,none,pot_1,none,0,1,dynamic
post_pre,7015,202,203,"(1, 0)",PICKUP,PICKUP,1,pot_1,pot_1,1,1,PICKUP,PICKUP,PICKUP,pot_1,pot_1,pot_1,0,0,cook
post_pre,7015,205,206,"(0, 1)",DELIVER,DELIVER,1,serve_0,serve_0,1,1,DELIVER,DELIVER,DELIVER,serve_0,serve_0,serve_0,0,0,cook
post_pre,7015,207,208,"(0, -1)",FETCH,FETCH,1,onion_1,onion_1,1,1,FETCH,FETCH,FETCH,onion_1,onion_1,onion_1,0,0,serve
post_pre,7015,210,211,"(0, 1)",PLACE,PLACE,1,pot_1,pot_1,1,1,PLACE,PLACE,PLACE,pot_1,pot_1,pot_1,0,0,serve
post_pre,7015,221,222,"(1, 0)",FETCH,FETCH,1,onion_1,onion_1,1,1,FETCH,FETCH,FETCH,onion_1,onion_1,onion_1,0,0,serve
post_pre,7015,223,224,"(-1, 0)",PLACE,PLACE,1,pot_1,pot_1,1,1,PLACE,PLACE,PLACE,pot_1,pot_1,pot_1,0,0,serve
post_pre,7015,227,228,"(1, 0)",FETCH,FETCH,1,onion_1,onion_1,1,1,FETCH,FETCH,FETCH,onion_1,onion_1,onion_1,0,0,serve
post_pre,7015,229,230,"(-1, 0)",PLACE,PLACE,1,pot_1,pot_1,1,1,PLACE,PLACE,PLACE,pot_1,pot_1,pot_1,0,0,serve
post_pre,7015,233,234,interact,COOK_START,COOK_START,1,pot_1,pot_1,1,1,COOK_START,COOK_START,COOK_START,pot_1,pot_1,pot_1,0,0,serve
post_pre,7015,234,235,"(1, 0)",FETCH,FETCH,1,onion_1,onion_1,1,1,FETCH,FETCH,FETCH,onion_1,onion_1,onion_1,0,0,serve
post_pre,7015,236,237,"(0, 1)",PLACE,PLACE,1,pot_0,pot_0,1,1,PLACE,PLACE,PLACE,pot_0,pot_0,pot_0,0,0,serve
post_pre,7015,249,250,"(-1, 0)",FETCH,FETCH,1,onion_0,onion_0,1,1,FETCH,FETCH,FETCH,onion_0,onion_0,onion_0,0,0,serve
post_pre,7015,251,252,"(0, 1)",PLACE,PLACE,1,pot_0,pot_0,1,1,PLACE,PLACE,PLACE,pot_0,pot_0,pot_0,0,0,serve
post_pre,7015,255,256,"(-1, 0)",FETCH,FETCH,1,onion_0,onion_0,1,1,FETCH,FETCH,FETCH,onion_0,onion_0,onion_0,0,0,serve
post_pre,7015,257,258,"(0, 1)",PLACE,PLACE,1,pot_0,pot_0,1,1,PLACE,PLACE,PLACE,pot_0,pot_0,pot_0,0,0,serve
post_pre,7015,261,262,interact,COOK_START,COOK_START,1,pot_0,pot_0,1,1,COOK_START,COOK_START,COOK_START,pot_0,pot_0,pot_0,0,0,serve
post_pre,7015,262,263,"(-1, 0)",FETCH,FETCH,1,onion_0,onion_0,1,1,FETCH,FETCH,FETCH,onion_0,onion_0,onion_0,0,0,serve
post_pre,7015,264,265,"(0, 1)",PLACE,PLACE,1,pot_1,pot_1,1,1,PLACE,PLACE,PLACE,pot_1,pot_1,pot_1,0,0,serve
post_pre,7015,270,271,"(1, 0)",FETCH,FETCH,1,onion_1,onion_1,1,1,FETCH,FETCH,FETCH,onion_1,onion_1,onion_1,0,0,serve
post_pre,7015,272,273,"(0, 1)",PLACE,PLACE,1,pot_1,pot_1,1,1,PLACE,PLACE,PLACE,pot_1,pot_1,pot_1,0,0,serve
post_pre,7015,276,277,"(1, 0)",FETCH,FETCH,1,onion_1,onion_1,1,1,FETCH,FETCH,FETCH,onion_1,onion_1,onion_1,0,0,serve
post_pre,7015,278,279,"(0, 1)",PLACE,PLACE,1,pot_1,pot_1,1,1,PLACE,PLACE,PLACE,pot_1,pot_1,pot_1,0,0,serve
post_pre,7015,282,283,interact,COOK_START,COOK_START,1,pot_1,pot_1,1,1,COOK_START,COOK_START,COOK_START,pot_1,pot_1,pot_1,0,0,serve
post_pre,7015,283,284,"(0, 0)",GET_DISH,GET_DISH,1,dish_0,dish_0,1,1,GET_DISH,GET_DISH,GET_DISH,dish_0,dish_0,dish_0,0,0,cook
post_pre,7015,289,290,"(1, 0)",PRE,PRE,1,pot_1,none,0,0,PRE,PRE,PRE,none,onion_1,none,0,1,dynamic
post_pre,7015,302,303,"(1, 0)",PICKUP,PICKUP,1,pot_1,pot_1,1,1,PICKUP,PICKUP,PICKUP,pot_1,pot_1,pot_1,0,0,cook
post_pre,7015,305,306,"(0, 1)",DELIVER,DELIVER,1,serve_0,serve_0,1,1,DELIVER,DELIVER,DELIVER,serve_0,serve_0,serve_0,0,0,cook
post_pre,7015,307,308,"(0, -1)",FETCH,FETCH,1,onion_1,onion_1,1,1,FETCH,FETCH,FETCH,onion_1,onion_1,onion_1,0,0,serve
post_pre,7015,310,311,"(0, 1)",PLACE,PLACE,1,pot_1,pot_1,1,1,PLACE,PLACE,PLACE,pot_1,pot_1,pot_1,0,0,serve
post_pre,7015,314,315,"(1, 0)",FETCH,FETCH,1,onion_1,onion_1,1,1,FETCH,FETCH,FETCH,onion_1,onion_1,onion_1,0,0,serve
post_pre,7015,316,317,"(-1, 0)",PLACE,PLACE,1,pot_1,pot_1,1,1,PLACE,PLACE,PLACE,pot_1,pot_1,pot_1,0,0,serve
post_pre,7015,320,321,"(1, 0)",FETCH,FETCH,1,onion_1,onion_1,1,1,FETCH,FETCH,FETCH,onion_1,onion_1,onion_1,0,0,serve
post_pre,7015,322,323,"(-1, 0)",PLACE,PLACE,1,pot_1,pot_1,1,1,PLACE,PLACE,PLACE,pot_1,pot_1,pot_1,0,0,serve
post_pre,7015,326,327,interact,COOK_START,COOK_START,1,pot_1,pot_1,1,1,COOK_START,COOK_START,COOK_START,pot_1,pot_1,pot_1,0,0,serve
post_pre,7015,327,328,"(1, 0)",FETCH,FETCH,1,onion_1,onion_1,1,1,FETCH,FETCH,FETCH,onion_1,onion_1,onion_1,0,0,serve
post_pre,7015,329,330,"(0, 1)",PLACE,PLACE,1,pot_0,pot_0,1,1,PLACE,PLACE,PLACE,pot_0,pot_0,pot_0,0,0,serve
post_pre,7015,342,343,interact,COOK_START,COOK_START,1,pot_0,pot_0,1,1,COOK_START,COOK_START,COOK_START,pot_0,pot_0,pot_0,0,0,serve
post_pre,7015,343,344,"(1, 0)",HOLD,HOLD,1,none,none,1,1,HOLD,HOLD,HOLD,none,none,none,0,0,dynamic
post_pre,7015,349,350,"(-1, 0)",FETCH,GET_DISH,0,onion_0,dish_0,0,0,GET_DISH,GET_DISH,GET_DISH,dish_0,dish_0,dish_0,0,0,cook
post_pre,7015,352,353,"(0, 1)",PLACE,PLACE,1,pot_1,pot_0,0,0,PLACE,PLACE,PLACE,pot_0,pot_0,pot_0,0,0,serve
post_pre,7015,361,362,"(1, 0)",FETCH,FETCH,1,onion_1,onion_1,1,1,FETCH,FETCH,FETCH,onion_1,onion_1,onion_1,0,0,serve
post_pre,7015,363,364,"(0, 1)",PLACE,PLACE,1,pot_1,pot_1,1,1,PLACE,PLACE,PLACE,pot_1,pot_1,pot_1,0,0,serve
post_pre,7015,367,368,"(1, 0)",FETCH,FETCH,1,onion_1,onion_1,1,1,FETCH,FETCH,FETCH,onion_1,onion_1,onion_1,0,0,serve
post_pre,7015,369,370,"(0, 1)",PLACE,PLACE,1,pot_1,pot_1,1,1,PLACE,PLACE,PLACE,pot_1,pot_1,pot_1,0,0,serve
post_pre,7015,375,376,interact,COOK_START,COOK_START,1,pot_1,pot_1,1,1,COOK_START,COOK_START,COOK_START,pot_1,pot_1,pot_1,0,0,serve
post_pre,7015,376,377,"(1, 0)",FETCH,FETCH,1,onion_1,onion_1,1,1,FETCH,FETCH,FETCH,onion_1,onion_1,onion_1,0,0,serve
post_pre,7015,378,379,"(0, 1)",PLACE,PLACE,1,pot_0,pot_0,1,1,PLACE,PLACE,PLACE,pot_0,pot_0,pot_0,0,0,serve
post_pre,7015,388,389,"(-1, 0)",FETCH,FETCH,1,onion_0,onion_0,1,1,FETCH,FETCH,FETCH,onion_0,onion_0,onion_0,0,0,serve
post_pre,7015,390,391,"(0, 1)",PLACE,PLACE,1,pot_0,pot_0,1,1,PLACE,PLACE,PLACE,pot_0,pot_0,pot_0,0,0,serve
post_pre,7015,394,395,"(-1, 0)",FETCH,FETCH,1,onion_0,onion_0,1,1,FETCH,FETCH,FETCH,onion_0,onion_0,onion_0,0,0,serve
post_pre,7015,396,397,"(0, 1)",PLACE,PLACE,1,pot_0,pot_0,1,1,PLACE,PLACE,PLACE,pot_0,pot_0,pot_0,0,0,serve
post_pre,7015,400,401,interact,COOK_START,COOK_START,1,pot_0,pot_0,1,1,COOK_START,COOK_START,COOK_START,pot_0,pot_0,pot_0,0,0,serve
post_pre,7015,401,402,"(-1, 0)",FETCH,GET_DISH,0,onion_0,dish_0,0,0,GET_DISH,FETCH,GET_DISH,dish_0,onion_0,dish_0,1,1,cook
post_pre,7015,403,404,"(0, 1)",PLACE,PLACE,1,pot_1,pot_1,1,1,PLACE,PLACE,PLACE,pot_1,pot_1,pot_1,0,0,serve
post_pre,7015,409,410,"(1, 0)",FETCH,FETCH,1,onion_1,onion_1,1,1,FETCH,FETCH,FETCH,onion_1,onion_1,onion_1,0,0,serve
post_pre,7015,411,412,"(0, 1)",PLACE,PLACE,1,pot_1,pot_1,1,1,PLACE,PLACE,PLACE,pot_1,pot_1,pot_1,0,0,serve
post_pre,7015,415,416,"(1, 0)",FETCH,FETCH,1,onion_1,onion_1,1,1,FETCH,FETCH,FETCH,onion_1,onion_1,onion_1,0,0,serve
post_pre,7015,417,418,"(0, 1)",PLACE,PLACE,1,pot_1,pot_1,1,1,PLACE,PLACE,PLACE,pot_1,pot_1,pot_1,0,0,serve
post_pre,7015,421,422,interact,COOK_START,COOK_START,1,pot_1,pot_1,1,1,COOK_START,COOK_START,COOK_START,pot_1,pot_1,pot_1,0,0,serve
post_pre,7015,422,423,"(0, 0)",GET_DISH,GET_DISH,1,dish_0,dish_0,1,1,GET_DISH,GET_DISH,GET_DISH,dish_0,dish_0,dish_0,0,0,cook
post_pre,7015,428,429,"(1, 0)",PRE,PRE,1,pot_1,pot_0,0,0,PRE,PRE,PRE,pot_0,pot_0,pot_0,0,0,dynamic
post_pre,7015,441,442,"(1, 0)",PICKUP,PICKUP,1,pot_1,pot_1,1,1,PICKUP,PICKUP,PICKUP,pot_1,pot_1,pot_1,0,0,cook
post_pre,7015,444,445,"(0, 1)",DELIVER,DELIVER,1,serve_0,serve_0,1,1,DELIVER,DELIVER,DELIVER,serve_0,serve_0,serve_0,0,0,cook
post_pre,7015,446,447,"(0, -1)",FETCH,FETCH,1,onion_1,onion_1,1,1,FETCH,FETCH,FETCH,onion_1,onion_1,onion_1,0,0,serve
post_pre,7015,449,450,"(0, 1)",PLACE,PLACE,1,pot_1,pot_0,0,0,PLACE,PLACE,PLACE,pot_0,pot_0,pot_0,0,0,serve
post_pre,7015,460,461,"(1, 0)",FETCH,FETCH,1,onion_1,onion_1,1,1,FETCH,FETCH,FETCH,onion_1,onion_1,onion_1,0,0,serve
post_pre,7015,462,463,"(-1, 0)",PLACE,PLACE,1,pot_1,pot_1,1,1,PLACE,PLACE,PLACE,pot_1,pot_1,pot_1,0,0,serve
post_pre,7015,466,467,"(1, 0)",FETCH,FETCH,1,onion_1,onion_1,1,1,FETCH,FETCH,FETCH,onion_1,onion_1,onion_1,0,0,serve
post_pre,7015,468,469,"(-1, 0)",PLACE,PLACE,1,pot_1,pot_1,1,1,PLACE,PLACE,PLACE,pot_1,pot_1,pot_1,0,0,serve
post_pre,7015,472,473,interact,COOK_START,COOK_START,1,pot_1,pot_1,1,1,COOK_START,COOK_START,COOK_START,pot_1,pot_1,pot_1,0,0,serve
post_pre,7015,473,474,"(1, 0)",FETCH,FETCH,1,onion_1,onion_1,1,1,FETCH,FETCH,FETCH,onion_1,onion_1,onion_1,0,0,serve
post_pre,7015,475,476,"(0, 1)",PLACE,PLACE,1,pot_0,pot_0,1,1,PLACE,PLACE,PLACE,pot_0,pot_0,pot_0,0,0,serve
post_pre,7015,488,489,"(-1, 0)",FETCH,GET_DISH,0,onion_0,onion_0,1,0,GET_DISH,FETCH,GET_DISH,onion_0,onion_0,onion_0,1,0,cook
post_pre,7015,490,491,"(0, 1)",PLACE,PLACE,1,pot_0,pot_0,1,1,PLACE,PLACE,PLACE,pot_0,pot_0,pot_0,0,0,serve
post_pre,7015,494,495,"(-1, 0)",FETCH,FETCH,1,onion_0,onion_0,1,1,FETCH,FETCH,FETCH,onion_0,onion_0,onion_0,0,0,serve
post_pre,7015,496,497,"(0, 1)",PLACE,PLACE,1,pot_0,pot_0,1,1,PLACE,PLACE,PLACE,pot_0,pot_0,pot_0,0,0,serve
post_pre,7015,500,501,interact,COOK_START,COOK_START,1,pot_0,pot_0,1,1,COOK_START,COOK_START,COOK_START,pot_0,pot_0,pot_0,0,0,serve
post_pre,7015,501,502,"(-1, 0)",FETCH,GET_DISH,0,onion_0,dish_0,0,0,GET_DISH,GET_DISH,GET_DISH,dish_0,dish_0,dish_0,0,0,cook
post_pre,7015,503,504,"(0, 1)",PLACE,PLACE,1,pot_1,pot_1,1,1,PLACE,PLACE,PLACE,pot_1,pot_1,pot_1,0,0,serve
post_pre,7015,509,510,"(1, 0)",FETCH,FETCH,1,onion_1,onion_1,1,1,FETCH,FETCH,FETCH,onion_1,onion_1,onion_1,0,0,serve
post_pre,7015,511,512,"(0, 1)",PLACE,PLACE,1,pot_1,pot_1,1,1,PLACE,PLACE,PLACE,pot_1,pot_1,pot_1,0,0,serve
post_pre,7015,515,516,"(1, 0)",FETCH,FETCH,1,onion_1,onion_1,1,1,FETCH,FETCH,FETCH,onion_1,onion_1,onion_1,0,0,serve
post_pre,7015,517,518,"(0, 1)",PLACE,PLACE,1,pot_1,pot_1,1,1,PLACE,PLACE,PLACE,pot_1,pot_1,pot_1,0,0,serve
post_pre,7015,521,522,interact,COOK_START,COOK_START,1,pot_1,pot_1,1,1,COOK_START,COOK_START,COOK_START,pot_1,pot_1,pot_1,0,0,serve
post_pre,7015,522,523,"(0, 0)",GET_DISH,GET_DISH,1,dish_0,dish_0,1,1,GET_DISH,GET_DISH,GET_DISH,dish_0,dish_0,dish_0,0,0,cook
post_pre,7015,528,529,"(1, 0)",PRE,PRE,1,pot_1,pot_0,0,0,PRE,PRE,PRE,pot_0,dish_0,pot_0,0,1,dynamic
post_pre,7015,541,542,"(1, 0)",PICKUP,PICKUP,1,pot_1,pot_1,1,1,PICKUP,PICKUP,PICKUP,pot_1,pot_1,pot_1,0,0,cook
post_pre,7015,544,545,"(0, 1)",DELIVER,DELIVER,1,serve_0,serve_0,1,1,DELIVER,DELIVER,DELIVER,serve_0,serve_0,serve_0,0,0,cook
post_pre,7015,546,547,"(0, -1)",FETCH,FETCH,1,onion_1,onion_1,1,1,FETCH,FETCH,FETCH,onion_1,onion_1,onion_1,0,0,serve
post_pre,7015,549,550,"(0, 1)",PLACE,PLACE,1,pot_1,pot_0,0,0,PLACE,PLACE,PLACE,pot_0,pot_0,pot_0,0,0,serve
post_pre,7015,560,561,"(1, 0)",FETCH,FETCH,1,onion_1,onion_1,1,1,FETCH,FETCH,FETCH,onion_1,onion_1,onion_1,0,0,serve
post_pre,7015,562,563,"(-1, 0)",PLACE,PLACE,1,pot_1,pot_1,1,1,PLACE,PLACE,PLACE,pot_1,pot_1,pot_1,0,0,serve
post_pre,7015,566,567,"(1, 0)",FETCH,FETCH,1,onion_1,onion_1,1,1,FETCH,FETCH,FETCH,onion_1,onion_1,onion_1,0,0,serve
post_pre,7015,568,569,"(-1, 0)",PLACE,PLACE,1,pot_1,pot_1,1,1,PLACE,PLACE,PLACE,pot_1,pot_1,pot_1,0,0,serve
post_pre,7015,572,573,interact,COOK_START,COOK_START,1,pot_1,pot_1,1,1,COOK_START,COOK_START,COOK_START,pot_1,pot_1,pot_1,0,0,serve
post_pre,7015,573,574,"(1, 0)",FETCH,FETCH,1,onion_1,onion_1,1,1,FETCH,FETCH,FETCH,onion_1,onion_1,onion_1,0,0,serve
post_pre,7015,575,576,"(0, 1)",PLACE,PLACE,1,pot_0,pot_0,1,1,PLACE,PLACE,PLACE,pot_0,pot_0,pot_0,0,0,serve
post_pre,7015,588,589,"(-1, 0)",FETCH,GET_DISH,0,onion_0,dish_0,0,0,GET_DISH,GET_DISH,GET_DISH,dish_0,dish_0,dish_0,0,0,cook
post_pre,7015,590,591,"(0, 1)",PLACE,PLACE,1,pot_0,pot_0,1,1,PLACE,PLACE,PLACE,pot_0,pot_0,pot_0,0,0,serve
post_pre,7015,594,595,"(-1, 0)",FETCH,FETCH,1,onion_0,onion_0,1,1,FETCH,FETCH,FETCH,onion_0,onion_0,onion_0,0,0,serve
post_pre,7015,596,597,"(0, 1)",PLACE,PLACE,1,pot_0,pot_0,1,1,PLACE,PLACE,PLACE,pot_0,pot_0,pot_0,0,0,serve
post_pre,7015,600,601,interact,COOK_START,COOK_START,1,pot_0,pot_0,1,1,COOK_START,COOK_START,COOK_START,pot_0,pot_0,pot_0,0,0,serve
post_pre,7015,601,602,"(-1, 0)",FETCH,GET_DISH,0,onion_0,dish_0,0,0,GET_DISH,GET_DISH,GET_DISH,dish_0,dish_0,dish_0,0,0,cook
post_pre,7015,603,604,"(0, 1)",PLACE,PLACE,1,pot_1,pot_1,1,1,PLACE,PLACE,PLACE,pot_1,pot_1,pot_1,0,0,serve
post_pre,7015,609,610,"(1, 0)",FETCH,FETCH,1,onion_1,onion_1,1,1,FETCH,FETCH,FETCH,onion_1,onion_1,onion_1,0,0,serve
post_pre,7015,611,612,"(0, 1)",PLACE,PLACE,1,pot_1,pot_1,1,1,PLACE,PLACE,PLACE,pot_1,pot_1,pot_1,0,0,serve
post_pre,7015,615,616,"(1, 0)",FETCH,FETCH,1,onion_1,onion_1,1,1,FETCH,FETCH,FETCH,onion_1,onion_1,onion_1,0,0,serve
post_pre,7015,617,618,"(0, 1)",PLACE,PLACE,1,pot_1,pot_1,1,1,PLACE,PLACE,PLACE,pot_1,pot_1,pot_1,0,0,serve
post_pre,7015,621,622,interact,COOK_START,COOK_START,1,pot_1,pot_1,1,1,COOK_START,COOK_START,COOK_START,pot_1,pot_1,pot_1,0,0,serve
post_pre,7015,622,623,"(0, 0)",GET_DISH,GET_DISH,1,dish_0,dish_0,1,1,GET_DISH,GET_DISH,GET_DISH,dish_0,dish_0,dish_0,0,0,cook
post_pre,7015,628,629,"(1, 0)",PRE,PRE,1,pot_1,pot_0,0,0,PRE,PRE,PRE,pot_0,dish_0,dish_0,0,1,dynamic
post_pre,7015,641,642,"(1, 0)",PICKUP,PICKUP,1,pot_1,pot_1,1,1,PICKUP,PICKUP,PICKUP,pot_1,pot_1,pot_1,0,0,cook
post_pre,7015,644,645,"(0, 1)",DELIVER,DELIVER,1,serve_0,serve_0,1,1,DELIVER,DELIVER,DELIVER,serve_0,serve_0,serve_0,0,0,cook
post_pre,7015,646,647,"(0, -1)",FETCH,FETCH,1,onion_1,onion_1,1,1,FETCH,FETCH,FETCH,onion_1,onion_1,onion_1,0,0,serve
post_pre,7015,649,650,"(0, 1)",PLACE,PLACE,1,pot_1,pot_0,0,0,PLACE,PLACE,PLACE,pot_0,pot_0,pot_0,0,0,serve
post_pre,7015,660,661,"(1, 0)",FETCH,FETCH,1,onion_1,onion_1,1,1,FETCH,FETCH,FETCH,onion_1,onion_1,onion_1,0,0,serve
post_pre,7015,662,663,"(-1, 0)",PLACE,PLACE,1,pot_1,pot_1,1,1,PLACE,PLACE,PLACE,pot_1,pot_1,pot_1,0,0,serve
post_pre,7015,666,667,"(1, 0)",FETCH,FETCH,1,onion_1,onion_1,1,1,FETCH,FETCH,FETCH,onion_1,onion_1,onion_1,0,0,serve
post_pre,7015,668,669,"(-1, 0)",PLACE,PLACE,1,pot_1,pot_1,1,1,PLACE,PLACE,PLACE,pot_1,pot_1,pot_1,0,0,serve
post_pre,7015,672,673,interact,COOK_START,COOK_START,1,pot_1,pot_1,1,1,COOK_START,COOK_START,COOK_START,pot_1,pot_1,pot_1,0,0,serve
post_pre,7015,673,674,"(1, 0)",FETCH,FETCH,1,onion_1,onion_1,1,1,FETCH,FETCH,FETCH,onion_1,onion_1,onion_1,0,0,serve
post_pre,7015,675,676,"(0, 1)",PLACE,PLACE,1,pot_0,pot_0,1,1,PLACE,PLACE,PLACE,pot_0,pot_0,pot_0,0,0,serve
post_pre,7015,688,689,"(-1, 0)",FETCH,GET_DISH,0,onion_0,dish_0,0,0,GET_DISH,GET_DISH,GET_DISH,dish_0,dish_0,dish_0,0,0,cook
post_pre,7015,690,691,"(0, 1)",PLACE,PLACE,1,pot_0,pot_0,1,1,PLACE,PLACE,PLACE,pot_0,pot_0,pot_0,0,0,serve
post_pre,7015,694,695,"(-1, 0)",FETCH,FETCH,1,onion_0,onion_0,1,1,FETCH,FETCH,FETCH,onion_0,onion_0,onion_0,0,0,serve
post_pre,7015,696,697,"(0, 1)",PLACE,PLACE,1,pot_0,pot_0,1,1,PLACE,PLACE,PLACE,pot_0,pot_0,pot_0,0,0,serve
post_pre,7016,0,1,"(0, -1)",FETCH,FETCH,1,onion_0,onion_0,1,1,FETCH,FETCH,FETCH,onion_0,onion_0,onion_0,0,0,serve
post_post,7001,0,1,"(-1, 0)",FETCH,FETCH,1,onion_0,onion_0,1,1,FETCH,FETCH,FETCH,onion_0,onion_0,onion_0,0,0,serve
post_post,7001,3,4,"(0, 1)",PLACE,PLACE,1,pot_0,pot_0,1,1,PLACE,PLACE,PLACE,pot_0,pot_0,pot_0,0,0,serve
post_post,7001,7,8,"(-1, 0)",FETCH,FETCH,1,onion_0,onion_0,1,1,FETCH,FETCH,FETCH,onion_0,onion_0,onion_0,0,0,serve
post_post,7001,9,10,"(0, 1)",PLACE,PLACE,1,pot_0,pot_0,1,1,PLACE,PLACE,PLACE,pot_0,pot_0,pot_0,0,0,serve
post_post,7001,13,14,"(-1, 0)",FETCH,FETCH,1,onion_0,onion_0,1,1,FETCH,FETCH,FETCH,onion_0,onion_0,onion_0,0,0,serve
post_post,7001,15,16,"(0, 1)",PLACE,PLACE,1,pot_0,pot_0,1,1,PLACE,PLACE,PLACE,pot_0,pot_0,pot_0,0,0,serve
post_post,7001,19,20,interact,COOK_START,COOK_START,1,pot_0,pot_0,1,1,COOK_START,COOK_START,COOK_START,pot_0,pot_0,pot_0,0,0,serve
post_post,7001,20,21,"(-1, 0)",FETCH,FETCH,1,onion_0,onion_0,1,1,FETCH,FETCH,FETCH,onion_0,onion_0,onion_0,0,0,serve
post_post,7001,22,23,"(0, 1)",PLACE,PLACE,1,pot_1,pot_1,1,1,PLACE,PLACE,PLACE,pot_1,pot_1,pot_1,0,0,serve
post_post,7001,28,29,"(1, 0)",FETCH,FETCH,1,onion_1,onion_1,1,1,FETCH,FETCH,FETCH,onion_1,onion_1,onion_1,0,0,serve
post_post,7001,30,31,"(0, 1)",PLACE,PLACE,1,pot_1,pot_1,1,1,PLACE,PLACE,PLACE,pot_1,pot_1,pot_1,0,0,serve
post_post,7001,34,35,"(1, 0)",FETCH,FETCH,1,onion_1,onion_1,1,1,FETCH,FETCH,FETCH,onion_1,onion_1,onion_1,0,0,serve
post_post,7001,36,37,"(0, 1)",PLACE,PLACE,1,pot_1,pot_1,1,1,PLACE,PLACE,PLACE,pot_1,pot_1,pot_1,0,0,serve
post_post,7001,40,41,interact,COOK_START,COOK_START,1,pot_1,pot_1,1,1,COOK_START,COOK_START,COOK_START,pot_1,pot_1,pot_1,0,0,serve
post_post,7001,41,42,"(0, 0)",GET_DISH,GET_DISH,1,dish_0,dish_0,1,1,GET_DISH,GET_DISH,GET_DISH,dish_0,dish_0,dish_0,0,0,cook
post_post,7001,47,48,"(1, 0)",PRE,PRE,1,pot_1,pot_1,1,1,PRE,PRE,PRE,none,pot_1,none,0,1,dynamic
post_post,7001,60,61,"(1, 0)",PICKUP,PICKUP,1,pot_1,pot_1,1,1,PICKUP,PICKUP,PICKUP,pot_1,pot_1,pot_1,0,0,cook
post_post,7001,63,64,"(0, 1)",DELIVER,DELIVER,1,serve_0,serve_0,1,1,DELIVER,DELIVER,DELIVER,serve_0,serve_0,serve_0,0,0,cook
post_post,7001,65,66,"(0, -1)",FETCH,FETCH,1,onion_1,onion_1,1,1,FETCH,FETCH,FETCH,onion_1,onion_1,onion_1,0,0,serve
post_post,7001,68,69,"(0, 1)",PLACE,PLACE,1,pot_1,pot_1,1,1,PLACE,PLACE,PLACE,pot_1,pot_1,pot_1,0,0,serve
post_post,7001,79,80,"(1, 0)",FETCH,FETCH,1,onion_1,onion_1,1,1,FETCH,FETCH,FETCH,onion_1,onion_1,onion_1,0,0,serve
post_post,7001,81,82,"(-1, 0)",PLACE,PLACE,1,pot_1,pot_1,1,1,PLACE,PLACE,PLACE,pot_1,pot_1,pot_1,0,0,serve
post_post,7001,85,86,"(1, 0)",FETCH,FETCH,1,onion_1,onion_1,1,1,FETCH,FETCH,FETCH,onion_1,onion_1,onion_1,0,0,serve
post_post,7001,87,88,"(-1, 0)",PLACE,PLACE,1,pot_1,pot_1,1,1,PLACE,PLACE,PLACE,pot_1,pot_1,pot_1,0,0,serve
post_post,7001,91,92,interact,COOK_START,COOK_START,1,pot_1,pot_1,1,1,COOK_START,COOK_START,COOK_START,pot_1,pot_1,pot_1,0,0,serve
post_post,7001,92,93,"(1, 0)",FETCH,FETCH,1,onion_1,onion_1,1,1,FETCH,FETCH,FETCH,onion_1,onion_1,onion_1,0,0,serve
post_post,7001,94,95,"(0, 1)",PLACE,PLACE,1,pot_0,pot_0,1,1,PLACE,PLACE,PLACE,pot_0,pot_0,pot_0,0,0,serve
post_post,7001,107,108,"(-1, 0)",FETCH,FETCH,1,onion_0,onion_0,1,1,FETCH,FETCH,FETCH,onion_0,onion_0,onion_0,0,0,serve
post_post,7001,109,110,"(0, 1)",PLACE,PLACE,1,pot_0,pot_0,1,1,PLACE,PLACE,PLACE,pot_0,pot_0,pot_0,0,0,serve
post_post,7001,113,114,"(-1, 0)",FETCH,FETCH,1,onion_0,onion_0,1,1,FETCH,FETCH,FETCH,onion_0,onion_0,onion_0,0,0,serve
post_post,7001,115,116,"(0, 1)",PLACE,PLACE,1,pot_0,pot_0,1,1,PLACE,PLACE,PLACE,pot_0,pot_0,pot_0,0,0,serve
post_post,7001,119,120,interact,COOK_START,COOK_START,1,pot_0,pot_0,1,1,COOK_START,COOK_START,COOK_START,pot_0,pot_0,pot_0,0,0,serve
post_post,7001,120,121,"(-1, 0)",FETCH,FETCH,1,onion_0,onion_0,1,1,FETCH,FETCH,FETCH,onion_0,onion_0,onion_0,0,0,serve
post_post,7001,122,123,"(0, 1)",PLACE,PLACE,1,pot_1,pot_1,1,1,PLACE,PLACE,PLACE,pot_1,pot_1,pot_1,0,0,serve
post_post,7001,128,129,"(1, 0)",FETCH,FETCH,1,onion_1,onion_1,1,1,FETCH,FETCH,FETCH,onion_1,onion_1,onion_1,0,0,serve
post_post,7001,130,131,"(0, 1)",PLACE,PLACE,1,pot_1,pot_1,1,1,PLACE,PLACE,PLACE,pot_1,pot_1,pot_1,0,0,serve
post_post,7001,134,135,"(1, 0)",FETCH,FETCH,1,onion_1,onion_1,1,1,FETCH,FETCH,FETCH,onion_1,onion_1,onion_1,0,0,serve
post_post,7001,136,137,"(0, 1)",PLACE,PLACE,1,pot_1,pot_1,1,1,PLACE,PLACE,PLACE,pot_1,pot_1,pot_1,0,0,serve
post_post,7001,140,141,interact,COOK_START,COOK_START,1,pot_1,pot_1,1,1,COOK_START,COOK_START,COOK_START,pot_1,pot_1,pot_1,0,0,serve
post_post,7001,141,142,"(0, 0)",GET_DISH,GET_DISH,1,dish_0,dish_0,1,1,GET_DISH,GET_DISH,GET_DISH,dish_0,dish_0,dish_0,0,0,cook
post_post,7001,147,148,"(1, 0)",PRE,PRE,1,pot_1,pot_1,1,1,PRE,PRE,PRE,none,pot_1,none,0,1,dynamic
post_post,7001,160,161,"(1, 0)",PICKUP,PICKUP,1,pot_1,pot_1,1,1,PICKUP,PICKUP,PICKUP,pot_1,pot_1,pot_1,0,0,cook
post_post,7001,163,164,"(0, 1)",DELIVER,DELIVER,1,serve_0,serve_0,1,1,DELIVER,DELIVER,DELIVER,serve_0,serve_0,serve_0,0,0,cook
post_post,7001,165,166,"(0, -1)",FETCH,FETCH,1,onion_1,onion_1,1,1,FETCH,FETCH,FETCH,onion_1,onion_1,onion_1,0,0,serve
post_post,7001,168,169,"(0, 1)",PLACE,PLACE,1,pot_1,pot_1,1,1,PLACE,PLACE,PLACE,pot_1,pot_1,pot_1,0,0,serve
post_post,7001,179,180,"(1, 0)",FETCH,FETCH,1,onion_1,onion_1,1,1,FETCH,FETCH,FETCH,onion_1,onion_1,onion_1,0,0,serve
post_post,7001,181,182,"(-1, 0)",PLACE,PLACE,1,pot_1,pot_1,1,1,PLACE,PLACE,PLACE,pot_1,pot_1,pot_1,0,0,serve
post_post,7001,185,186,"(1, 0)",FETCH,FETCH,1,onion_1,onion_1,1,1,FETCH,FETCH,FETCH,onion_1,onion_1,onion_1,0,0,serve
post_post,7001,187,188,"(-1, 0)",PLACE,PLACE,1,pot_1,pot_1,1,1,PLACE,PLACE,PLACE,pot_1,pot_1,pot_1,0,0,serve
post_post,7001,191,192,interact,COOK_START,COOK_START,1,pot_1,pot_1,1,1,COOK_START,COOK_START,COOK_START,pot_1,pot_1,pot_1,0,0,serve
post_post,7001,192,193,"(1, 0)",FETCH,FETCH,1,onion_1,onion_1,1,1,FETCH,FETCH,FETCH,onion_1,onion_1,onion_1,0,0,serve
post_post,7001,194,195,"(0, 1)",PLACE,PLACE,1,pot_0,pot_0,1,1,PLACE,PLACE,PLACE,pot_0,pot_0,pot_0,0,0,serve
post_post,7001,207,208,"(-1, 0)",FETCH,FETCH,1,onion_0,onion_0,1,1,FETCH,FETCH,FETCH,onion_0,onion_0,onion_0,0,0,serve
post_post,7001,209,210,"(0, 1)",PLACE,PLACE,1,pot_0,pot_0,1,1,PLACE,PLACE,PLACE,pot_0,pot_0,pot_0,0,0,serve
post_post,7001,213,214,"(-1, 0)",FETCH,FETCH,1,onion_0,onion_0,1,1,FETCH,FETCH,FETCH,onion_0,onion_0,onion_0,0,0,serve
post_post,7001,215,216,"(0, 1)",PLACE,PLACE,1,pot_0,pot_0,1,1,PLACE,PLACE,PLACE,pot_0,pot_0,pot_0,0,0,serve
post_post,7001,219,220,interact,COOK_START,COOK_START,1,pot_0,pot_0,1,1,COOK_START,COOK_START,COOK_START,pot_0,pot_0,pot_0,0,0,serve
post_post,7001,220,221,"(-1, 0)",FETCH,FETCH,1,onion_0,onion_0,1,1,FETCH,FETCH,FETCH,onion_0,onion_0,onion_0,0,0,serve
post_post,7001,222,223,"(0, 1)",PLACE,PLACE,1,pot_1,pot_1,1,1,PLACE,PLACE,PLACE,pot_1,pot_1,pot_1,0,0,serve
post_post,7001,228,229,"(1, 0)",FETCH,FETCH,1,onion_1,onion_1,1,1,FETCH,FETCH,FETCH,onion_1,onion_1,onion_1,0,0,serve
post_post,7001,230,231,"(0, 1)",PLACE,PLACE,1,pot_1,pot_1,1,1,PLACE,PLACE,PLACE,pot_1,pot_1,pot_1,0,0,serve
post_post,7001,234,235,"(1, 0)",FETCH,FETCH,1,onion_1,onion_1,1,1,FETCH,FETCH,FETCH,onion_1,onion_1,onion_1,0,0,serve
post_post,7001,236,237,"(0, 1)",PLACE,PLACE,1,pot_1,pot_1,1,1,PLACE,PLACE,PLACE,pot_1,pot_1,pot_1,0,0,serve
post_post,7001,240,241,interact,COOK_START,COOK_START,1,pot_1,pot_1,1,1,COOK_START,COOK_START,COOK_START,pot_1,pot_1,pot_1,0,0,serve
post_post,7001,241,242,"(0, 0)",GET_DISH,GET_DISH,1,dish_0,dish_0,1,1,GET_DISH,GET_DISH,GET_DISH,dish_0,dish_0,dish_0,0,0,cook
post_post,7001,247,248,"(1, 0)",PRE,PRE,1,pot_1,pot_1,1,1,PRE,PRE,PRE,none,pot_1,none,0,1,dynamic
post_post,7001,260,261,"(1, 0)",PICKUP,PICKUP,1,pot_1,pot_1,1,1,PICKUP,PICKUP,PICKUP,pot_1,pot_1,pot_1,0,0,cook
post_post,7001,263,264,"(0, 1)",DELIVER,DELIVER,1,serve_0,serve_0,1,1,DELIVER,DELIVER,DELIVER,serve_0,serve_0,serve_0,0,0,cook
post_post,7001,265,266,"(0, -1)",FETCH,FETCH,1,onion_1,onion_1,1,1,FETCH,FETCH,FETCH,onion_1,onion_1,onion_1,0,0,serve
post_post,7001,268,269,"(0, 1)",PLACE,PLACE,1,pot_1,pot_1,1,1,PLACE,PLACE,PLACE,pot_1,pot_1,pot_1,0,0,serve
post_post,7001,279,280,"(1, 0)",FETCH,FETCH,1,onion_1,onion_1,1,1,FETCH,FETCH,FETCH,onion_1,onion_1,onion_1,0,0,serve
post_post,7001,281,282,"(-1, 0)",PLACE,PLACE,1,pot_1,pot_1,1,1,PLACE,PLACE,PLACE,pot_1,pot_1,pot_1,0,0,serve
post_post,7001,285,286,"(1, 0)",FETCH,FETCH,1,onion_1,onion_1,1,1,FETCH,FETCH,FETCH,onion_1,onion_1,onion_1,0,0,serve
post_post,7001,287,288,"(-1, 0)",PLACE,PLACE,1,pot_1,pot_1,1,1,PLACE,PLACE,PLACE,pot_1,pot_1,pot_1,0,0,serve
post_post,7001,291,292,interact,COOK_START,COOK_START,1,pot_1,pot_1,1,1,COOK_START,COOK_START,COOK_START,pot_1,pot_1,pot_1,0,0,serve
post_post,7001,292,293,"(1, 0)",FETCH,FETCH,1,onion_1,onion_1,1,1,FETCH,FETCH,FETCH,onion_1,onion_1,onion_1,0,0,serve
post_post,7001,294,295,"(0, 1)",PLACE,PLACE,1,pot_0,pot_0,1,1,PLACE,PLACE,PLACE,pot_0,pot_0,pot_0,0,0,serve
post_post,7001,307,308,"(-1, 0)",FETCH,FETCH,1,onion_0,onion_0,1,1,FETCH,FETCH,FETCH,onion_0,onion_0,onion_0,0,0,serve
post_post,7001,309,310,"(0, 1)",PLACE,PLACE,1,pot_0,pot_0,1,1,PLACE,PLACE,PLACE,pot_0,pot_0,pot_0,0,0,serve
post_post,7001,313,314,"(-1, 0)",FETCH,FETCH,1,onion_0,onion_0,1,1,FETCH,FETCH,FETCH,onion_0,onion_0,onion_0,0,0,serve
post_post,7001,315,316,"(0, 1)",PLACE,PLACE,1,pot_0,pot_0,1,1,PLACE,PLACE,PLACE,pot_0,pot_0,pot_0,0,0,serve
post_post,7001,319,320,interact,COOK_START,COOK_START,1,pot_0,pot_0,1,1,COOK_START,COOK_START,COOK_START,pot_0,pot_0,pot_0,0,0,serve
post_post,7001,320,321,"(-1, 0)",FETCH,FETCH,1,onion_0,onion_0,1,1,FETCH,FETCH,FETCH,onion_0,onion_0,onion_0,0,0,serve
post_post,7001,322,323,"(0, 1)",PLACE,PLACE,1,pot_1,pot_1,1,1,PLACE,PLACE,PLACE,pot_1,pot_1,pot_1,0,0,serve
post_post,7001,328,329,"(1, 0)",FETCH,FETCH,1,onion_1,onion_1,1,1,FETCH,FETCH,FETCH,onion_1,onion_1,onion_1,0,0,serve
post_post,7001,330,331,"(0, 1)",PLACE,PLACE,1,pot_1,pot_1,1,1,PLACE,PLACE,PLACE,pot_1,pot_1,pot_1,0,0,serve
post_post,7001,334,335,"(1, 0)",FETCH,FETCH,1,onion_1,onion_1,1,1,FETCH,FETCH,FETCH,onion_1,onion_1,onion_1,0,0,serve
post_post,7001,336,337,"(0, 1)",PLACE,PLACE,1,pot_1,pot_1,1,1,PLACE,PLACE,PLACE,pot_1,pot_1,pot_1,0,0,serve
post_post,7001,340,341,interact,COOK_START,COOK_START,1,pot_1,pot_1,1,1,COOK_START,COOK_START,COOK_START,pot_1,pot_1,pot_1,0,0,serve
post_post,7001,341,342,"(0, 0)",GET_DISH,GET_DISH,1,dish_0,dish_0,1,1,GET_DISH,GET_DISH,GET_DISH,dish_0,dish_0,dish_0,0,0,cook
post_post,7001,347,348,"(1, 0)",PRE,PRE,1,pot_1,pot_0,0,0,PRE,PRE,PRE,none,pot_0,none,0,1,dynamic
post_post,7001,360,361,"(1, 0)",PICKUP,PICKUP,1,pot_1,pot_1,1,1,PICKUP,PICKUP,PICKUP,pot_1,pot_1,pot_1,0,0,cook
post_post,7001,363,364,"(0, 1)",DELIVER,DELIVER,1,serve_0,serve_0,1,1,DELIVER,DELIVER,DELIVER,serve_0,serve_0,serve_0,0,0,cook
post_post,7001,365,366,"(0, -1)",FETCH,FETCH,1,onion_1,onion_1,1,1,FETCH,FETCH,FETCH,onion_1,onion_1,onion_1,0,0,serve
post_post,7001,368,369,"(0, 1)",PLACE,PLACE,1,pot_1,pot_0,0,0,PLACE,PLACE,PLACE,pot_0,pot_0,pot_0,0,0,serve
post_post,7001,379,380,"(1, 0)",FETCH,FETCH,1,onion_1,onion_1,1,1,FETCH,FETCH,FETCH,onion_1,onion_1,onion_1,0,0,serve
post_post,7001,381,382,"(-1, 0)",PLACE,PLACE,1,pot_1,pot_1,1,1,PLACE,PLACE,PLACE,pot_1,pot_1,pot_1,0,0,serve
post_post,7001,385,386,"(1, 0)",FETCH,FETCH,1,onion_1,onion_1,1,1,FETCH,FETCH,FETCH,onion_1,onion_1,onion_1,0,0,serve
post_post,7001,387,388,"(-1, 0)",PLACE,PLACE,1,pot_1,pot_1,1,1,PLACE,PLACE,PLACE,pot_1,pot_1,pot_1,0,0,serve
post_post,7001,391,392,interact,COOK_START,COOK_START,1,pot_1,pot_1,1,1,COOK_START,COOK_START,COOK_START,pot_1,pot_1,pot_1,0,0,serve
post_post,7001,392,393,"(1, 0)",FETCH,FETCH,1,onion_1,onion_1,1,1,FETCH,FETCH,FETCH,onion_1,onion_1,onion_1,0,0,serve
post_post,7001,394,395,"(0, 1)",PLACE,PLACE,1,pot_0,pot_0,1,1,PLACE,PLACE,PLACE,pot_0,pot_0,pot_0,0,0,serve
post_post,7001,407,408,"(-1, 0)",FETCH,FETCH,1,onion_0,onion_0,1,1,FETCH,FETCH,FETCH,onion_0,onion_0,onion_0,0,0,serve
post_post,7001,409,410,"(0, 1)",PLACE,PLACE,1,pot_0,pot_0,1,1,PLACE,PLACE,PLACE,pot_0,pot_0,pot_0,0,0,serve
post_post,7001,413,414,"(-1, 0)",FETCH,FETCH,1,onion_0,onion_0,1,1,FETCH,FETCH,FETCH,onion_0,onion_0,onion_0,0,0,serve
post_post,7001,415,416,"(0, 1)",PLACE,PLACE,1,pot_0,pot_0,1,1,PLACE,PLACE,PLACE,pot_0,pot_0,pot_0,0,0,serve
post_post,7001,419,420,interact,COOK_START,COOK_START,1,pot_0,pot_0,1,1,COOK_START,COOK_START,COOK_START,pot_0,pot_0,pot_0,0,0,serve
post_post,7001,420,421,"(-1, 0)",FETCH,FETCH,1,onion_0,onion_0,1,1,GET_DISH,FETCH,GET_DISH,dish_0,onion_0,dish_0,1,1,serve
post_post,7001,422,423,"(0, 1)",PLACE,PLACE,1,pot_1,pot_1,1,1,PLACE,PLACE,PLACE,pot_1,pot_1,pot_1,0,0,serve
post_post,7001,428,429,"(1, 0)",FETCH,FETCH,1,onion_1,onion_1,1,1,FETCH,FETCH,FETCH,onion_1,onion_1,onion_1,0,0,serve
post_post,7001,430,431,"(0, 1)",PLACE,PLACE,1,pot_1,pot_1,1,1,PLACE,PLACE,PLACE,pot_1,pot_1,pot_1,0,0,serve
post_post,7001,434,435,"(1, 0)",FETCH,FETCH,1,onion_1,onion_1,1,1,FETCH,FETCH,FETCH,onion_1,onion_1,onion_1,0,0,serve
post_post,7001,436,437,"(0, 1)",PLACE,PLACE,1,pot_1,pot_1,1,1,PLACE,PLACE,PLACE,pot_1,pot_1,pot_1,0,0,serve
post_post,7001,440,441,interact,COOK_START,COOK_START,1,pot_1,pot_1,1,1,COOK_START,COOK_START,COOK_START,pot_1,pot_1,pot_1,0,0,serve
post_post,7001,441,442,"(0, 0)",GET_DISH,GET_DISH,1,dish_0,dish_0,1,1,GET_DISH,GET_DISH,GET_DISH,dish_0,dish_0,dish_0,0,0,cook
post_post,7001,447,448,"(1, 0)",PRE,PRE,1,pot_1,pot_0,0,0,PRE,PRE,PRE,pot_0,pot_0,pot_0,0,0,dynamic
post_post,7001,460,461,"(1, 0)",PICKUP,PICKUP,1,pot_1,pot_1,1,1,PICKUP,PICKUP,PICKUP,pot_1,pot_1,pot_1,0,0,cook
post_post,7001,463,464,"(0, 1)",DELIVER,DELIVER,1,serve_0,serve_0,1,1,DELIVER,DELIVER,DELIVER,serve_0,serve_0,serve_0,0,0,cook
post_post,7001,465,466,"(0, -1)",FETCH,FETCH,1,onion_1,onion_1,1,1,FETCH,FETCH,FETCH,onion_1,onion_1,onion_1,0,0,serve
post_post,7001,468,469,"(0, 1)",PLACE,PLACE,1,pot_1,pot_0,0,0,PLACE,PLACE,PLACE,pot_0,pot_0,pot_0,0,0,serve
post_post,7001,479,480,"(1, 0)",FETCH,FETCH,1,onion_1,onion_1,1,1,FETCH,FETCH,FETCH,onion_1,onion_1,onion_1,0,0,serve
post_post,7001,481,482,"(-1, 0)",PLACE,PLACE,1,pot_1,pot_1,1,1,PLACE,PLACE,PLACE,pot_1,pot_1,pot_1,0,0,serve
post_post,7001,485,486,"(1, 0)",FETCH,FETCH,1,onion_1,onion_1,1,1,FETCH,FETCH,FETCH,onion_1,onion_1,onion_1,0,0,serve
post_post,7001,487,488,"(-1, 0)",PLACE,PLACE,1,pot_1,pot_1,1,1,PLACE,PLACE,PLACE,pot_1,pot_1,pot_1,0,0,serve
post_post,7001,491,492,interact,COOK_START,COOK_START,1,pot_1,pot_1,1,1,COOK_START,COOK_START,COOK_START,pot_1,pot_1,pot_1,0,0,serve
post_post,7001,492,493,"(1, 0)",FETCH,FETCH,1,onion_1,onion_1,1,1,FETCH,FETCH,FETCH,onion_1,onion_1,onion_1,0,0,serve
post_post,7001,494,495,"(0, 1)",PLACE,PLACE,1,pot_0,pot_0,1,1,PLACE,PLACE,PLACE,pot_0,pot_0,pot_0,0,0,serve
post_post,7001,507,508,"(-1, 0)",FETCH,FETCH,1,onion_0,onion_0,1,1,GET_DISH,FETCH,GET_DISH,onion_0,onion_0,onion_0,1,0,serve
post_post,7001,509,510,"(0, 1)",PLACE,PLACE,1,pot_0,pot_0,1,1,PLACE,PLACE,PLACE,pot_0,pot_0,pot_0,0,0,serve
post_post,7001,513,514,"(-1, 0)",FETCH,FETCH,1,onion_0,onion_0,1,1,FETCH,FETCH,FETCH,onion_0,onion_0,onion_0,0,0,serve
post_post,7001,515,516,"(0, 1)",PLACE,PLACE,1,pot_0,pot_0,1,1,PLACE,PLACE,PLACE,pot_0,pot_0,pot_0,0,0,serve
post_post,7001,519,520,interact,COOK_START,COOK_START,1,pot_0,pot_0,1,1,COOK_START,COOK_START,COOK_START,pot_0,pot_0,pot_0,0,0,serve
post_post,7001,520,521,"(-1, 0)",FETCH,GET_DISH,0,onion_0,dish_0,0,0,GET_DISH,GET_DISH,GET_DISH,dish_0,dish_0,dish_0,0,0,cook
post_post,7001,522,523,"(0, 1)",PLACE,PLACE,1,pot_1,pot_1,1,1,PLACE,PLACE,PLACE,pot_1,pot_1,pot_1,0,0,serve
post_post,7001,528,529,"(1, 0)",FETCH,FETCH,1,onion_1,onion_1,1,1,FETCH,FETCH,FETCH,onion_1,onion_1,onion_1,0,0,serve
post_post,7001,530,531,"(0, 1)",PLACE,PLACE,1,pot_1,pot_1,1,1,PLACE,PLACE,PLACE,pot_1,pot_1,pot_1,0,0,serve
post_post,7001,534,535,"(1, 0)",FETCH,FETCH,1,onion_1,onion_1,1,1,FETCH,FETCH,FETCH,onion_1,onion_1,onion_1,0,0,serve
post_post,7001,536,537,"(0, 1)",PLACE,PLACE,1,pot_1,pot_1,1,1,PLACE,PLACE,PLACE,pot_1,pot_1,pot_1,0,0,serve
post_post,7001,540,541,interact,COOK_START,COOK_START,1,pot_1,pot_1,1,1,COOK_START,COOK_START,COOK_START,pot_1,pot_1,pot_1,0,0,serve
post_post,7001,541,542,"(0, 0)",GET_DISH,GET_DISH,1,dish_0,dish_0,1,1,GET_DISH,GET_DISH,GET_DISH,dish_0,dish_0,dish_0,0,0,cook
post_post,7001,547,548,"(1, 0)",PRE,PRE,1,pot_1,dish_0,0,0,PRE,PRE,PRE,pot_0,dish_0,pot_0,0,1,dynamic
post_post,7001,560,561,"(1, 0)",PICKUP,PICKUP,1,pot_1,pot_1,1,1,PICKUP,PICKUP,PICKUP,pot_1,pot_1,pot_1,0,0,cook
post_post,7001,563,564,"(0, 1)",DELIVER,DELIVER,1,serve_0,serve_0,1,1,DELIVER,DELIVER,DELIVER,serve_0,serve_0,serve_0,0,0,cook
post_post,7001,565,566,"(0, -1)",FETCH,FETCH,1,onion_1,onion_1,1,1,FETCH,FETCH,FETCH,onion_1,onion_1,onion_1,0,0,serve
post_post,7001,568,569,"(0, 1)",PLACE,PLACE,1,pot_1,pot_0,0,0,PLACE,PLACE,PLACE,pot_0,pot_0,pot_0,0,0,serve
post_post,7001,579,580,"(1, 0)",FETCH,FETCH,1,onion_1,onion_1,1,1,FETCH,FETCH,FETCH,onion_1,onion_1,onion_1,0,0,serve
post_post,7001,581,582,"(-1, 0)",PLACE,PLACE,1,pot_1,pot_1,1,1,PLACE,PLACE,PLACE,pot_1,pot_1,pot_1,0,0,serve
post_post,7001,585,586,"(1, 0)",FETCH,FETCH,1,onion_1,onion_1,1,1,FETCH,FETCH,FETCH,onion_1,onion_1,onion_1,0,0,serve
post_post,7001,587,588,"(-1, 0)",PLACE,PLACE,1,pot_1,pot_1,1,1,PLACE,PLACE,PLACE,pot_1,pot_1,pot_1,0,0,serve
post_post,7001,591,592,interact,COOK_START,COOK_START,1,pot_1,pot_1,1,1,COOK_START,COOK_START,COOK_START,pot_1,pot_1,pot_1,0,0,serve
post_post,7001,592,593,"(1, 0)",FETCH,FETCH,1,onion_1,onion_1,1,1,FETCH,FETCH,FETCH,onion_1,onion_1,onion_1,0,0,serve
post_post,7001,594,595,"(0, 1)",PLACE,PLACE,1,pot_0,pot_0,1,1,PLACE,PLACE,PLACE,pot_0,pot_0,pot_0,0,0,serve
post_post,7001,607,608,"(-1, 0)",FETCH,GET_DISH,0,onion_0,dish_0,0,0,GET_DISH,GET_DISH,GET_DISH,dish_0,dish_0,dish_0,0,0,cook
post_post,7001,609,610,"(0, 1)",PLACE,PLACE,1,pot_0,pot_0,1,1,PLACE,PLACE,PLACE,pot_0,pot_0,pot_0,0,0,serve
post_post,7001,613,614,"(-1, 0)",FETCH,FETCH,1,onion_0,onion_0,1,1,FETCH,FETCH,FETCH,onion_0,onion_0,onion_0,0,0,serve
post_post,7001,615,616,"(0, 1)",PLACE,PLACE,1,pot_0,pot_0,1,1,PLACE,PLACE,PLACE,pot_0,pot_0,pot_0,0,0,serve
post_post,7001,619,620,interact,COOK_START,COOK_START,1,pot_0,pot_0,1,1,COOK_START,COOK_START,COOK_START,pot_0,pot_0,pot_0,0,0,serve
post_post,7001,620,621,"(-1, 0)",FETCH,GET_DISH,0,onion_0,dish_0,0,0,GET_DISH,GET_DISH,GET_DISH,dish_0,dish_0,dish_0,0,0,cook
post_post,7001,622,623,"(0, 1)",PLACE,PLACE,1,pot_1,pot_1,1,1,PLACE,PLACE,PLACE,pot_1,pot_1,pot_1,0,0,serve
post_post,7001,628,629,"(1, 0)",FETCH,FETCH,1,onion_1,onion_1,1,1,FETCH,FETCH,FETCH,onion_1,onion_1,onion_1,0,0,serve
post_post,7001,630,631,"(0, 1)",PLACE,PLACE,1,pot_1,pot_1,1,1,PLACE,PLACE,PLACE,pot_1,pot_1,pot_1,0,0,serve
post_post,7001,634,635,"(1, 0)",FETCH,FETCH,1,onion_1,onion_1,1,1,FETCH,FETCH,FETCH,onion_1,onion_1,onion_1,0,0,serve
post_post,7001,636,637,"(0, 1)",PLACE,PLACE,1,pot_1,pot_1,1,1,PLACE,PLACE,PLACE,pot_1,pot_1,pot_1,0,0,serve
post_post,7001,640,641,interact,COOK_START,COOK_START,1,pot_1,pot_1,1,1,COOK_START,COOK_START,COOK_START,pot_1,pot_1,pot_1,0,0,serve
post_post,7001,641,642,"(0, 0)",GET_DISH,GET_DISH,1,dish_0,dish_0,1,1,GET_DISH,GET_DISH,GET_DISH,dish_0,dish_0,dish_0,0,0,cook
post_post,7001,647,648,"(1, 0)",PRE,PRE,1,pot_1,dish_0,0,0,PRE,PRE,PRE,pot_0,dish_0,dish_0,0,1,dynamic
post_post,7001,660,661,"(1, 0)",PICKUP,PICKUP,1,pot_1,pot_1,1,1,PICKUP,PICKUP,PICKUP,pot_1,pot_1,pot_1,0,0,cook
post_post,7001,663,664,"(0, 1)",DELIVER,DELIVER,1,serve_0,serve_0,1,1,DELIVER,DELIVER,DELIVER,serve_0,serve_0,serve_0,0,0,cook
post_post,7001,665,666,"(0, -1)",FETCH,FETCH,1,onion_1,onion_1,1,1,FETCH,FETCH,FETCH,onion_1,onion_1,onion_1,0,0,serve
post_post,7001,668,669,"(0, 1)",PLACE,PLACE,1,pot_1,pot_1,1,1,PLACE,PLACE,PLACE,pot_1,pot_1,pot_1,0,0,serve
post_post,7001,672,673,"(1, 0)",FETCH,FETCH,1,onion_1,onion_1,1,1,FETCH,FETCH,FETCH,onion_1,onion_1,onion_1,0,0,serve
post_post,7001,674,675,"(-1, 0)",PLACE,PLACE,1,pot_1,pot_1,1,1,PLACE,PLACE,PLACE,pot_1,pot_1,pot_1,0,0,serve
post_post,7001,678,679,"(1, 0)",FETCH,FETCH,1,onion_1,onion_1,1,1,FETCH,FETCH,FETCH,onion_1,onion_1,onion_1,0,0,serve
post_post,7001,680,681,"(-1, 0)",PLACE,PLACE,1,pot_1,pot_1,1,1,PLACE,PLACE,PLACE,pot_1,pot_1,pot_1,0,0,serve
post_post,7001,684,685,interact,COOK_START,COOK_START,1,pot_1,pot_1,1,1,COOK_START,COOK_START,COOK_START,pot_1,pot_1,pot_1,0,0,serve
post_post,7001,685,686,"(1, 0)",FETCH,FETCH,1,onion_1,onion_1,1,1,FETCH,FETCH,FETCH,onion_1,onion_1,onion_1,0,0,serve
post_post,7001,687,688,"(0, 1)",PLACE,PLACE,1,pot_0,pot_0,1,1,PLACE,PLACE,PLACE,pot_0,pot_0,pot_0,0,0,serve
post_post,7002,0,1,"(0, 0)",FETCH,FETCH,1,onion_0,onion_0,1,1,FETCH,FETCH,FETCH,onion_0,onion_0,onion_0,0,0,serve
post_post,7002,5,6,"(0, 1)",PLACE,PLACE,1,pot_0,pot_0,1,1,PLACE,PLACE,PLACE,pot_0,pot_0,pot_0,0,0,serve
post_post,7002,9,10,"(-1, 0)",FETCH,FETCH,1,onion_0,onion_0,1,1,FETCH,FETCH,FETCH,onion_0,onion_0,onion_0,0,0,serve
post_post,7002,11,12,"(0, 1)",PLACE,PLACE,1,pot_0,pot_0,1,1,PLACE,PLACE,PLACE,pot_0,pot_0,pot_0,0,0,serve
post_post,7002,15,16,"(-1, 0)",FETCH,FETCH,1,onion_0,onion_0,1,1,FETCH,FETCH,FETCH,onion_0,onion_0,onion_0,0,0,serve
post_post,7002,17,18,"(0, 1)",PLACE,PLACE,1,pot_0,pot_0,1,1,PLACE,PLACE,PLACE,pot_0,pot_0,pot_0,0,0,serve
post_post,7002,21,22,interact,COOK_START,COOK_START,1,pot_0,pot_0,1,1,COOK_START,COOK_START,COOK_START,pot_0,pot_0,pot_0,0,0,serve
post_post,7002,22,23,"(-1, 0)",FETCH,FETCH,1,onion_0,onion_0,1,1,FETCH,FETCH,FETCH,onion_0,onion_0,onion_0,0,0,serve
post_post,7002,24,25,"(0, 1)",PLACE,PLACE,1,pot_1,pot_1,1,1,PLACE,PLACE,PLACE,pot_1,pot_1,pot_1,0,0,serve
post_post,7002,30,31,"(1, 0)",FETCH,FETCH,1,onion_1,onion_1,1,1,FETCH,FETCH,FETCH,onion_1,onion_1,onion_1,0,0,serve
post_post,7002,32,33,"(0, 1)",PLACE,PLACE,1,pot_1,pot_1,1,1,PLACE,PLACE,PLACE,pot_1,pot_1,pot_1,0,0,serve
post_post,7002,36,37,"(1, 0)",FETCH,FETCH,1,onion_1,onion_1,1,1,FETCH,FETCH,FETCH,onion_1,onion_1,onion_1,0,0,serve
post_post,7002,38,39,"(0, 1)",PLACE,PLACE,1,pot_1,pot_1,1,1,PLACE,PLACE,PLACE,pot_1,pot_1,pot_1,0,0,serve
post_post,7002,42,43,interact,COOK_START,COOK_START,1,pot_1,pot_1,1,1,COOK_START,COOK_START,COOK_START,pot_1,pot_1,pot_1,0,0,serve
post_post,7002,43,44,"(0, 0)",GET_DISH,GET_DISH,1,dish_0,dish_0,1,1,GET_DISH,GET_DISH,GET_DISH,dish_0,dish_0,dish_0,0,0,cook
post_post,7002,49,50,"(1, 0)",PRE,PRE,1,pot_1,pot_1,1,1,PRE,PRE,PRE,none,pot_1,none,0,1,dynamic
post_post,7002,62,63,"(1, 0)",PICKUP,PICKUP,1,pot_1,pot_1,1,1,PICKUP,PICKUP,PICKUP,pot_1,pot_1,pot_1,0,0,cook
post_post,7002,65,66,"(0, 1)",DELIVER,DELIVER,1,serve_0,serve_0,1,1,DELIVER,DELIVER,DELIVER,serve_0,serve_0,serve_0,0,0,cook
post_post,7002,67,68,"(0, -1)",FETCH,FETCH,1,onion_1,onion_1,1,1,FETCH,FETCH,FETCH,onion_1,onion_1,onion_1,0,0,serve
post_post,7002,70,71,"(0, 1)",PLACE,PLACE,1,pot_1,pot_1,1,1,PLACE,PLACE,PLACE,pot_1,pot_1,pot_1,0,0,serve
post_post,7002,81,82,"(1, 0)",FETCH,FETCH,1,onion_1,onion_1,1,1,FETCH,FETCH,FETCH,onion_1,onion_1,onion_1,0,0,serve
post_post,7002,83,84,"(-1, 0)",PLACE,PLACE,1,pot_1,pot_1,1,1,PLACE,PLACE,PLACE,pot_1,pot_1,pot_1,0,0,serve
post_post,7002,87,88,"(1, 0)",FETCH,FETCH,1,onion_1,onion_1,1,1,FETCH,FETCH,FETCH,onion_1,onion_1,onion_1,0,0,serve
post_post,7002,89,90,"(-1, 0)",PLACE,PLACE,1,pot_1,pot_1,1,1,PLACE,PLACE,PLACE,pot_1,pot_1,pot_1,0,0,serve
post_post,7002,93,94,interact,COOK_START,COOK_START,1,pot_1,pot_1,1,1,COOK_START,COOK_START,COOK_START,pot_1,pot_1,pot_1,0,0,serve
post_post,7002,94,95,"(1, 0)",FETCH,FETCH,1,onion_1,onion_1,1,1,FETCH,FETCH,FETCH,onion_1,onion_1,onion_1,0,0,serve
post_post,7002,96,97,"(0, 1)",PLACE,PLACE,1,pot_0,pot_0,1,1,PLACE,PLACE,PLACE,pot_0,pot_0,pot_0,0,0,serve
post_post,7002,109,110,"(-1, 0)",FETCH,FETCH,1,onion_0,onion_0,1,1,FETCH,FETCH,FETCH,onion_0,onion_0,onion_0,0,0,serve
post_post,7002,111,112,"(0, 1)",PLACE,PLACE,1,pot_0,pot_0,1,1,PLACE,PLACE,PLACE,pot_0,pot_0,pot_0,0,0,serve
post_post,7002,115,116,"(-1, 0)",FETCH,FETCH,1,onion_0,onion_0,1,1,FETCH,FETCH,FETCH,onion_0,onion_0,onion_0,0,0,serve
post_post,7002,117,118,"(0, 1)",PLACE,PLACE,1,pot_0,pot_0,1,1,PLACE,PLACE,PLACE,pot_0,pot_0,pot_0,0,0,serve
post_post,7002,121,122,interact,COOK_START,COOK_START,1,pot_0,pot_0,1,1,COOK_START,COOK_START,COOK_START,pot_0,pot_0,pot_0,0,0,serve
post_post,7002,122,123,"(-1, 0)",FETCH,FETCH,1,onion_0,onion_0,1,1,FETCH,FETCH,FETCH,onion_0,onion_0,onion_0,0,0,serve
post_post,7002,124,125,"(0, 1)",PLACE,PLACE,1,pot_1,pot_1,1,1,PLACE,PLACE,PLACE,pot_1,pot_1,pot_1,0,0,serve
post_post,7002,130,131,"(1, 0)",FETCH,FETCH,1,onion_1,onion_1,1,1,FETCH,FETCH,FETCH,onion_1,onion_1,onion_1,0,0,serve
post_post,7002,132,133,"(0, 1)",PLACE,PLACE,1,pot_1,pot_1,1,1,PLACE,PLACE,PLACE,pot_1,pot_1,pot_1,0,0,serve
post_post,7002,136,137,"(1, 0)",FETCH,FETCH,1,onion_1,onion_1,1,1,FETCH,FETCH,FETCH,onion_1,onion_1,onion_1,0,0,serve
post_post,7002,138,139,"(0, 1)",PLACE,PLACE,1,pot_1,pot_1,1,1,PLACE,PLACE,PLACE,pot_1,pot_1,pot_1,0,0,serve
post_post,7002,142,143,interact,COOK_START,COOK_START,1,pot_1,pot_1,1,1,COOK_START,COOK_START,COOK_START,pot_1,pot_1,pot_1,0,0,serve
post_post,7002,143,144,"(0, 0)",GET_DISH,GET_DISH,1,dish_0,dish_0,1,1,GET_DISH,GET_DISH,GET_DISH,dish_0,dish_0,dish_0,0,0,cook
post_post,7002,149,150,"(1, 0)",PRE,PRE,1,pot_1,pot_1,1,1,PRE,PRE,PRE,none,pot_1,none,0,1,dynamic
post_post,7002,162,163,"(1, 0)",PICKUP,PICKUP,1,pot_1,pot_1,1,1,PICKUP,PICKUP,PICKUP,pot_1,pot_1,pot_1,0,0,cook
post_post,7002,165,166,"(0, 1)",DELIVER,DELIVER,1,serve_0,serve_0,1,1,DELIVER,DELIVER,DELIVER,serve_0,serve_0,serve_0,0,0,cook
post_post,7002,167,168,"(0, -1)",FETCH,FETCH,1,onion_1,onion_1,1,1,FETCH,FETCH,FETCH,onion_1,onion_1,onion_1,0,0,serve
post_post,7002,170,171,"(0, 1)",PLACE,PLACE,1,pot_1,pot_1,1,1,PLACE,PLACE,PLACE,pot_1,pot_1,pot_1,0,0,serve
post_post,7002,181,182,"(1, 0)",FETCH,FETCH,1,onion_1,onion_1,1,1,FETCH,FETCH,FETCH,onion_1,onion_1,onion_1,0,0,serve
post_post,7002,183,184,"(-1, 0)",PLACE,PLACE,1,pot_1,pot_1,1,1,PLACE,PLACE,PLACE,pot_1,pot_1,pot_1,0,0,serve
post_post,7002,187,188,"(1, 0)",FETCH,FETCH,1,onion_1,onion_1,1,1,FETCH,FETCH,FETCH,onion_1,onion_1,onion_1,0,0,serve
post_post,7002,189,190,"(-1, 0)",PLACE,PLACE,1,pot_1,pot_1,1,1,PLACE,PLACE,PLACE,pot_1,pot_1,pot_1,0,0,serve
post_post,7002,193,194,interact,COOK_START,COOK_START,1,pot_1,pot_1,1,1,COOK_START,COOK_START,COOK_START,pot_1,pot_1,pot_1,0,0,serve
post_post,7002,194,195,"(1, 0)",FETCH,FETCH,1,onion_1,onion_1,1,1,FETCH,FETCH,FETCH,onion_1,onion_1,onion_1,0,0,serve
post_post,7002,196,197,"(0, 1)",PLACE,PLACE,1,pot_0,pot_0,1,1,PLACE,PLACE,PLACE,pot_0,pot_0,pot_0,0,0,serve
post_post,7002,209,210,"(-1, 0)",FETCH,FETCH,1,onion_0,onion_0,1,1,FETCH,FETCH,FETCH,onion_0,onion_0,onion_0,0,0,serve
post_post,7002,211,212,"(0, 1)",PLACE,PLACE,1,pot_0,pot_0,1,1,PLACE,PLACE,PLACE,pot_0,pot_0,pot_0,0,0,serve
post_post,7002,215,216,"(-1, 0)",FETCH,FETCH,1,onion_0,onion_0,1,1,FETCH,FETCH,FETCH,onion_0,onion_0,onion_0,0,0,serve
post_post,7002,217,218,"(0, 1)",PLACE,PLACE,1,pot_0,pot_0,1,1,PLACE,PLACE,PLACE,pot_0,pot_0,pot_0,0,0,serve
post_post,7002,221,222,interact,COOK_START,COOK_START,1,pot_0,pot_0,1,1,COOK_START,COOK_START,COOK_START,pot_0,pot_0,pot_0,0,0,serve
post_post,7002,222,223,"(-1, 0)",FETCH,FETCH,1,onion_0,onion_0,1,1,FETCH,FETCH,FETCH,onion_0,onion_0,onion_0,0,0,serve
post_post,7002,224,225,"(0, 1)",PLACE,PLACE,1,pot_1,pot_1,1,1,PLACE,PLACE,PLACE,pot_1,pot_1,pot_1,0,0,serve
post_post,7002,230,231,"(1, 0)",FETCH,FETCH,1,onion_1,onion_1,1,1,FETCH,FETCH,FETCH,onion_1,onion_1,onion_1,0,0,serve
post_post,7002,232,233,"(0, 1)",PLACE,PLACE,1,pot_1,pot_1,1,1,PLACE,PLACE,PLACE,pot_1,pot_1,pot_1,0,0,serve
post_post,7002,236,237,"(1, 0)",FETCH,FETCH,1,onion_1,onion_1,1,1,FETCH,FETCH,FETCH,onion_1,onion_1,onion_1,0,0,serve
post_post,7002,238,239,"(0, 1)",PLACE,PLACE,1,pot_1,pot_1,1,1,PLACE,PLACE,PLACE,pot_1,pot_1,pot_1,0,0,serve
post_post,7002,242,243,interact,COOK_START,COOK_START,1,pot_1,pot_1,1,1,COOK_START,COOK_START,COOK_START,pot_1,pot_1,pot_1,0,0,serve
post_post,7002,243,244,"(0, 0)",GET_DISH,GET_DISH,1,dish_0,dish_0,1,1,GET_DISH,GET_DISH,GET_DISH,dish_0,dish_0,dish_0,0,0,cook
post_post,7002,249,250,"(1, 0)",PRE,PRE,1,pot_1,pot_1,1,1,PRE,PRE,PRE,none,pot_1,none,0,1,dynamic
post_post,7002,262,263,"(1, 0)",PICKUP,PICKUP,1,pot_1,pot_1,1,1,PICKUP,PICKUP,PICKUP,pot_1,pot_1,pot_1,0,0,cook
post_post,7002,265,266,"(0, 1)",DELIVER,DELIVER,1,serve_0,serve_0,1,1,DELIVER,DELIVER,DELIVER,serve_0,serve_0,serve_0,0,0,cook
post_post,7002,267,268,"(0, -1)",FETCH,FETCH,1,onion_1,onion_1,1,1,FETCH,FETCH,FETCH,onion_1,onion_1,onion_1,0,0,serve
post_post,7002,270,271,"(0, 1)",PLACE,PLACE,1,pot_1,pot_1,1,1,PLACE,PLACE,PLACE,pot_1,pot_1,pot_1,0,0,serve
post_post,7002,281,282,"(1, 0)",FETCH,FETCH,1,onion_1,onion_1,1,1,FETCH,FETCH,FETCH,onion_1,onion_1,onion_1,0,0,serve
post_post,7002,283,284,"(-1, 0)",PLACE,PLACE,1,pot_1,pot_1,1,1,PLACE,PLACE,PLACE,pot_1,pot_1,pot_1,0,0,serve
post_post,7002,287,288,"(1, 0)",FETCH,FETCH,1,onion_1,onion_1,1,1,FETCH,FETCH,FETCH,onion_1,onion_1,onion_1,0,0,serve
post_post,7002,289,290,"(-1, 0)",PLACE,PLACE,1,pot_1,pot_1,1,1,PLACE,PLACE,PLACE,pot_1,pot_1,pot_1,0,0,serve
post_post,7002,293,294,interact,COOK_START,COOK_START,1,pot_1,pot_1,1,1,COOK_START,COOK_START,COOK_START,pot_1,pot_1,pot_1,0,0,serve
post_post,7002,294,295,"(1, 0)",FETCH,FETCH,1,onion_1,onion_1,1,1,FETCH,FETCH,FETCH,onion_1,onion_1,onion_1,0,0,serve
post_post,7002,296,297,"(0, 1)",PLACE,PLACE,1,pot_0,pot_0,1,1,PLACE,PLACE,PLACE,pot_0,pot_0,pot_0,0,0,serve
post_post,7002,309,310,"(-1, 0)",FETCH,FETCH,1,onion_0,onion_0,1,1,FETCH,FETCH,FETCH,onion_0,onion_0,onion_0,0,0,serve
post_post,7002,311,312,"(0, 1)",PLACE,PLACE,1,pot_0,pot_0,1,1,PLACE,PLACE,PLACE,pot_0,pot_0,pot_0,0,0,serve
post_post,7002,315,316,"(-1, 0)",FETCH,FETCH,1,onion_0,onion_0,1,1,FETCH,FETCH,FETCH,onion_0,onion_0,onion_0,0,0,serve
post_post,7002,317,318,"(0, 1)",PLACE,PLACE,1,pot_0,pot_0,1,1,PLACE,PLACE,PLACE,pot_0,pot_0,pot_0,0,0,serve
post_post,7002,321,322,interact,COOK_START,COOK_START,1,pot_0,pot_0,1,1,COOK_START,COOK_START,COOK_START,pot_0,pot_0,pot_0,0,0,serve
post_post,7002,322,323,"(-1, 0)",FETCH,FETCH,1,onion_0,onion_0,1,1,FETCH,FETCH,FETCH,onion_0,onion_0,onion_0,0,0,serve
post_post,7002,324,325,"(0, 1)",PLACE,PLACE,1,pot_1,pot_1,1,1,PLACE,PLACE,PLACE,pot_1,pot_1,pot_1,0,0,serve
post_post,7002,330,331,"(1, 0)",FETCH,FETCH,1,onion_1,onion_1,1,1,FETCH,FETCH,FETCH,onion_1,onion_1,onion_1,0,0,serve
post_post,7002,332,333,"(0, 1)",PLACE,PLACE,1,pot_1,pot_1,1,1,PLACE,PLACE,PLACE,pot_1,pot_1,pot_1,0,0,serve
post_post,7002,336,337,"(1, 0)",FETCH,FETCH,1,onion_1,onion_1,1,1,FETCH,FETCH,FETCH,onion_1,onion_1,onion_1,0,0,serve
post_post,7002,338,339,"(0, 1)",PLACE,PLACE,1,pot_1,pot_1,1,1,PLACE,PLACE,PLACE,pot_1,pot_1,pot_1,0,0,serve
post_post,7002,342,343,interact,COOK_START,COOK_START,1,pot_1,pot_1,1,1,COOK_START,COOK_START,COOK_START,pot_1,pot_1,pot_1,0,0,serve
post_post,7002,343,344,"(0, 0)",GET_DISH,GET_DISH,1,dish_0,dish_0,1,1,GET_DISH,GET_DISH,GET_DISH,dish_0,dish_0,dish_0,0,0,cook
post_post,7002,349,350,"(1, 0)",PRE,PRE,1,pot_1,pot_0,0,0,PRE,PRE,PRE,none,pot_0,none,0,1,dynamic
post_post,7002,362,363,"(1, 0)",PICKUP,PICKUP,1,pot_1,pot_1,1,1,PICKUP,PICKUP,PICKUP,pot_1,pot_1,pot_1,0,0,cook
post_post,7002,365,366,"(0, 1)",DELIVER,DELIVER,1,serve_0,serve_0,1,1,DELIVER,DELIVER,DELIVER,serve_0,serve_0,serve_0,0,0,cook
post_post,7002,367,368,"(0, -1)",FETCH,FETCH,1,onion_1,onion_1,1,1,FETCH,FETCH,FETCH,onion_1,onion_1,onion_1,0,0,serve
post_post,7002,370,371,"(0, 1)",PLACE,PLACE,1,pot_1,pot_0,0,0,PLACE,PLACE,PLACE,pot_0,pot_0,pot_0,0,0,serve
post_post,7002,381,382,"(1, 0)",FETCH,FETCH,1,onion_1,onion_1,1,1,FETCH,FETCH,FETCH,onion_1,onion_1,onion_1,0,0,serve
post_post,7002,383,384,"(-1, 0)",PLACE,PLACE,1,pot_1,pot_1,1,1,PLACE,PLACE,PLACE,pot_1,pot_1,pot_1,0,0,serve
post_post,7002,387,388,"(1, 0)",FETCH,FETCH,1,onion_1,onion_1,1,1,FETCH,FETCH,FETCH,onion_1,onion_1,onion_1,0,0,serve
post_post,7002,389,390,"(-1, 0)",PLACE,PLACE,1,pot_1,pot_1,1,1,PLACE,PLACE,PLACE,pot_1,pot_1,pot_1,0,0,serve
post_post,7002,393,394,interact,COOK_START,COOK_START,1,pot_1,pot_1,1,1,COOK_START,COOK_START,COOK_START,pot_1,pot_1,pot_1,0,0,serve
post_post,7002,394,395,"(1, 0)",FETCH,FETCH,1,onion_1,onion_1,1,1,FETCH,FETCH,FETCH,onion_1,onion_1,onion_1,0,0,serve
post_post,7002,396,397,"(0, 1)",PLACE,PLACE,1,pot_0,pot_0,1,1,PLACE,PLACE,PLACE,pot_0,pot_0,pot_0,0,0,serve
post_post,7002,409,410,"(-1, 0)",FETCH,FETCH,1,onion_0,onion_0,1,1,FETCH,FETCH,FETCH,onion_0,onion_0,onion_0,0,0,serve
post_post,7002,411,412,"(0, 1)",PLACE,PLACE,1,pot_0,pot_0,1,1,PLACE,PLACE,PLACE,pot_0,pot_0,pot_0,0,0,serve
post_post,7002,415,416,"(-1, 0)",FETCH,FETCH,1,onion_0,onion_0,1,1,FETCH,FETCH,FETCH,onion_0,onion_0,onion_0,0,0,serve
post_post,7002,417,418,"(0, 1)",PLACE,PLACE,1,pot_0,pot_0,1,1,PLACE,PLACE,PLACE,pot_0,pot_0,pot_0,0,0,serve
post_post,7002,421,422,interact,COOK_START,COOK_START,1,pot_0,pot_0,1,1,COOK_START,COOK_START,COOK_START,pot_0,pot_0,pot_0,0,0,serve
post_post,7002,422,423,"(-1, 0)",FETCH,FETCH,1,onion_0,onion_0,1,1,GET_DISH,FETCH,GET_DISH,dish_0,onion_0,dish_0,1,1,serve
post_post,7002,424,425,"(0, 1)",PLACE,PLACE,1,pot_1,pot_1,1,1,PLACE,PLACE,PLACE,pot_1,pot_1,pot_1,0,0,serve
post_post,7002,430,431,"(1, 0)",FETCH,FETCH,1,onion_1,onion_1,1,1,FETCH,FETCH,FETCH,onion_1,onion_1,onion_1,0,0,serve
post_post,7002,432,433,"(0, 1)",PLACE,PLACE,1,pot_1,pot_1,1,1,PLACE,PLACE,PLACE,pot_1,pot_1,pot_1,0,0,serve
post_post,7002,436,437,"(1, 0)",FETCH,FETCH,1,onion_1,onion_1,1,1,FETCH,FETCH,FETCH,onion_1,onion_1,onion_1,0,0,serve
post_post,7002,438,439,"(0, 1)",PLACE,PLACE,1,pot_1,pot_1,1,1,PLACE,PLACE,PLACE,pot_1,pot_1,pot_1,0,0,serve
post_post,7002,442,443,interact,COOK_START,COOK_START,1,pot_1,pot_1,1,1,COOK_START,COOK_START,COOK_START,pot_1,pot_1,pot_1,0,0,serve
post_post,7002,443,444,"(0, 0)",GET_DISH,GET_DISH,1,dish_0,dish_0,1,1,GET_DISH,GET_DISH,GET_DISH,dish_0,dish_0,dish_0,0,0,cook
post_post,7002,449,450,"(1, 0)",PRE,PRE,1,pot_1,pot_0,0,0,PRE,PRE,PRE,pot_0,pot_0,pot_0,0,0,dynamic
post_post,7002,462,463,"(1, 0)",PICKUP,PICKUP,1,pot_1,pot_1,1,1,PICKUP,PICKUP,PICKUP,pot_1,pot_1,pot_1,0,0,cook
post_post,7002,465,466,"(0, 1)",DELIVER,DELIVER,1,serve_0,serve_0,1,1,DELIVER,DELIVER,DELIVER,serve_0,serve_0,serve_0,0,0,cook
post_post,7002,467,468,"(0, -1)",FETCH,FETCH,1,onion_1,onion_1,1,1,FETCH,FETCH,FETCH,onion_1,onion_1,onion_1,0,0,serve
post_post,7002,470,471,"(0, 1)",PLACE,PLACE,1,pot_1,pot_0,0,0,PLACE,PLACE,PLACE,pot_0,pot_0,pot_0,0,0,serve
post_post,7002,481,482,"(1, 0)",FETCH,FETCH,1,onion_1,onion_1,1,1,FETCH,FETCH,FETCH,onion_1,onion_1,onion_1,0,0,serve
post_post,7002,483,484,"(-1, 0)",PLACE,PLACE,1,pot_1,pot_1,1,1,PLACE,PLACE,PLACE,pot_1,pot_1,pot_1,0,0,serve
post_post,7002,487,488,"(1, 0)",FETCH,FETCH,1,onion_1,onion_1,1,1,FETCH,FETCH,FETCH,onion_1,onion_1,onion_1,0,0,serve
post_post,7002,489,490,"(-1, 0)",PLACE,PLACE,1,pot_1,pot_1,1,1,PLACE,PLACE,PLACE,pot_1,pot_1,pot_1,0,0,serve
post_post,7002,493,494,interact,COOK_START,COOK_START,1,pot_1,pot_1,1,1,COOK_START,COOK_START,COOK_START,pot_1,pot_1,pot_1,0,0,serve
post_post,7002,494,495,"(1, 0)",FETCH,FETCH,1,onion_1,onion_1,1,1,FETCH,FETCH,FETCH,onion_1,onion_1,onion_1,0,0,serve
post_post,7002,496,497,"(0, 1)",PLACE,PLACE,1,pot_0,pot_0,1,1,PLACE,PLACE,PLACE,pot_0,pot_0,pot_0,0,0,serve
post_post,7002,509,510,"(-1, 0)",FETCH,FETCH,1,onion_0,onion_0,1,1,GET_DISH,FETCH,GET_DISH,onion_0,onion_0,onion_0,1,0,serve
post_post,7002,511,512,"(0, 1)",PLACE,PLACE,1,pot_0,pot_0,1,1,PLACE,PLACE,PLACE,pot_0,pot_0,pot_0,0,0,serve
post_post,7002,515,516,"(-1, 0)",FETCH,FETCH,1,onion_0,onion_0,1,1,FETCH,FETCH,FETCH,onion_0,onion_0,onion_0,0,0,serve
post_post,7002,517,518,"(0, 1)",PLACE,PLACE,1,pot_0,pot_0,1,1,PLACE,PLACE,PLACE,pot_0,pot_0,pot_0,0,0,serve
post_post,7002,521,522,interact,COOK_START,COOK_START,1,pot_0,pot_0,1,1,COOK_START,COOK_START,COOK_START,pot_0,pot_0,pot_0,0,0,serve
post_post,7002,522,523,"(-1, 0)",FETCH,GET_DISH,0,onion_0,dish_0,0,0,GET_DISH,GET_DISH,GET_DISH,dish_0,dish_0,dish_0,0,0,cook
post_post,7002,524,525,"(0, 1)",PLACE,PLACE,1,pot_1,pot_1,1,1,PLACE,PLACE,PLACE,pot_1,pot_1,pot_1,0,0,serve
post_post,7002,530,531,"(1, 0)",FETCH,FETCH,1,onion_1,onion_1,1,1,FETCH,FETCH,FETCH,onion_1,onion_1,onion_1,0,0,serve
post_post,7002,532,533,"(0, 1)",PLACE,PLACE,1,pot_1,pot_1,1,1,PLACE,PLACE,PLACE,pot_1,pot_1,pot_1,0,0,serve
post_post,7002,536,537,"(1, 0)",FETCH,FETCH,1,onion_1,onion_1,1,1,FETCH,FETCH,FETCH,onion_1,onion_1,onion_1,0,0,serve
post_post,7002,538,539,"(0, 1)",PLACE,PLACE,1,pot_1,pot_1,1,1,PLACE,PLACE,PLACE,pot_1,pot_1,pot_1,0,0,serve
post_post,7002,542,543,interact,COOK_START,COOK_START,1,pot_1,pot_1,1,1,COOK_START,COOK_START,COOK_START,pot_1,pot_1,pot_1,0,0,serve
post_post,7002,543,544,"(0, 0)",GET_DISH,GET_DISH,1,dish_0,dish_0,1,1,GET_DISH,GET_DISH,GET_DISH,dish_0,dish_0,dish_0,0,0,cook
post_post,7002,549,550,"(1, 0)",PRE,PRE,1,pot_1,dish_0,0,0,PRE,PRE,PRE,pot_0,dish_0,pot_0,0,1,dynamic
post_post,7002,562,563,"(1, 0)",PICKUP,PICKUP,1,pot_1,pot_1,1,1,PICKUP,PICKUP,PICKUP,pot_1,pot_1,pot_1,0,0,cook
post_post,7002,565,566,"(0, 1)",DELIVER,DELIVER,1,serve_0,serve_0,1,1,DELIVER,DELIVER,DELIVER,serve_0,serve_0,serve_0,0,0,cook
post_post,7002,567,568,"(0, -1)",FETCH,FETCH,1,onion_1,onion_1,1,1,FETCH,FETCH,FETCH,onion_1,onion_1,onion_1,0,0,serve
post_post,7002,570,571,"(0, 1)",PLACE,PLACE,1,pot_1,pot_0,0,0,PLACE,PLACE,PLACE,pot_0,pot_0,pot_0,0,0,serve
post_post,7002,581,582,"(1, 0)",FETCH,FETCH,1,onion_1,onion_1,1,1,FETCH,FETCH,FETCH,onion_1,onion_1,onion_1,0,0,serve
post_post,7002,583,584,"(-1, 0)",PLACE,PLACE,1,pot_1,pot_1,1,1,PLACE,PLACE,PLACE,pot_1,pot_1,pot_1,0,0,serve
post_post,7002,587,588,"(1, 0)",FETCH,FETCH,1,onion_1,onion_1,1,1,FETCH,FETCH,FETCH,onion_1,onion_1,onion_1,0,0,serve
post_post,7002,589,590,"(-1, 0)",PLACE,PLACE,1,pot_1,pot_1,1,1,PLACE,PLACE,PLACE,pot_1,pot_1,pot_1,0,0,serve
post_post,7002,593,594,interact,COOK_START,COOK_START,1,pot_1,pot_1,1,1,COOK_START,COOK_START,COOK_START,pot_1,pot_1,pot_1,0,0,serve
post_post,7002,594,595,"(1, 0)",FETCH,FETCH,1,onion_1,onion_1,1,1,FETCH,FETCH,FETCH,onion_1,onion_1,onion_1,0,0,serve
post_post,7002,596,597,"(0, 1)",PLACE,PLACE,1,pot_0,pot_0,1,1,PLACE,PLACE,PLACE,pot_0,pot_0,pot_0,0,0,serve
post_post,7002,609,610,"(-1, 0)",FETCH,GET_DISH,0,onion_0,dish_0,0,0,GET_DISH,GET_DISH,GET_DISH,dish_0,dish_0,dish_0,0,0,cook
post_post,7002,611,612,"(0, 1)",PLACE,PLACE,1,pot_0,pot_0,1,1,PLACE,PLACE,PLACE,pot_0,pot_0,pot_0,0,0,serve
post_post,7002,615,616,"(-1, 0)",FETCH,FETCH,1,onion_0,onion_0,1,1,FETCH,FETCH,FETCH,onion_0,onion_0,onion_0,0,0,serve
post_post,7002,617,618,"(0, 1)",PLACE,PLACE,1,pot_0,pot_0,1,1,PLACE,PLACE,PLACE,pot_0,pot_0,pot_0,0,0,serve
post_post,7002,621,622,interact,COOK_START,COOK_START,1,pot_0,pot_0,1,1,COOK_START,COOK_START,COOK_START,pot_0,pot_0,pot_0,0,0,serve
post_post,7002,622,623,"(-1, 0)",FETCH,GET_DISH,0,onion_0,dish_0,0,0,GET_DISH,GET_DISH,GET_DISH,dish_0,dish_0,dish_0,0,0,cook
post_post,7002,624,625,"(0, 1)",PLACE,PLACE,1,pot_1,pot_1,1,1,PLACE,PLACE,PLACE,pot_1,pot_1,pot_1,0,0,serve
post_post,7002,630,631,"(1, 0)",FETCH,FETCH,1,onion_1,onion_1,1,1,FETCH,FETCH,FETCH,onion_1,onion_1,onion_1,0,0,serve
post_post,7002,632,633,"(0, 1)",PLACE,PLACE,1,pot_1,pot_1,1,1,PLACE,PLACE,PLACE,pot_1,pot_1,pot_1,0,0,serve
post_post,7002,636,637,"(1, 0)",FETCH,FETCH,1,onion_1,onion_1,1,1,FETCH,FETCH,FETCH,onion_1,onion_1,onion_1,0,0,serve
post_post,7002,638,639,"(0, 1)",PLACE,PLACE,1,pot_1,pot_1,1,1,PLACE,PLACE,PLACE,pot_1,pot_1,pot_1,0,0,serve
post_post,7002,642,643,interact,COOK_START,COOK_START,1,pot_1,pot_1,1,1,COOK_START,COOK_START,COOK_START,pot_1,pot_1,pot_1,0,0,serve
post_post,7002,643,644,"(0, 0)",GET_DISH,GET_DISH,1,dish_0,dish_0,1,1,GET_DISH,GET_DISH,GET_DISH,dish_0,dish_0,dish_0,0,0,cook
post_post,7002,649,650,"(1, 0)",PRE,PRE,1,pot_1,dish_0,0,0,PRE,PRE,PRE,dish_0,dish_0,dish_0,0,0,dynamic
post_post,7002,662,663,"(1, 0)",PICKUP,PICKUP,1,pot_1,pot_1,1,1,PICKUP,PICKUP,PICKUP,pot_1,pot_1,pot_1,0,0,cook
post_post,7002,665,666,"(0, 1)",DELIVER,DELIVER,1,serve_0,serve_0,1,1,DELIVER,DELIVER,DELIVER,serve_0,serve_0,serve_0,0,0,cook
post_post,7002,667,668,"(0, -1)",FETCH,FETCH,1,onion_1,onion_1,1,1,FETCH,FETCH,FETCH,onion_1,onion_1,onion_1,0,0,serve
post_post,7002,670,671,"(0, 1)",PLACE,PLACE,1,pot_1,pot_1,1,1,PLACE,PLACE,PLACE,pot_1,pot_1,pot_1,0,0,serve
post_post,7002,674,675,"(1, 0)",FETCH,FETCH,1,onion_1,onion_1,1,1,FETCH,FETCH,FETCH,onion_1,onion_1,onion_1,0,0,serve
post_post,7002,676,677,"(-1, 0)",PLACE,PLACE,1,pot_1,pot_1,1,1,PLACE,PLACE,PLACE,pot_1,pot_1,pot_1,0,0,serve
post_post,7002,680,681,"(1, 0)",FETCH,FETCH,1,onion_1,onion_1,1,1,FETCH,FETCH,FETCH,onion_1,onion_1,onion_1,0,0,serve
post_post,7002,682,683,"(-1, 0)",PLACE,PLACE,1,pot_1,pot_1,1,1,PLACE,PLACE,PLACE,pot_1,pot_1,pot_1,0,0,serve
post_post,7002,686,687,interact,COOK_START,COOK_START,1,pot_1,pot_1,1,1,COOK_START,COOK_START,COOK_START,pot_1,pot_1,pot_1,0,0,serve
post_post,7002,687,688,"(1, 0)",FETCH,FETCH,1,onion_1,onion_1,1,1,FETCH,FETCH,FETCH,onion_1,onion_1,onion_1,0,0,serve
post_post,7002,689,690,"(0, 1)",PLACE,PLACE,1,pot_0,pot_0,1,1,PLACE,PLACE,PLACE,pot_0,pot_0,pot_0,0,0,serve
post_post,7003,0,1,"(0, 0)",FETCH,FETCH,1,onion_0,onion_0,1,1,FETCH,FETCH,FETCH,onion_0,onion_0,onion_0,0,0,serve
post_post,7003,3,4,"(0, 1)",PLACE,PLACE,1,pot_0,pot_0,1,1,PLACE,PLACE,PLACE,pot_0,pot_0,pot_0,0,0,serve
post_post,7003,7,8,"(-1, 0)",FETCH,FETCH,1,onion_0,onion_0,1,1,FETCH,FETCH,FETCH,onion_0,onion_0,onion_0,0,0,serve
post_post,7003,9,10,"(0, 1)",PLACE,PLACE,1,pot_0,pot_0,1,1,PLACE,PLACE,PLACE,pot_0,pot_0,pot_0,0,0,serve
post_post,7003,13,14,"(-1, 0)",FETCH,FETCH,1,onion_0,onion_0,1,1,FETCH,FETCH,FETCH,onion_0,onion_0,onion_0,0,0,serve
post_post,7003,15,16,"(0, 1)",PLACE,PLACE,1,pot_0,pot_0,1,1,PLACE,PLACE,PLACE,pot_0,pot_0,pot_0,0,0,serve
post_post,7003,19,20,interact,COOK_START,COOK_START,1,pot_0,pot_0,1,1,COOK_START,COOK_START,COOK_START,pot_0,pot_0,pot_0,0,0,serve
post_post,7003,20,21,"(-1, 0)",FETCH,FETCH,1,onion_0,onion_0,1,1,FETCH,FETCH,FETCH,onion_0,onion_0,onion_0,0,0,serve
post_post,7003,22,23,"(0, 1)",PLACE,PLACE,1,pot_1,pot_1,1,1,PLACE,PLACE,PLACE,pot_1,pot_1,pot_1,0,0,serve
post_post,7003,28,29,"(1, 0)",FETCH,FETCH,1,onion_1,onion_1,1,1,FETCH,FETCH,FETCH,onion_1,onion_1,onion_1,0,0,serve
post_post,7003,30,31,"(0, 1)",PLACE,PLACE,1,pot_1,pot_1,1,1,PLACE,PLACE,PLACE,pot_1,pot_1,pot_1,0,0,serve
post_post,7003,34,35,"(1, 0)",FETCH,FETCH,1,onion_1,onion_1,1,1,FETCH,FETCH,FETCH,onion_1,onion_1,onion_1,0,0,serve
post_post,7003,36,37,"(0, 1)",PLACE,PLACE,1,pot_1,pot_1,1,1,PLACE,PLACE,PLACE,pot_1,pot_1,pot_1,0,0,serve
post_post,7003,40,41,interact,COOK_START,COOK_START,1,pot_1,pot_1,1,1,COOK_START,COOK_START,COOK_START,pot_1,pot_1,pot_1,0,0,serve
post_post,7003,41,42,"(0, 0)",GET_DISH,GET_DISH,1,dish_0,dish_0,1,1,GET_DISH,GET_DISH,GET_DISH,dish_0,dish_0,dish_0,0,0,cook
post_post,7003,47,48,"(1, 0)",PRE,PRE,1,pot_1,pot_1,1,1,PRE,PRE,PRE,none,pot_1,none,0,1,dynamic
post_post,7003,60,61,"(1, 0)",PICKUP,PICKUP,1,pot_1,pot_1,1,1,PICKUP,PICKUP,PICKUP,pot_1,pot_1,pot_1,0,0,cook
post_post,7003,63,64,"(0, 1)",DELIVER,DELIVER,1,serve_0,serve_0,1,1,DELIVER,DELIVER,DELIVER,serve_0,serve_0,serve_0,0,0,cook
post_post,7003,65,66,"(0, -1)",FETCH,FETCH,1,onion_1,onion_1,1,1,FETCH,FETCH,FETCH,onion_1,onion_1,onion_1,0,0,serve
post_post,7003,68,69,"(0, 1)",PLACE,PLACE,1,pot_1,pot_1,1,1,PLACE,PLACE,PLACE,pot_1,pot_1,pot_1,0,0,serve
post_post,7003,79,80,"(1, 0)",FETCH,FETCH,1,onion_1,onion_1,1,1,FETCH,FETCH,FETCH,onion_1,onion_1,onion_1,0,0,serve
post_post,7003,81,82,"(-1, 0)",PLACE,PLACE,1,pot_1,pot_1,1,1,PLACE,PLACE,PLACE,pot_1,pot_1,pot_1,0,0,serve
post_post,7003,85,86,"(1, 0)",FETCH,FETCH,1,onion_1,onion_1,1,1,FETCH,FETCH,FETCH,onion_1,onion_1,onion_1,0,0,serve
post_post,7003,87,88,"(-1, 0)",PLACE,PLACE,1,pot_1,pot_1,1,1,PLACE,PLACE,PLACE,pot_1,pot_1,pot_1,0,0,serve
post_post,7003,91,92,interact,COOK_START,COOK_START,1,pot_1,pot_1,1,1,COOK_START,COOK_START,COOK_START,pot_1,pot_1,pot_1,0,0,serve
post_post,7003,92,93,"(1, 0)",FETCH,FETCH,1,onion_1,onion_1,1,1,FETCH,FETCH,FETCH,onion_1,onion_1,onion_1,0,0,serve
post_post,7003,94,95,"(0, 1)",PLACE,PLACE,1,pot_0,pot_0,1,1,PLACE,PLACE,PLACE,pot_0,pot_0,pot_0,0,0,serve
post_post,7003,107,108,"(-1, 0)",FETCH,FETCH,1,onion_0,onion_0,1,1,FETCH,FETCH,FETCH,onion_0,onion_0,onion_0,0,0,serve
post_post,7003,109,110,"(0, 1)",PLACE,PLACE,1,pot_0,pot_0,1,1,PLACE,PLACE,PLACE,pot_0,pot_0,pot_0,0,0,serve
post_post,7003,113,114,"(-1, 0)",FETCH,FETCH,1,onion_0,onion_0,1,1,FETCH,FETCH,FETCH,onion_0,onion_0,onion_0,0,0,serve
post_post,7003,115,116,"(0, 1)",PLACE,PLACE,1,pot_0,pot_0,1,1,PLACE,PLACE,PLACE,pot_0,pot_0,pot_0,0,0,serve
post_post,7003,119,120,interact,COOK_START,COOK_START,1,pot_0,pot_0,1,1,COOK_START,COOK_START,COOK_START,pot_0,pot_0,pot_0,0,0,serve
post_post,7003,120,121,"(-1, 0)",FETCH,FETCH,1,onion_0,onion_0,1,1,FETCH,FETCH,FETCH,onion_0,onion_0,onion_0,0,0,serve
post_post,7003,122,123,"(0, 1)",PLACE,PLACE,1,pot_1,pot_1,1,1,PLACE,PLACE,PLACE,pot_1,pot_1,pot_1,0,0,serve
post_post,7003,128,129,"(1, 0)",FETCH,FETCH,1,onion_1,onion_1,1,1,FETCH,FETCH,FETCH,onion_1,onion_1,onion_1,0,0,serve
post_post,7003,130,131,"(0, 1)",PLACE,PLACE,1,pot_1,pot_1,1,1,PLACE,PLACE,PLACE,pot_1,pot_1,pot_1,0,0,serve
post_post,7003,134,135,"(1, 0)",FETCH,FETCH,1,onion_1,onion_1,1,1,FETCH,FETCH,FETCH,onion_1,onion_1,onion_1,0,0,serve
post_post,7003,136,137,"(0, 1)",PLACE,PLACE,1,pot_1,pot_1,1,1,PLACE,PLACE,PLACE,pot_1,pot_1,pot_1,0,0,serve
post_post,7003,140,141,interact,COOK_START,COOK_START,1,pot_1,pot_1,1,1,COOK_START,COOK_START,COOK_START,pot_1,pot_1,pot_1,0,0,serve
post_post,7003,141,142,"(0, 0)",GET_DISH,GET_DISH,1,dish_0,dish_0,1,1,GET_DISH,GET_DISH,GET_DISH,dish_0,dish_0,dish_0,0,0,cook
post_post,7003,147,148,"(1, 0)",PRE,PRE,1,pot_1,pot_1,1,1,PRE,PRE,PRE,none,pot_1,none,0,1,dynamic
post_post,7003,160,161,"(1, 0)",PICKUP,PICKUP,1,pot_1,pot_1,1,1,PICKUP,PICKUP,PICKUP,pot_1,pot_1,pot_1,0,0,cook
post_post,7003,163,164,"(0, 1)",DELIVER,DELIVER,1,serve_0,serve_0,1,1,DELIVER,DELIVER,DELIVER,serve_0,serve_0,serve_0,0,0,cook
post_post,7003,165,166,"(0, -1)",FETCH,FETCH,1,onion_1,onion_1,1,1,FETCH,FETCH,FETCH,onion_1,onion_1,onion_1,0,0,serve
post_post,7003,168,169,"(0, 1)",PLACE,PLACE,1,pot_1,pot_1,1,1,PLACE,PLACE,PLACE,pot_1,pot_1,pot_1,0,0,serve
post_post,7003,179,180,"(1, 0)",FETCH,FETCH,1,onion_1,onion_1,1,1,FETCH,FETCH,FETCH,onion_1,onion_1,onion_1,0,0,serve
post_post,7003,181,182,"(-1, 0)",PLACE,PLACE,1,pot_1,pot_1,1,1,PLACE,PLACE,PLACE,pot_1,pot_1,pot_1,0,0,serve
post_post,7003,185,186,"(1, 0)",FETCH,FETCH,1,onion_1,onion_1,1,1,FETCH,FETCH,FETCH,onion_1,onion_1,onion_1,0,0,serve
post_post,7003,187,188,"(-1, 0)",PLACE,PLACE,1,pot_1,pot_1,1,1,PLACE,PLACE,PLACE,pot_1,pot_1,pot_1,0,0,serve
post_post,7003,191,192,interact,COOK_START,COOK_START,1,pot_1,pot_1,1,1,COOK_START,COOK_START,COOK_START,pot_1,pot_1,pot_1,0,0,serve
post_post,7003,192,193,"(1, 0)",FETCH,FETCH,1,onion_1,onion_1,1,1,FETCH,FETCH,FETCH,onion_1,onion_1,onion_1,0,0,serve
post_post,7003,194,195,"(0, 1)",PLACE,PLACE,1,pot_0,pot_0,1,1,PLACE,PLACE,PLACE,pot_0,pot_0,pot_0,0,0,serve
post_post,7003,207,208,"(-1, 0)",FETCH,FETCH,1,onion_0,onion_0,1,1,FETCH,FETCH,FETCH,onion_0,onion_0,onion_0,0,0,serve
post_post,7003,209,210,"(0, 1)",PLACE,PLACE,1,pot_0,pot_0,1,1,PLACE,PLACE,PLACE,pot_0,pot_0,pot_0,0,0,serve
post_post,7003,213,214,"(-1, 0)",FETCH,FETCH,1,onion_0,onion_0,1,1,FETCH,FETCH,FETCH,onion_0,onion_0,onion_0,0,0,serve
post_post,7003,215,216,"(0, 1)",PLACE,PLACE,1,pot_0,pot_0,1,1,PLACE,PLACE,PLACE,pot_0,pot_0,pot_0,0,0,serve
post_post,7003,219,220,interact,COOK_START,COOK_START,1,pot_0,pot_0,1,1,COOK_START,COOK_START,COOK_START,pot_0,pot_0,pot_0,0,0,serve
post_post,7003,220,221,"(-1, 0)",FETCH,FETCH,1,onion_0,onion_0,1,1,FETCH,FETCH,FETCH,onion_0,onion_0,onion_0,0,0,serve
post_post,7003,222,223,"(0, 1)",PLACE,PLACE,1,pot_1,pot_1,1,1,PLACE,PLACE,PLACE,pot_1,pot_1,pot_1,0,0,serve
post_post,7003,228,229,"(1, 0)",FETCH,FETCH,1,onion_1,onion_1,1,1,FETCH,FETCH,FETCH,onion_1,onion_1,onion_1,0,0,serve
post_post,7003,230,231,"(0, 1)",PLACE,PLACE,1,pot_1,pot_1,1,1,PLACE,PLACE,PLACE,pot_1,pot_1,pot_1,0,0,serve
post_post,7003,234,235,"(1, 0)",FETCH,FETCH,1,onion_1,onion_1,1,1,FETCH,FETCH,FETCH,onion_1,onion_1,onion_1,0,0,serve
post_post,7003,236,237,"(0, 1)",PLACE,PLACE,1,pot_1,pot_1,1,1,PLACE,PLACE,PLACE,pot_1,pot_1,pot_1,0,0,serve
post_post,7003,240,241,interact,COOK_START,COOK_START,1,pot_1,pot_1,1,1,COOK_START,COOK_START,COOK_START,pot_1,pot_1,pot_1,0,0,serve
post_post,7003,241,242,"(0, 0)",GET_DISH,GET_DISH,1,dish_0,dish_0,1,1,GET_DISH,GET_DISH,GET_DISH,dish_0,dish_0,dish_0,0,0,cook
post_post,7003,247,248,"(1, 0)",PRE,PRE,1,pot_1,pot_1,1,1,PRE,PRE,PRE,none,pot_1,none,0,1,dynamic
post_post,7003,260,261,"(1, 0)",PICKUP,PICKUP,1,pot_1,pot_1,1,1,PICKUP,PICKUP,PICKUP,pot_1,pot_1,pot_1,0,0,cook
post_post,7003,263,264,"(0, 1)",DELIVER,DELIVER,1,serve_0,serve_0,1,1,DELIVER,DELIVER,DELIVER,serve_0,serve_0,serve_0,0,0,cook
post_post,7003,265,266,"(0, -1)",FETCH,FETCH,1,onion_1,onion_1,1,1,FETCH,FETCH,FETCH,onion_1,onion_1,onion_1,0,0,serve
post_post,7003,268,269,"(0, 1)",PLACE,PLACE,1,pot_1,pot_1,1,1,PLACE,PLACE,PLACE,pot_1,pot_1,pot_1,0,0,serve
post_post,7003,279,280,"(1, 0)",FETCH,FETCH,1,onion_1,onion_1,1,1,FETCH,FETCH,FETCH,onion_1,onion_1,onion_1,0,0,serve
post_post,7003,281,282,"(-1, 0)",PLACE,PLACE,1,pot_1,pot_1,1,1,PLACE,PLACE,PLACE,pot_1,pot_1,pot_1,0,0,serve
post_post,7003,285,286,"(1, 0)",FETCH,FETCH,1,onion_1,onion_1,1,1,FETCH,FETCH,FETCH,onion_1,onion_1,onion_1,0,0,serve
post_post,7003,287,288,"(-1, 0)",PLACE,PLACE,1,pot_1,pot_1,1,1,PLACE,PLACE,PLACE,pot_1,pot_1,pot_1,0,0,serve
post_post,7003,291,292,interact,COOK_START,COOK_START,1,pot_1,pot_1,1,1,COOK_START,COOK_START,COOK_START,pot_1,pot_1,pot_1,0,0,serve
post_post,7003,292,293,"(1, 0)",FETCH,FETCH,1,onion_1,onion_1,1,1,FETCH,FETCH,FETCH,onion_1,onion_1,onion_1,0,0,serve
post_post,7003,294,295,"(0, 1)",PLACE,PLACE,1,pot_0,pot_0,1,1,PLACE,PLACE,PLACE,pot_0,pot_0,pot_0,0,0,serve
post_post,7003,307,308,"(-1, 0)",FETCH,FETCH,1,onion_0,onion_0,1,1,FETCH,FETCH,FETCH,onion_0,onion_0,onion_0,0,0,serve
post_post,7003,309,310,"(0, 1)",PLACE,PLACE,1,pot_0,pot_0,1,1,PLACE,PLACE,PLACE,pot_0,pot_0,pot_0,0,0,serve
post_post,7003,313,314,"(-1, 0)",FETCH,FETCH,1,onion_0,onion_0,1,1,FETCH,FETCH,FETCH,onion_0,onion_0,onion_0,0,0,serve
post_post,7003,315,316,"(0, 1)",PLACE,PLACE,1,pot_0,pot_0,1,1,PLACE,PLACE,PLACE,pot_0,pot_0,pot_0,0,0,serve
post_post,7003,319,320,interact,COOK_START,COOK_START,1,pot_0,pot_0,1,1,COOK_START,COOK_START,COOK_START,pot_0,pot_0,pot_0,0,0,serve
post_post,7003,320,321,"(-1, 0)",FETCH,FETCH,1,onion_0,onion_0,1,1,FETCH,FETCH,FETCH,onion_0,onion_0,onion_0,0,0,serve
post_post,7003,322,323,"(0, 1)",PLACE,PLACE,1,pot_1,pot_1,1,1,PLACE,PLACE,PLACE,pot_1,pot_1,pot_1,0,0,serve
post_post,7003,328,329,"(1, 0)",FETCH,FETCH,1,onion_1,onion_1,1,1,FETCH,FETCH,FETCH,onion_1,onion_1,onion_1,0,0,serve
post_post,7003,330,331,"(0, 1)",PLACE,PLACE,1,pot_1,pot_1,1,1,PLACE,PLACE,PLACE,pot_1,pot_1,pot_1,0,0,serve
post_post,7003,334,335,"(1, 0)",FETCH,FETCH,1,onion_1,onion_1,1,1,FETCH,FETCH,FETCH,onion_1,onion_1,onion_1,0,0,serve
post_post,7003,336,337,"(0, 1)",PLACE,PLACE,1,pot_1,pot_1,1,1,PLACE,PLACE,PLACE,pot_1,pot_1,pot_1,0,0,serve
post_post,7003,340,341,interact,COOK_START,COOK_START,1,pot_1,pot_1,1,1,COOK_START,COOK_START,COOK_START,pot_1,pot_1,pot_1,0,0,serve
post_post,7003,341,342,"(0, 0)",GET_DISH,GET_DISH,1,dish_0,dish_0,1,1,GET_DISH,GET_DISH,GET_DISH,dish_0,dish_0,dish_0,0,0,cook
post_post,7003,347,348,"(1, 0)",PRE,PRE,1,pot_1,pot_0,0,0,PRE,PRE,PRE,none,pot_0,none,0,1,dynamic
post_post,7003,360,361,"(1, 0)",PICKUP,PICKUP,1,pot_1,pot_1,1,1,PICKUP,PICKUP,PICKUP,pot_1,pot_1,pot_1,0,0,cook
post_post,7003,363,364,"(0, 1)",DELIVER,DELIVER,1,serve_0,serve_0,1,1,DELIVER,DELIVER,DELIVER,serve_0,serve_0,serve_0,0,0,cook
post_post,7003,365,366,"(0, -1)",FETCH,FETCH,1,onion_1,onion_1,1,1,FETCH,FETCH,FETCH,onion_1,onion_1,onion_1,0,0,serve
post_post,7003,368,369,"(0, 1)",PLACE,PLACE,1,pot_1,pot_0,0,0,PLACE,PLACE,PLACE,pot_0,pot_0,pot_0,0,0,serve
post_post,7003,379,380,"(1, 0)",FETCH,FETCH,1,onion_1,onion_1,1,1,FETCH,FETCH,FETCH,onion_1,onion_1,onion_1,0,0,serve
post_post,7003,381,382,"(-1, 0)",PLACE,PLACE,1,pot_1,pot_1,1,1,PLACE,PLACE,PLACE,pot_1,pot_1,pot_1,0,0,serve
post_post,7003,385,386,"(1, 0)",FETCH,FETCH,1,onion_1,onion_1,1,1,FETCH,FETCH,FETCH,onion_1,onion_1,onion_1,0,0,serve
post_post,7003,387,388,"(-1, 0)",PLACE,PLACE,1,pot_1,pot_1,1,1,PLACE,PLACE,PLACE,pot_1,pot_1,pot_1,0,0,serve
post_post,7003,391,392,interact,COOK_START,COOK_START,1,pot_1,pot_1,1,1,COOK_START,COOK_START,COOK_START,pot_1,pot_1,pot_1,0,0,serve
post_post,7003,392,393,"(1, 0)",FETCH,FETCH,1,onion_1,onion_1,1,1,FETCH,FETCH,FETCH,onion_1,onion_1,onion_1,0,0,serve
post_post,7003,394,395,"(0, 1)",PLACE,PLACE,1,pot_0,pot_0,1,1,PLACE,PLACE,PLACE,pot_0,pot_0,pot_0,0,0,serve
post_post,7003,407,408,"(-1, 0)",FETCH,FETCH,1,onion_0,onion_0,1,1,FETCH,FETCH,FETCH,onion_0,onion_0,onion_0,0,0,serve
post_post,7003,409,410,"(0, 1)",PLACE,PLACE,1,pot_0,pot_0,1,1,PLACE,PLACE,PLACE,pot_0,pot_0,pot_0,0,0,serve
post_post,7003,413,414,"(-1, 0)",FETCH,FETCH,1,onion_0,onion_0,1,1,FETCH,FETCH,FETCH,onion_0,onion_0,onion_0,0,0,serve
post_post,7003,415,416,"(0, 1)",PLACE,PLACE,1,pot_0,pot_0,1,1,PLACE,PLACE,PLACE,pot_0,pot_0,pot_0,0,0,serve
post_post,7003,419,420,interact,COOK_START,COOK_START,1,pot_0,pot_0,1,1,COOK_START,COOK_START,COOK_START,pot_0,pot_0,pot_0,0,0,serve
post_post,7003,420,421,"(-1, 0)",FETCH,FETCH,1,onion_0,onion_0,1,1,GET_DISH,FETCH,GET_DISH,dish_0,onion_0,dish_0,1,1,serve
post_post,7003,422,423,"(0, 1)",PLACE,PLACE,1,pot_1,pot_1,1,1,PLACE,PLACE,PLACE,pot_1,pot_1,pot_1,0,0,serve
post_post,7003,428,429,"(1, 0)",FETCH,FETCH,1,onion_1,onion_1,1,1,FETCH,FETCH,FETCH,onion_1,onion_1,onion_1,0,0,serve
post_post,7003,430,431,"(0, 1)",PLACE,PLACE,1,pot_1,pot_1,1,1,PLACE,PLACE,PLACE,pot_1,pot_1,pot_1,0,0,serve
post_post,7003,434,435,"(1, 0)",FETCH,FETCH,1,onion_1,onion_1,1,1,FETCH,FETCH,FETCH,onion_1,onion_1,onion_1,0,0,serve
post_post,7003,436,437,"(0, 1)",PLACE,PLACE,1,pot_1,pot_1,1,1,PLACE,PLACE,PLACE,pot_1,pot_1,pot_1,0,0,serve
post_post,7003,440,441,interact,COOK_START,COOK_START,1,pot_1,pot_1,1,1,COOK_START,COOK_START,COOK_START,pot_1,pot_1,pot_1,0,0,serve
post_post,7003,441,442,"(0, 0)",GET_DISH,GET_DISH,1,dish_0,dish_0,1,1,GET_DISH,GET_DISH,GET_DISH,dish_0,dish_0,dish_0,0,0,cook
post_post,7003,447,448,"(1, 0)",PRE,PRE,1,pot_1,pot_0,0,0,PRE,PRE,PRE,pot_0,pot_0,pot_0,0,0,dynamic
post_post,7003,460,461,"(1, 0)",PICKUP,PICKUP,1,pot_1,pot_1,1,1,PICKUP,PICKUP,PICKUP,pot_1,pot_1,pot_1,0,0,cook
post_post,7003,463,464,"(0, 1)",DELIVER,DELIVER,1,serve_0,serve_0,1,1,DELIVER,DELIVER,DELIVER,serve_0,serve_0,serve_0,0,0,cook
post_post,7003,465,466,"(0, -1)",FETCH,FETCH,1,onion_1,onion_1,1,1,FETCH,FETCH,FETCH,onion_1,onion_1,onion_1,0,0,serve
post_post,7003,468,469,"(0, 1)",PLACE,PLACE,1,pot_1,pot_0,0,0,PLACE,PLACE,PLACE,pot_0,pot_0,pot_0,0,0,serve
post_post,7003,479,480,"(1, 0)",FETCH,FETCH,1,onion_1,onion_1,1,1,FETCH,FETCH,FETCH,onion_1,onion_1,onion_1,0,0,serve
post_post,7003,481,482,"(-1, 0)",PLACE,PLACE,1,pot_1,pot_1,1,1,PLACE,PLACE,PLACE,pot_1,pot_1,pot_1,0,0,serve
post_post,7003,485,486,"(1, 0)",FETCH,FETCH,1,onion_1,onion_1,1,1,FETCH,FETCH,FETCH,onion_1,onion_1,onion_1,0,0,serve
post_post,7003,487,488,"(-1, 0)",PLACE,PLACE,1,pot_1,pot_1,1,1,PLACE,PLACE,PLACE,pot_1,pot_1,pot_1,0,0,serve
post_post,7003,491,492,interact,COOK_START,COOK_START,1,pot_1,pot_1,1,1,COOK_START,COOK_START,COOK_START,pot_1,pot_1,pot_1,0,0,serve
post_post,7003,492,493,"(1, 0)",FETCH,FETCH,1,onion_1,onion_1,1,1,FETCH,FETCH,FETCH,onion_1,onion_1,onion_1,0,0,serve
post_post,7003,494,495,"(0, 1)",PLACE,PLACE,1,pot_0,pot_0,1,1,PLACE,PLACE,PLACE,pot_0,pot_0,pot_0,0,0,serve
post_post,7003,507,508,"(-1, 0)",FETCH,FETCH,1,onion_0,onion_0,1,1,GET_DISH,FETCH,GET_DISH,onion_0,onion_0,onion_0,1,0,serve
post_post,7003,509,510,"(0, 1)",PLACE,PLACE,1,pot_0,pot_0,1,1,PLACE,PLACE,PLACE,pot_0,pot_0,pot_0,0,0,serve
post_post,7003,513,514,"(-1, 0)",FETCH,FETCH,1,onion_0,onion_0,1,1,FETCH,FETCH,FETCH,onion_0,onion_0,onion_0,0,0,serve
post_post,7003,515,516,"(0, 1)",PLACE,PLACE,1,pot_0,pot_0,1,1,PLACE,PLACE,PLACE,pot_0,pot_0,pot_0,0,0,serve
post_post,7003,519,520,interact,COOK_START,COOK_START,1,pot_0,pot_0,1,1,COOK_START,COOK_START,COOK_START,pot_0,pot_0,pot_0,0,0,serve
post_post,7003,520,521,"(-1, 0)",FETCH,GET_DISH,0,onion_0,dish_0,0,0,GET_DISH,GET_DISH,GET_DISH,dish_0,dish_0,dish_0,0,0,cook
post_post,7003,522,523,"(0, 1)",PLACE,PLACE,1,pot_1,pot_1,1,1,PLACE,PLACE,PLACE,pot_1,pot_1,pot_1,0,0,serve
post_post,7003,528,529,"(1, 0)",FETCH,FETCH,1,onion_1,onion_1,1,1,FETCH,FETCH,FETCH,onion_1,onion_1,onion_1,0,0,serve
post_post,7003,530,531,"(0, 1)",PLACE,PLACE,1,pot_1,pot_1,1,1,PLACE,PLACE,PLACE,pot_1,pot_1,pot_1,0,0,serve
post_post,7003,534,535,"(1, 0)",FETCH,FETCH,1,onion_1,onion_1,1,1,FETCH,FETCH,FETCH,onion_1,onion_1,onion_1,0,0,serve
post_post,7003,536,537,"(0, 1)",PLACE,PLACE,1,pot_1,pot_1,1,1,PLACE,PLACE,PLACE,pot_1,pot_1,pot_1,0,0,serve
post_post,7003,540,541,interact,COOK_START,COOK_START,1,pot_1,pot_1,1,1,COOK_START,COOK_START,COOK_START,pot_1,pot_1,pot_1,0,0,serve
post_post,7003,541,542,"(0, 0)",GET_DISH,GET_DISH,1,dish_0,dish_0,1,1,GET_DISH,GET_DISH,GET_DISH,dish_0,dish_0,dish_0,0,0,cook
post_post,7003,547,548,"(1, 0)",PRE,PRE,1,pot_1,dish_0,0,0,PRE,PRE,PRE,pot_0,dish_0,pot_0,0,1,dynamic
post_post,7003,560,561,"(1, 0)",PICKUP,PICKUP,1,pot_1,pot_1,1,1,PICKUP,PICKUP,PICKUP,pot_1,pot_1,pot_1,0,0,cook
post_post,7003,563,564,"(0, 1)",DELIVER,DELIVER,1,serve_0,serve_0,1,1,DELIVER,DELIVER,DELIVER,serve_0,serve_0,serve_0,0,0,cook
post_post,7003,565,566,"(0, -1)",FETCH,FETCH,1,onion_1,onion_1,1,1,FETCH,FETCH,FETCH,onion_1,onion_1,onion_1,0,0,serve
post_post,7003,568,569,"(0, 1)",PLACE,PLACE,1,pot_1,pot_0,0,0,PLACE,PLACE,PLACE,pot_0,pot_0,pot_0,0,0,serve
post_post,7003,579,580,"(1, 0)",FETCH,FETCH,1,onion_1,onion_1,1,1,FETCH,FETCH,FETCH,onion_1,onion_1,onion_1,0,0,serve
post_post,7003,581,582,"(-1, 0)",PLACE,PLACE,1,pot_1,pot_1,1,1,PLACE,PLACE,PLACE,pot_1,pot_1,pot_1,0,0,serve
post_post,7003,585,586,"(1, 0)",FETCH,FETCH,1,onion_1,onion_1,1,1,FETCH,FETCH,FETCH,onion_1,onion_1,onion_1,0,0,serve
post_post,7003,587,588,"(-1, 0)",PLACE,PLACE,1,pot_1,pot_1,1,1,PLACE,PLACE,PLACE,pot_1,pot_1,pot_1,0,0,serve
post_post,7003,591,592,interact,COOK_START,COOK_START,1,pot_1,pot_1,1,1,COOK_START,COOK_START,COOK_START,pot_1,pot_1,pot_1,0,0,serve
post_post,7003,592,593,"(1, 0)",FETCH,FETCH,1,onion_1,onion_1,1,1,FETCH,FETCH,FETCH,onion_1,onion_1,onion_1,0,0,serve
post_post,7003,594,595,"(0, 1)",PLACE,PLACE,1,pot_0,pot_0,1,1,PLACE,PLACE,PLACE,pot_0,pot_0,pot_0,0,0,serve
post_post,7003,607,608,"(-1, 0)",FETCH,GET_DISH,0,onion_0,dish_0,0,0,GET_DISH,GET_DISH,GET_DISH,dish_0,dish_0,dish_0,0,0,cook
post_post,7003,609,610,"(0, 1)",PLACE,PLACE,1,pot_0,pot_0,1,1,PLACE,PLACE,PLACE,pot_0,pot_0,pot_0,0,0,serve
post_post,7003,613,614,"(-1, 0)",FETCH,FETCH,1,onion_0,onion_0,1,1,FETCH,FETCH,FETCH,onion_0,onion_0,onion_0,0,0,serve
post_post,7003,615,616,"(0, 1)",PLACE,PLACE,1,pot_0,pot_0,1,1,PLACE,PLACE,PLACE,pot_0,pot_0,pot_0,0,0,serve
post_post,7003,619,620,interact,COOK_START,COOK_START,1,pot_0,pot_0,1,1,COOK_START,COOK_START,COOK_START,pot_0,pot_0,pot_0,0,0,serve
post_post,7003,620,621,"(-1, 0)",FETCH,GET_DISH,0,onion_0,dish_0,0,0,GET_DISH,GET_DISH,GET_DISH,dish_0,dish_0,dish_0,0,0,cook
post_post,7003,622,623,"(0, 1)",PLACE,PLACE,1,pot_1,pot_1,1,1,PLACE,PLACE,PLACE,pot_1,pot_1,pot_1,0,0,serve
post_post,7003,628,629,"(1, 0)",FETCH,FETCH,1,onion_1,onion_1,1,1,FETCH,FETCH,FETCH,onion_1,onion_1,onion_1,0,0,serve
post_post,7003,630,631,"(0, 1)",PLACE,PLACE,1,pot_1,pot_1,1,1,PLACE,PLACE,PLACE,pot_1,pot_1,pot_1,0,0,serve
post_post,7003,634,635,"(1, 0)",FETCH,FETCH,1,onion_1,onion_1,1,1,FETCH,FETCH,FETCH,onion_1,onion_1,onion_1,0,0,serve
post_post,7003,636,637,"(0, 1)",PLACE,PLACE,1,pot_1,pot_1,1,1,PLACE,PLACE,PLACE,pot_1,pot_1,pot_1,0,0,serve
post_post,7003,640,641,interact,COOK_START,COOK_START,1,pot_1,pot_1,1,1,COOK_START,COOK_START,COOK_START,pot_1,pot_1,pot_1,0,0,serve
post_post,7003,641,642,"(0, 0)",GET_DISH,GET_DISH,1,dish_0,dish_0,1,1,GET_DISH,GET_DISH,GET_DISH,dish_0,dish_0,dish_0,0,0,cook
post_post,7003,647,648,"(1, 0)",PRE,PRE,1,pot_1,dish_0,0,0,PRE,PRE,PRE,pot_0,dish_0,dish_0,0,1,dynamic
post_post,7003,660,661,"(1, 0)",PICKUP,PICKUP,1,pot_1,pot_1,1,1,PICKUP,PICKUP,PICKUP,pot_1,pot_1,pot_1,0,0,cook
post_post,7003,663,664,"(0, 1)",DELIVER,DELIVER,1,serve_0,serve_0,1,1,DELIVER,DELIVER,DELIVER,serve_0,serve_0,serve_0,0,0,cook
post_post,7003,665,666,"(0, -1)",FETCH,FETCH,1,onion_1,onion_1,1,1,FETCH,FETCH,FETCH,onion_1,onion_1,onion_1,0,0,serve
post_post,7003,668,669,"(0, 1)",PLACE,PLACE,1,pot_1,pot_1,1,1,PLACE,PLACE,PLACE,pot_1,pot_1,pot_1,0,0,serve
post_post,7003,672,673,"(1, 0)",FETCH,FETCH,1,onion_1,onion_1,1,1,FETCH,FETCH,FETCH,onion_1,onion_1,onion_1,0,0,serve
post_post,7003,674,675,"(-1, 0)",PLACE,PLACE,1,pot_1,pot_1,1,1,PLACE,PLACE,PLACE,pot_1,pot_1,pot_1,0,0,serve
post_post,7003,678,679,"(1, 0)",FETCH,FETCH,1,onion_1,onion_1,1,1,FETCH,FETCH,FETCH,onion_1,onion_1,onion_1,0,0,serve
post_post,7003,680,681,"(-1, 0)",PLACE,PLACE,1,pot_1,pot_1,1,1,PLACE,PLACE,PLACE,pot_1,pot_1,pot_1,0,0,serve
post_post,7003,684,685,interact,COOK_START,COOK_START,1,pot_1,pot_1,1,1,COOK_START,COOK_START,COOK_START,pot_1,pot_1,pot_1,0,0,serve
post_post,7003,685,686,"(1, 0)",FETCH,FETCH,1,onion_1,onion_1,1,1,FETCH,FETCH,FETCH,onion_1,onion_1,onion_1,0,0,serve
post_post,7003,687,688,"(0, 1)",PLACE,PLACE,1,pot_0,pot_0,1,1,PLACE,PLACE,PLACE,pot_0,pot_0,pot_0,0,0,serve
post_post,7004,0,1,"(0, -1)",FETCH,FETCH,1,onion_1,onion_1,1,1,FETCH,FETCH,FETCH,onion_1,onion_1,onion_1,0,0,serve
post_post,7004,3,4,"(-1, 0)",PLACE,PLACE,1,pot_1,pot_1,1,1,PLACE,PLACE,PLACE,pot_1,pot_1,pot_1,0,0,serve
post_post,7004,7,8,"(1, 0)",FETCH,FETCH,1,onion_1,onion_1,1,1,FETCH,FETCH,FETCH,onion_1,onion_1,onion_1,0,0,serve
post_post,7004,9,10,"(-1, 0)",PLACE,PLACE,1,pot_1,pot_1,1,1,PLACE,PLACE,PLACE,pot_1,pot_1,pot_1,0,0,serve
post_post,7004,13,14,"(1, 0)",FETCH,FETCH,1,onion_1,onion_1,1,1,FETCH,FETCH,FETCH,onion_1,onion_1,onion_1,0,0,serve
post_post,7004,15,16,"(-1, 0)",PLACE,PLACE,1,pot_1,pot_1,1,1,PLACE,PLACE,PLACE,pot_1,pot_1,pot_1,0,0,serve
post_post,7004,19,20,interact,COOK_START,COOK_START,1,pot_1,pot_1,1,1,COOK_START,COOK_START,COOK_START,pot_1,pot_1,pot_1,0,0,serve
post_post,7004,20,21,"(1, 0)",FETCH,FETCH,1,onion_1,onion_1,1,1,FETCH,FETCH,FETCH,onion_1,onion_1,onion_1,0,0,serve
post_post,7004,22,23,"(0, 1)",PLACE,PLACE,1,pot_0,pot_0,1,1,PLACE,PLACE,PLACE,pot_0,pot_0,pot_0,0,0,serve
post_post,7004,35,36,"(-1, 0)",FETCH,FETCH,1,onion_0,onion_0,1,1,FETCH,FETCH,FETCH,onion_0,onion_0,onion_0,0,0,serve
post_post,7004,37,38,"(0, 1)",PLACE,PLACE,1,pot_0,pot_0,1,1,PLACE,PLACE,PLACE,pot_0,pot_0,pot_0,0,0,serve
post_post,7004,41,42,"(-1, 0)",FETCH,FETCH,1,onion_0,onion_0,1,1,FETCH,FETCH,FETCH,onion_0,onion_0,onion_0,0,0,serve
post_post,7004,43,44,"(0, 1)",PLACE,PLACE,1,pot_0,pot_0,1,1,PLACE,PLACE,PLACE,pot_0,pot_0,pot_0,0,0,serve
post_post,7004,47,48,interact,COOK_START,COOK_START,1,pot_0,pot_0,1,1,COOK_START,COOK_START,COOK_START,pot_0,pot_0,pot_0,0,0,serve
post_post,7004,48,49,"(-1, 0)",FETCH,FETCH,1,onion_0,onion_0,1,1,FETCH,FETCH,FETCH,onion_0,onion_0,onion_0,0,0,serve
post_post,7004,50,51,"(0, 1)",PLACE,PLACE,1,pot_1,pot_1,1,1,PLACE,PLACE,PLACE,pot_1,pot_1,pot_1,0,0,serve
post_post,7004,56,57,"(1, 0)",FETCH,FETCH,1,onion_1,onion_1,1,1,FETCH,FETCH,FETCH,onion_1,onion_1,onion_1,0,0,serve
post_post,7004,58,59,"(0, 1)",PLACE,PLACE,1,pot_1,pot_1,1,1,PLACE,PLACE,PLACE,pot_1,pot_1,pot_1,0,0,serve
post_post,7004,62,63,"(1, 0)",FETCH,FETCH,1,onion_1,onion_1,1,1,FETCH,FETCH,FETCH,onion_1,onion_1,onion_1,0,0,serve
post_post,7004,64,65,"(0, 1)",PLACE,PLACE,1,pot_1,pot_1,1,1,PLACE,PLACE,PLACE,pot_1,pot_1,pot_1,0,0,serve
post_post,7004,68,69,interact,COOK_START,COOK_START,1,pot_1,pot_1,1,1,COOK_START,COOK_START,COOK_START,pot_1,pot_1,pot_1,0,0,serve
post_post,7004,69,70,"(0, 0)",GET_DISH,GET_DISH,1,dish_0,dish_0,1,1,GET_DISH,GET_DISH,GET_DISH,dish_0,dish_0,dish_0,0,0,cook
post_post,7004,75,76,"(1, 0)",PRE,PRE,1,pot_1,pot_1,1,1,PRE,PRE,PRE,none,pot_1,none,0,1,dynamic
post_post,7004,88,89,"(1, 0)",PICKUP,PICKUP,1,pot_1,pot_1,1,1,PICKUP,PICKUP,PICKUP,pot_1,pot_1,pot_1,0,0,cook
post_post,7004,91,92,"(0, 1)",DELIVER,DELIVER,1,serve_0,serve_0,1,1,DELIVER,DELIVER,DELIVER,serve_0,serve_0,serve_0,0,0,cook
post_post,7004,93,94,"(0, -1)",FETCH,FETCH,1,onion_1,onion_1,1,1,FETCH,FETCH,FETCH,onion_1,onion_1,onion_1,0,0,serve
post_post,7004,96,97,"(0, 1)",PLACE,PLACE,1,pot_1,pot_1,1,1,PLACE,PLACE,PLACE,pot_1,pot_1,pot_1,0,0,serve
post_post,7004,107,108,"(1, 0)",FETCH,FETCH,1,onion_1,onion_1,1,1,FETCH,FETCH,FETCH,onion_1,onion_1,onion_1,0,0,serve
post_post,7004,109,110,"(-1, 0)",PLACE,PLACE,1,pot_1,pot_1,1,1,PLACE,PLACE,PLACE,pot_1,pot_1,pot_1,0,0,serve
post_post,7004,113,114,"(1, 0)",FETCH,FETCH,1,onion_1,onion_1,1,1,FETCH,FETCH,FETCH,onion_1,onion_1,onion_1,0,0,serve
post_post,7004,115,116,"(-1, 0)",PLACE,PLACE,1,pot_1,pot_1,1,1,PLACE,PLACE,PLACE,pot_1,pot_1,pot_1,0,0,serve
post_post,7004,119,120,interact,COOK_START,COOK_START,1,pot_1,pot_1,1,1,COOK_START,COOK_START,COOK_START,pot_1,pot_1,pot_1,0,0,serve
post_post,7004,120,121,"(1, 0)",FETCH,FETCH,1,onion_1,onion_1,1,1,FETCH,FETCH,FETCH,onion_1,onion_1,onion_1,0,0,serve
post_post,7004,122,123,"(0, 1)",PLACE,PLACE,1,pot_0,pot_0,1,1,PLACE,PLACE,PLACE,pot_0,pot_0,pot_0,0,0,serve
post_post,7004,135,136,"(-1, 0)",FETCH,FETCH,1,onion_0,onion_0,1,1,FETCH,FETCH,FETCH,onion_0,onion_0,onion_0,0,0,serve
post_post,7004,137,138,"(0, 1)",PLACE,PLACE,1,pot_0,pot_0,1,1,PLACE,PLACE,PLACE,pot_0,pot_0,pot_0,0,0,serve
post_post,7004,141,142,"(-1, 0)",FETCH,FETCH,1,onion_0,onion_0,1,1,FETCH,FETCH,FETCH,onion_0,onion_0,onion_0,0,0,serve
post_post,7004,143,144,"(0, 1)",PLACE,PLACE,1,pot_0,pot_0,1,1,PLACE,PLACE,PLACE,pot_0,pot_0,pot_0,0,0,serve
post_post,7004,147,148,interact,COOK_START,COOK_START,1,pot_0,pot_0,1,1,COOK_START,COOK_START,COOK_START,pot_0,pot_0,pot_0,0,0,serve
post_post,7004,148,149,"(-1, 0)",FETCH,FETCH,1,onion_0,onion_0,1,1,FETCH,FETCH,FETCH,onion_0,onion_0,onion_0,0,0,serve
post_post,7004,150,151,"(0, 1)",PLACE,PLACE,1,pot_1,pot_1,1,1,PLACE,PLACE,PLACE,pot_1,pot_1,pot_1,0,0,serve
post_post,7004,156,157,"(1, 0)",FETCH,FETCH,1,onion_1,onion_1,1,1,FETCH,FETCH,FETCH,onion_1,onion_1,onion_1,0,0,serve
post_post,7004,158,159,"(0, 1)",PLACE,PLACE,1,pot_1,pot_1,1,1,PLACE,PLACE,PLACE,pot_1,pot_1,pot_1,0,0,serve
post_post,7004,162,163,"(1, 0)",FETCH,FETCH,1,onion_1,onion_1,1,1,FETCH,FETCH,FETCH,onion_1,onion_1,onion_1,0,0,serve
post_post,7004,164,165,"(0, 1)",PLACE,PLACE,1,pot_1,pot_1,1,1,PLACE,PLACE,PLACE,pot_1,pot_1,pot_1,0,0,serve
post_post,7004,168,169,interact,COOK_START,COOK_START,1,pot_1,pot_1,1,1,COOK_START,COOK_START,COOK_START,pot_1,pot_1,pot_1,0,0,serve
post_post,7004,169,170,"(0, 0)",GET_DISH,GET_DISH,1,dish_0,dish_0,1,1,GET_DISH,GET_DISH,GET_DISH,dish_0,dish_0,dish_0,0,0,cook
post_post,7004,175,176,"(1, 0)",PRE,PRE,1,pot_1,pot_1,1,1,PRE,PRE,PRE,none,pot_1,none,0,1,dynamic
post_post,7004,188,189,"(1, 0)",PICKUP,PICKUP,1,pot_1,pot_1,1,1,PICKUP,PICKUP,PICKUP,pot_1,pot_1,pot_1,0,0,cook
post_post,7004,191,192,"(0, 1)",DELIVER,DELIVER,1,serve_0,serve_0,1,1,DELIVER,DELIVER,DELIVER,serve_0,serve_0,serve_0,0,0,cook
post_post,7004,193,194,"(0, -1)",FETCH,FETCH,1,onion_1,onion_1,1,1,FETCH,FETCH,FETCH,onion_1,onion_1,onion_1,0,0,serve
post_post,7004,196,197,"(0, 1)",PLACE,PLACE,1,pot_1,pot_1,1,1,PLACE,PLACE,PLACE,pot_1,pot_1,pot_1,0,0,serve
post_post,7004,207,208,"(1, 0)",FETCH,FETCH,1,onion_1,onion_1,1,1,FETCH,FETCH,FETCH,onion_1,onion_1,onion_1,0,0,serve
post_post,7004,209,210,"(-1, 0)",PLACE,PLACE,1,pot_1,pot_1,1,1,PLACE,PLACE,PLACE,pot_1,pot_1,pot_1,0,0,serve
post_post,7004,213,214,"(1, 0)",FETCH,FETCH,1,onion_1,onion_1,1,1,FETCH,FETCH,FETCH,onion_1,onion_1,onion_1,0,0,serve
post_post,7004,215,216,"(-1, 0)",PLACE,PLACE,1,pot_1,pot_1,1,1,PLACE,PLACE,PLACE,pot_1,pot_1,pot_1,0,0,serve
post_post,7004,219,220,interact,COOK_START,COOK_START,1,pot_1,pot_1,1,1,COOK_START,COOK_START,COOK_START,pot_1,pot_1,pot_1,0,0,serve
post_post,7004,220,221,"(1, 0)",FETCH,FETCH,1,onion_1,onion_1,1,1,FETCH,FETCH,FETCH,onion_1,onion_1,onion_1,0,0,serve
post_post,7004,222,223,"(0, 1)",PLACE,PLACE,1,pot_0,pot_0,1,1,PLACE,PLACE,PLACE,pot_0,pot_0,pot_0,0,0,serve
post_post,7004,235,236,"(-1, 0)",FETCH,FETCH,1,onion_0,onion_0,1,1,FETCH,FETCH,FETCH,onion_0,onion_0,onion_0,0,0,serve
post_post,7004,237,238,"(0, 1)",PLACE,PLACE,1,pot_0,pot_0,1,1,PLACE,PLACE,PLACE,pot_0,pot_0,pot_0,0,0,serve
post_post,7004,241,242,"(-1, 0)",FETCH,FETCH,1,onion_0,onion_0,1,1,FETCH,FETCH,FETCH,onion_0,onion_0,onion_0,0,0,serve
post_post,7004,243,244,"(0, 1)",PLACE,PLACE,1,pot_0,pot_0,1,1,PLACE,PLACE,PLACE,pot_0,pot_0,pot_0,0,0,serve
post_post,7004,247,248,interact,COOK_START,COOK_START,1,pot_0,pot_0,1,1,COOK_START,COOK_START,COOK_START,pot_0,pot_0,pot_0,0,0,serve
post_post,7004,248,249,"(-1, 0)",FETCH,FETCH,1,onion_0,onion_0,1,1,FETCH,FETCH,FETCH,onion_0,onion_0,onion_0,0,0,serve
post_post,7004,250,251,"(0, 1)",PLACE,PLACE,1,pot_1,pot_1,1,1,PLACE,PLACE,PLACE,pot_1,pot_1,pot_1,0,0,serve
post_post,7004,256,257,"(1, 0)",FETCH,FETCH,1,onion_1,onion_1,1,1,FETCH,FETCH,FETCH,onion_1,onion_1,onion_1,0,0,serve
post_post,7004,258,259,"(0, 1)",PLACE,PLACE,1,pot_1,pot_1,1,1,PLACE,PLACE,PLACE,pot_1,pot_1,pot_1,0,0,serve
post_post,7004,262,263,"(1, 0)",FETCH,FETCH,1,onion_1,onion_1,1,1,FETCH,FETCH,FETCH,onion_1,onion_1,onion_1,0,0,serve
post_post,7004,264,265,"(0, 1)",PLACE,PLACE,1,pot_1,pot_1,1,1,PLACE,PLACE,PLACE,pot_1,pot_1,pot_1,0,0,serve
post_post,7004,268,269,interact,COOK_START,COOK_START,1,pot_1,pot_1,1,1,COOK_START,COOK_START,COOK_START,pot_1,pot_1,pot_1,0,0,serve
post_post,7004,269,270,"(0, 0)",GET_DISH,GET_DISH,1,dish_0,dish_0,1,1,GET_DISH,GET_DISH,GET_DISH,dish_0,dish_0,dish_0,0,0,cook
post_post,7004,275,276,"(1, 0)",PRE,PRE,1,pot_1,pot_1,1,1,PRE,PRE,PRE,none,pot_1,none,0,1,dynamic
post_post,7004,288,289,"(1, 0)",PICKUP,PICKUP,1,pot_1,pot_1,1,1,PICKUP,PICKUP,PICKUP,pot_1,pot_1,pot_1,0,0,cook
post_post,7004,291,292,"(0, 1)",DELIVER,DELIVER,1,serve_0,serve_0,1,1,DELIVER,DELIVER,DELIVER,serve_0,serve_0,serve_0,0,0,cook
post_post,7004,293,294,"(0, -1)",FETCH,FETCH,1,onion_1,onion_1,1,1,FETCH,FETCH,FETCH,onion_1,onion_1,onion_1,0,0,serve
post_post,7004,296,297,"(0, 1)",PLACE,PLACE,1,pot_1,pot_1,1,1,PLACE,PLACE,PLACE,pot_1,pot_1,pot_1,0,0,serve
post_post,7004,307,308,"(1, 0)",FETCH,FETCH,1,onion_1,onion_1,1,1,FETCH,FETCH,FETCH,onion_1,onion_1,onion_1,0,0,serve
post_post,7004,309,310,"(-1, 0)",PLACE,PLACE,1,pot_1,pot_1,1,1,PLACE,PLACE,PLACE,pot_1,pot_1,pot_1,0,0,serve
post_post,7004,313,314,"(1, 0)",FETCH,FETCH,1,onion_1,onion_1,1,1,FETCH,FETCH,FETCH,onion_1,onion_1,onion_1,0,0,serve
post_post,7004,315,316,"(-1, 0)",PLACE,PLACE,1,pot_1,pot_1,1,1,PLACE,PLACE,PLACE,pot_1,pot_1,pot_1,0,0,serve
post_post,7004,319,320,interact,COOK_START,COOK_START,1,pot_1,pot_1,1,1,COOK_START,COOK_START,COOK_START,pot_1,pot_1,pot_1,0,0,serve
post_post,7004,320,321,"(1, 0)",FETCH,FETCH,1,onion_1,onion_1,1,1,FETCH,FETCH,FETCH,onion_1,onion_1,onion_1,0,0,serve
post_post,7004,322,323,"(0, 1)",PLACE,PLACE,1,pot_0,pot_0,1,1,PLACE,PLACE,PLACE,pot_0,pot_0,pot_0,0,0,serve
post_post,7004,335,336,"(-1, 0)",FETCH,FETCH,1,onion_0,onion_0,1,1,FETCH,FETCH,FETCH,onion_0,onion_0,onion_0,0,0,serve
post_post,7004,337,338,"(0, 1)",PLACE,PLACE,1,pot_0,pot_0,1,1,PLACE,PLACE,PLACE,pot_0,pot_0,pot_0,0,0,serve
post_post,7004,341,342,"(-1, 0)",FETCH,FETCH,1,onion_0,onion_0,1,1,FETCH,FETCH,FETCH,onion_0,onion_0,onion_0,0,0,serve
post_post,7004,343,344,"(0, 1)",PLACE,PLACE,1,pot_0,pot_0,1,1,PLACE,PLACE,PLACE,pot_0,pot_0,pot_0,0,0,serve
post_post,7004,347,348,interact,COOK_START,COOK_START,1,pot_0,pot_0,1,1,COOK_START,COOK_START,COOK_START,pot_0,pot_0,pot_0,0,0,serve
post_post,7004,348,349,"(-1, 0)",FETCH,FETCH,1,onion_0,onion_0,1,1,FETCH,FETCH,FETCH,onion_0,onion_0,onion_0,0,0,serve
post_post,7004,350,351,"(0, 1)",PLACE,PLACE,1,pot_1,pot_1,1,1,PLACE,PLACE,PLACE,pot_1,pot_1,pot_1,0,0,serve
post_post,7004,356,357,"(1, 0)",FETCH,FETCH,1,onion_1,onion_1,1,1,FETCH,FETCH,FETCH,onion_1,onion_1,onion_1,0,0,serve
post_post,7004,358,359,"(0, 1)",PLACE,PLACE,1,pot_1,pot_1,1,1,PLACE,PLACE,PLACE,pot_1,pot_1,pot_1,0,0,serve
post_post,7004,362,363,"(1, 0)",FETCH,FETCH,1,onion_1,onion_1,1,1,FETCH,FETCH,FETCH,onion_1,onion_1,onion_1,0,0,serve
post_post,7004,364,365,"(0, 1)",PLACE,PLACE,1,pot_1,pot_1,1,1,PLACE,PLACE,PLACE,pot_1,pot_1,pot_1,0,0,serve
post_post,7004,368,369,interact,COOK_START,COOK_START,1,pot_1,pot_1,1,1,COOK_START,COOK_START,COOK_START,pot_1,pot_1,pot_1,0,0,serve
post_post,7004,369,370,"(0, 0)",GET_DISH,GET_DISH,1,dish_0,dish_0,1,1,GET_DISH,GET_DISH,GET_DISH,dish_0,dish_0,dish_0,0,0,cook
post_post,7004,375,376,"(1, 0)",PRE,PRE,1,pot_1,pot_0,0,0,PRE,PRE,PRE,none,pot_0,none,0,1,dynamic
post_post,7004,388,389,"(1, 0)",PICKUP,PICKUP,1,pot_1,pot_1,1,1,PICKUP,PICKUP,PICKUP,pot_1,pot_1,pot_1,0,0,cook
post_post,7004,391,392,"(0, 1)",DELIVER,DELIVER,1,serve_0,serve_0,1,1,DELIVER,DELIVER,DELIVER,serve_0,serve_0,serve_0,0,0,cook
post_post,7004,393,394,"(0, -1)",FETCH,FETCH,1,onion_1,onion_1,1,1,FETCH,FETCH,FETCH,onion_1,onion_1,onion_1,0,0,serve
post_post,7004,396,397,"(0, 1)",PLACE,PLACE,1,pot_1,pot_0,0,0,PLACE,PLACE,PLACE,pot_0,pot_0,pot_0,0,0,serve
post_post,7004,407,408,"(1, 0)",FETCH,FETCH,1,onion_1,onion_1,1,1,FETCH,FETCH,FETCH,onion_1,onion_1,onion_1,0,0,serve
post_post,7004,409,410,"(-1, 0)",PLACE,PLACE,1,pot_1,pot_1,1,1,PLACE,PLACE,PLACE,pot_1,pot_1,pot_1,0,0,serve
post_post,7004,413,414,"(1, 0)",FETCH,FETCH,1,onion_1,onion_1,1,1,FETCH,FETCH,FETCH,onion_1,onion_1,onion_1,0,0,serve
post_post,7004,415,416,"(-1, 0)",PLACE,PLACE,1,pot_1,pot_1,1,1,PLACE,PLACE,PLACE,pot_1,pot_1,pot_1,0,0,serve
post_post,7004,419,420,interact,COOK_START,COOK_START,1,pot_1,pot_1,1,1,COOK_START,COOK_START,COOK_START,pot_1,pot_1,pot_1,0,0,serve
post_post,7004,420,421,"(1, 0)",FETCH,FETCH,1,onion_1,onion_1,1,1,FETCH,FETCH,FETCH,onion_1,onion_1,onion_1,0,0,serve
post_post,7004,422,423,"(0, 1)",PLACE,PLACE,1,pot_0,pot_0,1,1,PLACE,PLACE,PLACE,pot_0,pot_0,pot_0,0,0,serve
post_post,7004,435,436,"(-1, 0)",FETCH,FETCH,1,onion_0,onion_0,1,1,FETCH,FETCH,FETCH,onion_0,onion_0,onion_0,0,0,serve
post_post,7004,437,438,"(0, 1)",PLACE,PLACE,1,pot_0,pot_0,1,1,PLACE,PLACE,PLACE,pot_0,pot_0,pot_0,0,0,serve
post_post,7004,441,442,"(-1, 0)",FETCH,FETCH,1,onion_0,onion_0,1,1,FETCH,FETCH,FETCH,onion_0,onion_0,onion_0,0,0,serve
post_post,7004,443,444,"(0, 1)",PLACE,PLACE,1,pot_0,pot_0,1,1,PLACE,PLACE,PLACE,pot_0,pot_0,pot_0,0,0,serve
post_post,7004,447,448,interact,COOK_START,COOK_START,1,pot_0,pot_0,1,1,COOK_START,COOK_START,COOK_START,pot_0,pot_0,pot_0,0,0,serve
post_post,7004,448,449,"(-1, 0)",FETCH,FETCH,1,onion_0,dish_0,0,0,GET_DISH,FETCH,GET_DISH,dish_0,dish_0,dish_0,1,0,serve
post_post,7004,450,451,"(0, 1)",PLACE,PLACE,1,pot_1,pot_1,1,1,PLACE,PLACE,PLACE,pot_1,pot_1,pot_1,0,0,serve
post_post,7004,456,457,"(1, 0)",FETCH,FETCH,1,onion_1,onion_1,1,1,FETCH,FETCH,FETCH,onion_1,onion_1,onion_1,0,0,serve
post_post,7004,458,459,"(0, 1)",PLACE,PLACE,1,pot_1,pot_1,1,1,PLACE,PLACE,PLACE,pot_1,pot_1,pot_1,0,0,serve
post_post,7004,462,463,"(1, 0)",FETCH,FETCH,1,onion_1,onion_1,1,1,FETCH,FETCH,FETCH,onion_1,onion_1,onion_1,0,0,serve
post_post,7004,464,465,"(0, 1)",PLACE,PLACE,1,pot_1,pot_1,1,1,PLACE,PLACE,PLACE,pot_1,pot_1,pot_1,0,0,serve
post_post,7004,468,469,interact,COOK_START,COOK_START,1,pot_1,pot_1,1,1,COOK_START,COOK_START,COOK_START,pot_1,pot_1,pot_1,0,0,serve
post_post,7004,469,470,"(0, 0)",GET_DISH,GET_DISH,1,dish_0,dish_0,1,1,GET_DISH,GET_DISH,GET_DISH,dish_0,dish_0,dish_0,0,0,cook
post_post,7004,475,476,"(1, 0)",PRE,PRE,1,pot_1,dish_0,0,0,PRE,PRE,PRE,pot_0,dish_0,pot_0,0,1,dynamic
post_post,7004,488,489,"(1, 0)",PICKUP,PICKUP,1,pot_1,pot_1,1,1,PICKUP,PICKUP,PICKUP,pot_1,pot_1,pot_1,0,0,cook
post_post,7004,491,492,"(0, 1)",DELIVER,DELIVER,1,serve_0,serve_0,1,1,DELIVER,DELIVER,DELIVER,serve_0,serve_0,serve_0,0,0,cook
post_post,7004,493,494,"(0, -1)",FETCH,FETCH,1,onion_1,onion_1,1,1,FETCH,FETCH,FETCH,onion_1,onion_1,onion_1,0,0,serve
post_post,7004,496,497,"(0, 1)",PLACE,PLACE,1,pot_1,pot_0,0,0,PLACE,PLACE,PLACE,pot_0,pot_0,pot_0,0,0,serve
post_post,7004,507,508,"(1, 0)",FETCH,FETCH,1,onion_1,onion_1,1,1,FETCH,FETCH,FETCH,onion_1,onion_1,onion_1,0,0,serve
post_post,7004,509,510,"(-1, 0)",PLACE,PLACE,1,pot_1,pot_1,1,1,PLACE,PLACE,PLACE,pot_1,pot_1,pot_1,0,0,serve
post_post,7004,513,514,"(1, 0)",FETCH,FETCH,1,onion_1,onion_1,1,1,FETCH,FETCH,FETCH,onion_1,onion_1,onion_1,0,0,serve
post_post,7004,515,516,"(-1, 0)",PLACE,PLACE,1,pot_1,pot_1,1,1,PLACE,PLACE,PLACE,pot_1,pot_1,pot_1,0,0,serve
post_post,7004,519,520,interact,COOK_START,COOK_START,1,pot_1,pot_1,1,1,COOK_START,COOK_START,COOK_START,pot_1,pot_1,pot_1,0,0,serve
post_post,7004,520,521,"(1, 0)",FETCH,FETCH,1,onion_1,onion_1,1,1,FETCH,FETCH,FETCH,onion_1,onion_1,onion_1,0,0,serve
post_post,7004,522,523,"(0, 1)",PLACE,PLACE,1,pot_0,pot_0,1,1,PLACE,PLACE,PLACE,pot_0,pot_0,pot_0,0,0,serve
post_post,7004,535,536,"(-1, 0)",FETCH,FETCH,1,onion_0,onion_0,1,1,GET_DISH,FETCH,GET_DISH,onion_0,onion_0,onion_0,1,0,serve
post_post,7004,537,538,"(0, 1)",PLACE,PLACE,1,pot_0,pot_0,1,1,PLACE,PLACE,PLACE,pot_0,pot_0,pot_0,0,0,serve
post_post,7004,541,542,"(-1, 0)",FETCH,FETCH,1,onion_0,onion_0,1,1,FETCH,FETCH,FETCH,onion_0,onion_0,onion_0,0,0,serve
post_post,7004,543,544,"(0, 1)",PLACE,PLACE,1,pot_0,pot_0,1,1,PLACE,PLACE,PLACE,pot_0,pot_0,pot_0,0,0,serve
post_post,7004,547,548,interact,COOK_START,COOK_START,1,pot_0,pot_0,1,1,COOK_START,COOK_START,COOK_START,pot_0,pot_0,pot_0,0,0,serve
post_post,7004,548,549,"(-1, 0)",FETCH,GET_DISH,0,onion_0,dish_0,0,0,GET_DISH,GET_DISH,GET_DISH,dish_0,dish_0,dish_0,0,0,cook
post_post,7004,550,551,"(0, 1)",PLACE,PLACE,1,pot_1,pot_1,1,1,PLACE,PLACE,PLACE,pot_1,pot_1,pot_1,0,0,serve
post_post,7004,556,557,"(1, 0)",FETCH,FETCH,1,onion_1,onion_1,1,1,FETCH,FETCH,FETCH,onion_1,onion_1,onion_1,0,0,serve
post_post,7004,558,559,"(0, 1)",PLACE,PLACE,1,pot_1,pot_1,1,1,PLACE,PLACE,PLACE,pot_1,pot_1,pot_1,0,0,serve
post_post,7004,562,563,"(1, 0)",FETCH,FETCH,1,onion_1,onion_1,1,1,FETCH,FETCH,FETCH,onion_1,onion_1,onion_1,0,0,serve
post_post,7004,564,565,"(0, 1)",PLACE,PLACE,1,pot_1,pot_1,1,1,PLACE,PLACE,PLACE,pot_1,pot_1,pot_1,0,0,serve
post_post,7004,568,569,interact,COOK_START,COOK_START,1,pot_1,pot_1,1,1,COOK_START,COOK_START,COOK_START,pot_1,pot_1,pot_1,0,0,serve
post_post,7004,569,570,"(0, 0)",GET_DISH,GET_DISH,1,dish_0,dish_0,1,1,GET_DISH,GET_DISH,GET_DISH,dish_0,dish_0,dish_0,0,0,cook
post_post,7004,575,576,"(1, 0)",PRE,PRE,1,pot_1,dish_0,0,0,PRE,PRE,PRE,pot_0,dish_0,dish_0,0,1,dynamic
post_post,7004,588,589,"(1, 0)",PICKUP,PICKUP,1,pot_1,pot_1,1,1,PICKUP,PICKUP,PICKUP,pot_1,pot_1,pot_1,0,0,cook
post_post,7004,591,592,"(0, 1)",DELIVER,DELIVER,1,serve_0,serve_0,1,1,DELIVER,DELIVER,DELIVER,serve_0,serve_0,serve_0,0,0,cook
post_post,7004,593,594,"(0, -1)",FETCH,FETCH,1,onion_1,onion_1,1,1,FETCH,FETCH,FETCH,onion_1,onion_1,onion_1,0,0,serve
post_post,7004,596,597,"(0, 1)",PLACE,PLACE,1,pot_1,pot_1,1,1,PLACE,PLACE,PLACE,pot_1,pot_1,pot_1,0,0,serve
post_post,7004,600,601,"(1, 0)",FETCH,FETCH,1,onion_1,onion_1,1,1,FETCH,FETCH,FETCH,onion_1,onion_1,onion_1,0,0,serve
post_post,7004,602,603,"(-1, 0)",PLACE,PLACE,1,pot_1,pot_1,1,1,PLACE,PLACE,PLACE,pot_1,pot_1,pot_1,0,0,serve
post_post,7004,606,607,"(1, 0)",FETCH,FETCH,1,onion_1,onion_1,1,1,FETCH,FETCH,FETCH,onion_1,onion_1,onion_1,0,0,serve
post_post,7004,608,609,"(-1, 0)",PLACE,PLACE,1,pot_1,pot_1,1,1,PLACE,PLACE,PLACE,pot_1,pot_1,pot_1,0,0,serve
post_post,7004,612,613,interact,COOK_START,COOK_START,1,pot_1,pot_1,1,1,COOK_START,COOK_START,COOK_START,pot_1,pot_1,pot_1,0,0,serve
post_post,7004,613,614,"(1, 0)",FETCH,FETCH,1,onion_1,onion_1,1,1,FETCH,FETCH,FETCH,onion_1,onion_1,onion_1,0,0,serve
post_post,7004,615,616,"(0, 1)",PLACE,PLACE,1,pot_0,pot_0,1,1,PLACE,PLACE,PLACE,pot_0,pot_0,pot_0,0,0,serve
post_post,7004,628,629,interact,COOK_START,COOK_START,1,pot_0,pot_0,1,1,COOK_START,COOK_START,COOK_START,pot_0,pot_0,pot_0,0,0,serve
post_post,7004,629,630,"(1, 0)",HOLD,HOLD,1,none,none,1,1,HOLD,HOLD,HOLD,none,none,none,0,0,dynamic
post_post,7004,635,636,"(-1, 0)",FETCH,GET_DISH,0,onion_0,dish_0,0,0,GET_DISH,GET_DISH,GET_DISH,dish_0,dish_0,dish_0,0,0,cook
post_post,7004,638,639,"(0, 1)",PLACE,PLACE,1,pot_1,pot_0,0,0,PLACE,PLACE,PLACE,pot_0,pot_0,pot_0,0,0,serve
post_post,7004,647,648,"(1, 0)",FETCH,FETCH,1,onion_1,onion_1,1,1,FETCH,FETCH,FETCH,onion_1,onion_1,onion_1,0,0,serve
post_post,7004,649,650,"(0, 1)",PLACE,PLACE,1,pot_1,pot_1,1,1,PLACE,PLACE,PLACE,pot_1,pot_1,pot_1,0,0,serve
post_post,7004,653,654,"(1, 0)",FETCH,FETCH,1,onion_1,onion_1,1,1,FETCH,FETCH,FETCH,onion_1,onion_1,onion_1,0,0,serve
post_post,7004,655,656,"(0, 1)",PLACE,PLACE,1,pot_1,pot_1,1,1,PLACE,PLACE,PLACE,pot_1,pot_1,pot_1,0,0,serve
post_post,7004,661,662,interact,COOK_START,COOK_START,1,pot_1,pot_1,1,1,COOK_START,COOK_START,COOK_START,pot_1,pot_1,pot_1,0,0,serve
post_post,7004,662,663,"(1, 0)",FETCH,FETCH,1,onion_1,onion_1,1,1,FETCH,FETCH,FETCH,onion_1,onion_1,onion_1,0,0,serve
post_post,7004,664,665,"(0, 1)",PLACE,PLACE,1,pot_0,pot_0,1,1,PLACE,PLACE,PLACE,pot_0,pot_0,pot_0,0,0,serve
post_post,7004,674,675,"(-1, 0)",FETCH,GET_DISH,0,onion_0,dish_0,0,0,GET_DISH,GET_DISH,GET_DISH,dish_0,dish_0,dish_0,0,0,cook
post_post,7004,676,677,"(0, 1)",PLACE,PLACE,1,pot_0,pot_0,1,1,PLACE,PLACE,PLACE,pot_0,pot_0,pot_0,0,0,serve
post_post,7004,680,681,"(-1, 0)",FETCH,GET_DISH,0,onion_0,dish_0,0,0,GET_DISH,GET_DISH,GET_DISH,dish_0,dish_0,dish_0,0,0,cook
post_post,7004,682,683,"(0, 1)",PLACE,PLACE,1,pot_0,pot_0,1,1,PLACE,PLACE,PLACE,pot_0,pot_0,pot_0,0,0,serve
post_post,7004,686,687,interact,COOK_START,COOK_START,1,pot_0,pot_0,1,1,COOK_START,COOK_START,COOK_START,pot_0,pot_0,pot_0,0,0,serve
post_post,7004,687,688,"(-1, 0)",FETCH,GET_DISH,0,onion_0,dish_0,0,0,GET_DISH,GET_DISH,GET_DISH,dish_0,dish_0,dish_0,0,0,cook
post_post,7004,689,690,"(0, 1)",PLACE,PLACE,1,pot_1,pot_1,1,1,PLACE,PLACE,PLACE,pot_1,pot_1,pot_1,0,0,serve
post_post,7004,695,696,"(1, 0)",FETCH,FETCH,1,onion_1,onion_1,1,1,FETCH,FETCH,FETCH,onion_1,onion_1,onion_1,0,0,serve
post_post,7004,697,698,"(0, 1)",PLACE,PLACE,1,pot_1,pot_1,1,1,PLACE,PLACE,PLACE,pot_1,pot_1,pot_1,0,0,serve
post_post,7005,0,1,"(0, 0)",FETCH,FETCH,1,onion_1,onion_0,0,0,FETCH,FETCH,FETCH,onion_0,onion_0,onion_0,0,0,serve
post_post,7005,9,10,"(-1, 0)",PLACE,PLACE,1,pot_1,pot_1,1,1,PLACE,PLACE,PLACE,pot_1,pot_1,pot_1,0,0,serve
post_post,7005,13,14,"(1, 0)",FETCH,FETCH,1,onion_1,onion_1,1,1,FETCH,FETCH,FETCH,onion_1,onion_1,onion_1,0,0,serve
post_post,7005,15,16,"(-1, 0)",PLACE,PLACE,1,pot_1,pot_1,1,1,PLACE,PLACE,PLACE,pot_1,pot_1,pot_1,0,0,serve
post_post,7005,19,20,"(1, 0)",FETCH,FETCH,1,onion_1,onion_1,1,1,FETCH,FETCH,FETCH,onion_1,onion_1,onion_1,0,0,serve
post_post,7005,21,22,"(-1, 0)",PLACE,PLACE,1,pot_1,pot_1,1,1,PLACE,PLACE,PLACE,pot_1,pot_1,pot_1,0,0,serve
post_post,7005,25,26,interact,COOK_START,COOK_START,1,pot_1,pot_1,1,1,COOK_START,COOK_START,COOK_START,pot_1,pot_1,pot_1,0,0,serve
post_post,7005,26,27,"(1, 0)",FETCH,FETCH,1,onion_1,onion_1,1,1,FETCH,FETCH,FETCH,onion_1,onion_1,onion_1,0,0,serve
post_post,7005,28,29,"(0, 1)",PLACE,PLACE,1,pot_0,pot_0,1,1,PLACE,PLACE,PLACE,pot_0,pot_0,pot_0,0,0,serve
post_post,7005,41,42,"(-1, 0)",FETCH,FETCH,1,onion_0,onion_0,1,1,FETCH,FETCH,FETCH,onion_0,onion_0,onion_0,0,0,serve
post_post,7005,43,44,"(0, 1)",PLACE,PLACE,1,pot_0,pot_0,1,1,PLACE,PLACE,PLACE,pot_0,pot_0,pot_0,0,0,serve
post_post,7005,47,48,"(-1, 0)",FETCH,FETCH,1,onion_0,onion_0,1,1,FETCH,FETCH,FETCH,onion_0,onion_0,onion_0,0,0,serve
post_post,7005,49,50,"(0, 1)",PLACE,PLACE,1,pot_0,pot_0,1,1,PLACE,PLACE,PLACE,pot_0,pot_0,pot_0,0,0,serve
post_post,7005,53,54,interact,COOK_START,COOK_START,1,pot_0,pot_0,1,1,COOK_START,COOK_START,COOK_START,pot_0,pot_0,pot_0,0,0,serve
post_post,7005,54,55,"(-1, 0)",FETCH,FETCH,1,onion_0,onion_0,1,1,FETCH,FETCH,FETCH,onion_0,onion_0,onion_0,0,0,serve
post_post,7005,56,57,"(0, 1)",PLACE,PLACE,1,pot_1,pot_1,1,1,PLACE,PLACE,PLACE,pot_1,pot_1,pot_1,0,0,serve
post_post,7005,62,63,"(1, 0)",FETCH,FETCH,1,onion_1,onion_1,1,1,FETCH,FETCH,FETCH,onion_1,onion_1,onion_1,0,0,serve
post_post,7005,64,65,"(0, 1)",PLACE,PLACE,1,pot_1,pot_1,1,1,PLACE,PLACE,PLACE,pot_1,pot_1,pot_1,0,0,serve
post_post,7005,68,69,"(1, 0)",FETCH,FETCH,1,onion_1,onion_1,1,1,FETCH,FETCH,FETCH,onion_1,onion_1,onion_1,0,0,serve
post_post,7005,70,71,"(0, 1)",PLACE,PLACE,1,pot_1,pot_1,1,1,PLACE,PLACE,PLACE,pot_1,pot_1,pot_1,0,0,serve
post_post,7005,74,75,interact,COOK_START,COOK_START,1,pot_1,pot_1,1,1,COOK_START,COOK_START,COOK_START,pot_1,pot_1,pot_1,0,0,serve
post_post,7005,75,76,"(0, 0)",GET_DISH,GET_DISH,1,dish_0,dish_0,1,1,GET_DISH,GET_DISH,GET_DISH,dish_0,dish_0,dish_0,0,0,cook
post_post,7005,81,82,"(1, 0)",PRE,PRE,1,pot_1,pot_1,1,1,PRE,PRE,PRE,none,pot_1,none,0,1,dynamic
post_post,7005,94,95,"(1, 0)",PICKUP,PICKUP,1,pot_1,pot_1,1,1,PICKUP,PICKUP,PICKUP,pot_1,pot_1,pot_1,0,0,cook
post_post,7005,97,98,"(0, 1)",DELIVER,DELIVER,1,serve_0,serve_0,1,1,DELIVER,DELIVER,DELIVER,serve_0,serve_0,serve_0,0,0,cook
post_post,7005,99,100,"(0, -1)",FETCH,FETCH,1,onion_1,onion_1,1,1,FETCH,FETCH,FETCH,onion_1,onion_1,onion_1,0,0,serve
post_post,7005,102,103,"(0, 1)",PLACE,PLACE,1,pot_1,pot_1,1,1,PLACE,PLACE,PLACE,pot_1,pot_1,pot_1,0,0,serve
post_post,7005,113,114,"(1, 0)",FETCH,FETCH,1,onion_1,onion_1,1,1,FETCH,FETCH,FETCH,onion_1,onion_1,onion_1,0,0,serve
post_post,7005,115,116,"(-1, 0)",PLACE,PLACE,1,pot_1,pot_1,1,1,PLACE,PLACE,PLACE,pot_1,pot_1,pot_1,0,0,serve
post_post,7005,119,120,"(1, 0)",FETCH,FETCH,1,onion_1,onion_1,1,1,FETCH,FETCH,FETCH,onion_1,onion_1,onion_1,0,0,serve
post_post,7005,121,122,"(-1, 0)",PLACE,PLACE,1,pot_1,pot_1,1,1,PLACE,PLACE,PLACE,pot_1,pot_1,pot_1,0,0,serve
post_post,7005,125,126,interact,COOK_START,COOK_START,1,pot_1,pot_1,1,1,COOK_START,COOK_START,COOK_START,pot_1,pot_1,pot_1,0,0,serve
post_post,7005,126,127,"(1, 0)",FETCH,FETCH,1,onion_1,onion_1,1,1,FETCH,FETCH,FETCH,onion_1,onion_1,onion_1,0,0,serve
post_post,7005,128,129,"(0, 1)",PLACE,PLACE,1,pot_0,pot_0,1,1,PLACE,PLACE,PLACE,pot_0,pot_0,pot_0,0,0,serve
post_post,7005,141,142,"(-1, 0)",FETCH,FETCH,1,onion_0,onion_0,1,1,FETCH,FETCH,FETCH,onion_0,onion_0,onion_0,0,0,serve
post_post,7005,143,144,"(0, 1)",PLACE,PLACE,1,pot_0,pot_0,1,1,PLACE,PLACE,PLACE,pot_0,pot_0,pot_0,0,0,serve
post_post,7005,147,148,"(-1, 0)",FETCH,FETCH,1,onion_0,onion_0,1,1,FETCH,FETCH,FETCH,onion_0,onion_0,onion_0,0,0,serve
post_post,7005,149,150,"(0, 1)",PLACE,PLACE,1,pot_0,pot_0,1,1,PLACE,PLACE,PLACE,pot_0,pot_0,pot_0,0,0,serve
post_post,7005,153,154,interact,COOK_START,COOK_START,1,pot_0,pot_0,1,1,COOK_START,COOK_START,COOK_START,pot_0,pot_0,pot_0,0,0,serve
post_post,7005,154,155,"(-1, 0)",FETCH,FETCH,1,onion_0,onion_0,1,1,FETCH,FETCH,FETCH,onion_0,onion_0,onion_0,0,0,serve
post_post,7005,156,157,"(0, 1)",PLACE,PLACE,1,pot_1,pot_1,1,1,PLACE,PLACE,PLACE,pot_1,pot_1,pot_1,0,0,serve
post_post,7005,162,163,"(1, 0)",FETCH,FETCH,1,onion_1,onion_1,1,1,FETCH,FETCH,FETCH,onion_1,onion_1,onion_1,0,0,serve
post_post,7005,164,165,"(0, 1)",PLACE,PLACE,1,pot_1,pot_1,1,1,PLACE,PLACE,PLACE,pot_1,pot_1,pot_1,0,0,serve
post_post,7005,168,169,"(1, 0)",FETCH,FETCH,1,onion_1,onion_1,1,1,FETCH,FETCH,FETCH,onion_1,onion_1,onion_1,0,0,serve
post_post,7005,170,171,"(0, 1)",PLACE,PLACE,1,pot_1,pot_1,1,1,PLACE,PLACE,PLACE,pot_1,pot_1,pot_1,0,0,serve
post_post,7005,174,175,interact,COOK_START,COOK_START,1,pot_1,pot_1,1,1,COOK_START,COOK_START,COOK_START,pot_1,pot_1,pot_1,0,0,serve
post_post,7005,175,176,"(0, 0)",GET_DISH,GET_DISH,1,dish_0,dish_0,1,1,GET_DISH,GET_DISH,GET_DISH,dish_0,dish_0,dish_0,0,0,cook
post_post,7005,181,182,"(1, 0)",PRE,PRE,1,pot_1,pot_1,1,1,PRE,PRE,PRE,none,pot_1,none,0,1,dynamic
post_post,7005,194,195,"(1, 0)",PICKUP,PICKUP,1,pot_1,pot_1,1,1,PICKUP,PICKUP,PICKUP,pot_1,pot_1,pot_1,0,0,cook
post_post,7005,197,198,"(0, 1)",DELIVER,DELIVER,1,serve_0,serve_0,1,1,DELIVER,DELIVER,DELIVER,serve_0,serve_0,serve_0,0,0,cook
post_post,7005,199,200,"(0, -1)",FETCH,FETCH,1,onion_1,onion_1,1,1,FETCH,FETCH,FETCH,onion_1,onion_1,onion_1,0,0,serve
post_post,7005,202,203,"(0, 1)",PLACE,PLACE,1,pot_1,pot_1,1,1,PLACE,PLACE,PLACE,pot_1,pot_1,pot_1,0,0,serve
post_post,7005,213,214,"(1, 0)",FETCH,FETCH,1,onion_1,onion_1,1,1,FETCH,FETCH,FETCH,onion_1,onion_1,onion_1,0,0,serve
post_post,7005,215,216,"(-1, 0)",PLACE,PLACE,1,pot_1,pot_1,1,1,PLACE,PLACE,PLACE,pot_1,pot_1,pot_1,0,0,serve
post_post,7005,219,220,"(1, 0)",FETCH,FETCH,1,onion_1,onion_1,1,1,FETCH,FETCH,FETCH,onion_1,onion_1,onion_1,0,0,serve
post_post,7005,221,222,"(-1, 0)",PLACE,PLACE,1,pot_1,pot_1,1,1,PLACE,PLACE,PLACE,pot_1,pot_1,pot_1,0,0,serve
post_post,7005,225,226,interact,COOK_START,COOK_START,1,pot_1,pot_1,1,1,COOK_START,COOK_START,COOK_START,pot_1,pot_1,pot_1,0,0,serve
post_post,7005,226,227,"(1, 0)",FETCH,FETCH,1,onion_1,onion_1,1,1,FETCH,FETCH,FETCH,onion_1,onion_1,onion_1,0,0,serve
post_post,7005,228,229,"(0, 1)",PLACE,PLACE,1,pot_0,pot_0,1,1,PLACE,PLACE,PLACE,pot_0,pot_0,pot_0,0,0,serve
post_post,7005,241,242,"(-1, 0)",FETCH,FETCH,1,onion_0,onion_0,1,1,FETCH,FETCH,FETCH,onion_0,onion_0,onion_0,0,0,serve
post_post,7005,243,244,"(0, 1)",PLACE,PLACE,1,pot_0,pot_0,1,1,PLACE,PLACE,PLACE,pot_0,pot_0,pot_0,0,0,serve
post_post,7005,247,248,"(-1, 0)",FETCH,FETCH,1,onion_0,onion_0,1,1,FETCH,FETCH,FETCH,onion_0,onion_0,onion_0,0,0,serve
post_post,7005,249,250,"(0, 1)",PLACE,PLACE,1,pot_0,pot_0,1,1,PLACE,PLACE,PLACE,pot_0,pot_0,pot_0,0,0,serve
post_post,7005,253,254,interact,COOK_START,COOK_START,1,pot_0,pot_0,1,1,COOK_START,COOK_START,COOK_START,pot_0,pot_0,pot_0,0,0,serve
post_post,7005,254,255,"(-1, 0)",FETCH,FETCH,1,onion_0,onion_0,1,1,FETCH,FETCH,FETCH,onion_0,onion_0,onion_0,0,0,serve
post_post,7005,256,257,"(0, 1)",PLACE,PLACE,1,pot_1,pot_1,1,1,PLACE,PLACE,PLACE,pot_1,pot_1,pot_1,0,0,serve
post_post,7005,262,263,"(1, 0)",FETCH,FETCH,1,onion_1,onion_1,1,1,FETCH,FETCH,FETCH,onion_1,onion_1,onion_1,0,0,serve
post_post,7005,264,265,"(0, 1)",PLACE,PLACE,1,pot_1,pot_1,1,1,PLACE,PLACE,PLACE,pot_1,pot_1,pot_1,0,0,serve
post_post,7005,268,269,"(1, 0)",FETCH,FETCH,1,onion_1,onion_1,1,1,FETCH,FETCH,FETCH,onion_1,onion_1,onion_1,0,0,serve
post_post,7005,270,271,"(0, 1)",PLACE,PLACE,1,pot_1,pot_1,1,1,PLACE,PLACE,PLACE,pot_1,pot_1,pot_1,0,0,serve
post_post,7005,274,275,interact,COOK_START,COOK_START,1,pot_1,pot_1,1,1,COOK_START,COOK_START,COOK_START,pot_1,pot_1,pot_1,0,0,serve
post_post,7005,275,276,"(0, 0)",GET_DISH,GET_DISH,1,dish_0,dish_0,1,1,GET_DISH,GET_DISH,GET_DISH,dish_0,dish_0,dish_0,0,0,cook
post_post,7005,281,282,"(1, 0)",PRE,PRE,1,pot_1,pot_1,1,1,PRE,PRE,PRE,none,pot_1,none,0,1,dynamic
post_post,7005,294,295,"(1, 0)",PICKUP,PICKUP,1,pot_1,pot_1,1,1,PICKUP,PICKUP,PICKUP,pot_1,pot_1,pot_1,0,0,cook
post_post,7005,297,298,"(0, 1)",DELIVER,DELIVER,1,serve_0,serve_0,1,1,DELIVER,DELIVER,DELIVER,serve_0,serve_0,serve_0,0,0,cook
post_post,7005,299,300,"(0, -1)",FETCH,FETCH,1,onion_1,onion_1,1,1,FETCH,FETCH,FETCH,onion_1,onion_1,onion_1,0,0,serve
post_post,7005,302,303,"(0, 1)",PLACE,PLACE,1,pot_1,pot_1,1,1,PLACE,PLACE,PLACE,pot_1,pot_1,pot_1,0,0,serve
post_post,7005,313,314,"(1, 0)",FETCH,FETCH,1,onion_1,onion_1,1,1,FETCH,FETCH,FETCH,onion_1,onion_1,onion_1,0,0,serve
post_post,7005,315,316,"(-1, 0)",PLACE,PLACE,1,pot_1,pot_1,1,1,PLACE,PLACE,PLACE,pot_1,pot_1,pot_1,0,0,serve
post_post,7005,319,320,"(1, 0)",FETCH,FETCH,1,onion_1,onion_1,1,1,FETCH,FETCH,FETCH,onion_1,onion_1,onion_1,0,0,serve
post_post,7005,321,322,"(-1, 0)",PLACE,PLACE,1,pot_1,pot_1,1,1,PLACE,PLACE,PLACE,pot_1,pot_1,pot_1,0,0,serve
post_post,7005,325,326,interact,COOK_START,COOK_START,1,pot_1,pot_1,1,1,COOK_START,COOK_START,COOK_START,pot_1,pot_1,pot_1,0,0,serve
post_post,7005,326,327,"(1, 0)",FETCH,FETCH,1,onion_1,onion_1,1,1,FETCH,FETCH,FETCH,onion_1,onion_1,onion_1,0,0,serve
post_post,7005,328,329,"(0, 1)",PLACE,PLACE,1,pot_0,pot_0,1,1,PLACE,PLACE,PLACE,pot_0,pot_0,pot_0,0,0,serve
post_post,7005,341,342,"(-1, 0)",FETCH,FETCH,1,onion_0,onion_0,1,1,FETCH,FETCH,FETCH,onion_0,onion_0,onion_0,0,0,serve
post_post,7005,343,344,"(0, 1)",PLACE,PLACE,1,pot_0,pot_0,1,1,PLACE,PLACE,PLACE,pot_0,pot_0,pot_0,0,0,serve
post_post,7005,347,348,"(-1, 0)",FETCH,FETCH,1,onion_0,onion_0,1,1,FETCH,FETCH,FETCH,onion_0,onion_0,onion_0,0,0,serve
post_post,7005,349,350,"(0, 1)",PLACE,PLACE,1,pot_0,pot_0,1,1,PLACE,PLACE,PLACE,pot_0,pot_0,pot_0,0,0,serve
post_post,7005,353,354,interact,COOK_START,COOK_START,1,pot_0,pot_0,1,1,COOK_START,COOK_START,COOK_START,pot_0,pot_0,pot_0,0,0,serve
post_post,7005,354,355,"(-1, 0)",FETCH,FETCH,1,onion_0,onion_0,1,1,FETCH,FETCH,FETCH,onion_0,onion_0,onion_0,0,0,serve
post_post,7005,356,357,"(0, 1)",PLACE,PLACE,1,pot_1,pot_1,1,1,PLACE,PLACE,PLACE,pot_1,pot_1,pot_1,0,0,serve
post_post,7005,362,363,"(1, 0)",FETCH,FETCH,1,onion_1,onion_1,1,1,FETCH,FETCH,FETCH,onion_1,onion_1,onion_1,0,0,serve
post_post,7005,364,365,"(0, 1)",PLACE,PLACE,1,pot_1,pot_1,1,1,PLACE,PLACE,PLACE,pot_1,pot_1,pot_1,0,0,serve
post_post,7005,368,369,"(1, 0)",FETCH,FETCH,1,onion_1,onion_1,1,1,FETCH,FETCH,FETCH,onion_1,onion_1,onion_1,0,0,serve
post_post,7005,370,371,"(0, 1)",PLACE,PLACE,1,pot_1,pot_1,1,1,PLACE,PLACE,PLACE,pot_1,pot_1,pot_1,0,0,serve
post_post,7005,374,375,interact,COOK_START,COOK_START,1,pot_1,pot_1,1,1,COOK_START,COOK_START,COOK_START,pot_1,pot_1,pot_1,0,0,serve
post_post,7005,375,376,"(0, 0)",GET_DISH,GET_DISH,1,dish_0,dish_0,1,1,GET_DISH,GET_DISH,GET_DISH,dish_0,dish_0,dish_0,0,0,cook
post_post,7005,381,382,"(1, 0)",PRE,PRE,1,pot_1,pot_0,0,0,PRE,PRE,PRE,none,pot_0,none,0,1,dynamic
post_post,7005,394,395,"(1, 0)",PICKUP,PICKUP,1,pot_1,pot_1,1,1,PICKUP,PICKUP,PICKUP,pot_1,pot_1,pot_1,0,0,cook
post_post,7005,397,398,"(0, 1)",DELIVER,DELIVER,1,serve_0,serve_0,1,1,DELIVER,DELIVER,DELIVER,serve_0,serve_0,serve_0,0,0,cook
post_post,7005,399,400,"(0, -1)",FETCH,FETCH,1,onion_1,onion_1,1,1,FETCH,FETCH,FETCH,onion_1,onion_1,onion_1,0,0,serve
post_post,7005,402,403,"(0, 1)",PLACE,PLACE,1,pot_1,pot_0,0,0,PLACE,PLACE,PLACE,pot_0,pot_0,pot_0,0,0,serve
post_post,7005,413,414,"(1, 0)",FETCH,FETCH,1,onion_1,onion_1,1,1,FETCH,FETCH,FETCH,onion_1,onion_1,onion_1,0,0,serve
post_post,7005,415,416,"(-1, 0)",PLACE,PLACE,1,pot_1,pot_1,1,1,PLACE,PLACE,PLACE,pot_1,pot_1,pot_1,0,0,serve
post_post,7005,419,420,"(1, 0)",FETCH,FETCH,1,onion_1,onion_1,1,1,FETCH,FETCH,FETCH,onion_1,onion_1,onion_1,0,0,serve
post_post,7005,421,422,"(-1, 0)",PLACE,PLACE,1,pot_1,pot_1,1,1,PLACE,PLACE,PLACE,pot_1,pot_1,pot_1,0,0,serve
post_post,7005,425,426,interact,COOK_START,COOK_START,1,pot_1,pot_1,1,1,COOK_START,COOK_START,COOK_START,pot_1,pot_1,pot_1,0,0,serve
post_post,7005,426,427,"(1, 0)",FETCH,FETCH,1,onion_1,onion_1,1,1,FETCH,FETCH,FETCH,onion_1,onion_1,onion_1,0,0,serve
post_post,7005,428,429,"(0, 1)",PLACE,PLACE,1,pot_0,pot_0,1,1,PLACE,PLACE,PLACE,pot_0,pot_0,pot_0,0,0,serve
post_post,7005,441,442,"(-1, 0)",FETCH,FETCH,1,onion_0,onion_0,1,1,FETCH,FETCH,FETCH,onion_0,onion_0,onion_0,0,0,serve
post_post,7005,443,444,"(0, 1)",PLACE,PLACE,1,pot_0,pot_0,1,1,PLACE,PLACE,PLACE,pot_0,pot_0,pot_0,0,0,serve
post_post,7005,447,448,"(-1, 0)",FETCH,FETCH,1,onion_0,onion_0,1,1,FETCH,FETCH,FETCH,onion_0,onion_0,onion_0,0,0,serve
post_post,7005,449,450,"(0, 1)",PLACE,PLACE,1,pot_0,pot_0,1,1,PLACE,PLACE,PLACE,pot_0,pot_0,pot_0,0,0,serve
post_post,7005,453,454,interact,COOK_START,COOK_START,1,pot_0,pot_0,1,1,COOK_START,COOK_START,COOK_START,pot_0,pot_0,pot_0,0,0,serve
post_post,7005,454,455,"(-1, 0)",FETCH,FETCH,1,onion_0,dish_0,0,0,GET_DISH,FETCH,GET_DISH,dish_0,dish_0,dish_0,1,0,serve
post_post,7005,456,457,"(0, 1)",PLACE,PLACE,1,pot_1,pot_1,1,1,PLACE,PLACE,PLACE,pot_1,pot_1,pot_1,0,0,serve
post_post,7005,462,463,"(1, 0)",FETCH,FETCH,1,onion_1,onion_1,1,1,FETCH,FETCH,FETCH,onion_1,onion_1,onion_1,0,0,serve
post_post,7005,464,465,"(0, 1)",PLACE,PLACE,1,pot_1,pot_1,1,1,PLACE,PLACE,PLACE,pot_1,pot_1,pot_1,0,0,serve
post_post,7005,468,469,"(1, 0)",FETCH,FETCH,1,onion_1,onion_1,1,1,FETCH,FETCH,FETCH,onion_1,onion_1,onion_1,0,0,serve
post_post,7005,470,471,"(0, 1)",PLACE,PLACE,1,pot_1,pot_1,1,1,PLACE,PLACE,PLACE,pot_1,pot_1,pot_1,0,0,serve
post_post,7005,474,475,interact,COOK_START,COOK_START,1,pot_1,pot_1,1,1,COOK_START,COOK_START,COOK_START,pot_1,pot_1,pot_1,0,0,serve
post_post,7005,475,476,"(0, 0)",GET_DISH,GET_DISH,1,dish_0,dish_0,1,1,GET_DISH,GET_DISH,GET_DISH,dish_0,dish_0,dish_0,0,0,cook
post_post,7005,481,482,"(1, 0)",PRE,PRE,1,pot_1,dish_0,0,0,PRE,PRE,PRE,pot_0,dish_0,pot_0,0,1,dynamic
post_post,7005,494,495,"(1, 0)",PICKUP,PICKUP,1,pot_1,pot_1,1,1,PICKUP,PICKUP,PICKUP,pot_1,pot_1,pot_1,0,0,cook
post_post,7005,497,498,"(0, 1)",DELIVER,DELIVER,1,serve_0,serve_0,1,1,DELIVER,DELIVER,DELIVER,serve_0,serve_0,serve_0,0,0,cook
post_post,7005,499,500,"(0, -1)",FETCH,FETCH,1,onion_1,onion_1,1,1,FETCH,FETCH,FETCH,onion_1,onion_1,onion_1,0,0,serve
post_post,7005,502,503,"(0, 1)",PLACE,PLACE,1,pot_1,pot_0,0,0,PLACE,PLACE,PLACE,pot_0,pot_0,pot_0,0,0,serve
post_post,7005,513,514,"(1, 0)",FETCH,FETCH,1,onion_1,onion_1,1,1,FETCH,FETCH,FETCH,onion_1,onion_1,onion_1,0,0,serve
post_post,7005,515,516,"(-1, 0)",PLACE,PLACE,1,pot_1,pot_1,1,1,PLACE,PLACE,PLACE,pot_1,pot_1,pot_1,0,0,serve
post_post,7005,519,520,"(1, 0)",FETCH,FETCH,1,onion_1,onion_1,1,1,FETCH,FETCH,FETCH,onion_1,onion_1,onion_1,0,0,serve
post_post,7005,521,522,"(-1, 0)",PLACE,PLACE,1,pot_1,pot_1,1,1,PLACE,PLACE,PLACE,pot_1,pot_1,pot_1,0,0,serve
post_post,7005,525,526,interact,COOK_START,COOK_START,1,pot_1,pot_1,1,1,COOK_START,COOK_START,COOK_START,pot_1,pot_1,pot_1,0,0,serve
post_post,7005,526,527,"(1, 0)",FETCH,FETCH,1,onion_1,onion_1,1,1,FETCH,FETCH,FETCH,onion_1,onion_1,onion_1,0,0,serve
post_post,7005,528,529,"(0, 1)",PLACE,PLACE,1,pot_0,pot_0,1,1,PLACE,PLACE,PLACE,pot_0,pot_0,pot_0,0,0,serve
post_post,7005,541,542,"(-1, 0)",FETCH,FETCH,1,onion_0,onion_0,1,1,GET_DISH,FETCH,GET_DISH,onion_0,onion_0,onion_0,1,0,serve
post_post,7005,543,544,"(0, 1)",PLACE,PLACE,1,pot_0,pot_0,1,1,PLACE,PLACE,PLACE,pot_0,pot_0,pot_0,0,0,serve
post_post,7005,547,548,"(-1, 0)",FETCH,FETCH,1,onion_0,onion_0,1,1,FETCH,FETCH,FETCH,onion_0,onion_0,onion_0,0,0,serve
post_post,7005,549,550,"(0, 1)",PLACE,PLACE,1,pot_0,pot_0,1,1,PLACE,PLACE,PLACE,pot_0,pot_0,pot_0,0,0,serve
post_post,7005,553,554,interact,COOK_START,COOK_START,1,pot_0,pot_0,1,1,COOK_START,COOK_START,COOK_START,pot_0,pot_0,pot_0,0,0,serve
post_post,7005,554,555,"(-1, 0)",FETCH,GET_DISH,0,onion_0,dish_0,0,0,GET_DISH,GET_DISH,GET_DISH,dish_0,dish_0,dish_0,0,0,cook
post_post,7005,556,557,"(0, 1)",PLACE,PLACE,1,pot_1,pot_1,1,1,PLACE,PLACE,PLACE,pot_1,pot_1,pot_1,0,0,serve
post_post,7005,562,563,"(1, 0)",FETCH,FETCH,1,onion_1,onion_1,1,1,FETCH,FETCH,FETCH,onion_1,onion_1,onion_1,0,0,serve
post_post,7005,564,565,"(0, 1)",PLACE,PLACE,1,pot_1,pot_1,1,1,PLACE,PLACE,PLACE,pot_1,pot_1,pot_1,0,0,serve
post_post,7005,568,569,"(1, 0)",FETCH,FETCH,1,onion_1,onion_1,1,1,FETCH,FETCH,FETCH,onion_1,onion_1,onion_1,0,0,serve
post_post,7005,570,571,"(0, 1)",PLACE,PLACE,1,pot_1,pot_1,1,1,PLACE,PLACE,PLACE,pot_1,pot_1,pot_1,0,0,serve
post_post,7005,574,575,interact,COOK_START,COOK_START,1,pot_1,pot_1,1,1,COOK_START,COOK_START,COOK_START,pot_1,pot_1,pot_1,0,0,serve
post_post,7005,575,576,"(0, 0)",GET_DISH,GET_DISH,1,dish_0,dish_0,1,1,GET_DISH,GET_DISH,GET_DISH,dish_0,dish_0,dish_0,0,0,cook
post_post,7005,581,582,"(1, 0)",PRE,PRE,1,pot_1,dish_0,0,0,PRE,PRE,PRE,pot_0,dish_0,dish_0,0,1,dynamic
post_post,7005,594,595,"(1, 0)",PICKUP,PICKUP,1,pot_1,pot_1,1,1,PICKUP,PICKUP,PICKUP,pot_1,pot_1,pot_1,0,0,cook
post_post,7005,597,598,"(0, 1)",DELIVER,DELIVER,1,serve_0,serve_0,1,1,DELIVER,DELIVER,DELIVER,serve_0,serve_0,serve_0,0,0,cook
post_post,7005,599,600,"(0, -1)",FETCH,FETCH,1,onion_1,onion_1,1,1,FETCH,FETCH,FETCH,onion_1,onion_1,onion_1,0,0,serve
post_post,7005,602,603,"(0, 1)",PLACE,PLACE,1,pot_1,pot_1,1,1,PLACE,PLACE,PLACE,pot_1,pot_1,pot_1,0,0,serve
post_post,7005,606,607,"(1, 0)",FETCH,FETCH,1,onion_1,onion_1,1,1,FETCH,FETCH,FETCH,onion_1,onion_1,onion_1,0,0,serve
post_post,7005,608,609,"(-1, 0)",PLACE,PLACE,1,pot_1,pot_1,1,1,PLACE,PLACE,PLACE,pot_1,pot_1,pot_1,0,0,serve
post_post,7005,612,613,"(1, 0)",FETCH,FETCH,1,onion_1,onion_1,1,1,FETCH,FETCH,FETCH,onion_1,onion_1,onion_1,0,0,serve
post_post,7005,614,615,"(-1, 0)",PLACE,PLACE,1,pot_1,pot_1,1,1,PLACE,PLACE,PLACE,pot_1,pot_1,pot_1,0,0,serve
post_post,7005,618,619,interact,COOK_START,COOK_START,1,pot_1,pot_1,1,1,COOK_START,COOK_START,COOK_START,pot_1,pot_1,pot_1,0,0,serve
post_post,7005,619,620,"(1, 0)",FETCH,FETCH,1,onion_1,onion_1,1,1,FETCH,FETCH,FETCH,onion_1,onion_1,onion_1,0,0,serve
post_post,7005,621,622,"(0, 1)",PLACE,PLACE,1,pot_0,pot_0,1,1,PLACE,PLACE,PLACE,pot_0,pot_0,pot_0,0,0,serve
post_post,7005,634,635,interact,COOK_START,COOK_START,1,pot_0,pot_0,1,1,COOK_START,COOK_START,COOK_START,pot_0,pot_0,pot_0,0,0,serve
post_post,7005,635,636,"(1, 0)",HOLD,HOLD,1,none,none,1,1,HOLD,HOLD,HOLD,none,none,none,0,0,dynamic
post_post,7005,641,642,"(-1, 0)",FETCH,GET_DISH,0,onion_0,dish_0,0,0,GET_DISH,GET_DISH,GET_DISH,dish_0,dish_0,dish_0,0,0,cook
post_post,7005,644,645,"(0, 1)",PLACE,PLACE,1,pot_1,pot_0,0,0,PLACE,PLACE,PLACE,pot_0,pot_0,pot_0,0,0,serve
post_post,7005,653,654,"(1, 0)",FETCH,FETCH,1,onion_1,onion_1,1,1,FETCH,FETCH,FETCH,onion_1,onion_1,onion_1,0,0,serve
post_post,7005,655,656,"(0, 1)",PLACE,PLACE,1,pot_1,pot_1,1,1,PLACE,PLACE,PLACE,pot_1,pot_1,pot_1,0,0,serve
post_post,7005,659,660,"(1, 0)",FETCH,FETCH,1,onion_1,onion_1,1,1,FETCH,FETCH,FETCH,onion_1,onion_1,onion_1,0,0,serve
post_post,7005,661,662,"(0, 1)",PLACE,PLACE,1,pot_1,pot_1,1,1,PLACE,PLACE,PLACE,pot_1,pot_1,pot_1,0,0,serve
post_post,7005,667,668,interact,COOK_START,COOK_START,1,pot_1,pot_1,1,1,COOK_START,COOK_START,COOK_START,pot_1,pot_1,pot_1,0,0,serve
post_post,7005,668,669,"(1, 0)",FETCH,FETCH,1,onion_1,onion_1,1,1,FETCH,FETCH,FETCH,onion_1,onion_1,onion_1,0,0,serve
post_post,7005,670,671,"(0, 1)",PLACE,PLACE,1,pot_0,pot_0,1,1,PLACE,PLACE,PLACE,pot_0,pot_0,pot_0,0,0,serve
post_post,7005,680,681,"(-1, 0)",FETCH,GET_DISH,0,onion_0,dish_0,0,0,GET_DISH,GET_DISH,GET_DISH,dish_0,dish_0,dish_0,0,0,cook
post_post,7005,682,683,"(0, 1)",PLACE,PLACE,1,pot_0,pot_0,1,1,PLACE,PLACE,PLACE,pot_0,pot_0,pot_0,0,0,serve
post_post,7005,686,687,"(-1, 0)",FETCH,GET_DISH,0,onion_0,dish_0,0,0,GET_DISH,GET_DISH,GET_DISH,dish_0,dish_0,dish_0,0,0,cook
post_post,7005,688,689,"(0, 1)",PLACE,PLACE,1,pot_0,pot_0,1,1,PLACE,PLACE,PLACE,pot_0,pot_0,pot_0,0,0,serve
post_post,7005,692,693,interact,COOK_START,COOK_START,1,pot_0,pot_0,1,1,COOK_START,COOK_START,COOK_START,pot_0,pot_0,pot_0,0,0,serve
post_post,7005,693,694,"(-1, 0)",FETCH,GET_DISH,0,onion_0,dish_0,0,0,GET_DISH,GET_DISH,GET_DISH,dish_0,dish_0,dish_0,0,0,cook
post_post,7005,695,696,"(0, 1)",PLACE,PLACE,1,pot_1,pot_1,1,1,PLACE,PLACE,PLACE,pot_1,pot_1,pot_1,0,0,serve
post_post,7006,0,1,"(0, 0)",FETCH,FETCH,1,onion_0,onion_0,1,1,FETCH,FETCH,FETCH,onion_0,onion_0,onion_0,0,0,serve
post_post,7006,3,4,"(0, 1)",PLACE,PLACE,1,pot_0,pot_0,1,1,PLACE,PLACE,PLACE,pot_0,pot_0,pot_0,0,0,serve
post_post,7006,7,8,"(-1, 0)",FETCH,FETCH,1,onion_0,onion_0,1,1,FETCH,FETCH,FETCH,onion_0,onion_0,onion_0,0,0,serve
post_post,7006,9,10,"(0, 1)",PLACE,PLACE,1,pot_0,pot_0,1,1,PLACE,PLACE,PLACE,pot_0,pot_0,pot_0,0,0,serve
post_post,7006,13,14,"(-1, 0)",FETCH,FETCH,1,onion_0,onion_0,1,1,FETCH,FETCH,FETCH,onion_0,onion_0,onion_0,0,0,serve
post_post,7006,15,16,"(0, 1)",PLACE,PLACE,1,pot_0,pot_0,1,1,PLACE,PLACE,PLACE,pot_0,pot_0,pot_0,0,0,serve
post_post,7006,19,20,interact,COOK_START,COOK_START,1,pot_0,pot_0,1,1,COOK_START,COOK_START,COOK_START,pot_0,pot_0,pot_0,0,0,serve
post_post,7006,20,21,"(-1, 0)",FETCH,FETCH,1,onion_0,onion_0,1,1,FETCH,FETCH,FETCH,onion_0,onion_0,onion_0,0,0,serve
post_post,7006,22,23,"(0, 1)",PLACE,PLACE,1,pot_1,pot_1,1,1,PLACE,PLACE,PLACE,pot_1,pot_1,pot_1,0,0,serve
post_post,7006,28,29,"(1, 0)",FETCH,FETCH,1,onion_1,onion_1,1,1,FETCH,FETCH,FETCH,onion_1,onion_1,onion_1,0,0,serve
post_post,7006,30,31,"(0, 1)",PLACE,PLACE,1,pot_1,pot_1,1,1,PLACE,PLACE,PLACE,pot_1,pot_1,pot_1,0,0,serve
post_post,7006,34,35,"(1, 0)",FETCH,FETCH,1,onion_1,onion_1,1,1,FETCH,FETCH,FETCH,onion_1,onion_1,onion_1,0,0,serve
post_post,7006,36,37,"(0, 1)",PLACE,PLACE,1,pot_1,pot_1,1,1,PLACE,PLACE,PLACE,pot_1,pot_1,pot_1,0,0,serve
post_post,7006,40,41,interact,COOK_START,COOK_START,1,pot_1,pot_1,1,1,COOK_START,COOK_START,COOK_START,pot_1,pot_1,pot_1,0,0,serve
post_post,7006,41,42,"(0, 0)",GET_DISH,GET_DISH,1,dish_0,dish_0,1,1,GET_DISH,GET_DISH,GET_DISH,dish_0,dish_0,dish_0,0,0,cook
post_post,7006,47,48,"(1, 0)",PRE,PRE,1,pot_1,pot_1,1,1,PRE,PRE,PRE,none,pot_1,none,0,1,dynamic
post_post,7006,60,61,"(1, 0)",PICKUP,PICKUP,1,pot_1,pot_1,1,1,PICKUP,PICKUP,PICKUP,pot_1,pot_1,pot_1,0,0,cook
post_post,7006,63,64,"(0, 1)",DELIVER,DELIVER,1,serve_0,serve_0,1,1,DELIVER,DELIVER,DELIVER,serve_0,serve_0,serve_0,0,0,cook
post_post,7006,65,66,"(0, -1)",FETCH,FETCH,1,onion_1,onion_1,1,1,FETCH,FETCH,FETCH,onion_1,onion_1,onion_1,0,0,serve
post_post,7006,68,69,"(0, 1)",PLACE,PLACE,1,pot_1,pot_1,1,1,PLACE,PLACE,PLACE,pot_1,pot_1,pot_1,0,0,serve
post_post,7006,79,80,"(1, 0)",FETCH,FETCH,1,onion_1,onion_1,1,1,FETCH,FETCH,FETCH,onion_1,onion_1,onion_1,0,0,serve
post_post,7006,81,82,"(-1, 0)",PLACE,PLACE,1,pot_1,pot_1,1,1,PLACE,PLACE,PLACE,pot_1,pot_1,pot_1,0,0,serve
post_post,7006,85,86,"(1, 0)",FETCH,FETCH,1,onion_1,onion_1,1,1,FETCH,FETCH,FETCH,onion_1,onion_1,onion_1,0,0,serve
post_post,7006,87,88,"(-1, 0)",PLACE,PLACE,1,pot_1,pot_1,1,1,PLACE,PLACE,PLACE,pot_1,pot_1,pot_1,0,0,serve
post_post,7006,91,92,interact,COOK_START,COOK_START,1,pot_1,pot_1,1,1,COOK_START,COOK_START,COOK_START,pot_1,pot_1,pot_1,0,0,serve
post_post,7006,92,93,"(1, 0)",FETCH,FETCH,1,onion_1,onion_1,1,1,FETCH,FETCH,FETCH,onion_1,onion_1,onion_1,0,0,serve
post_post,7006,94,95,"(0, 1)",PLACE,PLACE,1,pot_0,pot_0,1,1,PLACE,PLACE,PLACE,pot_0,pot_0,pot_0,0,0,serve
post_post,7006,107,108,"(-1, 0)",FETCH,FETCH,1,onion_0,onion_0,1,1,FETCH,FETCH,FETCH,onion_0,onion_0,onion_0,0,0,serve
post_post,7006,109,110,"(0, 1)",PLACE,PLACE,1,pot_0,pot_0,1,1,PLACE,PLACE,PLACE,pot_0,pot_0,pot_0,0,0,serve
post_post,7006,113,114,"(-1, 0)",FETCH,FETCH,1,onion_0,onion_0,1,1,FETCH,FETCH,FETCH,onion_0,onion_0,onion_0,0,0,serve
post_post,7006,115,116,"(0, 1)",PLACE,PLACE,1,pot_0,pot_0,1,1,PLACE,PLACE,PLACE,pot_0,pot_0,pot_0,0,0,serve
post_post,7006,119,120,interact,COOK_START,COOK_START,1,pot_0,pot_0,1,1,COOK_START,COOK_START,COOK_START,pot_0,pot_0,pot_0,0,0,serve
post_post,7006,120,121,"(-1, 0)",FETCH,FETCH,1,onion_0,onion_0,1,1,FETCH,FETCH,FETCH,onion_0,onion_0,onion_0,0,0,serve
post_post,7006,122,123,"(0, 1)",PLACE,PLACE,1,pot_1,pot_1,1,1,PLACE,PLACE,PLACE,pot_1,pot_1,pot_1,0,0,serve
post_post,7006,128,129,"(1, 0)",FETCH,FETCH,1,onion_1,onion_1,1,1,FETCH,FETCH,FETCH,onion_1,onion_1,onion_1,0,0,serve
post_post,7006,130,131,"(0, 1)",PLACE,PLACE,1,pot_1,pot_1,1,1,PLACE,PLACE,PLACE,pot_1,pot_1,pot_1,0,0,serve
post_post,7006,134,135,"(1, 0)",FETCH,FETCH,1,onion_1,onion_1,1,1,FETCH,FETCH,FETCH,onion_1,onion_1,onion_1,0,0,serve
post_post,7006,136,137,"(0, 1)",PLACE,PLACE,1,pot_1,pot_1,1,1,PLACE,PLACE,PLACE,pot_1,pot_1,pot_1,0,0,serve
post_post,7006,140,141,interact,COOK_START,COOK_START,1,pot_1,pot_1,1,1,COOK_START,COOK_START,COOK_START,pot_1,pot_1,pot_1,0,0,serve
post_post,7006,141,142,"(0, 0)",GET_DISH,GET_DISH,1,dish_0,dish_0,1,1,GET_DISH,GET_DISH,GET_DISH,dish_0,dish_0,dish_0,0,0,cook
post_post,7006,147,148,"(1, 0)",PRE,PRE,1,pot_1,pot_1,1,1,PRE,PRE,PRE,none,pot_1,none,0,1,dynamic
post_post,7006,160,161,"(1, 0)",PICKUP,PICKUP,1,pot_1,pot_1,1,1,PICKUP,PICKUP,PICKUP,pot_1,pot_1,pot_1,0,0,cook
post_post,7006,163,164,"(0, 1)",DELIVER,DELIVER,1,serve_0,serve_0,1,1,DELIVER,DELIVER,DELIVER,serve_0,serve_0,serve_0,0,0,cook
post_post,7006,165,166,"(0, -1)",FETCH,FETCH,1,onion_1,onion_1,1,1,FETCH,FETCH,FETCH,onion_1,onion_1,onion_1,0,0,serve
post_post,7006,168,169,"(0, 1)",PLACE,PLACE,1,pot_1,pot_1,1,1,PLACE,PLACE,PLACE,pot_1,pot_1,pot_1,0,0,serve
post_post,7006,179,180,"(1, 0)",FETCH,FETCH,1,onion_1,onion_1,1,1,FETCH,FETCH,FETCH,onion_1,onion_1,onion_1,0,0,serve
post_post,7006,181,182,"(-1, 0)",PLACE,PLACE,1,pot_1,pot_1,1,1,PLACE,PLACE,PLACE,pot_1,pot_1,pot_1,0,0,serve
post_post,7006,185,186,"(1, 0)",FETCH,FETCH,1,onion_1,onion_1,1,1,FETCH,FETCH,FETCH,onion_1,onion_1,onion_1,0,0,serve
post_post,7006,187,188,"(-1, 0)",PLACE,PLACE,1,pot_1,pot_1,1,1,PLACE,PLACE,PLACE,pot_1,pot_1,pot_1,0,0,serve
post_post,7006,191,192,interact,COOK_START,COOK_START,1,pot_1,pot_1,1,1,COOK_START,COOK_START,COOK_START,pot_1,pot_1,pot_1,0,0,serve
post_post,7006,192,193,"(1, 0)",FETCH,FETCH,1,onion_1,onion_1,1,1,FETCH,FETCH,FETCH,onion_1,onion_1,onion_1,0,0,serve
post_post,7006,194,195,"(0, 1)",PLACE,PLACE,1,pot_0,pot_0,1,1,PLACE,PLACE,PLACE,pot_0,pot_0,pot_0,0,0,serve
post_post,7006,207,208,"(-1, 0)",FETCH,FETCH,1,onion_0,onion_0,1,1,FETCH,FETCH,FETCH,onion_0,onion_0,onion_0,0,0,serve
post_post,7006,209,210,"(0, 1)",PLACE,PLACE,1,pot_0,pot_0,1,1,PLACE,PLACE,PLACE,pot_0,pot_0,pot_0,0,0,serve
post_post,7006,213,214,"(-1, 0)",FETCH,FETCH,1,onion_0,onion_0,1,1,FETCH,FETCH,FETCH,onion_0,onion_0,onion_0,0,0,serve
post_post,7006,215,216,"(0, 1)",PLACE,PLACE,1,pot_0,pot_0,1,1,PLACE,PLACE,PLACE,pot_0,pot_0,pot_0,0,0,serve
post_post,7006,219,220,interact,COOK_START,COOK_START,1,pot_0,pot_0,1,1,COOK_START,COOK_START,COOK_START,pot_0,pot_0,pot_0,0,0,serve
post_post,7006,220,221,"(-1, 0)",FETCH,FETCH,1,onion_0,onion_0,1,1,FETCH,FETCH,FETCH,onion_0,onion_0,onion_0,0,0,serve
post_post,7006,222,223,"(0, 1)",PLACE,PLACE,1,pot_1,pot_1,1,1,PLACE,PLACE,PLACE,pot_1,pot_1,pot_1,0,0,serve
post_post,7006,228,229,"(1, 0)",FETCH,FETCH,1,onion_1,onion_1,1,1,FETCH,FETCH,FETCH,onion_1,onion_1,onion_1,0,0,serve
post_post,7006,230,231,"(0, 1)",PLACE,PLACE,1,pot_1,pot_1,1,1,PLACE,PLACE,PLACE,pot_1,pot_1,pot_1,0,0,serve
post_post,7006,234,235,"(1, 0)",FETCH,FETCH,1,onion_1,onion_1,1,1,FETCH,FETCH,FETCH,onion_1,onion_1,onion_1,0,0,serve
post_post,7006,236,237,"(0, 1)",PLACE,PLACE,1,pot_1,pot_1,1,1,PLACE,PLACE,PLACE,pot_1,pot_1,pot_1,0,0,serve
post_post,7006,240,241,interact,COOK_START,COOK_START,1,pot_1,pot_1,1,1,COOK_START,COOK_START,COOK_START,pot_1,pot_1,pot_1,0,0,serve
post_post,7006,241,242,"(0, 0)",GET_DISH,GET_DISH,1,dish_0,dish_0,1,1,GET_DISH,GET_DISH,GET_DISH,dish_0,dish_0,dish_0,0,0,cook
post_post,7006,247,248,"(1, 0)",PRE,PRE,1,pot_1,pot_1,1,1,PRE,PRE,PRE,none,pot_1,none,0,1,dynamic
post_post,7006,260,261,"(1, 0)",PICKUP,PICKUP,1,pot_1,pot_1,1,1,PICKUP,PICKUP,PICKUP,pot_1,pot_1,pot_1,0,0,cook
post_post,7006,263,264,"(0, 1)",DELIVER,DELIVER,1,serve_0,serve_0,1,1,DELIVER,DELIVER,DELIVER,serve_0,serve_0,serve_0,0,0,cook
post_post,7006,265,266,"(0, -1)",FETCH,FETCH,1,onion_1,onion_1,1,1,FETCH,FETCH,FETCH,onion_1,onion_1,onion_1,0,0,serve
post_post,7006,268,269,"(0, 1)",PLACE,PLACE,1,pot_1,pot_1,1,1,PLACE,PLACE,PLACE,pot_1,pot_1,pot_1,0,0,serve
post_post,7006,279,280,"(1, 0)",FETCH,FETCH,1,onion_1,onion_1,1,1,FETCH,FETCH,FETCH,onion_1,onion_1,onion_1,0,0,serve
post_post,7006,281,282,"(-1, 0)",PLACE,PLACE,1,pot_1,pot_1,1,1,PLACE,PLACE,PLACE,pot_1,pot_1,pot_1,0,0,serve
post_post,7006,285,286,"(1, 0)",FETCH,FETCH,1,onion_1,onion_1,1,1,FETCH,FETCH,FETCH,onion_1,onion_1,onion_1,0,0,serve
post_post,7006,287,288,"(-1, 0)",PLACE,PLACE,1,pot_1,pot_1,1,1,PLACE,PLACE,PLACE,pot_1,pot_1,pot_1,0,0,serve
post_post,7006,291,292,interact,COOK_START,COOK_START,1,pot_1,pot_1,1,1,COOK_START,COOK_START,COOK_START,pot_1,pot_1,pot_1,0,0,serve
post_post,7006,292,293,"(1, 0)",FETCH,FETCH,1,onion_1,onion_1,1,1,FETCH,FETCH,FETCH,onion_1,onion_1,onion_1,0,0,serve
post_post,7006,294,295,"(0, 1)",PLACE,PLACE,1,pot_0,pot_0,1,1,PLACE,PLACE,PLACE,pot_0,pot_0,pot_0,0,0,serve
post_post,7006,307,308,"(-1, 0)",FETCH,FETCH,1,onion_0,onion_0,1,1,FETCH,FETCH,FETCH,onion_0,onion_0,onion_0,0,0,serve
post_post,7006,309,310,"(0, 1)",PLACE,PLACE,1,pot_0,pot_0,1,1,PLACE,PLACE,PLACE,pot_0,pot_0,pot_0,0,0,serve
post_post,7006,313,314,"(-1, 0)",FETCH,FETCH,1,onion_0,onion_0,1,1,FETCH,FETCH,FETCH,onion_0,onion_0,onion_0,0,0,serve
post_post,7006,315,316,"(0, 1)",PLACE,PLACE,1,pot_0,pot_0,1,1,PLACE,PLACE,PLACE,pot_0,pot_0,pot_0,0,0,serve
post_post,7006,319,320,interact,COOK_START,COOK_START,1,pot_0,pot_0,1,1,COOK_START,COOK_START,COOK_START,pot_0,pot_0,pot_0,0,0,serve
post_post,7006,320,321,"(-1, 0)",FETCH,FETCH,1,onion_0,onion_0,1,1,FETCH,FETCH,FETCH,onion_0,onion_0,onion_0,0,0,serve
post_post,7006,322,323,"(0, 1)",PLACE,PLACE,1,pot_1,pot_1,1,1,PLACE,PLACE,PLACE,pot_1,pot_1,pot_1,0,0,serve
post_post,7006,328,329,"(1, 0)",FETCH,FETCH,1,onion_1,onion_1,1,1,FETCH,FETCH,FETCH,onion_1,onion_1,onion_1,0,0,serve
post_post,7006,330,331,"(0, 1)",PLACE,PLACE,1,pot_1,pot_1,1,1,PLACE,PLACE,PLACE,pot_1,pot_1,pot_1,0,0,serve
post_post,7006,334,335,"(1, 0)",FETCH,FETCH,1,onion_1,onion_1,1,1,FETCH,FETCH,FETCH,onion_1,onion_1,onion_1,0,0,serve
post_post,7006,336,337,"(0, 1)",PLACE,PLACE,1,pot_1,pot_1,1,1,PLACE,PLACE,PLACE,pot_1,pot_1,pot_1,0,0,serve
post_post,7006,340,341,interact,COOK_START,COOK_START,1,pot_1,pot_1,1,1,COOK_START,COOK_START,COOK_START,pot_1,pot_1,pot_1,0,0,serve
post_post,7006,341,342,"(0, 0)",GET_DISH,GET_DISH,1,dish_0,dish_0,1,1,GET_DISH,GET_DISH,GET_DISH,dish_0,dish_0,dish_0,0,0,cook
post_post,7006,347,348,"(1, 0)",PRE,PRE,1,pot_1,pot_0,0,0,PRE,PRE,PRE,none,pot_0,none,0,1,dynamic
post_post,7006,360,361,"(1, 0)",PICKUP,PICKUP,1,pot_1,pot_1,1,1,PICKUP,PICKUP,PICKUP,pot_1,pot_1,pot_1,0,0,cook
post_post,7006,363,364,"(0, 1)",DELIVER,DELIVER,1,serve_0,serve_0,1,1,DELIVER,DELIVER,DELIVER,serve_0,serve_0,serve_0,0,0,cook
post_post,7006,365,366,"(0, -1)",FETCH,FETCH,1,onion_1,onion_1,1,1,FETCH,FETCH,FETCH,onion_1,onion_1,onion_1,0,0,serve
post_post,7006,368,369,"(0, 1)",PLACE,PLACE,1,pot_1,pot_0,0,0,PLACE,PLACE,PLACE,pot_0,pot_0,pot_0,0,0,serve
post_post,7006,379,380,"(1, 0)",FETCH,FETCH,1,onion_1,onion_1,1,1,FETCH,FETCH,FETCH,onion_1,onion_1,onion_1,0,0,serve
post_post,7006,381,382,"(-1, 0)",PLACE,PLACE,1,pot_1,pot_1,1,1,PLACE,PLACE,PLACE,pot_1,pot_1,pot_1,0,0,serve
post_post,7006,385,386,"(1, 0)",FETCH,FETCH,1,onion_1,onion_1,1,1,FETCH,FETCH,FETCH,onion_1,onion_1,onion_1,0,0,serve
post_post,7006,387,388,"(-1, 0)",PLACE,PLACE,1,pot_1,pot_1,1,1,PLACE,PLACE,PLACE,pot_1,pot_1,pot_1,0,0,serve
post_post,7006,391,392,interact,COOK_START,COOK_START,1,pot_1,pot_1,1,1,COOK_START,COOK_START,COOK_START,pot_1,pot_1,pot_1,0,0,serve
post_post,7006,392,393,"(1, 0)",FETCH,FETCH,1,onion_1,onion_1,1,1,FETCH,FETCH,FETCH,onion_1,onion_1,onion_1,0,0,serve
post_post,7006,394,395,"(0, 1)",PLACE,PLACE,1,pot_0,pot_0,1,1,PLACE,PLACE,PLACE,pot_0,pot_0,pot_0,0,0,serve
post_post,7006,407,408,"(-1, 0)",FETCH,FETCH,1,onion_0,onion_0,1,1,FETCH,FETCH,FETCH,onion_0,onion_0,onion_0,0,0,serve
post_post,7006,409,410,"(0, 1)",PLACE,PLACE,1,pot_0,pot_0,1,1,PLACE,PLACE,PLACE,pot_0,pot_0,pot_0,0,0,serve
post_post,7006,413,414,"(-1, 0)",FETCH,FETCH,1,onion_0,onion_0,1,1,FETCH,FETCH,FETCH,onion_0,onion_0,onion_0,0,0,serve
post_post,7006,415,416,"(0, 1)",PLACE,PLACE,1,pot_0,pot_0,1,1,PLACE,PLACE,PLACE,pot_0,pot_0,pot_0,0,0,serve
post_post,7006,419,420,interact,COOK_START,COOK_START,1,pot_0,pot_0,1,1,COOK_START,COOK_START,COOK_START,pot_0,pot_0,pot_0,0,0,serve
post_post,7006,420,421,"(-1, 0)",FETCH,FETCH,1,onion_0,onion_0,1,1,GET_DISH,FETCH,GET_DISH,dish_0,onion_0,dish_0,1,1,serve
post_post,7006,422,423,"(0, 1)",PLACE,PLACE,1,pot_1,pot_1,1,1,PLACE,PLACE,PLACE,pot_1,pot_1,pot_1,0,0,serve
post_post,7006,428,429,"(1, 0)",FETCH,FETCH,1,onion_1,onion_1,1,1,FETCH,FETCH,FETCH,onion_1,onion_1,onion_1,0,0,serve
post_post,7006,430,431,"(0, 1)",PLACE,PLACE,1,pot_1,pot_1,1,1,PLACE,PLACE,PLACE,pot_1,pot_1,pot_1,0,0,serve
post_post,7006,434,435,"(1, 0)",FETCH,FETCH,1,onion_1,onion_1,1,1,FETCH,FETCH,FETCH,onion_1,onion_1,onion_1,0,0,serve
post_post,7006,436,437,"(0, 1)",PLACE,PLACE,1,pot_1,pot_1,1,1,PLACE,PLACE,PLACE,pot_1,pot_1,pot_1,0,0,serve
post_post,7006,440,441,interact,COOK_START,COOK_START,1,pot_1,pot_1,1,1,COOK_START,COOK_START,COOK_START,pot_1,pot_1,pot_1,0,0,serve
post_post,7006,441,442,"(0, 0)",GET_DISH,GET_DISH,1,dish_0,dish_0,1,1,GET_DISH,GET_DISH,GET_DISH,dish_0,dish_0,dish_0,0,0,cook
post_post,7006,447,448,"(1, 0)",PRE,PRE,1,pot_1,pot_0,0,0,PRE,PRE,PRE,pot_0,pot_0,pot_0,0,0,dynamic
post_post,7006,460,461,"(1, 0)",PICKUP,PICKUP,1,pot_1,pot_1,1,1,PICKUP,PICKUP,PICKUP,pot_1,pot_1,pot_1,0,0,cook
post_post,7006,463,464,"(0, 1)",DELIVER,DELIVER,1,serve_0,serve_0,1,1,DELIVER,DELIVER,DELIVER,serve_0,serve_0,serve_0,0,0,cook
post_post,7006,465,466,"(0, -1)",FETCH,FETCH,1,onion_1,onion_1,1,1,FETCH,FETCH,FETCH,onion_1,onion_1,onion_1,0,0,serve
post_post,7006,468,469,"(0, 1)",PLACE,PLACE,1,pot_1,pot_0,0,0,PLACE,PLACE,PLACE,pot_0,pot_0,pot_0,0,0,serve
post_post,7006,479,480,"(1, 0)",FETCH,FETCH,1,onion_1,onion_1,1,1,FETCH,FETCH,FETCH,onion_1,onion_1,onion_1,0,0,serve
post_post,7006,481,482,"(-1, 0)",PLACE,PLACE,1,pot_1,pot_1,1,1,PLACE,PLACE,PLACE,pot_1,pot_1,pot_1,0,0,serve
post_post,7006,485,486,"(1, 0)",FETCH,FETCH,1,onion_1,onion_1,1,1,FETCH,FETCH,FETCH,onion_1,onion_1,onion_1,0,0,serve
post_post,7006,487,488,"(-1, 0)",PLACE,PLACE,1,pot_1,pot_1,1,1,PLACE,PLACE,PLACE,pot_1,pot_1,pot_1,0,0,serve
post_post,7006,491,492,interact,COOK_START,COOK_START,1,pot_1,pot_1,1,1,COOK_START,COOK_START,COOK_START,pot_1,pot_1,pot_1,0,0,serve
post_post,7006,492,493,"(1, 0)",FETCH,FETCH,1,onion_1,onion_1,1,1,FETCH,FETCH,FETCH,onion_1,onion_1,onion_1,0,0,serve
post_post,7006,494,495,"(0, 1)",PLACE,PLACE,1,pot_0,pot_0,1,1,PLACE,PLACE,PLACE,pot_0,pot_0,pot_0,0,0,serve
post_post,7006,507,508,"(-1, 0)",FETCH,FETCH,1,onion_0,onion_0,1,1,GET_DISH,FETCH,GET_DISH,onion_0,onion_0,onion_0,1,0,serve
post_post,7006,509,510,"(0, 1)",PLACE,PLACE,1,pot_0,pot_0,1,1,PLACE,PLACE,PLACE,pot_0,pot_0,pot_0,0,0,serve
post_post,7006,513,514,"(-1, 0)",FETCH,FETCH,1,onion_0,onion_0,1,1,FETCH,FETCH,FETCH,onion_0,onion_0,onion_0,0,0,serve
post_post,7006,515,516,"(0, 1)",PLACE,PLACE,1,pot_0,pot_0,1,1,PLACE,PLACE,PLACE,pot_0,pot_0,pot_0,0,0,serve
post_post,7006,519,520,interact,COOK_START,COOK_START,1,pot_0,pot_0,1,1,COOK_START,COOK_START,COOK_START,pot_0,pot_0,pot_0,0,0,serve
post_post,7006,520,521,"(-1, 0)",FETCH,GET_DISH,0,onion_0,dish_0,0,0,GET_DISH,GET_DISH,GET_DISH,dish_0,dish_0,dish_0,0,0,cook
post_post,7006,522,523,"(0, 1)",PLACE,PLACE,1,pot_1,pot_1,1,1,PLACE,PLACE,PLACE,pot_1,pot_1,pot_1,0,0,serve
post_post,7006,528,529,"(1, 0)",FETCH,FETCH,1,onion_1,onion_1,1,1,FETCH,FETCH,FETCH,onion_1,onion_1,onion_1,0,0,serve
post_post,7006,530,531,"(0, 1)",PLACE,PLACE,1,pot_1,pot_1,1,1,PLACE,PLACE,PLACE,pot_1,pot_1,pot_1,0,0,serve
post_post,7006,534,535,"(1, 0)",FETCH,FETCH,1,onion_1,onion_1,1,1,FETCH,FETCH,FETCH,onion_1,onion_1,onion_1,0,0,serve
post_post,7006,536,537,"(0, 1)",PLACE,PLACE,1,pot_1,pot_1,1,1,PLACE,PLACE,PLACE,pot_1,pot_1,pot_1,0,0,serve
post_post,7006,540,541,interact,COOK_START,COOK_START,1,pot_1,pot_1,1,1,COOK_START,COOK_START,COOK_START,pot_1,pot_1,pot_1,0,0,serve
post_post,7006,541,542,"(0, 0)",GET_DISH,GET_DISH,1,dish_0,dish_0,1,1,GET_DISH,GET_DISH,GET_DISH,dish_0,dish_0,dish_0,0,0,cook
post_post,7006,547,548,"(1, 0)",PRE,PRE,1,pot_1,dish_0,0,0,PRE,PRE,PRE,pot_0,dish_0,pot_0,0,1,dynamic
post_post,7006,560,561,"(1, 0)",PICKUP,PICKUP,1,pot_1,pot_1,1,1,PICKUP,PICKUP,PICKUP,pot_1,pot_1,pot_1,0,0,cook
post_post,7006,563,564,"(0, 1)",DELIVER,DELIVER,1,serve_0,serve_0,1,1,DELIVER,DELIVER,DELIVER,serve_0,serve_0,serve_0,0,0,cook
post_post,7006,565,566,"(0, -1)",FETCH,FETCH,1,onion_1,onion_1,1,1,FETCH,FETCH,FETCH,onion_1,onion_1,onion_1,0,0,serve
post_post,7006,568,569,"(0, 1)",PLACE,PLACE,1,pot_1,pot_0,0,0,PLACE,PLACE,PLACE,pot_0,pot_0,pot_0,0,0,serve
post_post,7006,579,580,"(1, 0)",FETCH,FETCH,1,onion_1,onion_1,1,1,FETCH,FETCH,FETCH,onion_1,onion_1,onion_1,0,0,serve
post_post,7006,581,582,"(-1, 0)",PLACE,PLACE,1,pot_1,pot_1,1,1,PLACE,PLACE,PLACE,pot_1,pot_1,pot_1,0,0,serve
post_post,7006,585,586,"(1, 0)",FETCH,FETCH,1,onion_1,onion_1,1,1,FETCH,FETCH,FETCH,onion_1,onion_1,onion_1,0,0,serve
post_post,7006,587,588,"(-1, 0)",PLACE,PLACE,1,pot_1,pot_1,1,1,PLACE,PLACE,PLACE,pot_1,pot_1,pot_1,0,0,serve
post_post,7006,591,592,interact,COOK_START,COOK_START,1,pot_1,pot_1,1,1,COOK_START,COOK_START,COOK_START,pot_1,pot_1,pot_1,0,0,serve
post_post,7006,592,593,"(1, 0)",FETCH,FETCH,1,onion_1,onion_1,1,1,FETCH,FETCH,FETCH,onion_1,onion_1,onion_1,0,0,serve
post_post,7006,594,595,"(0, 1)",PLACE,PLACE,1,pot_0,pot_0,1,1,PLACE,PLACE,PLACE,pot_0,pot_0,pot_0,0,0,serve
post_post,7006,607,608,"(-1, 0)",FETCH,GET_DISH,0,onion_0,dish_0,0,0,GET_DISH,GET_DISH,GET_DISH,dish_0,dish_0,dish_0,0,0,cook
post_post,7006,609,610,"(0, 1)",PLACE,PLACE,1,pot_0,pot_0,1,1,PLACE,PLACE,PLACE,pot_0,pot_0,pot_0,0,0,serve
post_post,7006,613,614,"(-1, 0)",FETCH,FETCH,1,onion_0,onion_0,1,1,FETCH,FETCH,FETCH,onion_0,onion_0,onion_0,0,0,serve
post_post,7006,615,616,"(0, 1)",PLACE,PLACE,1,pot_0,pot_0,1,1,PLACE,PLACE,PLACE,pot_0,pot_0,pot_0,0,0,serve
post_post,7006,619,620,interact,COOK_START,COOK_START,1,pot_0,pot_0,1,1,COOK_START,COOK_START,COOK_START,pot_0,pot_0,pot_0,0,0,serve
post_post,7006,620,621,"(-1, 0)",FETCH,GET_DISH,0,onion_0,dish_0,0,0,GET_DISH,GET_DISH,GET_DISH,dish_0,dish_0,dish_0,0,0,cook
post_post,7006,622,623,"(0, 1)",PLACE,PLACE,1,pot_1,pot_1,1,1,PLACE,PLACE,PLACE,pot_1,pot_1,pot_1,0,0,serve
post_post,7006,628,629,"(1, 0)",FETCH,FETCH,1,onion_1,onion_1,1,1,FETCH,FETCH,FETCH,onion_1,onion_1,onion_1,0,0,serve
post_post,7006,630,631,"(0, 1)",PLACE,PLACE,1,pot_1,pot_1,1,1,PLACE,PLACE,PLACE,pot_1,pot_1,pot_1,0,0,serve
post_post,7006,634,635,"(1, 0)",FETCH,FETCH,1,onion_1,onion_1,1,1,FETCH,FETCH,FETCH,onion_1,onion_1,onion_1,0,0,serve
post_post,7006,636,637,"(0, 1)",PLACE,PLACE,1,pot_1,pot_1,1,1,PLACE,PLACE,PLACE,pot_1,pot_1,pot_1,0,0,serve
post_post,7006,640,641,interact,COOK_START,COOK_START,1,pot_1,pot_1,1,1,COOK_START,COOK_START,COOK_START,pot_1,pot_1,pot_1,0,0,serve
post_post,7006,641,642,"(0, 0)",GET_DISH,GET_DISH,1,dish_0,dish_0,1,1,GET_DISH,GET_DISH,GET_DISH,dish_0,dish_0,dish_0,0,0,cook
post_post,7006,647,648,"(1, 0)",PRE,PRE,1,pot_1,dish_0,0,0,PRE,PRE,PRE,pot_0,dish_0,dish_0,0,1,dynamic
post_post,7006,660,661,"(1, 0)",PICKUP,PICKUP,1,pot_1,pot_1,1,1,PICKUP,PICKUP,PICKUP,pot_1,pot_1,pot_1,0,0,cook
post_post,7006,663,664,"(0, 1)",DELIVER,DELIVER,1,serve_0,serve_0,1,1,DELIVER,DELIVER,DELIVER,serve_0,serve_0,serve_0,0,0,cook
post_post,7006,665,666,"(0, -1)",FETCH,FETCH,1,onion_1,onion_1,1,1,FETCH,FETCH,FETCH,onion_1,onion_1,onion_1,0,0,serve
post_post,7006,668,669,"(0, 1)",PLACE,PLACE,1,pot_1,pot_1,1,1,PLACE,PLACE,PLACE,pot_1,pot_1,pot_1,0,0,serve
post_post,7006,672,673,"(1, 0)",FETCH,FETCH,1,onion_1,onion_1,1,1,FETCH,FETCH,FETCH,onion_1,onion_1,onion_1,0,0,serve
post_post,7006,674,675,"(-1, 0)",PLACE,PLACE,1,pot_1,pot_1,1,1,PLACE,PLACE,PLACE,pot_1,pot_1,pot_1,0,0,serve
post_post,7006,678,679,"(1, 0)",FETCH,FETCH,1,onion_1,onion_1,1,1,FETCH,FETCH,FETCH,onion_1,onion_1,onion_1,0,0,serve
post_post,7006,680,681,"(-1, 0)",PLACE,PLACE,1,pot_1,pot_1,1,1,PLACE,PLACE,PLACE,pot_1,pot_1,pot_1,0,0,serve
post_post,7006,684,685,interact,COOK_START,COOK_START,1,pot_1,pot_1,1,1,COOK_START,COOK_START,COOK_START,pot_1,pot_1,pot_1,0,0,serve
post_post,7006,685,686,"(1, 0)",FETCH,FETCH,1,onion_1,onion_1,1,1,FETCH,FETCH,FETCH,onion_1,onion_1,onion_1,0,0,serve
post_post,7006,687,688,"(0, 1)",PLACE,PLACE,1,pot_0,pot_0,1,1,PLACE,PLACE,PLACE,pot_0,pot_0,pot_0,0,0,serve
post_post,7007,0,1,"(0, -1)",FETCH,FETCH,1,onion_0,onion_0,1,1,FETCH,FETCH,FETCH,onion_0,onion_0,onion_0,0,0,serve
post_post,7007,3,4,"(0, 1)",PLACE,PLACE,1,pot_0,pot_0,1,1,PLACE,PLACE,PLACE,pot_0,pot_0,pot_0,0,0,serve
post_post,7007,7,8,"(-1, 0)",FETCH,FETCH,1,onion_0,onion_0,1,1,FETCH,FETCH,FETCH,onion_0,onion_0,onion_0,0,0,serve
post_post,7007,9,10,"(0, 1)",PLACE,PLACE,1,pot_0,pot_0,1,1,PLACE,PLACE,PLACE,pot_0,pot_0,pot_0,0,0,serve
post_post,7007,13,14,"(-1, 0)",FETCH,FETCH,1,onion_0,onion_0,1,1,FETCH,FETCH,FETCH,onion_0,onion_0,onion_0,0,0,serve
post_post,7007,15,16,"(0, 1)",PLACE,PLACE,1,pot_0,pot_0,1,1,PLACE,PLACE,PLACE,pot_0,pot_0,pot_0,0,0,serve
post_post,7007,19,20,interact,COOK_START,COOK_START,1,pot_0,pot_0,1,1,COOK_START,COOK_START,COOK_START,pot_0,pot_0,pot_0,0,0,serve
post_post,7007,20,21,"(-1, 0)",FETCH,FETCH,1,onion_0,onion_0,1,1,FETCH,FETCH,FETCH,onion_0,onion_0,onion_0,0,0,serve
post_post,7007,22,23,"(0, 1)",PLACE,PLACE,1,pot_1,pot_1,1,1,PLACE,PLACE,PLACE,pot_1,pot_1,pot_1,0,0,serve
post_post,7007,28,29,"(1, 0)",FETCH,FETCH,1,onion_1,onion_1,1,1,FETCH,FETCH,FETCH,onion_1,onion_1,onion_1,0,0,serve
post_post,7007,30,31,"(0, 1)",PLACE,PLACE,1,pot_1,pot_1,1,1,PLACE,PLACE,PLACE,pot_1,pot_1,pot_1,0,0,serve
post_post,7007,34,35,"(1, 0)",FETCH,FETCH,1,onion_1,onion_1,1,1,FETCH,FETCH,FETCH,onion_1,onion_1,onion_1,0,0,serve
post_post,7007,36,37,"(0, 1)",PLACE,PLACE,1,pot_1,pot_1,1,1,PLACE,PLACE,PLACE,pot_1,pot_1,pot_1,0,0,serve
post_post,7007,40,41,interact,COOK_START,COOK_START,1,pot_1,pot_1,1,1,COOK_START,COOK_START,COOK_START,pot_1,pot_1,pot_1,0,0,serve
post_post,7007,41,42,"(0, 0)",GET_DISH,GET_DISH,1,dish_0,dish_0,1,1,GET_DISH,GET_DISH,GET_DISH,dish_0,dish_0,dish_0,0,0,cook
post_post,7007,47,48,"(1, 0)",PRE,PRE,1,pot_1,pot_1,1,1,PRE,PRE,PRE,none,pot_1,none,0,1,dynamic
post_post,7007,60,61,"(1, 0)",PICKUP,PICKUP,1,pot_1,pot_1,1,1,PICKUP,PICKUP,PICKUP,pot_1,pot_1,pot_1,0,0,cook
post_post,7007,63,64,"(0, 1)",DELIVER,DELIVER,1,serve_0,serve_0,1,1,DELIVER,DELIVER,DELIVER,serve_0,serve_0,serve_0,0,0,cook
post_post,7007,65,66,"(0, -1)",FETCH,FETCH,1,onion_1,onion_1,1,1,FETCH,FETCH,FETCH,onion_1,onion_1,onion_1,0,0,serve
post_post,7007,68,69,"(0, 1)",PLACE,PLACE,1,pot_1,pot_1,1,1,PLACE,PLACE,PLACE,pot_1,pot_1,pot_1,0,0,serve
post_post,7007,79,80,"(1, 0)",FETCH,FETCH,1,onion_1,onion_1,1,1,FETCH,FETCH,FETCH,onion_1,onion_1,onion_1,0,0,serve
post_post,7007,81,82,"(-1, 0)",PLACE,PLACE,1,pot_1,pot_1,1,1,PLACE,PLACE,PLACE,pot_1,pot_1,pot_1,0,0,serve
post_post,7007,85,86,"(1, 0)",FETCH,FETCH,1,onion_1,onion_1,1,1,FETCH,FETCH,FETCH,onion_1,onion_1,onion_1,0,0,serve
post_post,7007,87,88,"(-1, 0)",PLACE,PLACE,1,pot_1,pot_1,1,1,PLACE,PLACE,PLACE,pot_1,pot_1,pot_1,0,0,serve
post_post,7007,91,92,interact,COOK_START,COOK_START,1,pot_1,pot_1,1,1,COOK_START,COOK_START,COOK_START,pot_1,pot_1,pot_1,0,0,serve
post_post,7007,92,93,"(1, 0)",FETCH,FETCH,1,onion_1,onion_1,1,1,FETCH,FETCH,FETCH,onion_1,onion_1,onion_1,0,0,serve
post_post,7007,94,95,"(0, 1)",PLACE,PLACE,1,pot_0,pot_0,1,1,PLACE,PLACE,PLACE,pot_0,pot_0,pot_0,0,0,serve
post_post,7007,107,108,"(-1, 0)",FETCH,FETCH,1,onion_0,onion_0,1,1,FETCH,FETCH,FETCH,onion_0,onion_0,onion_0,0,0,serve
post_post,7007,109,110,"(0, 1)",PLACE,PLACE,1,pot_0,pot_0,1,1,PLACE,PLACE,PLACE,pot_0,pot_0,pot_0,0,0,serve
post_post,7007,113,114,"(-1, 0)",FETCH,FETCH,1,onion_0,onion_0,1,1,FETCH,FETCH,FETCH,onion_0,onion_0,onion_0,0,0,serve
post_post,7007,115,116,"(0, 1)",PLACE,PLACE,1,pot_0,pot_0,1,1,PLACE,PLACE,PLACE,pot_0,pot_0,pot_0,0,0,serve
post_post,7007,119,120,interact,COOK_START,COOK_START,1,pot_0,pot_0,1,1,COOK_START,COOK_START,COOK_START,pot_0,pot_0,pot_0,0,0,serve
post_post,7007,120,121,"(-1, 0)",FETCH,FETCH,1,onion_0,onion_0,1,1,FETCH,FETCH,FETCH,onion_0,onion_0,onion_0,0,0,serve
post_post,7007,122,123,"(0, 1)",PLACE,PLACE,1,pot_1,pot_1,1,1,PLACE,PLACE,PLACE,pot_1,pot_1,pot_1,0,0,serve
post_post,7007,128,129,"(1, 0)",FETCH,FETCH,1,onion_1,onion_1,1,1,FETCH,FETCH,FETCH,onion_1,onion_1,onion_1,0,0,serve
post_post,7007,130,131,"(0, 1)",PLACE,PLACE,1,pot_1,pot_1,1,1,PLACE,PLACE,PLACE,pot_1,pot_1,pot_1,0,0,serve
post_post,7007,134,135,"(1, 0)",FETCH,FETCH,1,onion_1,onion_1,1,1,FETCH,FETCH,FETCH,onion_1,onion_1,onion_1,0,0,serve
post_post,7007,136,137,"(0, 1)",PLACE,PLACE,1,pot_1,pot_1,1,1,PLACE,PLACE,PLACE,pot_1,pot_1,pot_1,0,0,serve
post_post,7007,140,141,interact,COOK_START,COOK_START,1,pot_1,pot_1,1,1,COOK_START,COOK_START,COOK_START,pot_1,pot_1,pot_1,0,0,serve
post_post,7007,141,142,"(0, 0)",GET_DISH,GET_DISH,1,dish_0,dish_0,1,1,GET_DISH,GET_DISH,GET_DISH,dish_0,dish_0,dish_0,0,0,cook
post_post,7007,147,148,"(1, 0)",PRE,PRE,1,pot_1,pot_1,1,1,PRE,PRE,PRE,none,pot_1,none,0,1,dynamic
post_post,7007,160,161,"(1, 0)",PICKUP,PICKUP,1,pot_1,pot_1,1,1,PICKUP,PICKUP,PICKUP,pot_1,pot_1,pot_1,0,0,cook
post_post,7007,163,164,"(0, 1)",DELIVER,DELIVER,1,serve_0,serve_0,1,1,DELIVER,DELIVER,DELIVER,serve_0,serve_0,serve_0,0,0,cook
post_post,7007,165,166,"(0, -1)",FETCH,FETCH,1,onion_1,onion_1,1,1,FETCH,FETCH,FETCH,onion_1,onion_1,onion_1,0,0,serve
post_post,7007,168,169,"(0, 1)",PLACE,PLACE,1,pot_1,pot_1,1,1,PLACE,PLACE,PLACE,pot_1,pot_1,pot_1,0,0,serve
post_post,7007,179,180,"(1, 0)",FETCH,FETCH,1,onion_1,onion_1,1,1,FETCH,FETCH,FETCH,onion_1,onion_1,onion_1,0,0,serve
post_post,7007,181,182,"(-1, 0)",PLACE,PLACE,1,pot_1,pot_1,1,1,PLACE,PLACE,PLACE,pot_1,pot_1,pot_1,0,0,serve
post_post,7007,185,186,"(1, 0)",FETCH,FETCH,1,onion_1,onion_1,1,1,FETCH,FETCH,FETCH,onion_1,onion_1,onion_1,0,0,serve
post_post,7007,187,188,"(-1, 0)",PLACE,PLACE,1,pot_1,pot_1,1,1,PLACE,PLACE,PLACE,pot_1,pot_1,pot_1,0,0,serve
post_post,7007,191,192,interact,COOK_START,COOK_START,1,pot_1,pot_1,1,1,COOK_START,COOK_START,COOK_START,pot_1,pot_1,pot_1,0,0,serve
post_post,7007,192,193,"(1, 0)",FETCH,FETCH,1,onion_1,onion_1,1,1,FETCH,FETCH,FETCH,onion_1,onion_1,onion_1,0,0,serve
post_post,7007,194,195,"(0, 1)",PLACE,PLACE,1,pot_0,pot_0,1,1,PLACE,PLACE,PLACE,pot_0,pot_0,pot_0,0,0,serve
post_post,7007,207,208,"(-1, 0)",FETCH,FETCH,1,onion_0,onion_0,1,1,FETCH,FETCH,FETCH,onion_0,onion_0,onion_0,0,0,serve
post_post,7007,209,210,"(0, 1)",PLACE,PLACE,1,pot_0,pot_0,1,1,PLACE,PLACE,PLACE,pot_0,pot_0,pot_0,0,0,serve
post_post,7007,213,214,"(-1, 0)",FETCH,FETCH,1,onion_0,onion_0,1,1,FETCH,FETCH,FETCH,onion_0,onion_0,onion_0,0,0,serve
post_post,7007,215,216,"(0, 1)",PLACE,PLACE,1,pot_0,pot_0,1,1,PLACE,PLACE,PLACE,pot_0,pot_0,pot_0,0,0,serve
post_post,7007,219,220,interact,COOK_START,COOK_START,1,pot_0,pot_0,1,1,COOK_START,COOK_START,COOK_START,pot_0,pot_0,pot_0,0,0,serve
post_post,7007,220,221,"(-1, 0)",FETCH,FETCH,1,onion_0,onion_0,1,1,FETCH,FETCH,FETCH,onion_0,onion_0,onion_0,0,0,serve
post_post,7007,222,223,"(0, 1)",PLACE,PLACE,1,pot_1,pot_1,1,1,PLACE,PLACE,PLACE,pot_1,pot_1,pot_1,0,0,serve
post_post,7007,228,229,"(1, 0)",FETCH,FETCH,1,onion_1,onion_1,1,1,FETCH,FETCH,FETCH,onion_1,onion_1,onion_1,0,0,serve
post_post,7007,230,231,"(0, 1)",PLACE,PLACE,1,pot_1,pot_1,1,1,PLACE,PLACE,PLACE,pot_1,pot_1,pot_1,0,0,serve
post_post,7007,234,235,"(1, 0)",FETCH,FETCH,1,onion_1,onion_1,1,1,FETCH,FETCH,FETCH,onion_1,onion_1,onion_1,0,0,serve
post_post,7007,236,237,"(0, 1)",PLACE,PLACE,1,pot_1,pot_1,1,1,PLACE,PLACE,PLACE,pot_1,pot_1,pot_1,0,0,serve
post_post,7007,240,241,interact,COOK_START,COOK_START,1,pot_1,pot_1,1,1,COOK_START,COOK_START,COOK_START,pot_1,pot_1,pot_1,0,0,serve
post_post,7007,241,242,"(0, 0)",GET_DISH,GET_DISH,1,dish_0,dish_0,1,1,GET_DISH,GET_DISH,GET_DISH,dish_0,dish_0,dish_0,0,0,cook
post_post,7007,247,248,"(1, 0)",PRE,PRE,1,pot_1,pot_1,1,1,PRE,PRE,PRE,none,pot_1,none,0,1,dynamic
post_post,7007,260,261,"(1, 0)",PICKUP,PICKUP,1,pot_1,pot_1,1,1,PICKUP,PICKUP,PICKUP,pot_1,pot_1,pot_1,0,0,cook
post_post,7007,263,264,"(0, 1)",DELIVER,DELIVER,1,serve_0,serve_0,1,1,DELIVER,DELIVER,DELIVER,serve_0,serve_0,serve_0,0,0,cook
post_post,7007,265,266,"(0, -1)",FETCH,FETCH,1,onion_1,onion_1,1,1,FETCH,FETCH,FETCH,onion_1,onion_1,onion_1,0,0,serve
post_post,7007,268,269,"(0, 1)",PLACE,PLACE,1,pot_1,pot_1,1,1,PLACE,PLACE,PLACE,pot_1,pot_1,pot_1,0,0,serve
post_post,7007,279,280,"(1, 0)",FETCH,FETCH,1,onion_1,onion_1,1,1,FETCH,FETCH,FETCH,onion_1,onion_1,onion_1,0,0,serve
post_post,7007,281,282,"(-1, 0)",PLACE,PLACE,1,pot_1,pot_1,1,1,PLACE,PLACE,PLACE,pot_1,pot_1,pot_1,0,0,serve
post_post,7007,285,286,"(1, 0)",FETCH,FETCH,1,onion_1,onion_1,1,1,FETCH,FETCH,FETCH,onion_1,onion_1,onion_1,0,0,serve
post_post,7007,287,288,"(-1, 0)",PLACE,PLACE,1,pot_1,pot_1,1,1,PLACE,PLACE,PLACE,pot_1,pot_1,pot_1,0,0,serve
post_post,7007,291,292,interact,COOK_START,COOK_START,1,pot_1,pot_1,1,1,COOK_START,COOK_START,COOK_START,pot_1,pot_1,pot_1,0,0,serve
post_post,7007,292,293,"(1, 0)",FETCH,FETCH,1,onion_1,onion_1,1,1,FETCH,FETCH,FETCH,onion_1,onion_1,onion_1,0,0,serve
post_post,7007,294,295,"(0, 1)",PLACE,PLACE,1,pot_0,pot_0,1,1,PLACE,PLACE,PLACE,pot_0,pot_0,pot_0,0,0,serve
post_post,7007,307,308,"(-1, 0)",FETCH,FETCH,1,onion_0,onion_0,1,1,FETCH,FETCH,FETCH,onion_0,onion_0,onion_0,0,0,serve
post_post,7007,309,310,"(0, 1)",PLACE,PLACE,1,pot_0,pot_0,1,1,PLACE,PLACE,PLACE,pot_0,pot_0,pot_0,0,0,serve
post_post,7007,313,314,"(-1, 0)",FETCH,FETCH,1,onion_0,onion_0,1,1,FETCH,FETCH,FETCH,onion_0,onion_0,onion_0,0,0,serve
post_post,7007,315,316,"(0, 1)",PLACE,PLACE,1,pot_0,pot_0,1,1,PLACE,PLACE,PLACE,pot_0,pot_0,pot_0,0,0,serve
post_post,7007,319,320,interact,COOK_START,COOK_START,1,pot_0,pot_0,1,1,COOK_START,COOK_START,COOK_START,pot_0,pot_0,pot_0,0,0,serve
post_post,7007,320,321,"(-1, 0)",FETCH,FETCH,1,onion_0,onion_0,1,1,FETCH,FETCH,FETCH,onion_0,onion_0,onion_0,0,0,serve
post_post,7007,322,323,"(0, 1)",PLACE,PLACE,1,pot_1,pot_1,1,1,PLACE,PLACE,PLACE,pot_1,pot_1,pot_1,0,0,serve
post_post,7007,328,329,"(1, 0)",FETCH,FETCH,1,onion_1,onion_1,1,1,FETCH,FETCH,FETCH,onion_1,onion_1,onion_1,0,0,serve
post_post,7007,330,331,"(0, 1)",PLACE,PLACE,1,pot_1,pot_1,1,1,PLACE,PLACE,PLACE,pot_1,pot_1,pot_1,0,0,serve
post_post,7007,334,335,"(1, 0)",FETCH,FETCH,1,onion_1,onion_1,1,1,FETCH,FETCH,FETCH,onion_1,onion_1,onion_1,0,0,serve
post_post,7007,336,337,"(0, 1)",PLACE,PLACE,1,pot_1,pot_1,1,1,PLACE,PLACE,PLACE,pot_1,pot_1,pot_1,0,0,serve
post_post,7007,340,341,interact,COOK_START,COOK_START,1,pot_1,pot_1,1,1,COOK_START,COOK_START,COOK_START,pot_1,pot_1,pot_1,0,0,serve
post_post,7007,341,342,"(0, 0)",GET_DISH,GET_DISH,1,dish_0,dish_0,1,1,GET_DISH,GET_DISH,GET_DISH,dish_0,dish_0,dish_0,0,0,cook
post_post,7007,347,348,"(1, 0)",PRE,PRE,1,pot_1,pot_0,0,0,PRE,PRE,PRE,none,pot_0,none,0,1,dynamic
post_post,7007,360,361,"(1, 0)",PICKUP,PICKUP,1,pot_1,pot_1,1,1,PICKUP,PICKUP,PICKUP,pot_1,pot_1,pot_1,0,0,cook
post_post,7007,363,364,"(0, 1)",DELIVER,DELIVER,1,serve_0,serve_0,1,1,DELIVER,DELIVER,DELIVER,serve_0,serve_0,serve_0,0,0,cook
post_post,7007,365,366,"(0, -1)",FETCH,FETCH,1,onion_1,onion_1,1,1,FETCH,FETCH,FETCH,onion_1,onion_1,onion_1,0,0,serve
post_post,7007,368,369,"(0, 1)",PLACE,PLACE,1,pot_1,pot_0,0,0,PLACE,PLACE,PLACE,pot_0,pot_0,pot_0,0,0,serve
post_post,7007,379,380,"(1, 0)",FETCH,FETCH,1,onion_1,onion_1,1,1,FETCH,FETCH,FETCH,onion_1,onion_1,onion_1,0,0,serve
post_post,7007,381,382,"(-1, 0)",PLACE,PLACE,1,pot_1,pot_1,1,1,PLACE,PLACE,PLACE,pot_1,pot_1,pot_1,0,0,serve
post_post,7007,385,386,"(1, 0)",FETCH,FETCH,1,onion_1,onion_1,1,1,FETCH,FETCH,FETCH,onion_1,onion_1,onion_1,0,0,serve
post_post,7007,387,388,"(-1, 0)",PLACE,PLACE,1,pot_1,pot_1,1,1,PLACE,PLACE,PLACE,pot_1,pot_1,pot_1,0,0,serve
post_post,7007,391,392,interact,COOK_START,COOK_START,1,pot_1,pot_1,1,1,COOK_START,COOK_START,COOK_START,pot_1,pot_1,pot_1,0,0,serve
post_post,7007,392,393,"(1, 0)",FETCH,FETCH,1,onion_1,onion_1,1,1,FETCH,FETCH,FETCH,onion_1,onion_1,onion_1,0,0,serve
post_post,7007,394,395,"(0, 1)",PLACE,PLACE,1,pot_0,pot_0,1,1,PLACE,PLACE,PLACE,pot_0,pot_0,pot_0,0,0,serve
post_post,7007,407,408,"(-1, 0)",FETCH,FETCH,1,onion_0,onion_0,1,1,FETCH,FETCH,FETCH,onion_0,onion_0,onion_0,0,0,serve
post_post,7007,409,410,"(0, 1)",PLACE,PLACE,1,pot_0,pot_0,1,1,PLACE,PLACE,PLACE,pot_0,pot_0,pot_0,0,0,serve
post_post,7007,413,414,"(-1, 0)",FETCH,FETCH,1,onion_0,onion_0,1,1,FETCH,FETCH,FETCH,onion_0,onion_0,onion_0,0,0,serve
post_post,7007,415,416,"(0, 1)",PLACE,PLACE,1,pot_0,pot_0,1,1,PLACE,PLACE,PLACE,pot_0,pot_0,pot_0,0,0,serve
post_post,7007,419,420,interact,COOK_START,COOK_START,1,pot_0,pot_0,1,1,COOK_START,COOK_START,COOK_START,pot_0,pot_0,pot_0,0,0,serve
post_post,7007,420,421,"(-1, 0)",FETCH,FETCH,1,onion_0,onion_0,1,1,GET_DISH,FETCH,GET_DISH,dish_0,onion_0,dish_0,1,1,serve
post_post,7007,422,423,"(0, 1)",PLACE,PLACE,1,pot_1,pot_1,1,1,PLACE,PLACE,PLACE,pot_1,pot_1,pot_1,0,0,serve
post_post,7007,428,429,"(1, 0)",FETCH,FETCH,1,onion_1,onion_1,1,1,FETCH,FETCH,FETCH,onion_1,onion_1,onion_1,0,0,serve
post_post,7007,430,431,"(0, 1)",PLACE,PLACE,1,pot_1,pot_1,1,1,PLACE,PLACE,PLACE,pot_1,pot_1,pot_1,0,0,serve
post_post,7007,434,435,"(1, 0)",FETCH,FETCH,1,onion_1,onion_1,1,1,FETCH,FETCH,FETCH,onion_1,onion_1,onion_1,0,0,serve
post_post,7007,436,437,"(0, 1)",PLACE,PLACE,1,pot_1,pot_1,1,1,PLACE,PLACE,PLACE,pot_1,pot_1,pot_1,0,0,serve
post_post,7007,440,441,interact,COOK_START,COOK_START,1,pot_1,pot_1,1,1,COOK_START,COOK_START,COOK_START,pot_1,pot_1,pot_1,0,0,serve
post_post,7007,441,442,"(0, 0)",GET_DISH,GET_DISH,1,dish_0,dish_0,1,1,GET_DISH,GET_DISH,GET_DISH,dish_0,dish_0,dish_0,0,0,cook
post_post,7007,447,448,"(1, 0)",PRE,PRE,1,pot_1,pot_0,0,0,PRE,PRE,PRE,pot_0,pot_0,pot_0,0,0,dynamic
post_post,7007,460,461,"(1, 0)",PICKUP,PICKUP,1,pot_1,pot_1,1,1,PICKUP,PICKUP,PICKUP,pot_1,pot_1,pot_1,0,0,cook
post_post,7007,463,464,"(0, 1)",DELIVER,DELIVER,1,serve_0,serve_0,1,1,DELIVER,DELIVER,DELIVER,serve_0,serve_0,serve_0,0,0,cook
post_post,7007,465,466,"(0, -1)",FETCH,FETCH,1,onion_1,onion_1,1,1,FETCH,FETCH,FETCH,onion_1,onion_1,onion_1,0,0,serve
post_post,7007,468,469,"(0, 1)",PLACE,PLACE,1,pot_1,pot_0,0,0,PLACE,PLACE,PLACE,pot_0,pot_0,pot_0,0,0,serve
post_post,7007,479,480,"(1, 0)",FETCH,FETCH,1,onion_1,onion_1,1,1,FETCH,FETCH,FETCH,onion_1,onion_1,onion_1,0,0,serve
post_post,7007,481,482,"(-1, 0)",PLACE,PLACE,1,pot_1,pot_1,1,1,PLACE,PLACE,PLACE,pot_1,pot_1,pot_1,0,0,serve
post_post,7007,485,486,"(1, 0)",FETCH,FETCH,1,onion_1,onion_1,1,1,FETCH,FETCH,FETCH,onion_1,onion_1,onion_1,0,0,serve
post_post,7007,487,488,"(-1, 0)",PLACE,PLACE,1,pot_1,pot_1,1,1,PLACE,PLACE,PLACE,pot_1,pot_1,pot_1,0,0,serve
post_post,7007,491,492,interact,COOK_START,COOK_START,1,pot_1,pot_1,1,1,COOK_START,COOK_START,COOK_START,pot_1,pot_1,pot_1,0,0,serve
post_post,7007,492,493,"(1, 0)",FETCH,FETCH,1,onion_1,onion_1,1,1,FETCH,FETCH,FETCH,onion_1,onion_1,onion_1,0,0,serve
post_post,7007,494,495,"(0, 1)",PLACE,PLACE,1,pot_0,pot_0,1,1,PLACE,PLACE,PLACE,pot_0,pot_0,pot_0,0,0,serve
post_post,7007,507,508,"(-1, 0)",FETCH,FETCH,1,onion_0,onion_0,1,1,GET_DISH,FETCH,GET_DISH,onion_0,onion_0,onion_0,1,0,serve
post_post,7007,509,510,"(0, 1)",PLACE,PLACE,1,pot_0,pot_0,1,1,PLACE,PLACE,PLACE,pot_0,pot_0,pot_0,0,0,serve
post_post,7007,513,514,"(-1, 0)",FETCH,FETCH,1,onion_0,onion_0,1,1,FETCH,FETCH,FETCH,onion_0,onion_0,onion_0,0,0,serve
post_post,7007,515,516,"(0, 1)",PLACE,PLACE,1,pot_0,pot_0,1,1,PLACE,PLACE,PLACE,pot_0,pot_0,pot_0,0,0,serve
post_post,7007,519,520,interact,COOK_START,COOK_START,1,pot_0,pot_0,1,1,COOK_START,COOK_START,COOK_START,pot_0,pot_0,pot_0,0,0,serve
post_post,7007,520,521,"(-1, 0)",FETCH,GET_DISH,0,onion_0,dish_0,0,0,GET_DISH,GET_DISH,GET_DISH,dish_0,dish_0,dish_0,0,0,cook
post_post,7007,522,523,"(0, 1)",PLACE,PLACE,1,pot_1,pot_1,1,1,PLACE,PLACE,PLACE,pot_1,pot_1,pot_1,0,0,serve
post_post,7007,528,529,"(1, 0)",FETCH,FETCH,1,onion_1,onion_1,1,1,FETCH,FETCH,FETCH,onion_1,onion_1,onion_1,0,0,serve
post_post,7007,530,531,"(0, 1)",PLACE,PLACE,1,pot_1,pot_1,1,1,PLACE,PLACE,PLACE,pot_1,pot_1,pot_1,0,0,serve
post_post,7007,534,535,"(1, 0)",FETCH,FETCH,1,onion_1,onion_1,1,1,FETCH,FETCH,FETCH,onion_1,onion_1,onion_1,0,0,serve
post_post,7007,536,537,"(0, 1)",PLACE,PLACE,1,pot_1,pot_1,1,1,PLACE,PLACE,PLACE,pot_1,pot_1,pot_1,0,0,serve
post_post,7007,540,541,interact,COOK_START,COOK_START,1,pot_1,pot_1,1,1,COOK_START,COOK_START,COOK_START,pot_1,pot_1,pot_1,0,0,serve
post_post,7007,541,542,"(0, 0)",GET_DISH,GET_DISH,1,dish_0,dish_0,1,1,GET_DISH,GET_DISH,GET_DISH,dish_0,dish_0,dish_0,0,0,cook
post_post,7007,547,548,"(1, 0)",PRE,PRE,1,pot_1,dish_0,0,0,PRE,PRE,PRE,pot_0,dish_0,pot_0,0,1,dynamic
post_post,7007,560,561,"(1, 0)",PICKUP,PICKUP,1,pot_1,pot_1,1,1,PICKUP,PICKUP,PICKUP,pot_1,pot_1,pot_1,0,0,cook
post_post,7007,563,564,"(0, 1)",DELIVER,DELIVER,1,serve_0,serve_0,1,1,DELIVER,DELIVER,DELIVER,serve_0,serve_0,serve_0,0,0,cook
post_post,7007,565,566,"(0, -1)",FETCH,FETCH,1,onion_1,onion_1,1,1,FETCH,FETCH,FETCH,onion_1,onion_1,onion_1,0,0,serve
post_post,7007,568,569,"(0, 1)",PLACE,PLACE,1,pot_1,pot_0,0,0,PLACE,PLACE,PLACE,pot_0,pot_0,pot_0,0,0,serve
post_post,7007,579,580,"(1, 0)",FETCH,FETCH,1,onion_1,onion_1,1,1,FETCH,FETCH,FETCH,onion_1,onion_1,onion_1,0,0,serve
post_post,7007,581,582,"(-1, 0)",PLACE,PLACE,1,pot_1,pot_1,1,1,PLACE,PLACE,PLACE,pot_1,pot_1,pot_1,0,0,serve
post_post,7007,585,586,"(1, 0)",FETCH,FETCH,1,onion_1,onion_1,1,1,FETCH,FETCH,FETCH,onion_1,onion_1,onion_1,0,0,serve
post_post,7007,587,588,"(-1, 0)",PLACE,PLACE,1,pot_1,pot_1,1,1,PLACE,PLACE,PLACE,pot_1,pot_1,pot_1,0,0,serve
post_post,7007,591,592,interact,COOK_START,COOK_START,1,pot_1,pot_1,1,1,COOK_START,COOK_START,COOK_START,pot_1,pot_1,pot_1,0,0,serve
post_post,7007,592,593,"(1, 0)",FETCH,FETCH,1,onion_1,onion_1,1,1,FETCH,FETCH,FETCH,onion_1,onion_1,onion_1,0,0,serve
post_post,7007,594,595,"(0, 1)",PLACE,PLACE,1,pot_0,pot_0,1,1,PLACE,PLACE,PLACE,pot_0,pot_0,pot_0,0,0,serve
post_post,7007,607,608,"(-1, 0)",FETCH,GET_DISH,0,onion_0,dish_0,0,0,GET_DISH,GET_DISH,GET_DISH,dish_0,dish_0,dish_0,0,0,cook
post_post,7007,609,610,"(0, 1)",PLACE,PLACE,1,pot_0,pot_0,1,1,PLACE,PLACE,PLACE,pot_0,pot_0,pot_0,0,0,serve
post_post,7007,613,614,"(-1, 0)",FETCH,FETCH,1,onion_0,onion_0,1,1,FETCH,FETCH,FETCH,onion_0,onion_0,onion_0,0,0,serve
post_post,7007,615,616,"(0, 1)",PLACE,PLACE,1,pot_0,pot_0,1,1,PLACE,PLACE,PLACE,pot_0,pot_0,pot_0,0,0,serve
post_post,7007,619,620,interact,COOK_START,COOK_START,1,pot_0,pot_0,1,1,COOK_START,COOK_START,COOK_START,pot_0,pot_0,pot_0,0,0,serve
post_post,7007,620,621,"(-1, 0)",FETCH,GET_DISH,0,onion_0,dish_0,0,0,GET_DISH,GET_DISH,GET_DISH,dish_0,dish_0,dish_0,0,0,cook
post_post,7007,622,623,"(0, 1)",PLACE,PLACE,1,pot_1,pot_1,1,1,PLACE,PLACE,PLACE,pot_1,pot_1,pot_1,0,0,serve
post_post,7007,628,629,"(1, 0)",FETCH,FETCH,1,onion_1,onion_1,1,1,FETCH,FETCH,FETCH,onion_1,onion_1,onion_1,0,0,serve
post_post,7007,630,631,"(0, 1)",PLACE,PLACE,1,pot_1,pot_1,1,1,PLACE,PLACE,PLACE,pot_1,pot_1,pot_1,0,0,serve
post_post,7007,634,635,"(1, 0)",FETCH,FETCH,1,onion_1,onion_1,1,1,FETCH,FETCH,FETCH,onion_1,onion_1,onion_1,0,0,serve
post_post,7007,636,637,"(0, 1)",PLACE,PLACE,1,pot_1,pot_1,1,1,PLACE,PLACE,PLACE,pot_1,pot_1,pot_1,0,0,serve
post_post,7007,640,641,interact,COOK_START,COOK_START,1,pot_1,pot_1,1,1,COOK_START,COOK_START,COOK_START,pot_1,pot_1,pot_1,0,0,serve
post_post,7007,641,642,"(0, 0)",GET_DISH,GET_DISH,1,dish_0,dish_0,1,1,GET_DISH,GET_DISH,GET_DISH,dish_0,dish_0,dish_0,0,0,cook
post_post,7007,647,648,"(1, 0)",PRE,PRE,1,pot_1,dish_0,0,0,PRE,PRE,PRE,pot_0,dish_0,dish_0,0,1,dynamic
post_post,7007,660,661,"(1, 0)",PICKUP,PICKUP,1,pot_1,pot_1,1,1,PICKUP,PICKUP,PICKUP,pot_1,pot_1,pot_1,0,0,cook
post_post,7007,663,664,"(0, 1)",DELIVER,DELIVER,1,serve_0,serve_0,1,1,DELIVER,DELIVER,DELIVER,serve_0,serve_0,serve_0,0,0,cook
post_post,7007,665,666,"(0, -1)",FETCH,FETCH,1,onion_1,onion_1,1,1,FETCH,FETCH,FETCH,onion_1,onion_1,onion_1,0,0,serve
post_post,7007,668,669,"(0, 1)",PLACE,PLACE,1,pot_1,pot_1,1,1,PLACE,PLACE,PLACE,pot_1,pot_1,pot_1,0,0,serve
post_post,7007,672,673,"(1, 0)",FETCH,FETCH,1,onion_1,onion_1,1,1,FETCH,FETCH,FETCH,onion_1,onion_1,onion_1,0,0,serve
post_post,7007,674,675,"(-1, 0)",PLACE,PLACE,1,pot_1,pot_1,1,1,PLACE,PLACE,PLACE,pot_1,pot_1,pot_1,0,0,serve
post_post,7007,678,679,"(1, 0)",FETCH,FETCH,1,onion_1,onion_1,1,1,FETCH,FETCH,FETCH,onion_1,onion_1,onion_1,0,0,serve
post_post,7007,680,681,"(-1, 0)",PLACE,PLACE,1,pot_1,pot_1,1,1,PLACE,PLACE,PLACE,pot_1,pot_1,pot_1,0,0,serve
post_post,7007,684,685,interact,COOK_START,COOK_START,1,pot_1,pot_1,1,1,COOK_START,COOK_START,COOK_START,pot_1,pot_1,pot_1,0,0,serve
post_post,7007,685,686,"(1, 0)",FETCH,FETCH,1,onion_1,onion_1,1,1,FETCH,FETCH,FETCH,onion_1,onion_1,onion_1,0,0,serve
post_post,7007,687,688,"(0, 1)",PLACE,PLACE,1,pot_0,pot_0,1,1,PLACE,PLACE,PLACE,pot_0,pot_0,pot_0,0,0,serve
post_post,7008,0,1,"(0, -1)",FETCH,FETCH,1,onion_0,onion_0,1,1,FETCH,FETCH,FETCH,onion_0,onion_0,onion_0,0,0,serve
post_post,7008,5,6,"(0, 1)",PLACE,PLACE,1,pot_0,pot_0,1,1,PLACE,PLACE,PLACE,pot_0,pot_0,pot_0,0,0,serve
post_post,7008,9,10,"(-1, 0)",FETCH,FETCH,1,onion_0,onion_0,1,1,FETCH,FETCH,FETCH,onion_0,onion_0,onion_0,0,0,serve
post_post,7008,11,12,"(0, 1)",PLACE,PLACE,1,pot_0,pot_0,1,1,PLACE,PLACE,PLACE,pot_0,pot_0,pot_0,0,0,serve
post_post,7008,15,16,"(-1, 0)",FETCH,FETCH,1,onion_0,onion_0,1,1,FETCH,FETCH,FETCH,onion_0,onion_0,onion_0,0,0,serve
post_post,7008,17,18,"(0, 1)",PLACE,PLACE,1,pot_0,pot_0,1,1,PLACE,PLACE,PLACE,pot_0,pot_0,pot_0,0,0,serve
post_post,7008,21,22,interact,COOK_START,COOK_START,1,pot_0,pot_0,1,1,COOK_START,COOK_START,COOK_START,pot_0,pot_0,pot_0,0,0,serve
post_post,7008,22,23,"(-1, 0)",FETCH,FETCH,1,onion_0,onion_0,1,1,FETCH,FETCH,FETCH,onion_0,onion_0,onion_0,0,0,serve
post_post,7008,24,25,"(0, 1)",PLACE,PLACE,1,pot_1,pot_1,1,1,PLACE,PLACE,PLACE,pot_1,pot_1,pot_1,0,0,serve
post_post,7008,30,31,"(1, 0)",FETCH,FETCH,1,onion_1,onion_1,1,1,FETCH,FETCH,FETCH,onion_1,onion_1,onion_1,0,0,serve
post_post,7008,32,33,"(0, 1)",PLACE,PLACE,1,pot_1,pot_1,1,1,PLACE,PLACE,PLACE,pot_1,pot_1,pot_1,0,0,serve
post_post,7008,36,37,"(1, 0)",FETCH,FETCH,1,onion_1,onion_1,1,1,FETCH,FETCH,FETCH,onion_1,onion_1,onion_1,0,0,serve
post_post,7008,38,39,"(0, 1)",PLACE,PLACE,1,pot_1,pot_1,1,1,PLACE,PLACE,PLACE,pot_1,pot_1,pot_1,0,0,serve
post_post,7008,42,43,interact,COOK_START,COOK_START,1,pot_1,pot_1,1,1,COOK_START,COOK_START,COOK_START,pot_1,pot_1,pot_1,0,0,serve
post_post,7008,43,44,"(0, 0)",GET_DISH,GET_DISH,1,dish_0,dish_0,1,1,GET_DISH,GET_DISH,GET_DISH,dish_0,dish_0,dish_0,0,0,cook
post_post,7008,49,50,"(1, 0)",PRE,PRE,1,pot_1,pot_1,1,1,PRE,PRE,PRE,none,pot_1,none,0,1,dynamic
post_post,7008,62,63,"(1, 0)",PICKUP,PICKUP,1,pot_1,pot_1,1,1,PICKUP,PICKUP,PICKUP,pot_1,pot_1,pot_1,0,0,cook
post_post,7008,65,66,"(0, 1)",DELIVER,DELIVER,1,serve_0,serve_0,1,1,DELIVER,DELIVER,DELIVER,serve_0,serve_0,serve_0,0,0,cook
post_post,7008,67,68,"(0, -1)",FETCH,FETCH,1,onion_1,onion_1,1,1,FETCH,FETCH,FETCH,onion_1,onion_1,onion_1,0,0,serve
post_post,7008,70,71,"(0, 1)",PLACE,PLACE,1,pot_1,pot_1,1,1,PLACE,PLACE,PLACE,pot_1,pot_1,pot_1,0,0,serve
post_post,7008,81,82,"(1, 0)",FETCH,FETCH,1,onion_1,onion_1,1,1,FETCH,FETCH,FETCH,onion_1,onion_1,onion_1,0,0,serve
post_post,7008,83,84,"(-1, 0)",PLACE,PLACE,1,pot_1,pot_1,1,1,PLACE,PLACE,PLACE,pot_1,pot_1,pot_1,0,0,serve
post_post,7008,87,88,"(1, 0)",FETCH,FETCH,1,onion_1,onion_1,1,1,FETCH,FETCH,FETCH,onion_1,onion_1,onion_1,0,0,serve
post_post,7008,89,90,"(-1, 0)",PLACE,PLACE,1,pot_1,pot_1,1,1,PLACE,PLACE,PLACE,pot_1,pot_1,pot_1,0,0,serve
post_post,7008,93,94,interact,COOK_START,COOK_START,1,pot_1,pot_1,1,1,COOK_START,COOK_START,COOK_START,pot_1,pot_1,pot_1,0,0,serve
post_post,7008,94,95,"(1, 0)",FETCH,FETCH,1,onion_1,onion_1,1,1,FETCH,FETCH,FETCH,onion_1,onion_1,onion_1,0,0,serve
post_post,7008,96,97,"(0, 1)",PLACE,PLACE,1,pot_0,pot_0,1,1,PLACE,PLACE,PLACE,pot_0,pot_0,pot_0,0,0,serve
post_post,7008,109,110,"(-1, 0)",FETCH,FETCH,1,onion_0,onion_0,1,1,FETCH,FETCH,FETCH,onion_0,onion_0,onion_0,0,0,serve
post_post,7008,111,112,"(0, 1)",PLACE,PLACE,1,pot_0,pot_0,1,1,PLACE,PLACE,PLACE,pot_0,pot_0,pot_0,0,0,serve
post_post,7008,115,116,"(-1, 0)",FETCH,FETCH,1,onion_0,onion_0,1,1,FETCH,FETCH,FETCH,onion_0,onion_0,onion_0,0,0,serve
post_post,7008,117,118,"(0, 1)",PLACE,PLACE,1,pot_0,pot_0,1,1,PLACE,PLACE,PLACE,pot_0,pot_0,pot_0,0,0,serve
post_post,7008,121,122,interact,COOK_START,COOK_START,1,pot_0,pot_0,1,1,COOK_START,COOK_START,COOK_START,pot_0,pot_0,pot_0,0,0,serve
post_post,7008,122,123,"(-1, 0)",FETCH,FETCH,1,onion_0,onion_0,1,1,FETCH,FETCH,FETCH,onion_0,onion_0,onion_0,0,0,serve
post_post,7008,124,125,"(0, 1)",PLACE,PLACE,1,pot_1,pot_1,1,1,PLACE,PLACE,PLACE,pot_1,pot_1,pot_1,0,0,serve
post_post,7008,130,131,"(1, 0)",FETCH,FETCH,1,onion_1,onion_1,1,1,FETCH,FETCH,FETCH,onion_1,onion_1,onion_1,0,0,serve
post_post,7008,132,133,"(0, 1)",PLACE,PLACE,1,pot_1,pot_1,1,1,PLACE,PLACE,PLACE,pot_1,pot_1,pot_1,0,0,serve
post_post,7008,136,137,"(1, 0)",FETCH,FETCH,1,onion_1,onion_1,1,1,FETCH,FETCH,FETCH,onion_1,onion_1,onion_1,0,0,serve
post_post,7008,138,139,"(0, 1)",PLACE,PLACE,1,pot_1,pot_1,1,1,PLACE,PLACE,PLACE,pot_1,pot_1,pot_1,0,0,serve
post_post,7008,142,143,interact,COOK_START,COOK_START,1,pot_1,pot_1,1,1,COOK_START,COOK_START,COOK_START,pot_1,pot_1,pot_1,0,0,serve
post_post,7008,143,144,"(0, 0)",GET_DISH,GET_DISH,1,dish_0,dish_0,1,1,GET_DISH,GET_DISH,GET_DISH,dish_0,dish_0,dish_0,0,0,cook
post_post,7008,149,150,"(1, 0)",PRE,PRE,1,pot_1,pot_1,1,1,PRE,PRE,PRE,none,pot_1,none,0,1,dynamic
post_post,7008,162,163,"(1, 0)",PICKUP,PICKUP,1,pot_1,pot_1,1,1,PICKUP,PICKUP,PICKUP,pot_1,pot_1,pot_1,0,0,cook
post_post,7008,165,166,"(0, 1)",DELIVER,DELIVER,1,serve_0,serve_0,1,1,DELIVER,DELIVER,DELIVER,serve_0,serve_0,serve_0,0,0,cook
post_post,7008,167,168,"(0, -1)",FETCH,FETCH,1,onion_1,onion_1,1,1,FETCH,FETCH,FETCH,onion_1,onion_1,onion_1,0,0,serve
post_post,7008,170,171,"(0, 1)",PLACE,PLACE,1,pot_1,pot_1,1,1,PLACE,PLACE,PLACE,pot_1,pot_1,pot_1,0,0,serve
post_post,7008,181,182,"(1, 0)",FETCH,FETCH,1,onion_1,onion_1,1,1,FETCH,FETCH,FETCH,onion_1,onion_1,onion_1,0,0,serve
post_post,7008,183,184,"(-1, 0)",PLACE,PLACE,1,pot_1,pot_1,1,1,PLACE,PLACE,PLACE,pot_1,pot_1,pot_1,0,0,serve
post_post,7008,187,188,"(1, 0)",FETCH,FETCH,1,onion_1,onion_1,1,1,FETCH,FETCH,FETCH,onion_1,onion_1,onion_1,0,0,serve
post_post,7008,189,190,"(-1, 0)",PLACE,PLACE,1,pot_1,pot_1,1,1,PLACE,PLACE,PLACE,pot_1,pot_1,pot_1,0,0,serve
post_post,7008,193,194,interact,COOK_START,COOK_START,1,pot_1,pot_1,1,1,COOK_START,COOK_START,COOK_START,pot_1,pot_1,pot_1,0,0,serve
post_post,7008,194,195,"(1, 0)",FETCH,FETCH,1,onion_1,onion_1,1,1,FETCH,FETCH,FETCH,onion_1,onion_1,onion_1,0,0,serve
post_post,7008,196,197,"(0, 1)",PLACE,PLACE,1,pot_0,pot_0,1,1,PLACE,PLACE,PLACE,pot_0,pot_0,pot_0,0,0,serve
post_post,7008,209,210,"(-1, 0)",FETCH,FETCH,1,onion_0,onion_0,1,1,FETCH,FETCH,FETCH,onion_0,onion_0,onion_0,0,0,serve
post_post,7008,211,212,"(0, 1)",PLACE,PLACE,1,pot_0,pot_0,1,1,PLACE,PLACE,PLACE,pot_0,pot_0,pot_0,0,0,serve
post_post,7008,215,216,"(-1, 0)",FETCH,FETCH,1,onion_0,onion_0,1,1,FETCH,FETCH,FETCH,onion_0,onion_0,onion_0,0,0,serve
post_post,7008,217,218,"(0, 1)",PLACE,PLACE,1,pot_0,pot_0,1,1,PLACE,PLACE,PLACE,pot_0,pot_0,pot_0,0,0,serve
post_post,7008,221,222,interact,COOK_START,COOK_START,1,pot_0,pot_0,1,1,COOK_START,COOK_START,COOK_START,pot_0,pot_0,pot_0,0,0,serve
post_post,7008,222,223,"(-1, 0)",FETCH,FETCH,1,onion_0,onion_0,1,1,FETCH,FETCH,FETCH,onion_0,onion_0,onion_0,0,0,serve
post_post,7008,224,225,"(0, 1)",PLACE,PLACE,1,pot_1,pot_1,1,1,PLACE,PLACE,PLACE,pot_1,pot_1,pot_1,0,0,serve
post_post,7008,230,231,"(1, 0)",FETCH,FETCH,1,onion_1,onion_1,1,1,FETCH,FETCH,FETCH,onion_1,onion_1,onion_1,0,0,serve
post_post,7008,232,233,"(0, 1)",PLACE,PLACE,1,pot_1,pot_1,1,1,PLACE,PLACE,PLACE,pot_1,pot_1,pot_1,0,0,serve
post_post,7008,236,237,"(1, 0)",FETCH,FETCH,1,onion_1,onion_1,1,1,FETCH,FETCH,FETCH,onion_1,onion_1,onion_1,0,0,serve
post_post,7008,238,239,"(0, 1)",PLACE,PLACE,1,pot_1,pot_1,1,1,PLACE,PLACE,PLACE,pot_1,pot_1,pot_1,0,0,serve
post_post,7008,242,243,interact,COOK_START,COOK_START,1,pot_1,pot_1,1,1,COOK_START,COOK_START,COOK_START,pot_1,pot_1,pot_1,0,0,serve
post_post,7008,243,244,"(0, 0)",GET_DISH,GET_DISH,1,dish_0,dish_0,1,1,GET_DISH,GET_DISH,GET_DISH,dish_0,dish_0,dish_0,0,0,cook
post_post,7008,249,250,"(1, 0)",PRE,PRE,1,pot_1,pot_1,1,1,PRE,PRE,PRE,none,pot_1,none,0,1,dynamic
post_post,7008,262,263,"(1, 0)",PICKUP,PICKUP,1,pot_1,pot_1,1,1,PICKUP,PICKUP,PICKUP,pot_1,pot_1,pot_1,0,0,cook
post_post,7008,265,266,"(0, 1)",DELIVER,DELIVER,1,serve_0,serve_0,1,1,DELIVER,DELIVER,DELIVER,serve_0,serve_0,serve_0,0,0,cook
post_post,7008,267,268,"(0, -1)",FETCH,FETCH,1,onion_1,onion_1,1,1,FETCH,FETCH,FETCH,onion_1,onion_1,onion_1,0,0,serve
post_post,7008,270,271,"(0, 1)",PLACE,PLACE,1,pot_1,pot_1,1,1,PLACE,PLACE,PLACE,pot_1,pot_1,pot_1,0,0,serve
post_post,7008,281,282,"(1, 0)",FETCH,FETCH,1,onion_1,onion_1,1,1,FETCH,FETCH,FETCH,onion_1,onion_1,onion_1,0,0,serve
post_post,7008,283,284,"(-1, 0)",PLACE,PLACE,1,pot_1,pot_1,1,1,PLACE,PLACE,PLACE,pot_1,pot_1,pot_1,0,0,serve
post_post,7008,287,288,"(1, 0)",FETCH,FETCH,1,onion_1,onion_1,1,1,FETCH,FETCH,FETCH,onion_1,onion_1,onion_1,0,0,serve
post_post,7008,289,290,"(-1, 0)",PLACE,PLACE,1,pot_1,pot_1,1,1,PLACE,PLACE,PLACE,pot_1,pot_1,pot_1,0,0,serve
post_post,7008,293,294,interact,COOK_START,COOK_START,1,pot_1,pot_1,1,1,COOK_START,COOK_START,COOK_START,pot_1,pot_1,pot_1,0,0,serve
post_post,7008,294,295,"(1, 0)",FETCH,FETCH,1,onion_1,onion_1,1,1,FETCH,FETCH,FETCH,onion_1,onion_1,onion_1,0,0,serve
post_post,7008,296,297,"(0, 1)",PLACE,PLACE,1,pot_0,pot_0,1,1,PLACE,PLACE,PLACE,pot_0,pot_0,pot_0,0,0,serve
post_post,7008,309,310,"(-1, 0)",FETCH,FETCH,1,onion_0,onion_0,1,1,FETCH,FETCH,FETCH,onion_0,onion_0,onion_0,0,0,serve
post_post,7008,311,312,"(0, 1)",PLACE,PLACE,1,pot_0,pot_0,1,1,PLACE,PLACE,PLACE,pot_0,pot_0,pot_0,0,0,serve
post_post,7008,315,316,"(-1, 0)",FETCH,FETCH,1,onion_0,onion_0,1,1,FETCH,FETCH,FETCH,onion_0,onion_0,onion_0,0,0,serve
post_post,7008,317,318,"(0, 1)",PLACE,PLACE,1,pot_0,pot_0,1,1,PLACE,PLACE,PLACE,pot_0,pot_0,pot_0,0,0,serve
post_post,7008,321,322,interact,COOK_START,COOK_START,1,pot_0,pot_0,1,1,COOK_START,COOK_START,COOK_START,pot_0,pot_0,pot_0,0,0,serve
post_post,7008,322,323,"(-1, 0)",FETCH,FETCH,1,onion_0,onion_0,1,1,FETCH,FETCH,FETCH,onion_0,onion_0,onion_0,0,0,serve
post_post,7008,324,325,"(0, 1)",PLACE,PLACE,1,pot_1,pot_1,1,1,PLACE,PLACE,PLACE,pot_1,pot_1,pot_1,0,0,serve
post_post,7008,330,331,"(1, 0)",FETCH,FETCH,1,onion_1,onion_1,1,1,FETCH,FETCH,FETCH,onion_1,onion_1,onion_1,0,0,serve
post_post,7008,332,333,"(0, 1)",PLACE,PLACE,1,pot_1,pot_1,1,1,PLACE,PLACE,PLACE,pot_1,pot_1,pot_1,0,0,serve
post_post,7008,336,337,"(1, 0)",FETCH,FETCH,1,onion_1,onion_1,1,1,FETCH,FETCH,FETCH,onion_1,onion_1,onion_1,0,0,serve
post_post,7008,338,339,"(0, 1)",PLACE,PLACE,1,pot_1,pot_1,1,1,PLACE,PLACE,PLACE,pot_1,pot_1,pot_1,0,0,serve
post_post,7008,342,343,interact,COOK_START,COOK_START,1,pot_1,pot_1,1,1,COOK_START,COOK_START,COOK_START,pot_1,pot_1,pot_1,0,0,serve
post_post,7008,343,344,"(0, 0)",GET_DISH,GET_DISH,1,dish_0,dish_0,1,1,GET_DISH,GET_DISH,GET_DISH,dish_0,dish_0,dish_0,0,0,cook
post_post,7008,349,350,"(1, 0)",PRE,PRE,1,pot_1,pot_0,0,0,PRE,PRE,PRE,none,pot_0,none,0,1,dynamic
post_post,7008,362,363,"(1, 0)",PICKUP,PICKUP,1,pot_1,pot_1,1,1,PICKUP,PICKUP,PICKUP,pot_1,pot_1,pot_1,0,0,cook
post_post,7008,365,366,"(0, 1)",DELIVER,DELIVER,1,serve_0,serve_0,1,1,DELIVER,DELIVER,DELIVER,serve_0,serve_0,serve_0,0,0,cook
post_post,7008,367,368,"(0, -1)",FETCH,FETCH,1,onion_1,onion_1,1,1,FETCH,FETCH,FETCH,onion_1,onion_1,onion_1,0,0,serve
post_post,7008,370,371,"(0, 1)",PLACE,PLACE,1,pot_1,pot_0,0,0,PLACE,PLACE,PLACE,pot_0,pot_0,pot_0,0,0,serve
post_post,7008,381,382,"(1, 0)",FETCH,FETCH,1,onion_1,onion_1,1,1,FETCH,FETCH,FETCH,onion_1,onion_1,onion_1,0,0,serve
post_post,7008,383,384,"(-1, 0)",PLACE,PLACE,1,pot_1,pot_1,1,1,PLACE,PLACE,PLACE,pot_1,pot_1,pot_1,0,0,serve
post_post,7008,387,388,"(1, 0)",FETCH,FETCH,1,onion_1,onion_1,1,1,FETCH,FETCH,FETCH,onion_1,onion_1,onion_1,0,0,serve
post_post,7008,389,390,"(-1, 0)",PLACE,PLACE,1,pot_1,pot_1,1,1,PLACE,PLACE,PLACE,pot_1,pot_1,pot_1,0,0,serve
post_post,7008,393,394,interact,COOK_START,COOK_START,1,pot_1,pot_1,1,1,COOK_START,COOK_START,COOK_START,pot_1,pot_1,pot_1,0,0,serve
post_post,7008,394,395,"(1, 0)",FETCH,FETCH,1,onion_1,onion_1,1,1,FETCH,FETCH,FETCH,onion_1,onion_1,onion_1,0,0,serve
post_post,7008,396,397,"(0, 1)",PLACE,PLACE,1,pot_0,pot_0,1,1,PLACE,PLACE,PLACE,pot_0,pot_0,pot_0,0,0,serve
post_post,7008,409,410,"(-1, 0)",FETCH,FETCH,1,onion_0,onion_0,1,1,FETCH,FETCH,FETCH,onion_0,onion_0,onion_0,0,0,serve
post_post,7008,411,412,"(0, 1)",PLACE,PLACE,1,pot_0,pot_0,1,1,PLACE,PLACE,PLACE,pot_0,pot_0,pot_0,0,0,serve
post_post,7008,415,416,"(-1, 0)",FETCH,FETCH,1,onion_0,onion_0,1,1,FETCH,FETCH,FETCH,onion_0,onion_0,onion_0,0,0,serve
post_post,7008,417,418,"(0, 1)",PLACE,PLACE,1,pot_0,pot_0,1,1,PLACE,PLACE,PLACE,pot_0,pot_0,pot_0,0,0,serve
post_post,7008,421,422,interact,COOK_START,COOK_START,1,pot_0,pot_0,1,1,COOK_START,COOK_START,COOK_START,pot_0,pot_0,pot_0,0,0,serve
post_post,7008,422,423,"(-1, 0)",FETCH,FETCH,1,onion_0,onion_0,1,1,GET_DISH,FETCH,GET_DISH,dish_0,onion_0,dish_0,1,1,serve
post_post,7008,424,425,"(0, 1)",PLACE,PLACE,1,pot_1,pot_1,1,1,PLACE,PLACE,PLACE,pot_1,pot_1,pot_1,0,0,serve
post_post,7008,430,431,"(1, 0)",FETCH,FETCH,1,onion_1,onion_1,1,1,FETCH,FETCH,FETCH,onion_1,onion_1,onion_1,0,0,serve
post_post,7008,432,433,"(0, 1)",PLACE,PLACE,1,pot_1,pot_1,1,1,PLACE,PLACE,PLACE,pot_1,pot_1,pot_1,0,0,serve
post_post,7008,436,437,"(1, 0)",FETCH,FETCH,1,onion_1,onion_1,1,1,FETCH,FETCH,FETCH,onion_1,onion_1,onion_1,0,0,serve
post_post,7008,438,439,"(0, 1)",PLACE,PLACE,1,pot_1,pot_1,1,1,PLACE,PLACE,PLACE,pot_1,pot_1,pot_1,0,0,serve
post_post,7008,442,443,interact,COOK_START,COOK_START,1,pot_1,pot_1,1,1,COOK_START,COOK_START,COOK_START,pot_1,pot_1,pot_1,0,0,serve
post_post,7008,443,444,"(0, 0)",GET_DISH,GET_DISH,1,dish_0,dish_0,1,1,GET_DISH,GET_DISH,GET_DISH,dish_0,dish_0,dish_0,0,0,cook
post_post,7008,449,450,"(1, 0)",PRE,PRE,1,pot_1,pot_0,0,0,PRE,PRE,PRE,pot_0,pot_0,pot_0,0,0,dynamic
post_post,7008,462,463,"(1, 0)",PICKUP,PICKUP,1,pot_1,pot_1,1,1,PICKUP,PICKUP,PICKUP,pot_1,pot_1,pot_1,0,0,cook
post_post,7008,465,466,"(0, 1)",DELIVER,DELIVER,1,serve_0,serve_0,1,1,DELIVER,DELIVER,DELIVER,serve_0,serve_0,serve_0,0,0,cook
post_post,7008,467,468,"(0, -1)",FETCH,FETCH,1,onion_1,onion_1,1,1,FETCH,FETCH,FETCH,onion_1,onion_1,onion_1,0,0,serve
post_post,7008,470,471,"(0, 1)",PLACE,PLACE,1,pot_1,pot_0,0,0,PLACE,PLACE,PLACE,pot_0,pot_0,pot_0,0,0,serve
post_post,7008,481,482,"(1, 0)",FETCH,FETCH,1,onion_1,onion_1,1,1,FETCH,FETCH,FETCH,onion_1,onion_1,onion_1,0,0,serve
post_post,7008,483,484,"(-1, 0)",PLACE,PLACE,1,pot_1,pot_1,1,1,PLACE,PLACE,PLACE,pot_1,pot_1,pot_1,0,0,serve
post_post,7008,487,488,"(1, 0)",FETCH,FETCH,1,onion_1,onion_1,1,1,FETCH,FETCH,FETCH,onion_1,onion_1,onion_1,0,0,serve
post_post,7008,489,490,"(-1, 0)",PLACE,PLACE,1,pot_1,pot_1,1,1,PLACE,PLACE,PLACE,pot_1,pot_1,pot_1,0,0,serve
post_post,7008,493,494,interact,COOK_START,COOK_START,1,pot_1,pot_1,1,1,COOK_START,COOK_START,COOK_START,pot_1,pot_1,pot_1,0,0,serve
post_post,7008,494,495,"(1, 0)",FETCH,FETCH,1,onion_1,onion_1,1,1,FETCH,FETCH,FETCH,onion_1,onion_1,onion_1,0,0,serve
post_post,7008,496,497,"(0, 1)",PLACE,PLACE,1,pot_0,pot_0,1,1,PLACE,PLACE,PLACE,pot_0,pot_0,pot_0,0,0,serve
post_post,7008,509,510,"(-1, 0)",FETCH,FETCH,1,onion_0,onion_0,1,1,GET_DISH,FETCH,GET_DISH,onion_0,onion_0,onion_0,1,0,serve
post_post,7008,511,512,"(0, 1)",PLACE,PLACE,1,pot_0,pot_0,1,1,PLACE,PLACE,PLACE,pot_0,pot_0,pot_0,0,0,serve
post_post,7008,515,516,"(-1, 0)",FETCH,FETCH,1,onion_0,onion_0,1,1,FETCH,FETCH,FETCH,onion_0,onion_0,onion_0,0,0,serve
post_post,7008,517,518,"(0, 1)",PLACE,PLACE,1,pot_0,pot_0,1,1,PLACE,PLACE,PLACE,pot_0,pot_0,pot_0,0,0,serve
post_post,7008,521,522,interact,COOK_START,COOK_START,1,pot_0,pot_0,1,1,COOK_START,COOK_START,COOK_START,pot_0,pot_0,pot_0,0,0,serve
post_post,7008,522,523,"(-1, 0)",FETCH,GET_DISH,0,onion_0,dish_0,0,0,GET_DISH,GET_DISH,GET_DISH,dish_0,dish_0,dish_0,0,0,cook
post_post,7008,524,525,"(0, 1)",PLACE,PLACE,1,pot_1,pot_1,1,1,PLACE,PLACE,PLACE,pot_1,pot_1,pot_1,0,0,serve
post_post,7008,530,531,"(1, 0)",FETCH,FETCH,1,onion_1,onion_1,1,1,FETCH,FETCH,FETCH,onion_1,onion_1,onion_1,0,0,serve
post_post,7008,532,533,"(0, 1)",PLACE,PLACE,1,pot_1,pot_1,1,1,PLACE,PLACE,PLACE,pot_1,pot_1,pot_1,0,0,serve
post_post,7008,536,537,"(1, 0)",FETCH,FETCH,1,onion_1,onion_1,1,1,FETCH,FETCH,FETCH,onion_1,onion_1,onion_1,0,0,serve
post_post,7008,538,539,"(0, 1)",PLACE,PLACE,1,pot_1,pot_1,1,1,PLACE,PLACE,PLACE,pot_1,pot_1,pot_1,0,0,serve
post_post,7008,542,543,interact,COOK_START,COOK_START,1,pot_1,pot_1,1,1,COOK_START,COOK_START,COOK_START,pot_1,pot_1,pot_1,0,0,serve
post_post,7008,543,544,"(0, 0)",GET_DISH,GET_DISH,1,dish_0,dish_0,1,1,GET_DISH,GET_DISH,GET_DISH,dish_0,dish_0,dish_0,0,0,cook
post_post,7008,549,550,"(1, 0)",PRE,PRE,1,pot_1,dish_0,0,0,PRE,PRE,PRE,pot_0,dish_0,pot_0,0,1,dynamic
post_post,7008,562,563,"(1, 0)",PICKUP,PICKUP,1,pot_1,pot_1,1,1,PICKUP,PICKUP,PICKUP,pot_1,pot_1,pot_1,0,0,cook
post_post,7008,565,566,"(0, 1)",DELIVER,DELIVER,1,serve_0,serve_0,1,1,DELIVER,DELIVER,DELIVER,serve_0,serve_0,serve_0,0,0,cook
post_post,7008,567,568,"(0, -1)",FETCH,FETCH,1,onion_1,onion_1,1,1,FETCH,FETCH,FETCH,onion_1,onion_1,onion_1,0,0,serve
post_post,7008,570,571,"(0, 1)",PLACE,PLACE,1,pot_1,pot_0,0,0,PLACE,PLACE,PLACE,pot_0,pot_0,pot_0,0,0,serve
post_post,7008,581,582,"(1, 0)",FETCH,FETCH,1,onion_1,onion_1,1,1,FETCH,FETCH,FETCH,onion_1,onion_1,onion_1,0,0,serve
post_post,7008,583,584,"(-1, 0)",PLACE,PLACE,1,pot_1,pot_1,1,1,PLACE,PLACE,PLACE,pot_1,pot_1,pot_1,0,0,serve
post_post,7008,587,588,"(1, 0)",FETCH,FETCH,1,onion_1,onion_1,1,1,FETCH,FETCH,FETCH,onion_1,onion_1,onion_1,0,0,serve
post_post,7008,589,590,"(-1, 0)",PLACE,PLACE,1,pot_1,pot_1,1,1,PLACE,PLACE,PLACE,pot_1,pot_1,pot_1,0,0,serve
post_post,7008,593,594,interact,COOK_START,COOK_START,1,pot_1,pot_1,1,1,COOK_START,COOK_START,COOK_START,pot_1,pot_1,pot_1,0,0,serve
post_post,7008,594,595,"(1, 0)",FETCH,FETCH,1,onion_1,onion_1,1,1,FETCH,FETCH,FETCH,onion_1,onion_1,onion_1,0,0,serve
post_post,7008,596,597,"(0, 1)",PLACE,PLACE,1,pot_0,pot_0,1,1,PLACE,PLACE,PLACE,pot_0,pot_0,pot_0,0,0,serve
post_post,7008,609,610,"(-1, 0)",FETCH,GET_DISH,0,onion_0,dish_0,0,0,GET_DISH,GET_DISH,GET_DISH,dish_0,dish_0,dish_0,0,0,cook
post_post,7008,611,612,"(0, 1)",PLACE,PLACE,1,pot_0,pot_0,1,1,PLACE,PLACE,PLACE,pot_0,pot_0,pot_0,0,0,serve
post_post,7008,615,616,"(-1, 0)",FETCH,FETCH,1,onion_0,onion_0,1,1,FETCH,FETCH,FETCH,onion_0,onion_0,onion_0,0,0,serve
post_post,7008,617,618,"(0, 1)",PLACE,PLACE,1,pot_0,pot_0,1,1,PLACE,PLACE,PLACE,pot_0,pot_0,pot_0,0,0,serve
post_post,7008,621,622,interact,COOK_START,COOK_START,1,pot_0,pot_0,1,1,COOK_START,COOK_START,COOK_START,pot_0,pot_0,pot_0,0,0,serve
post_post,7008,622,623,"(-1, 0)",FETCH,GET_DISH,0,onion_0,dish_0,0,0,GET_DISH,GET_DISH,GET_DISH,dish_0,dish_0,dish_0,0,0,cook
post_post,7008,624,625,"(0, 1)",PLACE,PLACE,1,pot_1,pot_1,1,1,PLACE,PLACE,PLACE,pot_1,pot_1,pot_1,0,0,serve
post_post,7008,630,631,"(1, 0)",FETCH,FETCH,1,onion_1,onion_1,1,1,FETCH,FETCH,FETCH,onion_1,onion_1,onion_1,0,0,serve
post_post,7008,632,633,"(0, 1)",PLACE,PLACE,1,pot_1,pot_1,1,1,PLACE,PLACE,PLACE,pot_1,pot_1,pot_1,0,0,serve
post_post,7008,636,637,"(1, 0)",FETCH,FETCH,1,onion_1,onion_1,1,1,FETCH,FETCH,FETCH,onion_1,onion_1,onion_1,0,0,serve
post_post,7008,638,639,"(0, 1)",PLACE,PLACE,1,pot_1,pot_1,1,1,PLACE,PLACE,PLACE,pot_1,pot_1,pot_1,0,0,serve
post_post,7008,642,643,interact,COOK_START,COOK_START,1,pot_1,pot_1,1,1,COOK_START,COOK_START,COOK_START,pot_1,pot_1,pot_1,0,0,serve
post_post,7008,643,644,"(0, 0)",GET_DISH,GET_DISH,1,dish_0,dish_0,1,1,GET_DISH,GET_DISH,GET_DISH,dish_0,dish_0,dish_0,0,0,cook
post_post,7008,649,650,"(1, 0)",PRE,PRE,1,pot_1,dish_0,0,0,PRE,PRE,PRE,dish_0,dish_0,dish_0,0,0,dynamic
post_post,7008,662,663,"(1, 0)",PICKUP,PICKUP,1,pot_1,pot_1,1,1,PICKUP,PICKUP,PICKUP,pot_1,pot_1,pot_1,0,0,cook
post_post,7008,665,666,"(0, 1)",DELIVER,DELIVER,1,serve_0,serve_0,1,1,DELIVER,DELIVER,DELIVER,serve_0,serve_0,serve_0,0,0,cook
post_post,7008,667,668,"(0, -1)",FETCH,FETCH,1,onion_1,onion_1,1,1,FETCH,FETCH,FETCH,onion_1,onion_1,onion_1,0,0,serve
post_post,7008,670,671,"(0, 1)",PLACE,PLACE,1,pot_1,pot_1,1,1,PLACE,PLACE,PLACE,pot_1,pot_1,pot_1,0,0,serve
post_post,7008,674,675,"(1, 0)",FETCH,FETCH,1,onion_1,onion_1,1,1,FETCH,FETCH,FETCH,onion_1,onion_1,onion_1,0,0,serve
post_post,7008,676,677,"(-1, 0)",PLACE,PLACE,1,pot_1,pot_1,1,1,PLACE,PLACE,PLACE,pot_1,pot_1,pot_1,0,0,serve
post_post,7008,680,681,"(1, 0)",FETCH,FETCH,1,onion_1,onion_1,1,1,FETCH,FETCH,FETCH,onion_1,onion_1,onion_1,0,0,serve
post_post,7008,682,683,"(-1, 0)",PLACE,PLACE,1,pot_1,pot_1,1,1,PLACE,PLACE,PLACE,pot_1,pot_1,pot_1,0,0,serve
post_post,7008,686,687,interact,COOK_START,COOK_START,1,pot_1,pot_1,1,1,COOK_START,COOK_START,COOK_START,pot_1,pot_1,pot_1,0,0,serve
post_post,7008,687,688,"(1, 0)",FETCH,FETCH,1,onion_1,onion_1,1,1,FETCH,FETCH,FETCH,onion_1,onion_1,onion_1,0,0,serve
post_post,7008,689,690,"(0, 1)",PLACE,PLACE,1,pot_0,pot_0,1,1,PLACE,PLACE,PLACE,pot_0,pot_0,pot_0,0,0,serve
post_post,7009,0,1,"(0, 0)",FETCH,FETCH,1,onion_0,onion_0,1,1,FETCH,FETCH,FETCH,onion_0,onion_0,onion_0,0,0,serve
post_post,7009,4,5,"(0, 1)",PLACE,PLACE,1,pot_0,pot_0,1,1,PLACE,PLACE,PLACE,pot_0,pot_0,pot_0,0,0,serve
post_post,7009,8,9,"(-1, 0)",FETCH,FETCH,1,onion_0,onion_0,1,1,FETCH,FETCH,FETCH,onion_0,onion_0,onion_0,0,0,serve
post_post,7009,10,11,"(0, 1)",PLACE,PLACE,1,pot_0,pot_0,1,1,PLACE,PLACE,PLACE,pot_0,pot_0,pot_0,0,0,serve
post_post,7009,14,15,"(-1, 0)",FETCH,FETCH,1,onion_0,onion_0,1,1,FETCH,FETCH,FETCH,onion_0,onion_0,onion_0,0,0,serve
post_post,7009,16,17,"(0, 1)",PLACE,PLACE,1,pot_0,pot_0,1,1,PLACE,PLACE,PLACE,pot_0,pot_0,pot_0,0,0,serve
post_post,7009,20,21,interact,COOK_START,COOK_START,1,pot_0,pot_0,1,1,COOK_START,COOK_START,COOK_START,pot_0,pot_0,pot_0,0,0,serve
post_post,7009,21,22,"(-1, 0)",FETCH,FETCH,1,onion_0,onion_0,1,1,FETCH,FETCH,FETCH,onion_0,onion_0,onion_0,0,0,serve
post_post,7009,23,24,"(0, 1)",PLACE,PLACE,1,pot_1,pot_1,1,1,PLACE,PLACE,PLACE,pot_1,pot_1,pot_1,0,0,serve
post_post,7009,29,30,"(1, 0)",FETCH,FETCH,1,onion_1,onion_1,1,1,FETCH,FETCH,FETCH,onion_1,onion_1,onion_1,0,0,serve
post_post,7009,31,32,"(0, 1)",PLACE,PLACE,1,pot_1,pot_1,1,1,PLACE,PLACE,PLACE,pot_1,pot_1,pot_1,0,0,serve
post_post,7009,35,36,"(1, 0)",FETCH,FETCH,1,onion_1,onion_1,1,1,FETCH,FETCH,FETCH,onion_1,onion_1,onion_1,0,0,serve
post_post,7009,37,38,"(0, 1)",PLACE,PLACE,1,pot_1,pot_1,1,1,PLACE,PLACE,PLACE,pot_1,pot_1,pot_1,0,0,serve
post_post,7009,41,42,interact,COOK_START,COOK_START,1,pot_1,pot_1,1,1,COOK_START,COOK_START,COOK_START,pot_1,pot_1,pot_1,0,0,serve
post_post,7009,42,43,"(0, 0)",GET_DISH,GET_DISH,1,dish_0,dish_0,1,1,GET_DISH,GET_DISH,GET_DISH,dish_0,dish_0,dish_0,0,0,cook
post_post,7009,48,49,"(1, 0)",PRE,PRE,1,pot_1,pot_1,1,1,PRE,PRE,PRE,none,pot_1,none,0,1,dynamic
post_post,7009,61,62,"(1, 0)",PICKUP,PICKUP,1,pot_1,pot_1,1,1,PICKUP,PICKUP,PICKUP,pot_1,pot_1,pot_1,0,0,cook
post_post,7009,64,65,"(0, 1)",DELIVER,DELIVER,1,serve_0,serve_0,1,1,DELIVER,DELIVER,DELIVER,serve_0,serve_0,serve_0,0,0,cook
post_post,7009,66,67,"(0, -1)",FETCH,FETCH,1,onion_1,onion_1,1,1,FETCH,FETCH,FETCH,onion_1,onion_1,onion_1,0,0,serve
post_post,7009,69,70,"(0, 1)",PLACE,PLACE,1,pot_1,pot_1,1,1,PLACE,PLACE,PLACE,pot_1,pot_1,pot_1,0,0,serve
post_post,7009,80,81,"(1, 0)",FETCH,FETCH,1,onion_1,onion_1,1,1,FETCH,FETCH,FETCH,onion_1,onion_1,onion_1,0,0,serve
post_post,7009,82,83,"(-1, 0)",PLACE,PLACE,1,pot_1,pot_1,1,1,PLACE,PLACE,PLACE,pot_1,pot_1,pot_1,0,0,serve
post_post,7009,86,87,"(1, 0)",FETCH,FETCH,1,onion_1,onion_1,1,1,FETCH,FETCH,FETCH,onion_1,onion_1,onion_1,0,0,serve
post_post,7009,88,89,"(-1, 0)",PLACE,PLACE,1,pot_1,pot_1,1,1,PLACE,PLACE,PLACE,pot_1,pot_1,pot_1,0,0,serve
post_post,7009,92,93,interact,COOK_START,COOK_START,1,pot_1,pot_1,1,1,COOK_START,COOK_START,COOK_START,pot_1,pot_1,pot_1,0,0,serve
post_post,7009,93,94,"(1, 0)",FETCH,FETCH,1,onion_1,onion_1,1,1,FETCH,FETCH,FETCH,onion_1,onion_1,onion_1,0,0,serve
post_post,7009,95,96,"(0, 1)",PLACE,PLACE,1,pot_0,pot_0,1,1,PLACE,PLACE,PLACE,pot_0,pot_0,pot_0,0,0,serve
post_post,7009,108,109,"(-1, 0)",FETCH,FETCH,1,onion_0,onion_0,1,1,FETCH,FETCH,FETCH,onion_0,onion_0,onion_0,0,0,serve
post_post,7009,110,111,"(0, 1)",PLACE,PLACE,1,pot_0,pot_0,1,1,PLACE,PLACE,PLACE,pot_0,pot_0,pot_0,0,0,serve
post_post,7009,114,115,"(-1, 0)",FETCH,FETCH,1,onion_0,onion_0,1,1,FETCH,FETCH,FETCH,onion_0,onion_0,onion_0,0,0,serve
post_post,7009,116,117,"(0, 1)",PLACE,PLACE,1,pot_0,pot_0,1,1,PLACE,PLACE,PLACE,pot_0,pot_0,pot_0,0,0,serve
post_post,7009,120,121,interact,COOK_START,COOK_START,1,pot_0,pot_0,1,1,COOK_START,COOK_START,COOK_START,pot_0,pot_0,pot_0,0,0,serve
post_post,7009,121,122,"(-1, 0)",FETCH,FETCH,1,onion_0,onion_0,1,1,FETCH,FETCH,FETCH,onion_0,onion_0,onion_0,0,0,serve
post_post,7009,123,124,"(0, 1)",PLACE,PLACE,1,pot_1,pot_1,1,1,PLACE,PLACE,PLACE,pot_1,pot_1,pot_1,0,0,serve
post_post,7009,129,130,"(1, 0)",FETCH,FETCH,1,onion_1,onion_1,1,1,FETCH,FETCH,FETCH,onion_1,onion_1,onion_1,0,0,serve
post_post,7009,131,132,"(0, 1)",PLACE,PLACE,1,pot_1,pot_1,1,1,PLACE,PLACE,PLACE,pot_1,pot_1,pot_1,0,0,serve
post_post,7009,135,136,"(1, 0)",FETCH,FETCH,1,onion_1,onion_1,1,1,FETCH,FETCH,FETCH,onion_1,onion_1,onion_1,0,0,serve
post_post,7009,137,138,"(0, 1)",PLACE,PLACE,1,pot_1,pot_1,1,1,PLACE,PLACE,PLACE,pot_1,pot_1,pot_1,0,0,serve
post_post,7009,141,142,interact,COOK_START,COOK_START,1,pot_1,pot_1,1,1,COOK_START,COOK_START,COOK_START,pot_1,pot_1,pot_1,0,0,serve
post_post,7009,142,143,"(0, 0)",GET_DISH,GET_DISH,1,dish_0,dish_0,1,1,GET_DISH,GET_DISH,GET_DISH,dish_0,dish_0,dish_0,0,0,cook
post_post,7009,148,149,"(1, 0)",PRE,PRE,1,pot_1,pot_1,1,1,PRE,PRE,PRE,none,pot_1,none,0,1,dynamic
post_post,7009,161,162,"(1, 0)",PICKUP,PICKUP,1,pot_1,pot_1,1,1,PICKUP,PICKUP,PICKUP,pot_1,pot_1,pot_1,0,0,cook
post_post,7009,164,165,"(0, 1)",DELIVER,DELIVER,1,serve_0,serve_0,1,1,DELIVER,DELIVER,DELIVER,serve_0,serve_0,serve_0,0,0,cook
post_post,7009,166,167,"(0, -1)",FETCH,FETCH,1,onion_1,onion_1,1,1,FETCH,FETCH,FETCH,onion_1,onion_1,onion_1,0,0,serve
post_post,7009,169,170,"(0, 1)",PLACE,PLACE,1,pot_1,pot_1,1,1,PLACE,PLACE,PLACE,pot_1,pot_1,pot_1,0,0,serve
post_post,7009,180,181,"(1, 0)",FETCH,FETCH,1,onion_1,onion_1,1,1,FETCH,FETCH,FETCH,onion_1,onion_1,onion_1,0,0,serve
post_post,7009,182,183,"(-1, 0)",PLACE,PLACE,1,pot_1,pot_1,1,1,PLACE,PLACE,PLACE,pot_1,pot_1,pot_1,0,0,serve
post_post,7009,186,187,"(1, 0)",FETCH,FETCH,1,onion_1,onion_1,1,1,FETCH,FETCH,FETCH,onion_1,onion_1,onion_1,0,0,serve
post_post,7009,188,189,"(-1, 0)",PLACE,PLACE,1,pot_1,pot_1,1,1,PLACE,PLACE,PLACE,pot_1,pot_1,pot_1,0,0,serve
post_post,7009,192,193,interact,COOK_START,COOK_START,1,pot_1,pot_1,1,1,COOK_START,COOK_START,COOK_START,pot_1,pot_1,pot_1,0,0,serve
post_post,7009,193,194,"(1, 0)",FETCH,FETCH,1,onion_1,onion_1,1,1,FETCH,FETCH,FETCH,onion_1,onion_1,onion_1,0,0,serve
post_post,7009,195,196,"(0, 1)",PLACE,PLACE,1,pot_0,pot_0,1,1,PLACE,PLACE,PLACE,pot_0,pot_0,pot_0,0,0,serve
post_post,7009,208,209,"(-1, 0)",FETCH,FETCH,1,onion_0,onion_0,1,1,FETCH,FETCH,FETCH,onion_0,onion_0,onion_0,0,0,serve
post_post,7009,210,211,"(0, 1)",PLACE,PLACE,1,pot_0,pot_0,1,1,PLACE,PLACE,PLACE,pot_0,pot_0,pot_0,0,0,serve
post_post,7009,214,215,"(-1, 0)",FETCH,FETCH,1,onion_0,onion_0,1,1,FETCH,FETCH,FETCH,onion_0,onion_0,onion_0,0,0,serve
post_post,7009,216,217,"(0, 1)",PLACE,PLACE,1,pot_0,pot_0,1,1,PLACE,PLACE,PLACE,pot_0,pot_0,pot_0,0,0,serve
post_post,7009,220,221,interact,COOK_START,COOK_START,1,pot_0,pot_0,1,1,COOK_START,COOK_START,COOK_START,pot_0,pot_0,pot_0,0,0,serve
post_post,7009,221,222,"(-1, 0)",FETCH,FETCH,1,onion_0,onion_0,1,1,FETCH,FETCH,FETCH,onion_0,onion_0,onion_0,0,0,serve
post_post,7009,223,224,"(0, 1)",PLACE,PLACE,1,pot_1,pot_1,1,1,PLACE,PLACE,PLACE,pot_1,pot_1,pot_1,0,0,serve
post_post,7009,229,230,"(1, 0)",FETCH,FETCH,1,onion_1,onion_1,1,1,FETCH,FETCH,FETCH,onion_1,onion_1,onion_1,0,0,serve
post_post,7009,231,232,"(0, 1)",PLACE,PLACE,1,pot_1,pot_1,1,1,PLACE,PLACE,PLACE,pot_1,pot_1,pot_1,0,0,serve
post_post,7009,235,236,"(1, 0)",FETCH,FETCH,1,onion_1,onion_1,1,1,FETCH,FETCH,FETCH,onion_1,onion_1,onion_1,0,0,serve
post_post,7009,237,238,"(0, 1)",PLACE,PLACE,1,pot_1,pot_1,1,1,PLACE,PLACE,PLACE,pot_1,pot_1,pot_1,0,0,serve
post_post,7009,241,242,interact,COOK_START,COOK_START,1,pot_1,pot_1,1,1,COOK_START,COOK_START,COOK_START,pot_1,pot_1,pot_1,0,0,serve
post_post,7009,242,243,"(0, 0)",GET_DISH,GET_DISH,1,dish_0,dish_0,1,1,GET_DISH,GET_DISH,GET_DISH,dish_0,dish_0,dish_0,0,0,cook
post_post,7009,248,249,"(1, 0)",PRE,PRE,1,pot_1,pot_1,1,1,PRE,PRE,PRE,none,pot_1,none,0,1,dynamic
post_post,7009,261,262,"(1, 0)",PICKUP,PICKUP,1,pot_1,pot_1,1,1,PICKUP,PICKUP,PICKUP,pot_1,pot_1,pot_1,0,0,cook
post_post,7009,264,265,"(0, 1)",DELIVER,DELIVER,1,serve_0,serve_0,1,1,DELIVER,DELIVER,DELIVER,serve_0,serve_0,serve_0,0,0,cook
post_post,7009,266,267,"(0, -1)",FETCH,FETCH,1,onion_1,onion_1,1,1,FETCH,FETCH,FETCH,onion_1,onion_1,onion_1,0,0,serve
post_post,7009,269,270,"(0, 1)",PLACE,PLACE,1,pot_1,pot_1,1,1,PLACE,PLACE,PLACE,pot_1,pot_1,pot_1,0,0,serve
post_post,7009,280,281,"(1, 0)",FETCH,FETCH,1,onion_1,onion_1,1,1,FETCH,FETCH,FETCH,onion_1,onion_1,onion_1,0,0,serve
post_post,7009,282,283,"(-1, 0)",PLACE,PLACE,1,pot_1,pot_1,1,1,PLACE,PLACE,PLACE,pot_1,pot_1,pot_1,0,0,serve
post_post,7009,286,287,"(1, 0)",FETCH,FETCH,1,onion_1,onion_1,1,1,FETCH,FETCH,FETCH,onion_1,onion_1,onion_1,0,0,serve
post_post,7009,288,289,"(-1, 0)",PLACE,PLACE,1,pot_1,pot_1,1,1,PLACE,PLACE,PLACE,pot_1,pot_1,pot_1,0,0,serve
post_post,7009,292,293,interact,COOK_START,COOK_START,1,pot_1,pot_1,1,1,COOK_START,COOK_START,COOK_START,pot_1,pot_1,pot_1,0,0,serve
post_post,7009,293,294,"(1, 0)",FETCH,FETCH,1,onion_1,onion_1,1,1,FETCH,FETCH,FETCH,onion_1,onion_1,onion_1,0,0,serve
post_post,7009,295,296,"(0, 1)",PLACE,PLACE,1,pot_0,pot_0,1,1,PLACE,PLACE,PLACE,pot_0,pot_0,pot_0,0,0,serve
post_post,7009,308,309,"(-1, 0)",FETCH,FETCH,1,onion_0,onion_0,1,1,FETCH,FETCH,FETCH,onion_0,onion_0,onion_0,0,0,serve
post_post,7009,310,311,"(0, 1)",PLACE,PLACE,1,pot_0,pot_0,1,1,PLACE,PLACE,PLACE,pot_0,pot_0,pot_0,0,0,serve
post_post,7009,314,315,"(-1, 0)",FETCH,FETCH,1,onion_0,onion_0,1,1,FETCH,FETCH,FETCH,onion_0,onion_0,onion_0,0,0,serve
post_post,7009,316,317,"(0, 1)",PLACE,PLACE,1,pot_0,pot_0,1,1,PLACE,PLACE,PLACE,pot_0,pot_0,pot_0,0,0,serve
post_post,7009,320,321,interact,COOK_START,COOK_START,1,pot_0,pot_0,1,1,COOK_START,COOK_START,COOK_START,pot_0,pot_0,pot_0,0,0,serve
post_post,7009,321,322,"(-1, 0)",FETCH,FETCH,1,onion_0,onion_0,1,1,FETCH,FETCH,FETCH,onion_0,onion_0,onion_0,0,0,serve
post_post,7009,323,324,"(0, 1)",PLACE,PLACE,1,pot_1,pot_1,1,1,PLACE,PLACE,PLACE,pot_1,pot_1,pot_1,0,0,serve
post_post,7009,329,330,"(1, 0)",FETCH,FETCH,1,onion_1,onion_1,1,1,FETCH,FETCH,FETCH,onion_1,onion_1,onion_1,0,0,serve
post_post,7009,331,332,"(0, 1)",PLACE,PLACE,1,pot_1,pot_1,1,1,PLACE,PLACE,PLACE,pot_1,pot_1,pot_1,0,0,serve
post_post,7009,335,336,"(1, 0)",FETCH,FETCH,1,onion_1,onion_1,1,1,FETCH,FETCH,FETCH,onion_1,onion_1,onion_1,0,0,serve
post_post,7009,337,338,"(0, 1)",PLACE,PLACE,1,pot_1,pot_1,1,1,PLACE,PLACE,PLACE,pot_1,pot_1,pot_1,0,0,serve
post_post,7009,341,342,interact,COOK_START,COOK_START,1,pot_1,pot_1,1,1,COOK_START,COOK_START,COOK_START,pot_1,pot_1,pot_1,0,0,serve
post_post,7009,342,343,"(0, 0)",GET_DISH,GET_DISH,1,dish_0,dish_0,1,1,GET_DISH,GET_DISH,GET_DISH,dish_0,dish_0,dish_0,0,0,cook
post_post,7009,348,349,"(1, 0)",PRE,PRE,1,pot_1,pot_0,0,0,PRE,PRE,PRE,none,pot_0,none,0,1,dynamic
post_post,7009,361,362,"(1, 0)",PICKUP,PICKUP,1,pot_1,pot_1,1,1,PICKUP,PICKUP,PICKUP,pot_1,pot_1,pot_1,0,0,cook
post_post,7009,364,365,"(0, 1)",DELIVER,DELIVER,1,serve_0,serve_0,1,1,DELIVER,DELIVER,DELIVER,serve_0,serve_0,serve_0,0,0,cook
post_post,7009,366,367,"(0, -1)",FETCH,FETCH,1,onion_1,onion_1,1,1,FETCH,FETCH,FETCH,onion_1,onion_1,onion_1,0,0,serve
post_post,7009,369,370,"(0, 1)",PLACE,PLACE,1,pot_1,pot_0,0,0,PLACE,PLACE,PLACE,pot_0,pot_0,pot_0,0,0,serve
post_post,7009,380,381,"(1, 0)",FETCH,FETCH,1,onion_1,onion_1,1,1,FETCH,FETCH,FETCH,onion_1,onion_1,onion_1,0,0,serve
post_post,7009,382,383,"(-1, 0)",PLACE,PLACE,1,pot_1,pot_1,1,1,PLACE,PLACE,PLACE,pot_1,pot_1,pot_1,0,0,serve
post_post,7009,386,387,"(1, 0)",FETCH,FETCH,1,onion_1,onion_1,1,1,FETCH,FETCH,FETCH,onion_1,onion_1,onion_1,0,0,serve
post_post,7009,388,389,"(-1, 0)",PLACE,PLACE,1,pot_1,pot_1,1,1,PLACE,PLACE,PLACE,pot_1,pot_1,pot_1,0,0,serve
post_post,7009,392,393,interact,COOK_START,COOK_START,1,pot_1,pot_1,1,1,COOK_START,COOK_START,COOK_START,pot_1,pot_1,pot_1,0,0,serve
post_post,7009,393,394,"(1, 0)",FETCH,FETCH,1,onion_1,onion_1,1,1,FETCH,FETCH,FETCH,onion_1,onion_1,onion_1,0,0,serve
post_post,7009,395,396,"(0, 1)",PLACE,PLACE,1,pot_0,pot_0,1,1,PLACE,PLACE,PLACE,pot_0,pot_0,pot_0,0,0,serve
post_post,7009,408,409,"(-1, 0)",FETCH,FETCH,1,onion_0,onion_0,1,1,FETCH,FETCH,FETCH,onion_0,onion_0,onion_0,0,0,serve
post_post,7009,410,411,"(0, 1)",PLACE,PLACE,1,pot_0,pot_0,1,1,PLACE,PLACE,PLACE,pot_0,pot_0,pot_0,0,0,serve
post_post,7009,414,415,"(-1, 0)",FETCH,FETCH,1,onion_0,onion_0,1,1,FETCH,FETCH,FETCH,onion_0,onion_0,onion_0,0,0,serve
post_post,7009,416,417,"(0, 1)",PLACE,PLACE,1,pot_0,pot_0,1,1,PLACE,PLACE,PLACE,pot_0,pot_0,pot_0,0,0,serve
post_post,7009,420,421,interact,COOK_START,COOK_START,1,pot_0,pot_0,1,1,COOK_START,COOK_START,COOK_START,pot_0,pot_0,pot_0,0,0,serve
post_post,7009,421,422,"(-1, 0)",FETCH,FETCH,1,onion_0,onion_0,1,1,GET_DISH,FETCH,GET_DISH,dish_0,onion_0,dish_0,1,1,serve
post_post,7009,423,424,"(0, 1)",PLACE,PLACE,1,pot_1,pot_1,1,1,PLACE,PLACE,PLACE,pot_1,pot_1,pot_1,0,0,serve
post_post,7009,429,430,"(1, 0)",FETCH,FETCH,1,onion_1,onion_1,1,1,FETCH,FETCH,FETCH,onion_1,onion_1,onion_1,0,0,serve
post_post,7009,431,432,"(0, 1)",PLACE,PLACE,1,pot_1,pot_1,1,1,PLACE,PLACE,PLACE,pot_1,pot_1,pot_1,0,0,serve
post_post,7009,435,436,"(1, 0)",FETCH,FETCH,1,onion_1,onion_1,1,1,FETCH,FETCH,FETCH,onion_1,onion_1,onion_1,0,0,serve
post_post,7009,437,438,"(0, 1)",PLACE,PLACE,1,pot_1,pot_1,1,1,PLACE,PLACE,PLACE,pot_1,pot_1,pot_1,0,0,serve
post_post,7009,441,442,interact,COOK_START,COOK_START,1,pot_1,pot_1,1,1,COOK_START,COOK_START,COOK_START,pot_1,pot_1,pot_1,0,0,serve
post_post,7009,442,443,"(0, 0)",GET_DISH,GET_DISH,1,dish_0,dish_0,1,1,GET_DISH,GET_DISH,GET_DISH,dish_0,dish_0,dish_0,0,0,cook
post_post,7009,448,449,"(1, 0)",PRE,PRE,1,pot_1,pot_0,0,0,PRE,PRE,PRE,pot_0,pot_0,pot_0,0,0,dynamic
post_post,7009,461,462,"(1, 0)",PICKUP,PICKUP,1,pot_1,pot_1,1,1,PICKUP,PICKUP,PICKUP,pot_1,pot_1,pot_1,0,0,cook
post_post,7009,464,465,"(0, 1)",DELIVER,DELIVER,1,serve_0,serve_0,1,1,DELIVER,DELIVER,DELIVER,serve_0,serve_0,serve_0,0,0,cook
post_post,7009,466,467,"(0, -1)",FETCH,FETCH,1,onion_1,onion_1,1,1,FETCH,FETCH,FETCH,onion_1,onion_1,onion_1,0,0,serve
post_post,7009,469,470,"(0, 1)",PLACE,PLACE,1,pot_1,pot_0,0,0,PLACE,PLACE,PLACE,pot_0,pot_0,pot_0,0,0,serve
post_post,7009,480,481,"(1, 0)",FETCH,FETCH,1,onion_1,onion_1,1,1,FETCH,FETCH,FETCH,onion_1,onion_1,onion_1,0,0,serve
post_post,7009,482,483,"(-1, 0)",PLACE,PLACE,1,pot_1,pot_1,1,1,PLACE,PLACE,PLACE,pot_1,pot_1,pot_1,0,0,serve
post_post,7009,486,487,"(1, 0)",FETCH,FETCH,1,onion_1,onion_1,1,1,FETCH,FETCH,FETCH,onion_1,onion_1,onion_1,0,0,serve
post_post,7009,488,489,"(-1, 0)",PLACE,PLACE,1,pot_1,pot_1,1,1,PLACE,PLACE,PLACE,pot_1,pot_1,pot_1,0,0,serve
post_post,7009,492,493,interact,COOK_START,COOK_START,1,pot_1,pot_1,1,1,COOK_START,COOK_START,COOK_START,pot_1,pot_1,pot_1,0,0,serve
post_post,7009,493,494,"(1, 0)",FETCH,FETCH,1,onion_1,onion_1,1,1,FETCH,FETCH,FETCH,onion_1,onion_1,onion_1,0,0,serve
post_post,7009,495,496,"(0, 1)",PLACE,PLACE,1,pot_0,pot_0,1,1,PLACE,PLACE,PLACE,pot_0,pot_0,pot_0,0,0,serve
post_post,7009,508,509,"(-1, 0)",FETCH,FETCH,1,onion_0,onion_0,1,1,GET_DISH,FETCH,GET_DISH,onion_0,onion_0,onion_0,1,0,serve
post_post,7009,510,511,"(0, 1)",PLACE,PLACE,1,pot_0,pot_0,1,1,PLACE,PLACE,PLACE,pot_0,pot_0,pot_0,0,0,serve
post_post,7009,514,515,"(-1, 0)",FETCH,FETCH,1,onion_0,onion_0,1,1,FETCH,FETCH,FETCH,onion_0,onion_0,onion_0,0,0,serve
post_post,7009,516,517,"(0, 1)",PLACE,PLACE,1,pot_0,pot_0,1,1,PLACE,PLACE,PLACE,pot_0,pot_0,pot_0,0,0,serve
post_post,7009,520,521,interact,COOK_START,COOK_START,1,pot_0,pot_0,1,1,COOK_START,COOK_START,COOK_START,pot_0,pot_0,pot_0,0,0,serve
post_post,7009,521,522,"(-1, 0)",FETCH,GET_DISH,0,onion_0,dish_0,0,0,GET_DISH,GET_DISH,GET_DISH,dish_0,dish_0,dish_0,0,0,cook
post_post,7009,523,524,"(0, 1)",PLACE,PLACE,1,pot_1,pot_1,1,1,PLACE,PLACE,PLACE,pot_1,pot_1,pot_1,0,0,serve
post_post,7009,529,530,"(1, 0)",FETCH,FETCH,1,onion_1,onion_1,1,1,FETCH,FETCH,FETCH,onion_1,onion_1,onion_1,0,0,serve
post_post,7009,531,532,"(0, 1)",PLACE,PLACE,1,pot_1,pot_1,1,1,PLACE,PLACE,PLACE,pot_1,pot_1,pot_1,0,0,serve
post_post,7009,535,536,"(1, 0)",FETCH,FETCH,1,onion_1,onion_1,1,1,FETCH,FETCH,FETCH,onion_1,onion_1,onion_1,0,0,serve
post_post,7009,537,538,"(0, 1)",PLACE,PLACE,1,pot_1,pot_1,1,1,PLACE,PLACE,PLACE,pot_1,pot_1,pot_1,0,0,serve
post_post,7009,541,542,interact,COOK_START,COOK_START,1,pot_1,pot_1,1,1,COOK_START,COOK_START,COOK_START,pot_1,pot_1,pot_1,0,0,serve
post_post,7009,542,543,"(0, 0)",GET_DISH,GET_DISH,1,dish_0,dish_0,1,1,GET_DISH,GET_DISH,GET_DISH,dish_0,dish_0,dish_0,0,0,cook
post_post,7009,548,549,"(1, 0)",PRE,PRE,1,pot_1,dish_0,0,0,PRE,PRE,PRE,pot_0,dish_0,pot_0,0,1,dynamic
post_post,7009,561,562,"(1, 0)",PICKUP,PICKUP,1,pot_1,pot_1,1,1,PICKUP,PICKUP,PICKUP,pot_1,pot_1,pot_1,0,0,cook
post_post,7009,564,565,"(0, 1)",DELIVER,DELIVER,1,serve_0,serve_0,1,1,DELIVER,DELIVER,DELIVER,serve_0,serve_0,serve_0,0,0,cook
post_post,7009,566,567,"(0, -1)",FETCH,FETCH,1,onion_1,onion_1,1,1,FETCH,FETCH,FETCH,onion_1,onion_1,onion_1,0,0,serve
post_post,7009,569,570,"(0, 1)",PLACE,PLACE,1,pot_1,pot_0,0,0,PLACE,PLACE,PLACE,pot_0,pot_0,pot_0,0,0,serve
post_post,7009,580,581,"(1, 0)",FETCH,FETCH,1,onion_1,onion_1,1,1,FETCH,FETCH,FETCH,onion_1,onion_1,onion_1,0,0,serve
post_post,7009,582,583,"(-1, 0)",PLACE,PLACE,1,pot_1,pot_1,1,1,PLACE,PLACE,PLACE,pot_1,pot_1,pot_1,0,0,serve
post_post,7009,586,587,"(1, 0)",FETCH,FETCH,1,onion_1,onion_1,1,1,FETCH,FETCH,FETCH,onion_1,onion_1,onion_1,0,0,serve
post_post,7009,588,589,"(-1, 0)",PLACE,PLACE,1,pot_1,pot_1,1,1,PLACE,PLACE,PLACE,pot_1,pot_1,pot_1,0,0,serve
post_post,7009,592,593,interact,COOK_START,COOK_START,1,pot_1,pot_1,1,1,COOK_START,COOK_START,COOK_START,pot_1,pot_1,pot_1,0,0,serve
post_post,7009,593,594,"(1, 0)",FETCH,FETCH,1,onion_1,onion_1,1,1,FETCH,FETCH,FETCH,onion_1,onion_1,onion_1,0,0,serve
post_post,7009,595,596,"(0, 1)",PLACE,PLACE,1,pot_0,pot_0,1,1,PLACE,PLACE,PLACE,pot_0,pot_0,pot_0,0,0,serve
post_post,7009,608,609,"(-1, 0)",FETCH,GET_DISH,0,onion_0,dish_0,0,0,GET_DISH,GET_DISH,GET_DISH,dish_0,dish_0,dish_0,0,0,cook
post_post,7009,610,611,"(0, 1)",PLACE,PLACE,1,pot_0,pot_0,1,1,PLACE,PLACE,PLACE,pot_0,pot_0,pot_0,0,0,serve
post_post,7009,614,615,"(-1, 0)",FETCH,FETCH,1,onion_0,onion_0,1,1,FETCH,FETCH,FETCH,onion_0,onion_0,onion_0,0,0,serve
post_post,7009,616,617,"(0, 1)",PLACE,PLACE,1,pot_0,pot_0,1,1,PLACE,PLACE,PLACE,pot_0,pot_0,pot_0,0,0,serve
post_post,7009,620,621,interact,COOK_START,COOK_START,1,pot_0,pot_0,1,1,COOK_START,COOK_START,COOK_START,pot_0,pot_0,pot_0,0,0,serve
post_post,7009,621,622,"(-1, 0)",FETCH,GET_DISH,0,onion_0,dish_0,0,0,GET_DISH,GET_DISH,GET_DISH,dish_0,dish_0,dish_0,0,0,cook
post_post,7009,623,624,"(0, 1)",PLACE,PLACE,1,pot_1,pot_1,1,1,PLACE,PLACE,PLACE,pot_1,pot_1,pot_1,0,0,serve
post_post,7009,629,630,"(1, 0)",FETCH,FETCH,1,onion_1,onion_1,1,1,FETCH,FETCH,FETCH,onion_1,onion_1,onion_1,0,0,serve
post_post,7009,631,632,"(0, 1)",PLACE,PLACE,1,pot_1,pot_1,1,1,PLACE,PLACE,PLACE,pot_1,pot_1,pot_1,0,0,serve
post_post,7009,635,636,"(1, 0)",FETCH,FETCH,1,onion_1,onion_1,1,1,FETCH,FETCH,FETCH,onion_1,onion_1,onion_1,0,0,serve
post_post,7009,637,638,"(0, 1)",PLACE,PLACE,1,pot_1,pot_1,1,1,PLACE,PLACE,PLACE,pot_1,pot_1,pot_1,0,0,serve
post_post,7009,641,642,interact,COOK_START,COOK_START,1,pot_1,pot_1,1,1,COOK_START,COOK_START,COOK_START,pot_1,pot_1,pot_1,0,0,serve
post_post,7009,642,643,"(0, 0)",GET_DISH,GET_DISH,1,dish_0,dish_0,1,1,GET_DISH,GET_DISH,GET_DISH,dish_0,dish_0,dish_0,0,0,cook
post_post,7009,648,649,"(1, 0)",PRE,PRE,1,pot_1,dish_0,0,0,PRE,PRE,PRE,dish_0,dish_0,dish_0,0,0,dynamic
post_post,7009,661,662,"(1, 0)",PICKUP,PICKUP,1,pot_1,pot_1,1,1,PICKUP,PICKUP,PICKUP,pot_1,pot_1,pot_1,0,0,cook
post_post,7009,664,665,"(0, 1)",DELIVER,DELIVER,1,serve_0,serve_0,1,1,DELIVER,DELIVER,DELIVER,serve_0,serve_0,serve_0,0,0,cook
post_post,7009,666,667,"(0, -1)",FETCH,FETCH,1,onion_1,onion_1,1,1,FETCH,FETCH,FETCH,onion_1,onion_1,onion_1,0,0,serve
post_post,7009,669,670,"(0, 1)",PLACE,PLACE,1,pot_1,pot_1,1,1,PLACE,PLACE,PLACE,pot_1,pot_1,pot_1,0,0,serve
post_post,7009,673,674,"(1, 0)",FETCH,FETCH,1,onion_1,onion_1,1,1,FETCH,FETCH,FETCH,onion_1,onion_1,onion_1,0,0,serve
post_post,7009,675,676,"(-1, 0)",PLACE,PLACE,1,pot_1,pot_1,1,1,PLACE,PLACE,PLACE,pot_1,pot_1,pot_1,0,0,serve
post_post,7009,679,680,"(1, 0)",FETCH,FETCH,1,onion_1,onion_1,1,1,FETCH,FETCH,FETCH,onion_1,onion_1,onion_1,0,0,serve
post_post,7009,681,682,"(-1, 0)",PLACE,PLACE,1,pot_1,pot_1,1,1,PLACE,PLACE,PLACE,pot_1,pot_1,pot_1,0,0,serve
post_post,7009,685,686,interact,COOK_START,COOK_START,1,pot_1,pot_1,1,1,COOK_START,COOK_START,COOK_START,pot_1,pot_1,pot_1,0,0,serve
post_post,7009,686,687,"(1, 0)",FETCH,FETCH,1,onion_1,onion_1,1,1,FETCH,FETCH,FETCH,onion_1,onion_1,onion_1,0,0,serve
post_post,7009,688,689,"(0, 1)",PLACE,PLACE,1,pot_0,pot_0,1,1,PLACE,PLACE,PLACE,pot_0,pot_0,pot_0,0,0,serve
post_post,7010,0,1,"(0, 0)",FETCH,COOK_START,0,onion_1,pot_1,0,0,COOK_START,COOK_START,COOK_START,pot_1,pot_1,pot_1,0,0,serve
post_post,7010,3,4,"(-1, 0)",PLACE,PLACE,1,pot_1,pot_1,1,1,PLACE,PLACE,PLACE,pot_1,pot_1,pot_1,0,0,serve
post_post,7010,7,8,"(1, 0)",FETCH,FETCH,1,onion_1,onion_1,1,1,FETCH,FETCH,FETCH,onion_1,onion_1,onion_1,0,0,serve
post_post,7010,9,10,"(-1, 0)",PLACE,PLACE,1,pot_1,pot_1,1,1,PLACE,PLACE,PLACE,pot_1,pot_1,pot_1,0,0,serve
post_post,7010,13,14,"(1, 0)",FETCH,FETCH,1,onion_1,onion_1,1,1,FETCH,FETCH,FETCH,onion_1,onion_1,onion_1,0,0,serve
post_post,7010,15,16,"(-1, 0)",PLACE,PLACE,1,pot_1,pot_1,1,1,PLACE,PLACE,PLACE,pot_1,pot_1,pot_1,0,0,serve
post_post,7010,19,20,interact,COOK_START,COOK_START,1,pot_1,pot_1,1,1,COOK_START,COOK_START,COOK_START,pot_1,pot_1,pot_1,0,0,serve
post_post,7010,20,21,"(1, 0)",FETCH,FETCH,1,onion_1,onion_1,1,1,FETCH,FETCH,FETCH,onion_1,onion_1,onion_1,0,0,serve
post_post,7010,22,23,"(0, 1)",PLACE,PLACE,1,pot_0,pot_0,1,1,PLACE,PLACE,PLACE,pot_0,pot_0,pot_0,0,0,serve
post_post,7010,35,36,"(-1, 0)",FETCH,FETCH,1,onion_0,onion_0,1,1,FETCH,FETCH,FETCH,onion_0,onion_0,onion_0,0,0,serve
post_post,7010,37,38,"(0, 1)",PLACE,PLACE,1,pot_0,pot_0,1,1,PLACE,PLACE,PLACE,pot_0,pot_0,pot_0,0,0,serve
post_post,7010,41,42,"(-1, 0)",FETCH,FETCH,1,onion_0,onion_0,1,1,FETCH,FETCH,FETCH,onion_0,onion_0,onion_0,0,0,serve
post_post,7010,43,44,"(0, 1)",PLACE,PLACE,1,pot_0,pot_0,1,1,PLACE,PLACE,PLACE,pot_0,pot_0,pot_0,0,0,serve
post_post,7010,47,48,interact,COOK_START,COOK_START,1,pot_0,pot_0,1,1,COOK_START,COOK_START,COOK_START,pot_0,pot_0,pot_0,0,0,serve
post_post,7010,48,49,"(-1, 0)",FETCH,FETCH,1,onion_0,onion_0,1,1,FETCH,FETCH,FETCH,onion_0,onion_0,onion_0,0,0,serve
post_post,7010,50,51,"(0, 1)",PLACE,PLACE,1,pot_1,pot_1,1,1,PLACE,PLACE,PLACE,pot_1,pot_1,pot_1,0,0,serve
post_post,7010,56,57,"(1, 0)",FETCH,FETCH,1,onion_1,onion_1,1,1,FETCH,FETCH,FETCH,onion_1,onion_1,onion_1,0,0,serve
post_post,7010,58,59,"(0, 1)",PLACE,PLACE,1,pot_1,pot_1,1,1,PLACE,PLACE,PLACE,pot_1,pot_1,pot_1,0,0,serve
post_post,7010,62,63,"(1, 0)",FETCH,FETCH,1,onion_1,onion_1,1,1,FETCH,FETCH,FETCH,onion_1,onion_1,onion_1,0,0,serve
post_post,7010,64,65,"(0, 1)",PLACE,PLACE,1,pot_1,pot_1,1,1,PLACE,PLACE,PLACE,pot_1,pot_1,pot_1,0,0,serve
post_post,7010,68,69,interact,COOK_START,COOK_START,1,pot_1,pot_1,1,1,COOK_START,COOK_START,COOK_START,pot_1,pot_1,pot_1,0,0,serve
post_post,7010,69,70,"(0, 0)",GET_DISH,GET_DISH,1,dish_0,dish_0,1,1,GET_DISH,GET_DISH,GET_DISH,dish_0,dish_0,dish_0,0,0,cook
post_post,7010,75,76,"(1, 0)",PRE,PRE,1,pot_1,pot_1,1,1,PRE,PRE,PRE,none,pot_1,none,0,1,dynamic
post_post,7010,88,89,"(1, 0)",PICKUP,PICKUP,1,pot_1,pot_1,1,1,PICKUP,PICKUP,PICKUP,pot_1,pot_1,pot_1,0,0,cook
post_post,7010,91,92,"(0, 1)",DELIVER,DELIVER,1,serve_0,serve_0,1,1,DELIVER,DELIVER,DELIVER,serve_0,serve_0,serve_0,0,0,cook
post_post,7010,93,94,"(0, -1)",FETCH,FETCH,1,onion_1,onion_1,1,1,FETCH,FETCH,FETCH,onion_1,onion_1,onion_1,0,0,serve
post_post,7010,96,97,"(0, 1)",PLACE,PLACE,1,pot_1,pot_1,1,1,PLACE,PLACE,PLACE,pot_1,pot_1,pot_1,0,0,serve
post_post,7010,107,108,"(1, 0)",FETCH,FETCH,1,onion_1,onion_1,1,1,FETCH,FETCH,FETCH,onion_1,onion_1,onion_1,0,0,serve
post_post,7010,109,110,"(-1, 0)",PLACE,PLACE,1,pot_1,pot_1,1,1,PLACE,PLACE,PLACE,pot_1,pot_1,pot_1,0,0,serve
post_post,7010,113,114,"(1, 0)",FETCH,FETCH,1,onion_1,onion_1,1,1,FETCH,FETCH,FETCH,onion_1,onion_1,onion_1,0,0,serve
post_post,7010,115,116,"(-1, 0)",PLACE,PLACE,1,pot_1,pot_1,1,1,PLACE,PLACE,PLACE,pot_1,pot_1,pot_1,0,0,serve
post_post,7010,119,120,interact,COOK_START,COOK_START,1,pot_1,pot_1,1,1,COOK_START,COOK_START,COOK_START,pot_1,pot_1,pot_1,0,0,serve
post_post,7010,120,121,"(1, 0)",FETCH,FETCH,1,onion_1,onion_1,1,1,FETCH,FETCH,FETCH,onion_1,onion_1,onion_1,0,0,serve
post_post,7010,122,123,"(0, 1)",PLACE,PLACE,1,pot_0,pot_0,1,1,PLACE,PLACE,PLACE,pot_0,pot_0,pot_0,0,0,serve
post_post,7010,135,136,"(-1, 0)",FETCH,FETCH,1,onion_0,onion_0,1,1,FETCH,FETCH,FETCH,onion_0,onion_0,onion_0,0,0,serve
post_post,7010,137,138,"(0, 1)",PLACE,PLACE,1,pot_0,pot_0,1,1,PLACE,PLACE,PLACE,pot_0,pot_0,pot_0,0,0,serve
post_post,7010,141,142,"(-1, 0)",FETCH,FETCH,1,onion_0,onion_0,1,1,FETCH,FETCH,FETCH,onion_0,onion_0,onion_0,0,0,serve
post_post,7010,143,144,"(0, 1)",PLACE,PLACE,1,pot_0,pot_0,1,1,PLACE,PLACE,PLACE,pot_0,pot_0,pot_0,0,0,serve
post_post,7010,147,148,interact,COOK_START,COOK_START,1,pot_0,pot_0,1,1,COOK_START,COOK_START,COOK_START,pot_0,pot_0,pot_0,0,0,serve
post_post,7010,148,149,"(-1, 0)",FETCH,FETCH,1,onion_0,onion_0,1,1,FETCH,FETCH,FETCH,onion_0,onion_0,onion_0,0,0,serve
post_post,7010,150,151,"(0, 1)",PLACE,PLACE,1,pot_1,pot_1,1,1,PLACE,PLACE,PLACE,pot_1,pot_1,pot_1,0,0,serve
post_post,7010,156,157,"(1, 0)",FETCH,FETCH,1,onion_1,onion_1,1,1,FETCH,FETCH,FETCH,onion_1,onion_1,onion_1,0,0,serve
post_post,7010,158,159,"(0, 1)",PLACE,PLACE,1,pot_1,pot_1,1,1,PLACE,PLACE,PLACE,pot_1,pot_1,pot_1,0,0,serve
post_post,7010,162,163,"(1, 0)",FETCH,FETCH,1,onion_1,onion_1,1,1,FETCH,FETCH,FETCH,onion_1,onion_1,onion_1,0,0,serve
post_post,7010,164,165,"(0, 1)",PLACE,PLACE,1,pot_1,pot_1,1,1,PLACE,PLACE,PLACE,pot_1,pot_1,pot_1,0,0,serve
post_post,7010,168,169,interact,COOK_START,COOK_START,1,pot_1,pot_1,1,1,COOK_START,COOK_START,COOK_START,pot_1,pot_1,pot_1,0,0,serve
post_post,7010,169,170,"(0, 0)",GET_DISH,GET_DISH,1,dish_0,dish_0,1,1,GET_DISH,GET_DISH,GET_DISH,dish_0,dish_0,dish_0,0,0,cook
post_post,7010,175,176,"(1, 0)",PRE,PRE,1,pot_1,pot_1,1,1,PRE,PRE,PRE,none,pot_1,none,0,1,dynamic
post_post,7010,188,189,"(1, 0)",PICKUP,PICKUP,1,pot_1,pot_1,1,1,PICKUP,PICKUP,PICKUP,pot_1,pot_1,pot_1,0,0,cook
post_post,7010,191,192,"(0, 1)",DELIVER,DELIVER,1,serve_0,serve_0,1,1,DELIVER,DELIVER,DELIVER,serve_0,serve_0,serve_0,0,0,cook
post_post,7010,193,194,"(0, -1)",FETCH,FETCH,1,onion_1,onion_1,1,1,FETCH,FETCH,FETCH,onion_1,onion_1,onion_1,0,0,serve
post_post,7010,196,197,"(0, 1)",PLACE,PLACE,1,pot_1,pot_1,1,1,PLACE,PLACE,PLACE,pot_1,pot_1,pot_1,0,0,serve
post_post,7010,207,208,"(1, 0)",FETCH,FETCH,1,onion_1,onion_1,1,1,FETCH,FETCH,FETCH,onion_1,onion_1,onion_1,0,0,serve
post_post,7010,209,210,"(-1, 0)",PLACE,PLACE,1,pot_1,pot_1,1,1,PLACE,PLACE,PLACE,pot_1,pot_1,pot_1,0,0,serve
post_post,7010,213,214,"(1, 0)",FETCH,FETCH,1,onion_1,onion_1,1,1,FETCH,FETCH,FETCH,onion_1,onion_1,onion_1,0,0,serve
post_post,7010,215,216,"(-1, 0)",PLACE,PLACE,1,pot_1,pot_1,1,1,PLACE,PLACE,PLACE,pot_1,pot_1,pot_1,0,0,serve
post_post,7010,219,220,interact,COOK_START,COOK_START,1,pot_1,pot_1,1,1,COOK_START,COOK_START,COOK_START,pot_1,pot_1,pot_1,0,0,serve
post_post,7010,220,221,"(1, 0)",FETCH,FETCH,1,onion_1,onion_1,1,1,FETCH,FETCH,FETCH,onion_1,onion_1,onion_1,0,0,serve
post_post,7010,222,223,"(0, 1)",PLACE,PLACE,1,pot_0,pot_0,1,1,PLACE,PLACE,PLACE,pot_0,pot_0,pot_0,0,0,serve
post_post,7010,235,236,"(-1, 0)",FETCH,FETCH,1,onion_0,onion_0,1,1,FETCH,FETCH,FETCH,onion_0,onion_0,onion_0,0,0,serve
post_post,7010,237,238,"(0, 1)",PLACE,PLACE,1,pot_0,pot_0,1,1,PLACE,PLACE,PLACE,pot_0,pot_0,pot_0,0,0,serve
post_post,7010,241,242,"(-1, 0)",FETCH,FETCH,1,onion_0,onion_0,1,1,FETCH,FETCH,FETCH,onion_0,onion_0,onion_0,0,0,serve
post_post,7010,243,244,"(0, 1)",PLACE,PLACE,1,pot_0,pot_0,1,1,PLACE,PLACE,PLACE,pot_0,pot_0,pot_0,0,0,serve
post_post,7010,247,248,interact,COOK_START,COOK_START,1,pot_0,pot_0,1,1,COOK_START,COOK_START,COOK_START,pot_0,pot_0,pot_0,0,0,serve
post_post,7010,248,249,"(-1, 0)",FETCH,FETCH,1,onion_0,onion_0,1,1,FETCH,FETCH,FETCH,onion_0,onion_0,onion_0,0,0,serve
post_post,7010,250,251,"(0, 1)",PLACE,PLACE,1,pot_1,pot_1,1,1,PLACE,PLACE,PLACE,pot_1,pot_1,pot_1,0,0,serve
post_post,7010,256,257,"(1, 0)",FETCH,FETCH,1,onion_1,onion_1,1,1,FETCH,FETCH,FETCH,onion_1,onion_1,onion_1,0,0,serve
post_post,7010,258,259,"(0, 1)",PLACE,PLACE,1,pot_1,pot_1,1,1,PLACE,PLACE,PLACE,pot_1,pot_1,pot_1,0,0,serve
post_post,7010,262,263,"(1, 0)",FETCH,FETCH,1,onion_1,onion_1,1,1,FETCH,FETCH,FETCH,onion_1,onion_1,onion_1,0,0,serve
post_post,7010,264,265,"(0, 1)",PLACE,PLACE,1,pot_1,pot_1,1,1,PLACE,PLACE,PLACE,pot_1,pot_1,pot_1,0,0,serve
post_post,7010,268,269,interact,COOK_START,COOK_START,1,pot_1,pot_1,1,1,COOK_START,COOK_START,COOK_START,pot_1,pot_1,pot_1,0,0,serve
post_post,7010,269,270,"(0, 0)",GET_DISH,GET_DISH,1,dish_0,dish_0,1,1,GET_DISH,GET_DISH,GET_DISH,dish_0,dish_0,dish_0,0,0,cook
post_post,7010,275,276,"(1, 0)",PRE,PRE,1,pot_1,pot_1,1,1,PRE,PRE,PRE,none,pot_1,none,0,1,dynamic
post_post,7010,288,289,"(1, 0)",PICKUP,PICKUP,1,pot_1,pot_1,1,1,PICKUP,PICKUP,PICKUP,pot_1,pot_1,pot_1,0,0,cook
post_post,7010,291,292,"(0, 1)",DELIVER,DELIVER,1,serve_0,serve_0,1,1,DELIVER,DELIVER,DELIVER,serve_0,serve_0,serve_0,0,0,cook
post_post,7010,293,294,"(0, -1)",FETCH,FETCH,1,onion_1,onion_1,1,1,FETCH,FETCH,FETCH,onion_1,onion_1,onion_1,0,0,serve
post_post,7010,296,297,"(0, 1)",PLACE,PLACE,1,pot_1,pot_1,1,1,PLACE,PLACE,PLACE,pot_1,pot_1,pot_1,0,0,serve
post_post,7010,307,308,"(1, 0)",FETCH,FETCH,1,onion_1,onion_1,1,1,FETCH,FETCH,FETCH,onion_1,onion_1,onion_1,0,0,serve
post_post,7010,309,310,"(-1, 0)",PLACE,PLACE,1,pot_1,pot_1,1,1,PLACE,PLACE,PLACE,pot_1,pot_1,pot_1,0,0,serve
post_post,7010,313,314,"(1, 0)",FETCH,FETCH,1,onion_1,onion_1,1,1,FETCH,FETCH,FETCH,onion_1,onion_1,onion_1,0,0,serve
post_post,7010,315,316,"(-1, 0)",PLACE,PLACE,1,pot_1,pot_1,1,1,PLACE,PLACE,PLACE,pot_1,pot_1,pot_1,0,0,serve
post_post,7010,319,320,interact,COOK_START,COOK_START,1,pot_1,pot_1,1,1,COOK_START,COOK_START,COOK_START,pot_1,pot_1,pot_1,0,0,serve
post_post,7010,320,321,"(1, 0)",FETCH,FETCH,1,onion_1,onion_1,1,1,FETCH,FETCH,FETCH,onion_1,onion_1,onion_1,0,0,serve
post_post,7010,322,323,"(0, 1)",PLACE,PLACE,1,pot_0,pot_0,1,1,PLACE,PLACE,PLACE,pot_0,pot_0,pot_0,0,0,serve
post_post,7010,335,336,"(-1, 0)",FETCH,FETCH,1,onion_0,onion_0,1,1,FETCH,FETCH,FETCH,onion_0,onion_0,onion_0,0,0,serve
post_post,7010,337,338,"(0, 1)",PLACE,PLACE,1,pot_0,pot_0,1,1,PLACE,PLACE,PLACE,pot_0,pot_0,pot_0,0,0,serve
post_post,7010,341,342,"(-1, 0)",FETCH,FETCH,1,onion_0,onion_0,1,1,FETCH,FETCH,FETCH,onion_0,onion_0,onion_0,0,0,serve
post_post,7010,343,344,"(0, 1)",PLACE,PLACE,1,pot_0,pot_0,1,1,PLACE,PLACE,PLACE,pot_0,pot_0,pot_0,0,0,serve
post_post,7010,347,348,interact,COOK_START,COOK_START,1,pot_0,pot_0,1,1,COOK_START,COOK_START,COOK_START,pot_0,pot_0,pot_0,0,0,serve
post_post,7010,348,349,"(-1, 0)",FETCH,FETCH,1,onion_0,onion_0,1,1,FETCH,FETCH,FETCH,onion_0,onion_0,onion_0,0,0,serve
post_post,7010,350,351,"(0, 1)",PLACE,PLACE,1,pot_1,pot_1,1,1,PLACE,PLACE,PLACE,pot_1,pot_1,pot_1,0,0,serve
post_post,7010,356,357,"(1, 0)",FETCH,FETCH,1,onion_1,onion_1,1,1,FETCH,FETCH,FETCH,onion_1,onion_1,onion_1,0,0,serve
post_post,7010,358,359,"(0, 1)",PLACE,PLACE,1,pot_1,pot_1,1,1,PLACE,PLACE,PLACE,pot_1,pot_1,pot_1,0,0,serve
post_post,7010,362,363,"(1, 0)",FETCH,FETCH,1,onion_1,onion_1,1,1,FETCH,FETCH,FETCH,onion_1,onion_1,onion_1,0,0,serve
post_post,7010,364,365,"(0, 1)",PLACE,PLACE,1,pot_1,pot_1,1,1,PLACE,PLACE,PLACE,pot_1,pot_1,pot_1,0,0,serve
post_post,7010,368,369,interact,COOK_START,COOK_START,1,pot_1,pot_1,1,1,COOK_START,COOK_START,COOK_START,pot_1,pot_1,pot_1,0,0,serve
post_post,7010,369,370,"(0, 0)",GET_DISH,GET_DISH,1,dish_0,dish_0,1,1,GET_DISH,GET_DISH,GET_DISH,dish_0,dish_0,dish_0,0,0,cook
post_post,7010,375,376,"(1, 0)",PRE,PRE,1,pot_1,pot_0,0,0,PRE,PRE,PRE,none,pot_0,none,0,1,dynamic
post_post,7010,388,389,"(1, 0)",PICKUP,PICKUP,1,pot_1,pot_1,1,1,PICKUP,PICKUP,PICKUP,pot_1,pot_1,pot_1,0,0,cook
post_post,7010,391,392,"(0, 1)",DELIVER,DELIVER,1,serve_0,serve_0,1,1,DELIVER,DELIVER,DELIVER,serve_0,serve_0,serve_0,0,0,cook
post_post,7010,393,394,"(0, -1)",FETCH,FETCH,1,onion_1,onion_1,1,1,FETCH,FETCH,FETCH,onion_1,onion_1,onion_1,0,0,serve
post_post,7010,396,397,"(0, 1)",PLACE,PLACE,1,pot_1,pot_0,0,0,PLACE,PLACE,PLACE,pot_0,pot_0,pot_0,0,0,serve
post_post,7010,407,408,"(1, 0)",FETCH,FETCH,1,onion_1,onion_1,1,1,FETCH,FETCH,FETCH,onion_1,onion_1,onion_1,0,0,serve
post_post,7010,409,410,"(-1, 0)",PLACE,PLACE,1,pot_1,pot_1,1,1,PLACE,PLACE,PLACE,pot_1,pot_1,pot_1,0,0,serve
post_post,7010,413,414,"(1, 0)",FETCH,FETCH,1,onion_1,onion_1,1,1,FETCH,FETCH,FETCH,onion_1,onion_1,onion_1,0,0,serve
post_post,7010,415,416,"(-1, 0)",PLACE,PLACE,1,pot_1,pot_1,1,1,PLACE,PLACE,PLACE,pot_1,pot_1,pot_1,0,0,serve
post_post,7010,419,420,interact,COOK_START,COOK_START,1,pot_1,pot_1,1,1,COOK_START,COOK_START,COOK_START,pot_1,pot_1,pot_1,0,0,serve
post_post,7010,420,421,"(1, 0)",FETCH,FETCH,1,onion_1,onion_1,1,1,FETCH,FETCH,FETCH,onion_1,onion_1,onion_1,0,0,serve
post_post,7010,422,423,"(0, 1)",PLACE,PLACE,1,pot_0,pot_0,1,1,PLACE,PLACE,PLACE,pot_0,pot_0,pot_0,0,0,serve
post_post,7010,435,436,"(-1, 0)",FETCH,FETCH,1,onion_0,onion_0,1,1,FETCH,FETCH,FETCH,onion_0,onion_0,onion_0,0,0,serve
post_post,7010,437,438,"(0, 1)",PLACE,PLACE,1,pot_0,pot_0,1,1,PLACE,PLACE,PLACE,pot_0,pot_0,pot_0,0,0,serve
post_post,7010,441,442,"(-1, 0)",FETCH,FETCH,1,onion_0,onion_0,1,1,FETCH,FETCH,FETCH,onion_0,onion_0,onion_0,0,0,serve
post_post,7010,443,444,"(0, 1)",PLACE,PLACE,1,pot_0,pot_0,1,1,PLACE,PLACE,PLACE,pot_0,pot_0,pot_0,0,0,serve
post_post,7010,447,448,interact,COOK_START,COOK_START,1,pot_0,pot_0,1,1,COOK_START,COOK_START,COOK_START,pot_0,pot_0,pot_0,0,0,serve
post_post,7010,448,449,"(-1, 0)",FETCH,FETCH,1,onion_0,dish_0,0,0,GET_DISH,FETCH,GET_DISH,dish_0,dish_0,dish_0,1,0,serve
post_post,7010,450,451,"(0, 1)",PLACE,PLACE,1,pot_1,pot_1,1,1,PLACE,PLACE,PLACE,pot_1,pot_1,pot_1,0,0,serve
post_post,7010,456,457,"(1, 0)",FETCH,FETCH,1,onion_1,onion_1,1,1,FETCH,FETCH,FETCH,onion_1,onion_1,onion_1,0,0,serve
post_post,7010,458,459,"(0, 1)",PLACE,PLACE,1,pot_1,pot_1,1,1,PLACE,PLACE,PLACE,pot_1,pot_1,pot_1,0,0,serve
post_post,7010,462,463,"(1, 0)",FETCH,FETCH,1,onion_1,onion_1,1,1,FETCH,FETCH,FETCH,onion_1,onion_1,onion_1,0,0,serve
post_post,7010,464,465,"(0, 1)",PLACE,PLACE,1,pot_1,pot_1,1,1,PLACE,PLACE,PLACE,pot_1,pot_1,pot_1,0,0,serve
post_post,7010,468,469,interact,COOK_START,COOK_START,1,pot_1,pot_1,1,1,COOK_START,COOK_START,COOK_START,pot_1,pot_1,pot_1,0,0,serve
post_post,7010,469,470,"(0, 0)",GET_DISH,GET_DISH,1,dish_0,dish_0,1,1,GET_DISH,GET_DISH,GET_DISH,dish_0,dish_0,dish_0,0,0,cook
post_post,7010,475,476,"(1, 0)",PRE,PRE,1,pot_1,dish_0,0,0,PRE,PRE,PRE,pot_0,dish_0,pot_0,0,1,dynamic
post_post,7010,488,489,"(1, 0)",PICKUP,PICKUP,1,pot_1,pot_1,1,1,PICKUP,PICKUP,PICKUP,pot_1,pot_1,pot_1,0,0,cook
post_post,7010,491,492,"(0, 1)",DELIVER,DELIVER,1,serve_0,serve_0,1,1,DELIVER,DELIVER,DELIVER,serve_0,serve_0,serve_0,0,0,cook
post_post,7010,493,494,"(0, -1)",FETCH,FETCH,1,onion_1,onion_1,1,1,FETCH,FETCH,FETCH,onion_1,onion_1,onion_1,0,0,serve
post_post,7010,496,497,"(0, 1)",PLACE,PLACE,1,pot_1,pot_0,0,0,PLACE,PLACE,PLACE,pot_0,pot_0,pot_0,0,0,serve
post_post,7010,507,508,"(1, 0)",FETCH,FETCH,1,onion_1,onion_1,1,1,FETCH,FETCH,FETCH,onion_1,onion_1,onion_1,0,0,serve
post_post,7010,509,510,"(-1, 0)",PLACE,PLACE,1,pot_1,pot_1,1,1,PLACE,PLACE,PLACE,pot_1,pot_1,pot_1,0,0,serve
post_post,7010,513,514,"(1, 0)",FETCH,FETCH,1,onion_1,onion_1,1,1,FETCH,FETCH,FETCH,onion_1,onion_1,onion_1,0,0,serve
post_post,7010,515,516,"(-1, 0)",PLACE,PLACE,1,pot_1,pot_1,1,1,PLACE,PLACE,PLACE,pot_1,pot_1,pot_1,0,0,serve
post_post,7010,519,520,interact,COOK_START,COOK_START,1,pot_1,pot_1,1,1,COOK_START,COOK_START,COOK_START,pot_1,pot_1,pot_1,0,0,serve
post_post,7010,520,521,"(1, 0)",FETCH,FETCH,1,onion_1,onion_1,1,1,FETCH,FETCH,FETCH,onion_1,onion_1,onion_1,0,0,serve
post_post,7010,522,523,"(0, 1)",PLACE,PLACE,1,pot_0,pot_0,1,1,PLACE,PLACE,PLACE,pot_0,pot_0,pot_0,0,0,serve
post_post,7010,535,536,"(-1, 0)",FETCH,FETCH,1,onion_0,onion_0,1,1,GET_DISH,FETCH,GET_DISH,onion_0,onion_0,onion_0,1,0,serve
post_post,7010,537,538,"(0, 1)",PLACE,PLACE,1,pot_0,pot_0,1,1,PLACE,PLACE,PLACE,pot_0,pot_0,pot_0,0,0,serve
post_post,7010,541,542,"(-1, 0)",FETCH,FETCH,1,onion_0,onion_0,1,1,FETCH,FETCH,FETCH,onion_0,onion_0,onion_0,0,0,serve
post_post,7010,543,544,"(0, 1)",PLACE,PLACE,1,pot_0,pot_0,1,1,PLACE,PLACE,PLACE,pot_0,pot_0,pot_0,0,0,serve
post_post,7010,547,548,interact,COOK_START,COOK_START,1,pot_0,pot_0,1,1,COOK_START,COOK_START,COOK_START,pot_0,pot_0,pot_0,0,0,serve
post_post,7010,548,549,"(-1, 0)",FETCH,GET_DISH,0,onion_0,dish_0,0,0,GET_DISH,GET_DISH,GET_DISH,dish_0,dish_0,dish_0,0,0,cook
post_post,7010,550,551,"(0, 1)",PLACE,PLACE,1,pot_1,pot_1,1,1,PLACE,PLACE,PLACE,pot_1,pot_1,pot_1,0,0,serve
post_post,7010,556,557,"(1, 0)",FETCH,FETCH,1,onion_1,onion_1,1,1,FETCH,FETCH,FETCH,onion_1,onion_1,onion_1,0,0,serve
post_post,7010,558,559,"(0, 1)",PLACE,PLACE,1,pot_1,pot_1,1,1,PLACE,PLACE,PLACE,pot_1,pot_1,pot_1,0,0,serve
post_post,7010,562,563,"(1, 0)",FETCH,FETCH,1,onion_1,onion_1,1,1,FETCH,FETCH,FETCH,onion_1,onion_1,onion_1,0,0,serve
post_post,7010,564,565,"(0, 1)",PLACE,PLACE,1,pot_1,pot_1,1,1,PLACE,PLACE,PLACE,pot_1,pot_1,pot_1,0,0,serve
post_post,7010,568,569,interact,COOK_START,COOK_START,1,pot_1,pot_1,1,1,COOK_START,COOK_START,COOK_START,pot_1,pot_1,pot_1,0,0,serve
post_post,7010,569,570,"(0, 0)",GET_DISH,GET_DISH,1,dish_0,dish_0,1,1,GET_DISH,GET_DISH,GET_DISH,dish_0,dish_0,dish_0,0,0,cook
post_post,7010,575,576,"(1, 0)",PRE,PRE,1,pot_1,dish_0,0,0,PRE,PRE,PRE,pot_0,dish_0,dish_0,0,1,dynamic
post_post,7010,588,589,"(1, 0)",PICKUP,PICKUP,1,pot_1,pot_1,1,1,PICKUP,PICKUP,PICKUP,pot_1,pot_1,pot_1,0,0,cook
post_post,7010,591,592,"(0, 1)",DELIVER,DELIVER,1,serve_0,serve_0,1,1,DELIVER,DELIVER,DELIVER,serve_0,serve_0,serve_0,0,0,cook
post_post,7010,593,594,"(0, -1)",FETCH,FETCH,1,onion_1,onion_1,1,1,FETCH,FETCH,FETCH,onion_1,onion_1,onion_1,0,0,serve
post_post,7010,596,597,"(0, 1)",PLACE,PLACE,1,pot_1,pot_1,1,1,PLACE,PLACE,PLACE,pot_1,pot_1,pot_1,0,0,serve
post_post,7010,600,601,"(1, 0)",FETCH,FETCH,1,onion_1,onion_1,1,1,FETCH,FETCH,FETCH,onion_1,onion_1,onion_1,0,0,serve
post_post,7010,602,603,"(-1, 0)",PLACE,PLACE,1,pot_1,pot_1,1,1,PLACE,PLACE,PLACE,pot_1,pot_1,pot_1,0,0,serve
post_post,7010,606,607,"(1, 0)",FETCH,FETCH,1,onion_1,onion_1,1,1,FETCH,FETCH,FETCH,onion_1,onion_1,onion_1,0,0,serve
post_post,7010,608,609,"(-1, 0)",PLACE,PLACE,1,pot_1,pot_1,1,1,PLACE,PLACE,PLACE,pot_1,pot_1,pot_1,0,0,serve
post_post,7010,612,613,interact,COOK_START,COOK_START,1,pot_1,pot_1,1,1,COOK_START,COOK_START,COOK_START,pot_1,pot_1,pot_1,0,0,serve
post_post,7010,613,614,"(1, 0)",FETCH,FETCH,1,onion_1,onion_1,1,1,FETCH,FETCH,FETCH,onion_1,onion_1,onion_1,0,0,serve
post_post,7010,615,616,"(0, 1)",PLACE,PLACE,1,pot_0,pot_0,1,1,PLACE,PLACE,PLACE,pot_0,pot_0,pot_0,0,0,serve
post_post,7010,628,629,interact,COOK_START,COOK_START,1,pot_0,pot_0,1,1,COOK_START,COOK_START,COOK_START,pot_0,pot_0,pot_0,0,0,serve
post_post,7010,629,630,"(1, 0)",HOLD,HOLD,1,none,none,1,1,HOLD,HOLD,HOLD,none,none,none,0,0,dynamic
post_post,7010,635,636,"(-1, 0)",FETCH,GET_DISH,0,onion_0,dish_0,0,0,GET_DISH,GET_DISH,GET_DISH,dish_0,dish_0,dish_0,0,0,cook
post_post,7010,638,639,"(0, 1)",PLACE,PLACE,1,pot_1,pot_0,0,0,PLACE,PLACE,PLACE,pot_0,pot_0,pot_0,0,0,serve
post_post,7010,647,648,"(1, 0)",FETCH,FETCH,1,onion_1,onion_1,1,1,FETCH,FETCH,FETCH,onion_1,onion_1,onion_1,0,0,serve
post_post,7010,649,650,"(0, 1)",PLACE,PLACE,1,pot_1,pot_1,1,1,PLACE,PLACE,PLACE,pot_1,pot_1,pot_1,0,0,serve
post_post,7010,653,654,"(1, 0)",FETCH,FETCH,1,onion_1,onion_1,1,1,FETCH,FETCH,FETCH,onion_1,onion_1,onion_1,0,0,serve
post_post,7010,655,656,"(0, 1)",PLACE,PLACE,1,pot_1,pot_1,1,1,PLACE,PLACE,PLACE,pot_1,pot_1,pot_1,0,0,serve
post_post,7010,661,662,interact,COOK_START,COOK_START,1,pot_1,pot_1,1,1,COOK_START,COOK_START,COOK_START,pot_1,pot_1,pot_1,0,0,serve
post_post,7010,662,663,"(1, 0)",FETCH,FETCH,1,onion_1,onion_1,1,1,FETCH,FETCH,FETCH,onion_1,onion_1,onion_1,0,0,serve
post_post,7010,664,665,"(0, 1)",PLACE,PLACE,1,pot_0,pot_0,1,1,PLACE,PLACE,PLACE,pot_0,pot_0,pot_0,0,0,serve
post_post,7010,674,675,"(-1, 0)",FETCH,GET_DISH,0,onion_0,dish_0,0,0,GET_DISH,GET_DISH,GET_DISH,dish_0,dish_0,dish_0,0,0,cook
post_post,7010,676,677,"(0, 1)",PLACE,PLACE,1,pot_0,pot_0,1,1,PLACE,PLACE,PLACE,pot_0,pot_0,pot_0,0,0,serve
post_post,7010,680,681,"(-1, 0)",FETCH,GET_DISH,0,onion_0,dish_0,0,0,GET_DISH,GET_DISH,GET_DISH,dish_0,dish_0,dish_0,0,0,cook
post_post,7010,682,683,"(0, 1)",PLACE,PLACE,1,pot_0,pot_0,1,1,PLACE,PLACE,PLACE,pot_0,pot_0,pot_0,0,0,serve
post_post,7010,686,687,interact,COOK_START,COOK_START,1,pot_0,pot_0,1,1,COOK_START,COOK_START,COOK_START,pot_0,pot_0,pot_0,0,0,serve
post_post,7010,687,688,"(-1, 0)",FETCH,GET_DISH,0,onion_0,dish_0,0,0,GET_DISH,GET_DISH,GET_DISH,dish_0,dish_0,dish_0,0,0,cook
post_post,7010,689,690,"(0, 1)",PLACE,PLACE,1,pot_1,pot_1,1,1,PLACE,PLACE,PLACE,pot_1,pot_1,pot_1,0,0,serve
post_post,7010,695,696,"(1, 0)",FETCH,FETCH,1,onion_1,onion_1,1,1,FETCH,FETCH,FETCH,onion_1,onion_1,onion_1,0,0,serve
post_post,7010,697,698,"(0, 1)",PLACE,PLACE,1,pot_1,pot_1,1,1,PLACE,PLACE,PLACE,pot_1,pot_1,pot_1,0,0,serve
post_post,7011,0,1,"(0, -1)",FETCH,FETCH,1,onion_0,onion_0,1,1,FETCH,FETCH,FETCH,onion_0,onion_0,onion_0,0,0,serve
post_post,7011,5,6,"(0, 1)",PLACE,PLACE,1,pot_0,pot_0,1,1,PLACE,PLACE,PLACE,pot_0,pot_0,pot_0,0,0,serve
post_post,7011,9,10,"(-1, 0)",FETCH,FETCH,1,onion_0,onion_0,1,1,FETCH,FETCH,FETCH,onion_0,onion_0,onion_0,0,0,serve
post_post,7011,11,12,"(0, 1)",PLACE,PLACE,1,pot_0,pot_0,1,1,PLACE,PLACE,PLACE,pot_0,pot_0,pot_0,0,0,serve
post_post,7011,15,16,"(-1, 0)",FETCH,FETCH,1,onion_0,onion_0,1,1,FETCH,FETCH,FETCH,onion_0,onion_0,onion_0,0,0,serve
post_post,7011,17,18,"(0, 1)",PLACE,PLACE,1,pot_0,pot_0,1,1,PLACE,PLACE,PLACE,pot_0,pot_0,pot_0,0,0,serve
post_post,7011,21,22,interact,COOK_START,COOK_START,1,pot_0,pot_0,1,1,COOK_START,COOK_START,COOK_START,pot_0,pot_0,pot_0,0,0,serve
post_post,7011,22,23,"(-1, 0)",FETCH,FETCH,1,onion_0,onion_0,1,1,FETCH,FETCH,FETCH,onion_0,onion_0,onion_0,0,0,serve
post_post,7011,24,25,"(0, 1)",PLACE,PLACE,1,pot_1,pot_1,1,1,PLACE,PLACE,PLACE,pot_1,pot_1,pot_1,0,0,serve
post_post,7011,30,31,"(1, 0)",FETCH,FETCH,1,onion_1,onion_1,1,1,FETCH,FETCH,FETCH,onion_1,onion_1,onion_1,0,0,serve
post_post,7011,32,33,"(0, 1)",PLACE,PLACE,1,pot_1,pot_1,1,1,PLACE,PLACE,PLACE,pot_1,pot_1,pot_1,0,0,serve
post_post,7011,36,37,"(1, 0)",FETCH,FETCH,1,onion_1,onion_1,1,1,FETCH,FETCH,FETCH,onion_1,onion_1,onion_1,0,0,serve
post_post,7011,38,39,"(0, 1)",PLACE,PLACE,1,pot_1,pot_1,1,1,PLACE,PLACE,PLACE,pot_1,pot_1,pot_1,0,0,serve
post_post,7011,42,43,interact,COOK_START,COOK_START,1,pot_1,pot_1,1,1,COOK_START,COOK_START,COOK_START,pot_1,pot_1,pot_1,0,0,serve
post_post,7011,43,44,"(0, 0)",GET_DISH,GET_DISH,1,dish_0,dish_0,1,1,GET_DISH,GET_DISH,GET_DISH,dish_0,dish_0,dish_0,0,0,cook
post_post,7011,49,50,"(1, 0)",PRE,PRE,1,pot_1,pot_1,1,1,PRE,PRE,PRE,none,pot_1,none,0,1,dynamic
post_post,7011,62,63,"(1, 0)",PICKUP,PICKUP,1,pot_1,pot_1,1,1,PICKUP,PICKUP,PICKUP,pot_1,pot_1,pot_1,0,0,cook
post_post,7011,65,66,"(0, 1)",DELIVER,DELIVER,1,serve_0,serve_0,1,1,DELIVER,DELIVER,DELIVER,serve_0,serve_0,serve_0,0,0,cook
post_post,7011,67,68,"(0, -1)",FETCH,FETCH,1,onion_1,onion_1,1,1,FETCH,FETCH,FETCH,onion_1,onion_1,onion_1,0,0,serve
post_post,7011,70,71,"(0, 1)",PLACE,PLACE,1,pot_1,pot_1,1,1,PLACE,PLACE,PLACE,pot_1,pot_1,pot_1,0,0,serve
post_post,7011,81,82,"(1, 0)",FETCH,FETCH,1,onion_1,onion_1,1,1,FETCH,FETCH,FETCH,onion_1,onion_1,onion_1,0,0,serve
post_post,7011,83,84,"(-1, 0)",PLACE,PLACE,1,pot_1,pot_1,1,1,PLACE,PLACE,PLACE,pot_1,pot_1,pot_1,0,0,serve
post_post,7011,87,88,"(1, 0)",FETCH,FETCH,1,onion_1,onion_1,1,1,FETCH,FETCH,FETCH,onion_1,onion_1,onion_1,0,0,serve
post_post,7011,89,90,"(-1, 0)",PLACE,PLACE,1,pot_1,pot_1,1,1,PLACE,PLACE,PLACE,pot_1,pot_1,pot_1,0,0,serve
post_post,7011,93,94,interact,COOK_START,COOK_START,1,pot_1,pot_1,1,1,COOK_START,COOK_START,COOK_START,pot_1,pot_1,pot_1,0,0,serve
post_post,7011,94,95,"(1, 0)",FETCH,FETCH,1,onion_1,onion_1,1,1,FETCH,FETCH,FETCH,onion_1,onion_1,onion_1,0,0,serve
post_post,7011,96,97,"(0, 1)",PLACE,PLACE,1,pot_0,pot_0,1,1,PLACE,PLACE,PLACE,pot_0,pot_0,pot_0,0,0,serve
post_post,7011,109,110,"(-1, 0)",FETCH,FETCH,1,onion_0,onion_0,1,1,FETCH,FETCH,FETCH,onion_0,onion_0,onion_0,0,0,serve
post_post,7011,111,112,"(0, 1)",PLACE,PLACE,1,pot_0,pot_0,1,1,PLACE,PLACE,PLACE,pot_0,pot_0,pot_0,0,0,serve
post_post,7011,115,116,"(-1, 0)",FETCH,FETCH,1,onion_0,onion_0,1,1,FETCH,FETCH,FETCH,onion_0,onion_0,onion_0,0,0,serve
post_post,7011,117,118,"(0, 1)",PLACE,PLACE,1,pot_0,pot_0,1,1,PLACE,PLACE,PLACE,pot_0,pot_0,pot_0,0,0,serve
post_post,7011,121,122,interact,COOK_START,COOK_START,1,pot_0,pot_0,1,1,COOK_START,COOK_START,COOK_START,pot_0,pot_0,pot_0,0,0,serve
post_post,7011,122,123,"(-1, 0)",FETCH,FETCH,1,onion_0,onion_0,1,1,FETCH,FETCH,FETCH,onion_0,onion_0,onion_0,0,0,serve
post_post,7011,124,125,"(0, 1)",PLACE,PLACE,1,pot_1,pot_1,1,1,PLACE,PLACE,PLACE,pot_1,pot_1,pot_1,0,0,serve
post_post,7011,130,131,"(1, 0)",FETCH,FETCH,1,onion_1,onion_1,1,1,FETCH,FETCH,FETCH,onion_1,onion_1,onion_1,0,0,serve
post_post,7011,132,133,"(0, 1)",PLACE,PLACE,1,pot_1,pot_1,1,1,PLACE,PLACE,PLACE,pot_1,pot_1,pot_1,0,0,serve
post_post,7011,136,137,"(1, 0)",FETCH,FETCH,1,onion_1,onion_1,1,1,FETCH,FETCH,FETCH,onion_1,onion_1,onion_1,0,0,serve
post_post,7011,138,139,"(0, 1)",PLACE,PLACE,1,pot_1,pot_1,1,1,PLACE,PLACE,PLACE,pot_1,pot_1,pot_1,0,0,serve
post_post,7011,142,143,interact,COOK_START,COOK_START,1,pot_1,pot_1,1,1,COOK_START,COOK_START,COOK_START,pot_1,pot_1,pot_1,0,0,serve
post_post,7011,143,144,"(0, 0)",GET_DISH,GET_DISH,1,dish_0,dish_0,1,1,GET_DISH,GET_DISH,GET_DISH,dish_0,dish_0,dish_0,0,0,cook
post_post,7011,149,150,"(1, 0)",PRE,PRE,1,pot_1,pot_1,1,1,PRE,PRE,PRE,none,pot_1,none,0,1,dynamic
post_post,7011,162,163,"(1, 0)",PICKUP,PICKUP,1,pot_1,pot_1,1,1,PICKUP,PICKUP,PICKUP,pot_1,pot_1,pot_1,0,0,cook
post_post,7011,165,166,"(0, 1)",DELIVER,DELIVER,1,serve_0,serve_0,1,1,DELIVER,DELIVER,DELIVER,serve_0,serve_0,serve_0,0,0,cook
post_post,7011,167,168,"(0, -1)",FETCH,FETCH,1,onion_1,onion_1,1,1,FETCH,FETCH,FETCH,onion_1,onion_1,onion_1,0,0,serve
post_post,7011,170,171,"(0, 1)",PLACE,PLACE,1,pot_1,pot_1,1,1,PLACE,PLACE,PLACE,pot_1,pot_1,pot_1,0,0,serve
post_post,7011,181,182,"(1, 0)",FETCH,FETCH,1,onion_1,onion_1,1,1,FETCH,FETCH,FETCH,onion_1,onion_1,onion_1,0,0,serve
post_post,7011,183,184,"(-1, 0)",PLACE,PLACE,1,pot_1,pot_1,1,1,PLACE,PLACE,PLACE,pot_1,pot_1,pot_1,0,0,serve
post_post,7011,187,188,"(1, 0)",FETCH,FETCH,1,onion_1,onion_1,1,1,FETCH,FETCH,FETCH,onion_1,onion_1,onion_1,0,0,serve
post_post,7011,189,190,"(-1, 0)",PLACE,PLACE,1,pot_1,pot_1,1,1,PLACE,PLACE,PLACE,pot_1,pot_1,pot_1,0,0,serve
post_post,7011,193,194,interact,COOK_START,COOK_START,1,pot_1,pot_1,1,1,COOK_START,COOK_START,COOK_START,pot_1,pot_1,pot_1,0,0,serve
post_post,7011,194,195,"(1, 0)",FETCH,FETCH,1,onion_1,onion_1,1,1,FETCH,FETCH,FETCH,onion_1,onion_1,onion_1,0,0,serve
post_post,7011,196,197,"(0, 1)",PLACE,PLACE,1,pot_0,pot_0,1,1,PLACE,PLACE,PLACE,pot_0,pot_0,pot_0,0,0,serve
post_post,7011,209,210,"(-1, 0)",FETCH,FETCH,1,onion_0,onion_0,1,1,FETCH,FETCH,FETCH,onion_0,onion_0,onion_0,0,0,serve
post_post,7011,211,212,"(0, 1)",PLACE,PLACE,1,pot_0,pot_0,1,1,PLACE,PLACE,PLACE,pot_0,pot_0,pot_0,0,0,serve
post_post,7011,215,216,"(-1, 0)",FETCH,FETCH,1,onion_0,onion_0,1,1,FETCH,FETCH,FETCH,onion_0,onion_0,onion_0,0,0,serve
post_post,7011,217,218,"(0, 1)",PLACE,PLACE,1,pot_0,pot_0,1,1,PLACE,PLACE,PLACE,pot_0,pot_0,pot_0,0,0,serve
post_post,7011,221,222,interact,COOK_START,COOK_START,1,pot_0,pot_0,1,1,COOK_START,COOK_START,COOK_START,pot_0,pot_0,pot_0,0,0,serve
post_post,7011,222,223,"(-1, 0)",FETCH,FETCH,1,onion_0,onion_0,1,1,FETCH,FETCH,FETCH,onion_0,onion_0,onion_0,0,0,serve
post_post,7011,224,225,"(0, 1)",PLACE,PLACE,1,pot_1,pot_1,1,1,PLACE,PLACE,PLACE,pot_1,pot_1,pot_1,0,0,serve
post_post,7011,230,231,"(1, 0)",FETCH,FETCH,1,onion_1,onion_1,1,1,FETCH,FETCH,FETCH,onion_1,onion_1,onion_1,0,0,serve
post_post,7011,232,233,"(0, 1)",PLACE,PLACE,1,pot_1,pot_1,1,1,PLACE,PLACE,PLACE,pot_1,pot_1,pot_1,0,0,serve
post_post,7011,236,237,"(1, 0)",FETCH,FETCH,1,onion_1,onion_1,1,1,FETCH,FETCH,FETCH,onion_1,onion_1,onion_1,0,0,serve
post_post,7011,238,239,"(0, 1)",PLACE,PLACE,1,pot_1,pot_1,1,1,PLACE,PLACE,PLACE,pot_1,pot_1,pot_1,0,0,serve
post_post,7011,242,243,interact,COOK_START,COOK_START,1,pot_1,pot_1,1,1,COOK_START,COOK_START,COOK_START,pot_1,pot_1,pot_1,0,0,serve
post_post,7011,243,244,"(0, 0)",GET_DISH,GET_DISH,1,dish_0,dish_0,1,1,GET_DISH,GET_DISH,GET_DISH,dish_0,dish_0,dish_0,0,0,cook
post_post,7011,249,250,"(1, 0)",PRE,PRE,1,pot_1,pot_1,1,1,PRE,PRE,PRE,none,pot_1,none,0,1,dynamic
post_post,7011,262,263,"(1, 0)",PICKUP,PICKUP,1,pot_1,pot_1,1,1,PICKUP,PICKUP,PICKUP,pot_1,pot_1,pot_1,0,0,cook
post_post,7011,265,266,"(0, 1)",DELIVER,DELIVER,1,serve_0,serve_0,1,1,DELIVER,DELIVER,DELIVER,serve_0,serve_0,serve_0,0,0,cook
post_post,7011,267,268,"(0, -1)",FETCH,FETCH,1,onion_1,onion_1,1,1,FETCH,FETCH,FETCH,onion_1,onion_1,onion_1,0,0,serve
post_post,7011,270,271,"(0, 1)",PLACE,PLACE,1,pot_1,pot_1,1,1,PLACE,PLACE,PLACE,pot_1,pot_1,pot_1,0,0,serve
post_post,7011,281,282,"(1, 0)",FETCH,FETCH,1,onion_1,onion_1,1,1,FETCH,FETCH,FETCH,onion_1,onion_1,onion_1,0,0,serve
post_post,7011,283,284,"(-1, 0)",PLACE,PLACE,1,pot_1,pot_1,1,1,PLACE,PLACE,PLACE,pot_1,pot_1,pot_1,0,0,serve
post_post,7011,287,288,"(1, 0)",FETCH,FETCH,1,onion_1,onion_1,1,1,FETCH,FETCH,FETCH,onion_1,onion_1,onion_1,0,0,serve
post_post,7011,289,290,"(-1, 0)",PLACE,PLACE,1,pot_1,pot_1,1,1,PLACE,PLACE,PLACE,pot_1,pot_1,pot_1,0,0,serve
post_post,7011,293,294,interact,COOK_START,COOK_START,1,pot_1,pot_1,1,1,COOK_START,COOK_START,COOK_START,pot_1,pot_1,pot_1,0,0,serve
post_post,7011,294,295,"(1, 0)",FETCH,FETCH,1,onion_1,onion_1,1,1,FETCH,FETCH,FETCH,onion_1,onion_1,onion_1,0,0,serve
post_post,7011,296,297,"(0, 1)",PLACE,PLACE,1,pot_0,pot_0,1,1,PLACE,PLACE,PLACE,pot_0,pot_0,pot_0,0,0,serve
post_post,7011,309,310,"(-1, 0)",FETCH,FETCH,1,onion_0,onion_0,1,1,FETCH,FETCH,FETCH,onion_0,onion_0,onion_0,0,0,serve
post_post,7011,311,312,"(0, 1)",PLACE,PLACE,1,pot_0,pot_0,1,1,PLACE,PLACE,PLACE,pot_0,pot_0,pot_0,0,0,serve
post_post,7011,315,316,"(-1, 0)",FETCH,FETCH,1,onion_0,onion_0,1,1,FETCH,FETCH,FETCH,onion_0,onion_0,onion_0,0,0,serve
post_post,7011,317,318,"(0, 1)",PLACE,PLACE,1,pot_0,pot_0,1,1,PLACE,PLACE,PLACE,pot_0,pot_0,pot_0,0,0,serve
post_post,7011,321,322,interact,COOK_START,COOK_START,1,pot_0,pot_0,1,1,COOK_START,COOK_START,COOK_START,pot_0,pot_0,pot_0,0,0,serve
post_post,7011,322,323,"(-1, 0)",FETCH,FETCH,1,onion_0,onion_0,1,1,FETCH,FETCH,FETCH,onion_0,onion_0,onion_0,0,0,serve
post_post,7011,324,325,"(0, 1)",PLACE,PLACE,1,pot_1,pot_1,1,1,PLACE,PLACE,PLACE,pot_1,pot_1,pot_1,0,0,serve
post_post,7011,330,331,"(1, 0)",FETCH,FETCH,1,onion_1,onion_1,1,1,FETCH,FETCH,FETCH,onion_1,onion_1,onion_1,0,0,serve
post_post,7011,332,333,"(0, 1)",PLACE,PLACE,1,pot_1,pot_1,1,1,PLACE,PLACE,PLACE,pot_1,pot_1,pot_1,0,0,serve
post_post,7011,336,337,"(1, 0)",FETCH,FETCH,1,onion_1,onion_1,1,1,FETCH,FETCH,FETCH,onion_1,onion_1,onion_1,0,0,serve
post_post,7011,338,339,"(0, 1)",PLACE,PLACE,1,pot_1,pot_1,1,1,PLACE,PLACE,PLACE,pot_1,pot_1,pot_1,0,0,serve
post_post,7011,342,343,interact,COOK_START,COOK_START,1,pot_1,pot_1,1,1,COOK_START,COOK_START,COOK_START,pot_1,pot_1,pot_1,0,0,serve
post_post,7011,343,344,"(0, 0)",GET_DISH,GET_DISH,1,dish_0,dish_0,1,1,GET_DISH,GET_DISH,GET_DISH,dish_0,dish_0,dish_0,0,0,cook
post_post,7011,349,350,"(1, 0)",PRE,PRE,1,pot_1,pot_0,0,0,PRE,PRE,PRE,none,pot_0,none,0,1,dynamic
post_post,7011,362,363,"(1, 0)",PICKUP,PICKUP,1,pot_1,pot_1,1,1,PICKUP,PICKUP,PICKUP,pot_1,pot_1,pot_1,0,0,cook
post_post,7011,365,366,"(0, 1)",DELIVER,DELIVER,1,serve_0,serve_0,1,1,DELIVER,DELIVER,DELIVER,serve_0,serve_0,serve_0,0,0,cook
post_post,7011,367,368,"(0, -1)",FETCH,FETCH,1,onion_1,onion_1,1,1,FETCH,FETCH,FETCH,onion_1,onion_1,onion_1,0,0,serve
post_post,7011,370,371,"(0, 1)",PLACE,PLACE,1,pot_1,pot_0,0,0,PLACE,PLACE,PLACE,pot_0,pot_0,pot_0,0,0,serve
post_post,7011,381,382,"(1, 0)",FETCH,FETCH,1,onion_1,onion_1,1,1,FETCH,FETCH,FETCH,onion_1,onion_1,onion_1,0,0,serve
post_post,7011,383,384,"(-1, 0)",PLACE,PLACE,1,pot_1,pot_1,1,1,PLACE,PLACE,PLACE,pot_1,pot_1,pot_1,0,0,serve
post_post,7011,387,388,"(1, 0)",FETCH,FETCH,1,onion_1,onion_1,1,1,FETCH,FETCH,FETCH,onion_1,onion_1,onion_1,0,0,serve
post_post,7011,389,390,"(-1, 0)",PLACE,PLACE,1,pot_1,pot_1,1,1,PLACE,PLACE,PLACE,pot_1,pot_1,pot_1,0,0,serve
post_post,7011,393,394,interact,COOK_START,COOK_START,1,pot_1,pot_1,1,1,COOK_START,COOK_START,COOK_START,pot_1,pot_1,pot_1,0,0,serve
post_post,7011,394,395,"(1, 0)",FETCH,FETCH,1,onion_1,onion_1,1,1,FETCH,FETCH,FETCH,onion_1,onion_1,onion_1,0,0,serve
post_post,7011,396,397,"(0, 1)",PLACE,PLACE,1,pot_0,pot_0,1,1,PLACE,PLACE,PLACE,pot_0,pot_0,pot_0,0,0,serve
post_post,7011,409,410,"(-1, 0)",FETCH,FETCH,1,onion_0,onion_0,1,1,FETCH,FETCH,FETCH,onion_0,onion_0,onion_0,0,0,serve
post_post,7011,411,412,"(0, 1)",PLACE,PLACE,1,pot_0,pot_0,1,1,PLACE,PLACE,PLACE,pot_0,pot_0,pot_0,0,0,serve
post_post,7011,415,416,"(-1, 0)",FETCH,FETCH,1,onion_0,onion_0,1,1,FETCH,FETCH,FETCH,onion_0,onion_0,onion_0,0,0,serve
post_post,7011,417,418,"(0, 1)",PLACE,PLACE,1,pot_0,pot_0,1,1,PLACE,PLACE,PLACE,pot_0,pot_0,pot_0,0,0,serve
post_post,7011,421,422,interact,COOK_START,COOK_START,1,pot_0,pot_0,1,1,COOK_START,COOK_START,COOK_START,pot_0,pot_0,pot_0,0,0,serve
post_post,7011,422,423,"(-1, 0)",FETCH,FETCH,1,onion_0,onion_0,1,1,GET_DISH,FETCH,GET_DISH,dish_0,onion_0,dish_0,1,1,serve
post_post,7011,424,425,"(0, 1)",PLACE,PLACE,1,pot_1,pot_1,1,1,PLACE,PLACE,PLACE,pot_1,pot_1,pot_1,0,0,serve
post_post,7011,430,431,"(1, 0)",FETCH,FETCH,1,onion_1,onion_1,1,1,FETCH,FETCH,FETCH,onion_1,onion_1,onion_1,0,0,serve
post_post,7011,432,433,"(0, 1)",PLACE,PLACE,1,pot_1,pot_1,1,1,PLACE,PLACE,PLACE,pot_1,pot_1,pot_1,0,0,serve
post_post,7011,436,437,"(1, 0)",FETCH,FETCH,1,onion_1,onion_1,1,1,FETCH,FETCH,FETCH,onion_1,onion_1,onion_1,0,0,serve
post_post,7011,438,439,"(0, 1)",PLACE,PLACE,1,pot_1,pot_1,1,1,PLACE,PLACE,PLACE,pot_1,pot_1,pot_1,0,0,serve
post_post,7011,442,443,interact,COOK_START,COOK_START,1,pot_1,pot_1,1,1,COOK_START,COOK_START,COOK_START,pot_1,pot_1,pot_1,0,0,serve
post_post,7011,443,444,"(0, 0)",GET_DISH,GET_DISH,1,dish_0,dish_0,1,1,GET_DISH,GET_DISH,GET_DISH,dish_0,dish_0,dish_0,0,0,cook
post_post,7011,449,450,"(1, 0)",PRE,PRE,1,pot_1,pot_0,0,0,PRE,PRE,PRE,pot_0,pot_0,pot_0,0,0,dynamic
post_post,7011,462,463,"(1, 0)",PICKUP,PICKUP,1,pot_1,pot_1,1,1,PICKUP,PICKUP,PICKUP,pot_1,pot_1,pot_1,0,0,cook
post_post,7011,465,466,"(0, 1)",DELIVER,DELIVER,1,serve_0,serve_0,1,1,DELIVER,DELIVER,DELIVER,serve_0,serve_0,serve_0,0,0,cook
post_post,7011,467,468,"(0, -1)",FETCH,FETCH,1,onion_1,onion_1,1,1,FETCH,FETCH,FETCH,onion_1,onion_1,onion_1,0,0,serve
post_post,7011,470,471,"(0, 1)",PLACE,PLACE,1,pot_1,pot_0,0,0,PLACE,PLACE,PLACE,pot_0,pot_0,pot_0,0,0,serve
post_post,7011,481,482,"(1, 0)",FETCH,FETCH,1,onion_1,onion_1,1,1,FETCH,FETCH,FETCH,onion_1,onion_1,onion_1,0,0,serve
post_post,7011,483,484,"(-1, 0)",PLACE,PLACE,1,pot_1,pot_1,1,1,PLACE,PLACE,PLACE,pot_1,pot_1,pot_1,0,0,serve
post_post,7011,487,488,"(1, 0)",FETCH,FETCH,1,onion_1,onion_1,1,1,FETCH,FETCH,FETCH,onion_1,onion_1,onion_1,0,0,serve
post_post,7011,489,490,"(-1, 0)",PLACE,PLACE,1,pot_1,pot_1,1,1,PLACE,PLACE,PLACE,pot_1,pot_1,pot_1,0,0,serve
post_post,7011,493,494,interact,COOK_START,COOK_START,1,pot_1,pot_1,1,1,COOK_START,COOK_START,COOK_START,pot_1,pot_1,pot_1,0,0,serve
post_post,7011,494,495,"(1, 0)",FETCH,FETCH,1,onion_1,onion_1,1,1,FETCH,FETCH,FETCH,onion_1,onion_1,onion_1,0,0,serve
post_post,7011,496,497,"(0, 1)",PLACE,PLACE,1,pot_0,pot_0,1,1,PLACE,PLACE,PLACE,pot_0,pot_0,pot_0,0,0,serve
post_post,7011,509,510,"(-1, 0)",FETCH,FETCH,1,onion_0,onion_0,1,1,GET_DISH,FETCH,GET_DISH,onion_0,onion_0,onion_0,1,0,serve
post_post,7011,511,512,"(0, 1)",PLACE,PLACE,1,pot_0,pot_0,1,1,PLACE,PLACE,PLACE,pot_0,pot_0,pot_0,0,0,serve
post_post,7011,515,516,"(-1, 0)",FETCH,FETCH,1,onion_0,onion_0,1,1,FETCH,FETCH,FETCH,onion_0,onion_0,onion_0,0,0,serve
post_post,7011,517,518,"(0, 1)",PLACE,PLACE,1,pot_0,pot_0,1,1,PLACE,PLACE,PLACE,pot_0,pot_0,pot_0,0,0,serve
post_post,7011,521,522,interact,COOK_START,COOK_START,1,pot_0,pot_0,1,1,COOK_START,COOK_START,COOK_START,pot_0,pot_0,pot_0,0,0,serve
post_post,7011,522,523,"(-1, 0)",FETCH,GET_DISH,0,onion_0,dish_0,0,0,GET_DISH,GET_DISH,GET_DISH,dish_0,dish_0,dish_0,0,0,cook
post_post,7011,524,525,"(0, 1)",PLACE,PLACE,1,pot_1,pot_1,1,1,PLACE,PLACE,PLACE,pot_1,pot_1,pot_1,0,0,serve
post_post,7011,530,531,"(1, 0)",FETCH,FETCH,1,onion_1,onion_1,1,1,FETCH,FETCH,FETCH,onion_1,onion_1,onion_1,0,0,serve
post_post,7011,532,533,"(0, 1)",PLACE,PLACE,1,pot_1,pot_1,1,1,PLACE,PLACE,PLACE,pot_1,pot_1,pot_1,0,0,serve
post_post,7011,536,537,"(1, 0)",FETCH,FETCH,1,onion_1,onion_1,1,1,FETCH,FETCH,FETCH,onion_1,onion_1,onion_1,0,0,serve
post_post,7011,538,539,"(0, 1)",PLACE,PLACE,1,pot_1,pot_1,1,1,PLACE,PLACE,PLACE,pot_1,pot_1,pot_1,0,0,serve
post_post,7011,542,543,interact,COOK_START,COOK_START,1,pot_1,pot_1,1,1,COOK_START,COOK_START,COOK_START,pot_1,pot_1,pot_1,0,0,serve
post_post,7011,543,544,"(0, 0)",GET_DISH,GET_DISH,1,dish_0,dish_0,1,1,GET_DISH,GET_DISH,GET_DISH,dish_0,dish_0,dish_0,0,0,cook
post_post,7011,549,550,"(1, 0)",PRE,PRE,1,pot_1,dish_0,0,0,PRE,PRE,PRE,pot_0,dish_0,pot_0,0,1,dynamic
post_post,7011,562,563,"(1, 0)",PICKUP,PICKUP,1,pot_1,pot_1,1,1,PICKUP,PICKUP,PICKUP,pot_1,pot_1,pot_1,0,0,cook
post_post,7011,565,566,"(0, 1)",DELIVER,DELIVER,1,serve_0,serve_0,1,1,DELIVER,DELIVER,DELIVER,serve_0,serve_0,serve_0,0,0,cook
post_post,7011,567,568,"(0, -1)",FETCH,FETCH,1,onion_1,onion_1,1,1,FETCH,FETCH,FETCH,onion_1,onion_1,onion_1,0,0,serve
post_post,7011,570,571,"(0, 1)",PLACE,PLACE,1,pot_1,pot_0,0,0,PLACE,PLACE,PLACE,pot_0,pot_0,pot_0,0,0,serve
post_post,7011,581,582,"(1, 0)",FETCH,FETCH,1,onion_1,onion_1,1,1,FETCH,FETCH,FETCH,onion_1,onion_1,onion_1,0,0,serve
post_post,7011,583,584,"(-1, 0)",PLACE,PLACE,1,pot_1,pot_1,1,1,PLACE,PLACE,PLACE,pot_1,pot_1,pot_1,0,0,serve
post_post,7011,587,588,"(1, 0)",FETCH,FETCH,1,onion_1,onion_1,1,1,FETCH,FETCH,FETCH,onion_1,onion_1,onion_1,0,0,serve
post_post,7011,589,590,"(-1, 0)",PLACE,PLACE,1,pot_1,pot_1,1,1,PLACE,PLACE,PLACE,pot_1,pot_1,pot_1,0,0,serve
post_post,7011,593,594,interact,COOK_START,COOK_START,1,pot_1,pot_1,1,1,COOK_START,COOK_START,COOK_START,pot_1,pot_1,pot_1,0,0,serve
post_post,7011,594,595,"(1, 0)",FETCH,FETCH,1,onion_1,onion_1,1,1,FETCH,FETCH,FETCH,onion_1,onion_1,onion_1,0,0,serve
post_post,7011,596,597,"(0, 1)",PLACE,PLACE,1,pot_0,pot_0,1,1,PLACE,PLACE,PLACE,pot_0,pot_0,pot_0,0,0,serve
post_post,7011,609,610,"(-1, 0)",FETCH,GET_DISH,0,onion_0,dish_0,0,0,GET_DISH,GET_DISH,GET_DISH,dish_0,dish_0,dish_0,0,0,cook
post_post,7011,611,612,"(0, 1)",PLACE,PLACE,1,pot_0,pot_0,1,1,PLACE,PLACE,PLACE,pot_0,pot_0,pot_0,0,0,serve
post_post,7011,615,616,"(-1, 0)",FETCH,FETCH,1,onion_0,onion_0,1,1,FETCH,FETCH,FETCH,onion_0,onion_0,onion_0,0,0,serve
post_post,7011,617,618,"(0, 1)",PLACE,PLACE,1,pot_0,pot_0,1,1,PLACE,PLACE,PLACE,pot_0,pot_0,pot_0,0,0,serve
post_post,7011,621,622,interact,COOK_START,COOK_START,1,pot_0,pot_0,1,1,COOK_START,COOK_START,COOK_START,pot_0,pot_0,pot_0,0,0,serve
post_post,7011,622,623,"(-1, 0)",FETCH,GET_DISH,0,onion_0,dish_0,0,0,GET_DISH,GET_DISH,GET_DISH,dish_0,dish_0,dish_0,0,0,cook
post_post,7011,624,625,"(0, 1)",PLACE,PLACE,1,pot_1,pot_1,1,1,PLACE,PLACE,PLACE,pot_1,pot_1,pot_1,0,0,serve
post_post,7011,630,631,"(1, 0)",FETCH,FETCH,1,onion_1,onion_1,1,1,FETCH,FETCH,FETCH,onion_1,onion_1,onion_1,0,0,serve
post_post,7011,632,633,"(0, 1)",PLACE,PLACE,1,pot_1,pot_1,1,1,PLACE,PLACE,PLACE,pot_1,pot_1,pot_1,0,0,serve
post_post,7011,636,637,"(1, 0)",FETCH,FETCH,1,onion_1,onion_1,1,1,FETCH,FETCH,FETCH,onion_1,onion_1,onion_1,0,0,serve
post_post,7011,638,639,"(0, 1)",PLACE,PLACE,1,pot_1,pot_1,1,1,PLACE,PLACE,PLACE,pot_1,pot_1,pot_1,0,0,serve
post_post,7011,642,643,interact,COOK_START,COOK_START,1,pot_1,pot_1,1,1,COOK_START,COOK_START,COOK_START,pot_1,pot_1,pot_1,0,0,serve
post_post,7011,643,644,"(0, 0)",GET_DISH,GET_DISH,1,dish_0,dish_0,1,1,GET_DISH,GET_DISH,GET_DISH,dish_0,dish_0,dish_0,0,0,cook
post_post,7011,649,650,"(1, 0)",PRE,PRE,1,pot_1,dish_0,0,0,PRE,PRE,PRE,dish_0,dish_0,dish_0,0,0,dynamic
post_post,7011,662,663,"(1, 0)",PICKUP,PICKUP,1,pot_1,pot_1,1,1,PICKUP,PICKUP,PICKUP,pot_1,pot_1,pot_1,0,0,cook
post_post,7011,665,666,"(0, 1)",DELIVER,DELIVER,1,serve_0,serve_0,1,1,DELIVER,DELIVER,DELIVER,serve_0,serve_0,serve_0,0,0,cook
post_post,7011,667,668,"(0, -1)",FETCH,FETCH,1,onion_1,onion_1,1,1,FETCH,FETCH,FETCH,onion_1,onion_1,onion_1,0,0,serve
post_post,7011,670,671,"(0, 1)",PLACE,PLACE,1,pot_1,pot_1,1,1,PLACE,PLACE,PLACE,pot_1,pot_1,pot_1,0,0,serve
post_post,7011,674,675,"(1, 0)",FETCH,FETCH,1,onion_1,onion_1,1,1,FETCH,FETCH,FETCH,onion_1,onion_1,onion_1,0,0,serve
post_post,7011,676,677,"(-1, 0)",PLACE,PLACE,1,pot_1,pot_1,1,1,PLACE,PLACE,PLACE,pot_1,pot_1,pot_1,0,0,serve
post_post,7011,680,681,"(1, 0)",FETCH,FETCH,1,onion_1,onion_1,1,1,FETCH,FETCH,FETCH,onion_1,onion_1,onion_1,0,0,serve
post_post,7011,682,683,"(-1, 0)",PLACE,PLACE,1,pot_1,pot_1,1,1,PLACE,PLACE,PLACE,pot_1,pot_1,pot_1,0,0,serve
post_post,7011,686,687,interact,COOK_START,COOK_START,1,pot_1,pot_1,1,1,COOK_START,COOK_START,COOK_START,pot_1,pot_1,pot_1,0,0,serve
post_post,7011,687,688,"(1, 0)",FETCH,FETCH,1,onion_1,onion_1,1,1,FETCH,FETCH,FETCH,onion_1,onion_1,onion_1,0,0,serve
post_post,7011,689,690,"(0, 1)",PLACE,PLACE,1,pot_0,pot_0,1,1,PLACE,PLACE,PLACE,pot_0,pot_0,pot_0,0,0,serve
post_post,7012,0,1,"(0, 0)",FETCH,FETCH,1,onion_0,onion_0,1,1,FETCH,FETCH,FETCH,onion_0,onion_0,onion_0,0,0,serve
post_post,7012,6,7,"(0, 1)",PLACE,PLACE,1,pot_0,pot_0,1,1,PLACE,PLACE,PLACE,pot_0,pot_0,pot_0,0,0,serve
post_post,7012,10,11,"(-1, 0)",FETCH,FETCH,1,onion_0,onion_0,1,1,FETCH,FETCH,FETCH,onion_0,onion_0,onion_0,0,0,serve
post_post,7012,12,13,"(0, 1)",PLACE,PLACE,1,pot_0,pot_0,1,1,PLACE,PLACE,PLACE,pot_0,pot_0,pot_0,0,0,serve
post_post,7012,16,17,"(-1, 0)",FETCH,FETCH,1,onion_0,onion_0,1,1,FETCH,FETCH,FETCH,onion_0,onion_0,onion_0,0,0,serve
post_post,7012,18,19,"(0, 1)",PLACE,PLACE,1,pot_0,pot_0,1,1,PLACE,PLACE,PLACE,pot_0,pot_0,pot_0,0,0,serve
post_post,7012,22,23,interact,COOK_START,COOK_START,1,pot_0,pot_0,1,1,COOK_START,COOK_START,COOK_START,pot_0,pot_0,pot_0,0,0,serve
post_post,7012,23,24,"(-1, 0)",FETCH,FETCH,1,onion_0,onion_0,1,1,FETCH,FETCH,FETCH,onion_0,onion_0,onion_0,0,0,serve
post_post,7012,25,26,"(0, 1)",PLACE,PLACE,1,pot_1,pot_1,1,1,PLACE,PLACE,PLACE,pot_1,pot_1,pot_1,0,0,serve
post_post,7012,31,32,"(1, 0)",FETCH,FETCH,1,onion_1,onion_1,1,1,FETCH,FETCH,FETCH,onion_1,onion_1,onion_1,0,0,serve
post_post,7012,33,34,"(0, 1)",PLACE,PLACE,1,pot_1,pot_1,1,1,PLACE,PLACE,PLACE,pot_1,pot_1,pot_1,0,0,serve
post_post,7012,37,38,"(1, 0)",FETCH,FETCH,1,onion_1,onion_1,1,1,FETCH,FETCH,FETCH,onion_1,onion_1,onion_1,0,0,serve
post_post,7012,39,40,"(0, 1)",PLACE,PLACE,1,pot_1,pot_1,1,1,PLACE,PLACE,PLACE,pot_1,pot_1,pot_1,0,0,serve
post_post,7012,43,44,interact,COOK_START,COOK_START,1,pot_1,pot_1,1,1,COOK_START,COOK_START,COOK_START,pot_1,pot_1,pot_1,0,0,serve
post_post,7012,44,45,"(0, 0)",GET_DISH,GET_DISH,1,dish_0,dish_0,1,1,GET_DISH,GET_DISH,GET_DISH,dish_0,dish_0,dish_0,0,0,cook
post_post,7012,50,51,"(1, 0)",PRE,PRE,1,pot_1,pot_1,1,1,PRE,PRE,PRE,none,pot_1,none,0,1,dynamic
post_post,7012,63,64,"(1, 0)",PICKUP,PICKUP,1,pot_1,pot_1,1,1,PICKUP,PICKUP,PICKUP,pot_1,pot_1,pot_1,0,0,cook
post_post,7012,66,67,"(0, 1)",DELIVER,DELIVER,1,serve_0,serve_0,1,1,DELIVER,DELIVER,DELIVER,serve_0,serve_0,serve_0,0,0,cook
post_post,7012,68,69,"(0, -1)",FETCH,FETCH,1,onion_1,onion_1,1,1,FETCH,FETCH,FETCH,onion_1,onion_1,onion_1,0,0,serve
post_post,7012,71,72,"(0, 1)",PLACE,PLACE,1,pot_1,pot_1,1,1,PLACE,PLACE,PLACE,pot_1,pot_1,pot_1,0,0,serve
post_post,7012,82,83,"(1, 0)",FETCH,FETCH,1,onion_1,onion_1,1,1,FETCH,FETCH,FETCH,onion_1,onion_1,onion_1,0,0,serve
post_post,7012,84,85,"(-1, 0)",PLACE,PLACE,1,pot_1,pot_1,1,1,PLACE,PLACE,PLACE,pot_1,pot_1,pot_1,0,0,serve
post_post,7012,88,89,"(1, 0)",FETCH,FETCH,1,onion_1,onion_1,1,1,FETCH,FETCH,FETCH,onion_1,onion_1,onion_1,0,0,serve
post_post,7012,90,91,"(-1, 0)",PLACE,PLACE,1,pot_1,pot_1,1,1,PLACE,PLACE,PLACE,pot_1,pot_1,pot_1,0,0,serve
post_post,7012,94,95,interact,COOK_START,COOK_START,1,pot_1,pot_1,1,1,COOK_START,COOK_START,COOK_START,pot_1,pot_1,pot_1,0,0,serve
post_post,7012,95,96,"(1, 0)",FETCH,FETCH,1,onion_1,onion_1,1,1,FETCH,FETCH,FETCH,onion_1,onion_1,onion_1,0,0,serve
post_post,7012,97,98,"(0, 1)",PLACE,PLACE,1,pot_0,pot_0,1,1,PLACE,PLACE,PLACE,pot_0,pot_0,pot_0,0,0,serve
post_post,7012,110,111,"(-1, 0)",FETCH,FETCH,1,onion_0,onion_0,1,1,FETCH,FETCH,FETCH,onion_0,onion_0,onion_0,0,0,serve
post_post,7012,112,113,"(0, 1)",PLACE,PLACE,1,pot_0,pot_0,1,1,PLACE,PLACE,PLACE,pot_0,pot_0,pot_0,0,0,serve
post_post,7012,116,117,"(-1, 0)",FETCH,FETCH,1,onion_0,onion_0,1,1,FETCH,FETCH,FETCH,onion_0,onion_0,onion_0,0,0,serve
post_post,7012,118,119,"(0, 1)",PLACE,PLACE,1,pot_0,pot_0,1,1,PLACE,PLACE,PLACE,pot_0,pot_0,pot_0,0,0,serve
post_post,7012,122,123,interact,COOK_START,COOK_START,1,pot_0,pot_0,1,1,COOK_START,COOK_START,COOK_START,pot_0,pot_0,pot_0,0,0,serve
post_post,7012,123,124,"(-1, 0)",FETCH,FETCH,1,onion_0,onion_0,1,1,FETCH,FETCH,FETCH,onion_0,onion_0,onion_0,0,0,serve
post_post,7012,125,126,"(0, 1)",PLACE,PLACE,1,pot_1,pot_1,1,1,PLACE,PLACE,PLACE,pot_1,pot_1,pot_1,0,0,serve
post_post,7012,131,132,"(1, 0)",FETCH,FETCH,1,onion_1,onion_1,1,1,FETCH,FETCH,FETCH,onion_1,onion_1,onion_1,0,0,serve
post_post,7012,133,134,"(0, 1)",PLACE,PLACE,1,pot_1,pot_1,1,1,PLACE,PLACE,PLACE,pot_1,pot_1,pot_1,0,0,serve
post_post,7012,137,138,"(1, 0)",FETCH,FETCH,1,onion_1,onion_1,1,1,FETCH,FETCH,FETCH,onion_1,onion_1,onion_1,0,0,serve
post_post,7012,139,140,"(0, 1)",PLACE,PLACE,1,pot_1,pot_1,1,1,PLACE,PLACE,PLACE,pot_1,pot_1,pot_1,0,0,serve
post_post,7012,143,144,interact,COOK_START,COOK_START,1,pot_1,pot_1,1,1,COOK_START,COOK_START,COOK_START,pot_1,pot_1,pot_1,0,0,serve
post_post,7012,144,145,"(0, 0)",GET_DISH,GET_DISH,1,dish_0,dish_0,1,1,GET_DISH,GET_DISH,GET_DISH,dish_0,dish_0,dish_0,0,0,cook
post_post,7012,150,151,"(1, 0)",PRE,PRE,1,pot_1,pot_1,1,1,PRE,PRE,PRE,none,pot_1,none,0,1,dynamic
post_post,7012,163,164,"(1, 0)",PICKUP,PICKUP,1,pot_1,pot_1,1,1,PICKUP,PICKUP,PICKUP,pot_1,pot_1,pot_1,0,0,cook
post_post,7012,166,167,"(0, 1)",DELIVER,DELIVER,1,serve_0,serve_0,1,1,DELIVER,DELIVER,DELIVER,serve_0,serve_0,serve_0,0,0,cook
post_post,7012,168,169,"(0, -1)",FETCH,FETCH,1,onion_1,onion_1,1,1,FETCH,FETCH,FETCH,onion_1,onion_1,onion_1,0,0,serve
post_post,7012,171,172,"(0, 1)",PLACE,PLACE,1,pot_1,pot_1,1,1,PLACE,PLACE,PLACE,pot_1,pot_1,pot_1,0,0,serve
post_post,7012,182,183,"(1, 0)",FETCH,FETCH,1,onion_1,onion_1,1,1,FETCH,FETCH,FETCH,onion_1,onion_1,onion_1,0,0,serve
post_post,7012,184,185,"(-1, 0)",PLACE,PLACE,1,pot_1,pot_1,1,1,PLACE,PLACE,PLACE,pot_1,pot_1,pot_1,0,0,serve
post_post,7012,188,189,"(1, 0)",FETCH,FETCH,1,onion_1,onion_1,1,1,FETCH,FETCH,FETCH,onion_1,onion_1,onion_1,0,0,serve
post_post,7012,190,191,"(-1, 0)",PLACE,PLACE,1,pot_1,pot_1,1,1,PLACE,PLACE,PLACE,pot_1,pot_1,pot_1,0,0,serve
post_post,7012,194,195,interact,COOK_START,COOK_START,1,pot_1,pot_1,1,1,COOK_START,COOK_START,COOK_START,pot_1,pot_1,pot_1,0,0,serve
post_post,7012,195,196,"(1, 0)",FETCH,FETCH,1,onion_1,onion_1,1,1,FETCH,FETCH,FETCH,onion_1,onion_1,onion_1,0,0,serve
post_post,7012,197,198,"(0, 1)",PLACE,PLACE,1,pot_0,pot_0,1,1,PLACE,PLACE,PLACE,pot_0,pot_0,pot_0,0,0,serve
post_post,7012,210,211,"(-1, 0)",FETCH,FETCH,1,onion_0,onion_0,1,1,FETCH,FETCH,FETCH,onion_0,onion_0,onion_0,0,0,serve
post_post,7012,212,213,"(0, 1)",PLACE,PLACE,1,pot_0,pot_0,1,1,PLACE,PLACE,PLACE,pot_0,pot_0,pot_0,0,0,serve
post_post,7012,216,217,"(-1, 0)",FETCH,FETCH,1,onion_0,onion_0,1,1,FETCH,FETCH,FETCH,onion_0,onion_0,onion_0,0,0,serve
post_post,7012,218,219,"(0, 1)",PLACE,PLACE,1,pot_0,pot_0,1,1,PLACE,PLACE,PLACE,pot_0,pot_0,pot_0,0,0,serve
post_post,7012,222,223,interact,COOK_START,COOK_START,1,pot_0,pot_0,1,1,COOK_START,COOK_START,COOK_START,pot_0,pot_0,pot_0,0,0,serve
post_post,7012,223,224,"(-1, 0)",FETCH,FETCH,1,onion_0,onion_0,1,1,FETCH,FETCH,FETCH,onion_0,onion_0,onion_0,0,0,serve
post_post,7012,225,226,"(0, 1)",PLACE,PLACE,1,pot_1,pot_1,1,1,PLACE,PLACE,PLACE,pot_1,pot_1,pot_1,0,0,serve
post_post,7012,231,232,"(1, 0)",FETCH,FETCH,1,onion_1,onion_1,1,1,FETCH,FETCH,FETCH,onion_1,onion_1,onion_1,0,0,serve
post_post,7012,233,234,"(0, 1)",PLACE,PLACE,1,pot_1,pot_1,1,1,PLACE,PLACE,PLACE,pot_1,pot_1,pot_1,0,0,serve
post_post,7012,237,238,"(1, 0)",FETCH,FETCH,1,onion_1,onion_1,1,1,FETCH,FETCH,FETCH,onion_1,onion_1,onion_1,0,0,serve
post_post,7012,239,240,"(0, 1)",PLACE,PLACE,1,pot_1,pot_1,1,1,PLACE,PLACE,PLACE,pot_1,pot_1,pot_1,0,0,serve
post_post,7012,243,244,interact,COOK_START,COOK_START,1,pot_1,pot_1,1,1,COOK_START,COOK_START,COOK_START,pot_1,pot_1,pot_1,0,0,serve
post_post,7012,244,245,"(0, 0)",GET_DISH,GET_DISH,1,dish_0,dish_0,1,1,GET_DISH,GET_DISH,GET_DISH,dish_0,dish_0,dish_0,0,0,cook
post_post,7012,250,251,"(1, 0)",PRE,PRE,1,pot_1,pot_1,1,1,PRE,PRE,PRE,none,pot_1,none,0,1,dynamic
post_post,7012,263,264,"(1, 0)",PICKUP,PICKUP,1,pot_1,pot_1,1,1,PICKUP,PICKUP,PICKUP,pot_1,pot_1,pot_1,0,0,cook
post_post,7012,266,267,"(0, 1)",DELIVER,DELIVER,1,serve_0,serve_0,1,1,DELIVER,DELIVER,DELIVER,serve_0,serve_0,serve_0,0,0,cook
post_post,7012,268,269,"(0, -1)",FETCH,FETCH,1,onion_1,onion_1,1,1,FETCH,FETCH,FETCH,onion_1,onion_1,onion_1,0,0,serve
post_post,7012,271,272,"(0, 1)",PLACE,PLACE,1,pot_1,pot_1,1,1,PLACE,PLACE,PLACE,pot_1,pot_1,pot_1,0,0,serve
post_post,7012,282,283,"(1, 0)",FETCH,FETCH,1,onion_1,onion_1,1,1,FETCH,FETCH,FETCH,onion_1,onion_1,onion_1,0,0,serve
post_post,7012,284,285,"(-1, 0)",PLACE,PLACE,1,pot_1,pot_1,1,1,PLACE,PLACE,PLACE,pot_1,pot_1,pot_1,0,0,serve
post_post,7012,288,289,"(1, 0)",FETCH,FETCH,1,onion_1,onion_1,1,1,FETCH,FETCH,FETCH,onion_1,onion_1,onion_1,0,0,serve
post_post,7012,290,291,"(-1, 0)",PLACE,PLACE,1,pot_1,pot_1,1,1,PLACE,PLACE,PLACE,pot_1,pot_1,pot_1,0,0,serve
post_post,7012,294,295,interact,COOK_START,COOK_START,1,pot_1,pot_1,1,1,COOK_START,COOK_START,COOK_START,pot_1,pot_1,pot_1,0,0,serve
post_post,7012,295,296,"(1, 0)",FETCH,FETCH,1,onion_1,onion_1,1,1,FETCH,FETCH,FETCH,onion_1,onion_1,onion_1,0,0,serve
post_post,7012,297,298,"(0, 1)",PLACE,PLACE,1,pot_0,pot_0,1,1,PLACE,PLACE,PLACE,pot_0,pot_0,pot_0,0,0,serve
post_post,7012,310,311,"(-1, 0)",FETCH,FETCH,1,onion_0,onion_0,1,1,FETCH,FETCH,FETCH,onion_0,onion_0,onion_0,0,0,serve
post_post,7012,312,313,"(0, 1)",PLACE,PLACE,1,pot_0,pot_0,1,1,PLACE,PLACE,PLACE,pot_0,pot_0,pot_0,0,0,serve
post_post,7012,316,317,"(-1, 0)",FETCH,FETCH,1,onion_0,onion_0,1,1,FETCH,FETCH,FETCH,onion_0,onion_0,onion_0,0,0,serve
post_post,7012,318,319,"(0, 1)",PLACE,PLACE,1,pot_0,pot_0,1,1,PLACE,PLACE,PLACE,pot_0,pot_0,pot_0,0,0,serve
post_post,7012,322,323,interact,COOK_START,COOK_START,1,pot_0,pot_0,1,1,COOK_START,COOK_START,COOK_START,pot_0,pot_0,pot_0,0,0,serve
post_post,7012,323,324,"(-1, 0)",FETCH,FETCH,1,onion_0,onion_0,1,1,FETCH,FETCH,FETCH,onion_0,onion_0,onion_0,0,0,serve
post_post,7012,325,326,"(0, 1)",PLACE,PLACE,1,pot_1,pot_1,1,1,PLACE,PLACE,PLACE,pot_1,pot_1,pot_1,0,0,serve
post_post,7012,331,332,"(1, 0)",FETCH,FETCH,1,onion_1,onion_1,1,1,FETCH,FETCH,FETCH,onion_1,onion_1,onion_1,0,0,serve
post_post,7012,333,334,"(0, 1)",PLACE,PLACE,1,pot_1,pot_1,1,1,PLACE,PLACE,PLACE,pot_1,pot_1,pot_1,0,0,serve
post_post,7012,337,338,"(1, 0)",FETCH,FETCH,1,onion_1,onion_1,1,1,FETCH,FETCH,FETCH,onion_1,onion_1,onion_1,0,0,serve
post_post,7012,339,340,"(0, 1)",PLACE,PLACE,1,pot_1,pot_1,1,1,PLACE,PLACE,PLACE,pot_1,pot_1,pot_1,0,0,serve
post_post,7012,343,344,interact,COOK_START,COOK_START,1,pot_1,pot_1,1,1,COOK_START,COOK_START,COOK_START,pot_1,pot_1,pot_1,0,0,serve
post_post,7012,344,345,"(0, 0)",GET_DISH,GET_DISH,1,dish_0,dish_0,1,1,GET_DISH,GET_DISH,GET_DISH,dish_0,dish_0,dish_0,0,0,cook
post_post,7012,350,351,"(1, 0)",PRE,PRE,1,pot_1,pot_0,0,0,PRE,PRE,PRE,none,pot_0,none,0,1,dynamic
post_post,7012,363,364,"(1, 0)",PICKUP,PICKUP,1,pot_1,pot_1,1,1,PICKUP,PICKUP,PICKUP,pot_1,pot_1,pot_1,0,0,cook
post_post,7012,366,367,"(0, 1)",DELIVER,DELIVER,1,serve_0,serve_0,1,1,DELIVER,DELIVER,DELIVER,serve_0,serve_0,serve_0,0,0,cook
post_post,7012,368,369,"(0, -1)",FETCH,FETCH,1,onion_1,onion_1,1,1,FETCH,FETCH,FETCH,onion_1,onion_1,onion_1,0,0,serve
post_post,7012,371,372,"(0, 1)",PLACE,PLACE,1,pot_1,pot_0,0,0,PLACE,PLACE,PLACE,pot_0,pot_0,pot_0,0,0,serve
post_post,7012,382,383,"(1, 0)",FETCH,FETCH,1,onion_1,onion_1,1,1,FETCH,FETCH,FETCH,onion_1,onion_1,onion_1,0,0,serve
post_post,7012,384,385,"(-1, 0)",PLACE,PLACE,1,pot_1,pot_1,1,1,PLACE,PLACE,PLACE,pot_1,pot_1,pot_1,0,0,serve
post_post,7012,388,389,"(1, 0)",FETCH,FETCH,1,onion_1,onion_1,1,1,FETCH,FETCH,FETCH,onion_1,onion_1,onion_1,0,0,serve
post_post,7012,390,391,"(-1, 0)",PLACE,PLACE,1,pot_1,pot_1,1,1,PLACE,PLACE,PLACE,pot_1,pot_1,pot_1,0,0,serve
post_post,7012,394,395,interact,COOK_START,COOK_START,1,pot_1,pot_1,1,1,COOK_START,COOK_START,COOK_START,pot_1,pot_1,pot_1,0,0,serve
post_post,7012,395,396,"(1, 0)",FETCH,FETCH,1,onion_1,onion_1,1,1,FETCH,FETCH,FETCH,onion_1,onion_1,onion_1,0,0,serve
post_post,7012,397,398,"(0, 1)",PLACE,PLACE,1,pot_0,pot_0,1,1,PLACE,PLACE,PLACE,pot_0,pot_0,pot_0,0,0,serve
post_post,7012,410,411,"(-1, 0)",FETCH,FETCH,1,onion_0,onion_0,1,1,FETCH,FETCH,FETCH,onion_0,onion_0,onion_0,0,0,serve
post_post,7012,412,413,"(0, 1)",PLACE,PLACE,1,pot_0,pot_0,1,1,PLACE,PLACE,PLACE,pot_0,pot_0,pot_0,0,0,serve
post_post,7012,416,417,"(-1, 0)",FETCH,FETCH,1,onion_0,onion_0,1,1,FETCH,FETCH,FETCH,onion_0,onion_0,onion_0,0,0,serve
post_post,7012,418,419,"(0, 1)",PLACE,PLACE,1,pot_0,pot_0,1,1,PLACE,PLACE,PLACE,pot_0,pot_0,pot_0,0,0,serve
post_post,7012,422,423,interact,COOK_START,COOK_START,1,pot_0,pot_0,1,1,COOK_START,COOK_START,COOK_START,pot_0,pot_0,pot_0,0,0,serve
post_post,7012,423,424,"(-1, 0)",FETCH,FETCH,1,onion_0,onion_0,1,1,GET_DISH,FETCH,GET_DISH,dish_0,onion_0,dish_0,1,1,serve
post_post,7012,425,426,"(0, 1)",PLACE,PLACE,1,pot_1,pot_1,1,1,PLACE,PLACE,PLACE,pot_1,pot_1,pot_1,0,0,serve
post_post,7012,431,432,"(1, 0)",FETCH,FETCH,1,onion_1,onion_1,1,1,FETCH,FETCH,FETCH,onion_1,onion_1,onion_1,0,0,serve
post_post,7012,433,434,"(0, 1)",PLACE,PLACE,1,pot_1,pot_1,1,1,PLACE,PLACE,PLACE,pot_1,pot_1,pot_1,0,0,serve
post_post,7012,437,438,"(1, 0)",FETCH,FETCH,1,onion_1,onion_1,1,1,FETCH,FETCH,FETCH,onion_1,onion_1,onion_1,0,0,serve
post_post,7012,439,440,"(0, 1)",PLACE,PLACE,1,pot_1,pot_1,1,1,PLACE,PLACE,PLACE,pot_1,pot_1,pot_1,0,0,serve
post_post,7012,443,444,interact,COOK_START,COOK_START,1,pot_1,pot_1,1,1,COOK_START,COOK_START,COOK_START,pot_1,pot_1,pot_1,0,0,serve
post_post,7012,444,445,"(0, 0)",GET_DISH,GET_DISH,1,dish_0,dish_0,1,1,GET_DISH,GET_DISH,GET_DISH,dish_0,dish_0,dish_0,0,0,cook
post_post,7012,450,451,"(1, 0)",PRE,PRE,1,pot_1,pot_0,0,0,PRE,PRE,PRE,pot_0,pot_0,pot_0,0,0,dynamic
post_post,7012,463,464,"(1, 0)",PICKUP,PICKUP,1,pot_1,pot_1,1,1,PICKUP,PICKUP,PICKUP,pot_1,pot_1,pot_1,0,0,cook
post_post,7012,466,467,"(0, 1)",DELIVER,DELIVER,1,serve_0,serve_0,1,1,DELIVER,DELIVER,DELIVER,serve_0,serve_0,serve_0,0,0,cook
post_post,7012,468,469,"(0, -1)",FETCH,FETCH,1,onion_1,onion_1,1,1,FETCH,FETCH,FETCH,onion_1,onion_1,onion_1,0,0,serve
post_post,7012,471,472,"(0, 1)",PLACE,PLACE,1,pot_1,pot_0,0,0,PLACE,PLACE,PLACE,pot_0,pot_0,pot_0,0,0,serve
post_post,7012,482,483,"(1, 0)",FETCH,FETCH,1,onion_1,onion_1,1,1,FETCH,FETCH,FETCH,onion_1,onion_1,onion_1,0,0,serve
post_post,7012,484,485,"(-1, 0)",PLACE,PLACE,1,pot_1,pot_1,1,1,PLACE,PLACE,PLACE,pot_1,pot_1,pot_1,0,0,serve
post_post,7012,488,489,"(1, 0)",FETCH,FETCH,1,onion_1,onion_1,1,1,FETCH,FETCH,FETCH,onion_1,onion_1,onion_1,0,0,serve
post_post,7012,490,491,"(-1, 0)",PLACE,PLACE,1,pot_1,pot_1,1,1,PLACE,PLACE,PLACE,pot_1,pot_1,pot_1,0,0,serve
post_post,7012,494,495,interact,COOK_START,COOK_START,1,pot_1,pot_1,1,1,COOK_START,COOK_START,COOK_START,pot_1,pot_1,pot_1,0,0,serve
post_post,7012,495,496,"(1, 0)",FETCH,FETCH,1,onion_1,onion_1,1,1,FETCH,FETCH,FETCH,onion_1,onion_1,onion_1,0,0,serve
post_post,7012,497,498,"(0, 1)",PLACE,PLACE,1,pot_0,pot_0,1,1,PLACE,PLACE,PLACE,pot_0,pot_0,pot_0,0,0,serve
post_post,7012,510,511,"(-1, 0)",FETCH,FETCH,1,onion_0,onion_0,1,1,GET_DISH,FETCH,GET_DISH,onion_0,onion_0,onion_0,1,0,serve
post_post,7012,512,513,"(0, 1)",PLACE,PLACE,1,pot_0,pot_0,1,1,PLACE,PLACE,PLACE,pot_0,pot_0,pot_0,0,0,serve
post_post,7012,516,517,"(-1, 0)",FETCH,FETCH,1,onion_0,onion_0,1,1,FETCH,FETCH,FETCH,onion_0,onion_0,onion_0,0,0,serve
post_post,7012,518,519,"(0, 1)",PLACE,PLACE,1,pot_0,pot_0,1,1,PLACE,PLACE,PLACE,pot_0,pot_0,pot_0,0,0,serve
post_post,7012,522,523,interact,COOK_START,COOK_START,1,pot_0,pot_0,1,1,COOK_START,COOK_START,COOK_START,pot_0,pot_0,pot_0,0,0,serve
post_post,7012,523,524,"(-1, 0)",FETCH,GET_DISH,0,onion_0,dish_0,0,0,GET_DISH,GET_DISH,GET_DISH,dish_0,dish_0,dish_0,0,0,cook
post_post,7012,525,526,"(0, 1)",PLACE,PLACE,1,pot_1,pot_1,1,1,PLACE,PLACE,PLACE,pot_1,pot_1,pot_1,0,0,serve
post_post,7012,531,532,"(1, 0)",FETCH,FETCH,1,onion_1,onion_1,1,1,FETCH,FETCH,FETCH,onion_1,onion_1,onion_1,0,0,serve
post_post,7012,533,534,"(0, 1)",PLACE,PLACE,1,pot_1,pot_1,1,1,PLACE,PLACE,PLACE,pot_1,pot_1,pot_1,0,0,serve
post_post,7012,537,538,"(1, 0)",FETCH,FETCH,1,onion_1,onion_1,1,1,FETCH,FETCH,FETCH,onion_1,onion_1,onion_1,0,0,serve
post_post,7012,539,540,"(0, 1)",PLACE,PLACE,1,pot_1,pot_1,1,1,PLACE,PLACE,PLACE,pot_1,pot_1,pot_1,0,0,serve
post_post,7012,543,544,interact,COOK_START,COOK_START,1,pot_1,pot_1,1,1,COOK_START,COOK_START,COOK_START,pot_1,pot_1,pot_1,0,0,serve
post_post,7012,544,545,"(0, 0)",GET_DISH,GET_DISH,1,dish_0,dish_0,1,1,GET_DISH,GET_DISH,GET_DISH,dish_0,dish_0,dish_0,0,0,cook
post_post,7012,550,551,"(1, 0)",PRE,PRE,1,pot_1,dish_0,0,0,PRE,PRE,PRE,pot_0,dish_0,pot_0,0,1,dynamic
post_post,7012,563,564,"(1, 0)",PICKUP,PICKUP,1,pot_1,pot_1,1,1,PICKUP,PICKUP,PICKUP,pot_1,pot_1,pot_1,0,0,cook
post_post,7012,566,567,"(0, 1)",DELIVER,DELIVER,1,serve_0,serve_0,1,1,DELIVER,DELIVER,DELIVER,serve_0,serve_0,serve_0,0,0,cook
post_post,7012,568,569,"(0, -1)",FETCH,FETCH,1,onion_1,onion_1,1,1,FETCH,FETCH,FETCH,onion_1,onion_1,onion_1,0,0,serve
post_post,7012,571,572,"(0, 1)",PLACE,PLACE,1,pot_1,pot_0,0,0,PLACE,PLACE,PLACE,pot_0,pot_0,pot_0,0,0,serve
post_post,7012,582,583,"(1, 0)",FETCH,FETCH,1,onion_1,onion_1,1,1,FETCH,FETCH,FETCH,onion_1,onion_1,onion_1,0,0,serve
post_post,7012,584,585,"(-1, 0)",PLACE,PLACE,1,pot_1,pot_1,1,1,PLACE,PLACE,PLACE,pot_1,pot_1,pot_1,0,0,serve
post_post,7012,588,589,"(1, 0)",FETCH,FETCH,1,onion_1,onion_1,1,1,FETCH,FETCH,FETCH,onion_1,onion_1,onion_1,0,0,serve
post_post,7012,590,591,"(-1, 0)",PLACE,PLACE,1,pot_1,pot_1,1,1,PLACE,PLACE,PLACE,pot_1,pot_1,pot_1,0,0,serve
post_post,7012,594,595,interact,COOK_START,COOK_START,1,pot_1,pot_1,1,1,COOK_START,COOK_START,COOK_START,pot_1,pot_1,pot_1,0,0,serve
post_post,7012,595,596,"(1, 0)",FETCH,FETCH,1,onion_1,onion_1,1,1,FETCH,FETCH,FETCH,onion_1,onion_1,onion_1,0,0,serve
post_post,7012,597,598,"(0, 1)",PLACE,PLACE,1,pot_0,pot_0,1,1,PLACE,PLACE,PLACE,pot_0,pot_0,pot_0,0,0,serve
post_post,7012,610,611,"(-1, 0)",FETCH,GET_DISH,0,onion_0,dish_0,0,0,GET_DISH,GET_DISH,GET_DISH,dish_0,dish_0,dish_0,0,0,cook
post_post,7012,612,613,"(0, 1)",PLACE,PLACE,1,pot_0,pot_0,1,1,PLACE,PLACE,PLACE,pot_0,pot_0,pot_0,0,0,serve
post_post,7012,616,617,"(-1, 0)",FETCH,FETCH,1,onion_0,onion_0,1,1,FETCH,FETCH,FETCH,onion_0,onion_0,onion_0,0,0,serve
post_post,7012,618,619,"(0, 1)",PLACE,PLACE,1,pot_0,pot_0,1,1,PLACE,PLACE,PLACE,pot_0,pot_0,pot_0,0,0,serve
post_post,7012,622,623,interact,COOK_START,COOK_START,1,pot_0,pot_0,1,1,COOK_START,COOK_START,COOK_START,pot_0,pot_0,pot_0,0,0,serve
post_post,7012,623,624,"(-1, 0)",FETCH,GET_DISH,0,onion_0,dish_0,0,0,GET_DISH,GET_DISH,GET_DISH,dish_0,dish_0,dish_0,0,0,cook
post_post,7012,625,626,"(0, 1)",PLACE,PLACE,1,pot_1,pot_1,1,1,PLACE,PLACE,PLACE,pot_1,pot_1,pot_1,0,0,serve
post_post,7012,631,632,"(1, 0)",FETCH,FETCH,1,onion_1,onion_1,1,1,FETCH,FETCH,FETCH,onion_1,onion_1,onion_1,0,0,serve
post_post,7012,633,634,"(0, 1)",PLACE,PLACE,1,pot_1,pot_1,1,1,PLACE,PLACE,PLACE,pot_1,pot_1,pot_1,0,0,serve
post_post,7012,637,638,"(1, 0)",FETCH,FETCH,1,onion_1,onion_1,1,1,FETCH,FETCH,FETCH,onion_1,onion_1,onion_1,0,0,serve
post_post,7012,639,640,"(0, 1)",PLACE,PLACE,1,pot_1,pot_1,1,1,PLACE,PLACE,PLACE,pot_1,pot_1,pot_1,0,0,serve
post_post,7012,643,644,interact,COOK_START,COOK_START,1,pot_1,pot_1,1,1,COOK_START,COOK_START,COOK_START,pot_1,pot_1,pot_1,0,0,serve
post_post,7012,644,645,"(0, 0)",GET_DISH,GET_DISH,1,dish_0,dish_0,1,1,GET_DISH,GET_DISH,GET_DISH,dish_0,dish_0,dish_0,0,0,cook
post_post,7012,650,651,"(1, 0)",PRE,PRE,1,pot_1,dish_0,0,0,PRE,PRE,PRE,dish_0,dish_0,dish_0,0,0,dynamic
post_post,7012,663,664,"(1, 0)",PICKUP,PICKUP,1,pot_1,pot_1,1,1,PICKUP,PICKUP,PICKUP,pot_1,pot_1,pot_1,0,0,cook
post_post,7012,666,667,"(0, 1)",DELIVER,DELIVER,1,serve_0,serve_0,1,1,DELIVER,DELIVER,DELIVER,serve_0,serve_0,serve_0,0,0,cook
post_post,7012,668,669,"(0, -1)",FETCH,FETCH,1,onion_1,onion_1,1,1,FETCH,FETCH,FETCH,onion_1,onion_1,onion_1,0,0,serve
post_post,7012,671,672,"(0, 1)",PLACE,PLACE,1,pot_1,pot_1,1,1,PLACE,PLACE,PLACE,pot_1,pot_1,pot_1,0,0,serve
post_post,7012,675,676,"(1, 0)",FETCH,FETCH,1,onion_1,onion_1,1,1,FETCH,FETCH,FETCH,onion_1,onion_1,onion_1,0,0,serve
post_post,7012,677,678,"(-1, 0)",PLACE,PLACE,1,pot_1,pot_1,1,1,PLACE,PLACE,PLACE,pot_1,pot_1,pot_1,0,0,serve
post_post,7012,681,682,"(1, 0)",FETCH,FETCH,1,onion_1,onion_1,1,1,FETCH,FETCH,FETCH,onion_1,onion_1,onion_1,0,0,serve
post_post,7012,683,684,"(-1, 0)",PLACE,PLACE,1,pot_1,pot_1,1,1,PLACE,PLACE,PLACE,pot_1,pot_1,pot_1,0,0,serve
post_post,7012,687,688,interact,COOK_START,COOK_START,1,pot_1,pot_1,1,1,COOK_START,COOK_START,COOK_START,pot_1,pot_1,pot_1,0,0,serve
post_post,7012,688,689,"(1, 0)",FETCH,FETCH,1,onion_1,onion_1,1,1,FETCH,FETCH,FETCH,onion_1,onion_1,onion_1,0,0,serve
post_post,7012,690,691,"(0, 1)",PLACE,PLACE,1,pot_0,pot_0,1,1,PLACE,PLACE,PLACE,pot_0,pot_0,pot_0,0,0,serve
post_post,7013,0,1,"(-1, 0)",FETCH,FETCH,1,onion_0,onion_0,1,1,FETCH,FETCH,FETCH,onion_0,onion_0,onion_0,0,0,serve
post_post,7013,3,4,"(0, 1)",PLACE,PLACE,1,pot_0,pot_0,1,1,PLACE,PLACE,PLACE,pot_0,pot_0,pot_0,0,0,serve
post_post,7013,7,8,"(-1, 0)",FETCH,FETCH,1,onion_0,onion_0,1,1,FETCH,FETCH,FETCH,onion_0,onion_0,onion_0,0,0,serve
post_post,7013,9,10,"(0, 1)",PLACE,PLACE,1,pot_0,pot_0,1,1,PLACE,PLACE,PLACE,pot_0,pot_0,pot_0,0,0,serve
post_post,7013,13,14,"(-1, 0)",FETCH,FETCH,1,onion_0,onion_0,1,1,FETCH,FETCH,FETCH,onion_0,onion_0,onion_0,0,0,serve
post_post,7013,15,16,"(0, 1)",PLACE,PLACE,1,pot_0,pot_0,1,1,PLACE,PLACE,PLACE,pot_0,pot_0,pot_0,0,0,serve
post_post,7013,19,20,interact,COOK_START,COOK_START,1,pot_0,pot_0,1,1,COOK_START,COOK_START,COOK_START,pot_0,pot_0,pot_0,0,0,serve
post_post,7013,20,21,"(-1, 0)",FETCH,FETCH,1,onion_0,onion_0,1,1,FETCH,FETCH,FETCH,onion_0,onion_0,onion_0,0,0,serve
post_post,7013,22,23,"(0, 1)",PLACE,PLACE,1,pot_1,pot_1,1,1,PLACE,PLACE,PLACE,pot_1,pot_1,pot_1,0,0,serve
post_post,7013,28,29,"(1, 0)",FETCH,FETCH,1,onion_1,onion_1,1,1,FETCH,FETCH,FETCH,onion_1,onion_1,onion_1,0,0,serve
post_post,7013,30,31,"(0, 1)",PLACE,PLACE,1,pot_1,pot_1,1,1,PLACE,PLACE,PLACE,pot_1,pot_1,pot_1,0,0,serve
post_post,7013,34,35,"(1, 0)",FETCH,FETCH,1,onion_1,onion_1,1,1,FETCH,FETCH,FETCH,onion_1,onion_1,onion_1,0,0,serve
post_post,7013,36,37,"(0, 1)",PLACE,PLACE,1,pot_1,pot_1,1,1,PLACE,PLACE,PLACE,pot_1,pot_1,pot_1,0,0,serve
post_post,7013,40,41,interact,COOK_START,COOK_START,1,pot_1,pot_1,1,1,COOK_START,COOK_START,COOK_START,pot_1,pot_1,pot_1,0,0,serve
post_post,7013,41,42,"(0, 0)",GET_DISH,GET_DISH,1,dish_0,dish_0,1,1,GET_DISH,GET_DISH,GET_DISH,dish_0,dish_0,dish_0,0,0,cook
post_post,7013,47,48,"(1, 0)",PRE,PRE,1,pot_1,pot_1,1,1,PRE,PRE,PRE,none,pot_1,none,0,1,dynamic
post_post,7013,60,61,"(1, 0)",PICKUP,PICKUP,1,pot_1,pot_1,1,1,PICKUP,PICKUP,PICKUP,pot_1,pot_1,pot_1,0,0,cook
post_post,7013,63,64,"(0, 1)",DELIVER,DELIVER,1,serve_0,serve_0,1,1,DELIVER,DELIVER,DELIVER,serve_0,serve_0,serve_0,0,0,cook
post_post,7013,65,66,"(0, -1)",FETCH,FETCH,1,onion_1,onion_1,1,1,FETCH,FETCH,FETCH,onion_1,onion_1,onion_1,0,0,serve
post_post,7013,68,69,"(0, 1)",PLACE,PLACE,1,pot_1,pot_1,1,1,PLACE,PLACE,PLACE,pot_1,pot_1,pot_1,0,0,serve
post_post,7013,79,80,"(1, 0)",FETCH,FETCH,1,onion_1,onion_1,1,1,FETCH,FETCH,FETCH,onion_1,onion_1,onion_1,0,0,serve
post_post,7013,81,82,"(-1, 0)",PLACE,PLACE,1,pot_1,pot_1,1,1,PLACE,PLACE,PLACE,pot_1,pot_1,pot_1,0,0,serve
post_post,7013,85,86,"(1, 0)",FETCH,FETCH,1,onion_1,onion_1,1,1,FETCH,FETCH,FETCH,onion_1,onion_1,onion_1,0,0,serve
post_post,7013,87,88,"(-1, 0)",PLACE,PLACE,1,pot_1,pot_1,1,1,PLACE,PLACE,PLACE,pot_1,pot_1,pot_1,0,0,serve
post_post,7013,91,92,interact,COOK_START,COOK_START,1,pot_1,pot_1,1,1,COOK_START,COOK_START,COOK_START,pot_1,pot_1,pot_1,0,0,serve
post_post,7013,92,93,"(1, 0)",FETCH,FETCH,1,onion_1,onion_1,1,1,FETCH,FETCH,FETCH,onion_1,onion_1,onion_1,0,0,serve
post_post,7013,94,95,"(0, 1)",PLACE,PLACE,1,pot_0,pot_0,1,1,PLACE,PLACE,PLACE,pot_0,pot_0,pot_0,0,0,serve
post_post,7013,107,108,"(-1, 0)",FETCH,FETCH,1,onion_0,onion_0,1,1,FETCH,FETCH,FETCH,onion_0,onion_0,onion_0,0,0,serve
post_post,7013,109,110,"(0, 1)",PLACE,PLACE,1,pot_0,pot_0,1,1,PLACE,PLACE,PLACE,pot_0,pot_0,pot_0,0,0,serve
post_post,7013,113,114,"(-1, 0)",FETCH,FETCH,1,onion_0,onion_0,1,1,FETCH,FETCH,FETCH,onion_0,onion_0,onion_0,0,0,serve
post_post,7013,115,116,"(0, 1)",PLACE,PLACE,1,pot_0,pot_0,1,1,PLACE,PLACE,PLACE,pot_0,pot_0,pot_0,0,0,serve
post_post,7013,119,120,interact,COOK_START,COOK_START,1,pot_0,pot_0,1,1,COOK_START,COOK_START,COOK_START,pot_0,pot_0,pot_0,0,0,serve
post_post,7013,120,121,"(-1, 0)",FETCH,FETCH,1,onion_0,onion_0,1,1,FETCH,FETCH,FETCH,onion_0,onion_0,onion_0,0,0,serve
post_post,7013,122,123,"(0, 1)",PLACE,PLACE,1,pot_1,pot_1,1,1,PLACE,PLACE,PLACE,pot_1,pot_1,pot_1,0,0,serve
post_post,7013,128,129,"(1, 0)",FETCH,FETCH,1,onion_1,onion_1,1,1,FETCH,FETCH,FETCH,onion_1,onion_1,onion_1,0,0,serve
post_post,7013,130,131,"(0, 1)",PLACE,PLACE,1,pot_1,pot_1,1,1,PLACE,PLACE,PLACE,pot_1,pot_1,pot_1,0,0,serve
post_post,7013,134,135,"(1, 0)",FETCH,FETCH,1,onion_1,onion_1,1,1,FETCH,FETCH,FETCH,onion_1,onion_1,onion_1,0,0,serve
post_post,7013,136,137,"(0, 1)",PLACE,PLACE,1,pot_1,pot_1,1,1,PLACE,PLACE,PLACE,pot_1,pot_1,pot_1,0,0,serve
post_post,7013,140,141,interact,COOK_START,COOK_START,1,pot_1,pot_1,1,1,COOK_START,COOK_START,COOK_START,pot_1,pot_1,pot_1,0,0,serve
post_post,7013,141,142,"(0, 0)",GET_DISH,GET_DISH,1,dish_0,dish_0,1,1,GET_DISH,GET_DISH,GET_DISH,dish_0,dish_0,dish_0,0,0,cook
post_post,7013,147,148,"(1, 0)",PRE,PRE,1,pot_1,pot_1,1,1,PRE,PRE,PRE,none,pot_1,none,0,1,dynamic
post_post,7013,160,161,"(1, 0)",PICKUP,PICKUP,1,pot_1,pot_1,1,1,PICKUP,PICKUP,PICKUP,pot_1,pot_1,pot_1,0,0,cook
post_post,7013,163,164,"(0, 1)",DELIVER,DELIVER,1,serve_0,serve_0,1,1,DELIVER,DELIVER,DELIVER,serve_0,serve_0,serve_0,0,0,cook
post_post,7013,165,166,"(0, -1)",FETCH,FETCH,1,onion_1,onion_1,1,1,FETCH,FETCH,FETCH,onion_1,onion_1,onion_1,0,0,serve
post_post,7013,168,169,"(0, 1)",PLACE,PLACE,1,pot_1,pot_1,1,1,PLACE,PLACE,PLACE,pot_1,pot_1,pot_1,0,0,serve
post_post,7013,179,180,"(1, 0)",FETCH,FETCH,1,onion_1,onion_1,1,1,FETCH,FETCH,FETCH,onion_1,onion_1,onion_1,0,0,serve
post_post,7013,181,182,"(-1, 0)",PLACE,PLACE,1,pot_1,pot_1,1,1,PLACE,PLACE,PLACE,pot_1,pot_1,pot_1,0,0,serve
post_post,7013,185,186,"(1, 0)",FETCH,FETCH,1,onion_1,onion_1,1,1,FETCH,FETCH,FETCH,onion_1,onion_1,onion_1,0,0,serve
post_post,7013,187,188,"(-1, 0)",PLACE,PLACE,1,pot_1,pot_1,1,1,PLACE,PLACE,PLACE,pot_1,pot_1,pot_1,0,0,serve
post_post,7013,191,192,interact,COOK_START,COOK_START,1,pot_1,pot_1,1,1,COOK_START,COOK_START,COOK_START,pot_1,pot_1,pot_1,0,0,serve
post_post,7013,192,193,"(1, 0)",FETCH,FETCH,1,onion_1,onion_1,1,1,FETCH,FETCH,FETCH,onion_1,onion_1,onion_1,0,0,serve
post_post,7013,194,195,"(0, 1)",PLACE,PLACE,1,pot_0,pot_0,1,1,PLACE,PLACE,PLACE,pot_0,pot_0,pot_0,0,0,serve
post_post,7013,207,208,"(-1, 0)",FETCH,FETCH,1,onion_0,onion_0,1,1,FETCH,FETCH,FETCH,onion_0,onion_0,onion_0,0,0,serve
post_post,7013,209,210,"(0, 1)",PLACE,PLACE,1,pot_0,pot_0,1,1,PLACE,PLACE,PLACE,pot_0,pot_0,pot_0,0,0,serve
post_post,7013,213,214,"(-1, 0)",FETCH,FETCH,1,onion_0,onion_0,1,1,FETCH,FETCH,FETCH,onion_0,onion_0,onion_0,0,0,serve
post_post,7013,215,216,"(0, 1)",PLACE,PLACE,1,pot_0,pot_0,1,1,PLACE,PLACE,PLACE,pot_0,pot_0,pot_0,0,0,serve
post_post,7013,219,220,interact,COOK_START,COOK_START,1,pot_0,pot_0,1,1,COOK_START,COOK_START,COOK_START,pot_0,pot_0,pot_0,0,0,serve
post_post,7013,220,221,"(-1, 0)",FETCH,FETCH,1,onion_0,onion_0,1,1,FETCH,FETCH,FETCH,onion_0,onion_0,onion_0,0,0,serve
post_post,7013,222,223,"(0, 1)",PLACE,PLACE,1,pot_1,pot_1,1,1,PLACE,PLACE,PLACE,pot_1,pot_1,pot_1,0,0,serve
post_post,7013,228,229,"(1, 0)",FETCH,FETCH,1,onion_1,onion_1,1,1,FETCH,FETCH,FETCH,onion_1,onion_1,onion_1,0,0,serve
post_post,7013,230,231,"(0, 1)",PLACE,PLACE,1,pot_1,pot_1,1,1,PLACE,PLACE,PLACE,pot_1,pot_1,pot_1,0,0,serve
post_post,7013,234,235,"(1, 0)",FETCH,FETCH,1,onion_1,onion_1,1,1,FETCH,FETCH,FETCH,onion_1,onion_1,onion_1,0,0,serve
post_post,7013,236,237,"(0, 1)",PLACE,PLACE,1,pot_1,pot_1,1,1,PLACE,PLACE,PLACE,pot_1,pot_1,pot_1,0,0,serve
post_post,7013,240,241,interact,COOK_START,COOK_START,1,pot_1,pot_1,1,1,COOK_START,COOK_START,COOK_START,pot_1,pot_1,pot_1,0,0,serve
post_post,7013,241,242,"(0, 0)",GET_DISH,GET_DISH,1,dish_0,dish_0,1,1,GET_DISH,GET_DISH,GET_DISH,dish_0,dish_0,dish_0,0,0,cook
post_post,7013,247,248,"(1, 0)",PRE,PRE,1,pot_1,pot_1,1,1,PRE,PRE,PRE,none,pot_1,none,0,1,dynamic
post_post,7013,260,261,"(1, 0)",PICKUP,PICKUP,1,pot_1,pot_1,1,1,PICKUP,PICKUP,PICKUP,pot_1,pot_1,pot_1,0,0,cook
post_post,7013,263,264,"(0, 1)",DELIVER,DELIVER,1,serve_0,serve_0,1,1,DELIVER,DELIVER,DELIVER,serve_0,serve_0,serve_0,0,0,cook
post_post,7013,265,266,"(0, -1)",FETCH,FETCH,1,onion_1,onion_1,1,1,FETCH,FETCH,FETCH,onion_1,onion_1,onion_1,0,0,serve
post_post,7013,268,269,"(0, 1)",PLACE,PLACE,1,pot_1,pot_1,1,1,PLACE,PLACE,PLACE,pot_1,pot_1,pot_1,0,0,serve
post_post,7013,279,280,"(1, 0)",FETCH,FETCH,1,onion_1,onion_1,1,1,FETCH,FETCH,FETCH,onion_1,onion_1,onion_1,0,0,serve
post_post,7013,281,282,"(-1, 0)",PLACE,PLACE,1,pot_1,pot_1,1,1,PLACE,PLACE,PLACE,pot_1,pot_1,pot_1,0,0,serve
post_post,7013,285,286,"(1, 0)",FETCH,FETCH,1,onion_1,onion_1,1,1,FETCH,FETCH,FETCH,onion_1,onion_1,onion_1,0,0,serve
post_post,7013,287,288,"(-1, 0)",PLACE,PLACE,1,pot_1,pot_1,1,1,PLACE,PLACE,PLACE,pot_1,pot_1,pot_1,0,0,serve
post_post,7013,291,292,interact,COOK_START,COOK_START,1,pot_1,pot_1,1,1,COOK_START,COOK_START,COOK_START,pot_1,pot_1,pot_1,0,0,serve
post_post,7013,292,293,"(1, 0)",FETCH,FETCH,1,onion_1,onion_1,1,1,FETCH,FETCH,FETCH,onion_1,onion_1,onion_1,0,0,serve
post_post,7013,294,295,"(0, 1)",PLACE,PLACE,1,pot_0,pot_0,1,1,PLACE,PLACE,PLACE,pot_0,pot_0,pot_0,0,0,serve
post_post,7013,307,308,"(-1, 0)",FETCH,FETCH,1,onion_0,onion_0,1,1,FETCH,FETCH,FETCH,onion_0,onion_0,onion_0,0,0,serve
post_post,7013,309,310,"(0, 1)",PLACE,PLACE,1,pot_0,pot_0,1,1,PLACE,PLACE,PLACE,pot_0,pot_0,pot_0,0,0,serve
post_post,7013,313,314,"(-1, 0)",FETCH,FETCH,1,onion_0,onion_0,1,1,FETCH,FETCH,FETCH,onion_0,onion_0,onion_0,0,0,serve
post_post,7013,315,316,"(0, 1)",PLACE,PLACE,1,pot_0,pot_0,1,1,PLACE,PLACE,PLACE,pot_0,pot_0,pot_0,0,0,serve
post_post,7013,319,320,interact,COOK_START,COOK_START,1,pot_0,pot_0,1,1,COOK_START,COOK_START,COOK_START,pot_0,pot_0,pot_0,0,0,serve
post_post,7013,320,321,"(-1, 0)",FETCH,FETCH,1,onion_0,onion_0,1,1,FETCH,FETCH,FETCH,onion_0,onion_0,onion_0,0,0,serve
post_post,7013,322,323,"(0, 1)",PLACE,PLACE,1,pot_1,pot_1,1,1,PLACE,PLACE,PLACE,pot_1,pot_1,pot_1,0,0,serve
post_post,7013,328,329,"(1, 0)",FETCH,FETCH,1,onion_1,onion_1,1,1,FETCH,FETCH,FETCH,onion_1,onion_1,onion_1,0,0,serve
post_post,7013,330,331,"(0, 1)",PLACE,PLACE,1,pot_1,pot_1,1,1,PLACE,PLACE,PLACE,pot_1,pot_1,pot_1,0,0,serve
post_post,7013,334,335,"(1, 0)",FETCH,FETCH,1,onion_1,onion_1,1,1,FETCH,FETCH,FETCH,onion_1,onion_1,onion_1,0,0,serve
post_post,7013,336,337,"(0, 1)",PLACE,PLACE,1,pot_1,pot_1,1,1,PLACE,PLACE,PLACE,pot_1,pot_1,pot_1,0,0,serve
post_post,7013,340,341,interact,COOK_START,COOK_START,1,pot_1,pot_1,1,1,COOK_START,COOK_START,COOK_START,pot_1,pot_1,pot_1,0,0,serve
post_post,7013,341,342,"(0, 0)",GET_DISH,GET_DISH,1,dish_0,dish_0,1,1,GET_DISH,GET_DISH,GET_DISH,dish_0,dish_0,dish_0,0,0,cook
post_post,7013,347,348,"(1, 0)",PRE,PRE,1,pot_1,pot_0,0,0,PRE,PRE,PRE,none,pot_0,none,0,1,dynamic
post_post,7013,360,361,"(1, 0)",PICKUP,PICKUP,1,pot_1,pot_1,1,1,PICKUP,PICKUP,PICKUP,pot_1,pot_1,pot_1,0,0,cook
post_post,7013,363,364,"(0, 1)",DELIVER,DELIVER,1,serve_0,serve_0,1,1,DELIVER,DELIVER,DELIVER,serve_0,serve_0,serve_0,0,0,cook
post_post,7013,365,366,"(0, -1)",FETCH,FETCH,1,onion_1,onion_1,1,1,FETCH,FETCH,FETCH,onion_1,onion_1,onion_1,0,0,serve
post_post,7013,368,369,"(0, 1)",PLACE,PLACE,1,pot_1,pot_0,0,0,PLACE,PLACE,PLACE,pot_0,pot_0,pot_0,0,0,serve
post_post,7013,379,380,"(1, 0)",FETCH,FETCH,1,onion_1,onion_1,1,1,FETCH,FETCH,FETCH,onion_1,onion_1,onion_1,0,0,serve
post_post,7013,381,382,"(-1, 0)",PLACE,PLACE,1,pot_1,pot_1,1,1,PLACE,PLACE,PLACE,pot_1,pot_1,pot_1,0,0,serve
post_post,7013,385,386,"(1, 0)",FETCH,FETCH,1,onion_1,onion_1,1,1,FETCH,FETCH,FETCH,onion_1,onion_1,onion_1,0,0,serve
post_post,7013,387,388,"(-1, 0)",PLACE,PLACE,1,pot_1,pot_1,1,1,PLACE,PLACE,PLACE,pot_1,pot_1,pot_1,0,0,serve
post_post,7013,391,392,interact,COOK_START,COOK_START,1,pot_1,pot_1,1,1,COOK_START,COOK_START,COOK_START,pot_1,pot_1,pot_1,0,0,serve
post_post,7013,392,393,"(1, 0)",FETCH,FETCH,1,onion_1,onion_1,1,1,FETCH,FETCH,FETCH,onion_1,onion_1,onion_1,0,0,serve
post_post,7013,394,395,"(0, 1)",PLACE,PLACE,1,pot_0,pot_0,1,1,PLACE,PLACE,PLACE,pot_0,pot_0,pot_0,0,0,serve
post_post,7013,407,408,"(-1, 0)",FETCH,FETCH,1,onion_0,onion_0,1,1,FETCH,FETCH,FETCH,onion_0,onion_0,onion_0,0,0,serve
post_post,7013,409,410,"(0, 1)",PLACE,PLACE,1,pot_0,pot_0,1,1,PLACE,PLACE,PLACE,pot_0,pot_0,pot_0,0,0,serve
post_post,7013,413,414,"(-1, 0)",FETCH,FETCH,1,onion_0,onion_0,1,1,FETCH,FETCH,FETCH,onion_0,onion_0,onion_0,0,0,serve
post_post,7013,415,416,"(0, 1)",PLACE,PLACE,1,pot_0,pot_0,1,1,PLACE,PLACE,PLACE,pot_0,pot_0,pot_0,0,0,serve
post_post,7013,419,420,interact,COOK_START,COOK_START,1,pot_0,pot_0,1,1,COOK_START,COOK_START,COOK_START,pot_0,pot_0,pot_0,0,0,serve
post_post,7013,420,421,"(-1, 0)",FETCH,FETCH,1,onion_0,onion_0,1,1,GET_DISH,FETCH,GET_DISH,dish_0,onion_0,dish_0,1,1,serve
post_post,7013,422,423,"(0, 1)",PLACE,PLACE,1,pot_1,pot_1,1,1,PLACE,PLACE,PLACE,pot_1,pot_1,pot_1,0,0,serve
post_post,7013,428,429,"(1, 0)",FETCH,FETCH,1,onion_1,onion_1,1,1,FETCH,FETCH,FETCH,onion_1,onion_1,onion_1,0,0,serve
post_post,7013,430,431,"(0, 1)",PLACE,PLACE,1,pot_1,pot_1,1,1,PLACE,PLACE,PLACE,pot_1,pot_1,pot_1,0,0,serve
post_post,7013,434,435,"(1, 0)",FETCH,FETCH,1,onion_1,onion_1,1,1,FETCH,FETCH,FETCH,onion_1,onion_1,onion_1,0,0,serve
post_post,7013,436,437,"(0, 1)",PLACE,PLACE,1,pot_1,pot_1,1,1,PLACE,PLACE,PLACE,pot_1,pot_1,pot_1,0,0,serve
post_post,7013,440,441,interact,COOK_START,COOK_START,1,pot_1,pot_1,1,1,COOK_START,COOK_START,COOK_START,pot_1,pot_1,pot_1,0,0,serve
post_post,7013,441,442,"(0, 0)",GET_DISH,GET_DISH,1,dish_0,dish_0,1,1,GET_DISH,GET_DISH,GET_DISH,dish_0,dish_0,dish_0,0,0,cook
post_post,7013,447,448,"(1, 0)",PRE,PRE,1,pot_1,pot_0,0,0,PRE,PRE,PRE,pot_0,pot_0,pot_0,0,0,dynamic
post_post,7013,460,461,"(1, 0)",PICKUP,PICKUP,1,pot_1,pot_1,1,1,PICKUP,PICKUP,PICKUP,pot_1,pot_1,pot_1,0,0,cook
post_post,7013,463,464,"(0, 1)",DELIVER,DELIVER,1,serve_0,serve_0,1,1,DELIVER,DELIVER,DELIVER,serve_0,serve_0,serve_0,0,0,cook
post_post,7013,465,466,"(0, -1)",FETCH,FETCH,1,onion_1,onion_1,1,1,FETCH,FETCH,FETCH,onion_1,onion_1,onion_1,0,0,serve
post_post,7013,468,469,"(0, 1)",PLACE,PLACE,1,pot_1,pot_0,0,0,PLACE,PLACE,PLACE,pot_0,pot_0,pot_0,0,0,serve
post_post,7013,479,480,"(1, 0)",FETCH,FETCH,1,onion_1,onion_1,1,1,FETCH,FETCH,FETCH,onion_1,onion_1,onion_1,0,0,serve
post_post,7013,481,482,"(-1, 0)",PLACE,PLACE,1,pot_1,pot_1,1,1,PLACE,PLACE,PLACE,pot_1,pot_1,pot_1,0,0,serve
post_post,7013,485,486,"(1, 0)",FETCH,FETCH,1,onion_1,onion_1,1,1,FETCH,FETCH,FETCH,onion_1,onion_1,onion_1,0,0,serve
post_post,7013,487,488,"(-1, 0)",PLACE,PLACE,1,pot_1,pot_1,1,1,PLACE,PLACE,PLACE,pot_1,pot_1,pot_1,0,0,serve
post_post,7013,491,492,interact,COOK_START,COOK_START,1,pot_1,pot_1,1,1,COOK_START,COOK_START,COOK_START,pot_1,pot_1,pot_1,0,0,serve
post_post,7013,492,493,"(1, 0)",FETCH,FETCH,1,onion_1,onion_1,1,1,FETCH,FETCH,FETCH,onion_1,onion_1,onion_1,0,0,serve
post_post,7013,494,495,"(0, 1)",PLACE,PLACE,1,pot_0,pot_0,1,1,PLACE,PLACE,PLACE,pot_0,pot_0,pot_0,0,0,serve
post_post,7013,507,508,"(-1, 0)",FETCH,FETCH,1,onion_0,onion_0,1,1,GET_DISH,FETCH,GET_DISH,onion_0,onion_0,onion_0,1,0,serve
post_post,7013,509,510,"(0, 1)",PLACE,PLACE,1,pot_0,pot_0,1,1,PLACE,PLACE,PLACE,pot_0,pot_0,pot_0,0,0,serve
post_post,7013,513,514,"(-1, 0)",FETCH,FETCH,1,onion_0,onion_0,1,1,FETCH,FETCH,FETCH,onion_0,onion_0,onion_0,0,0,serve
post_post,7013,515,516,"(0, 1)",PLACE,PLACE,1,pot_0,pot_0,1,1,PLACE,PLACE,PLACE,pot_0,pot_0,pot_0,0,0,serve
post_post,7013,519,520,interact,COOK_START,COOK_START,1,pot_0,pot_0,1,1,COOK_START,COOK_START,COOK_START,pot_0,pot_0,pot_0,0,0,serve
post_post,7013,520,521,"(-1, 0)",FETCH,GET_DISH,0,onion_0,dish_0,0,0,GET_DISH,GET_DISH,GET_DISH,dish_0,dish_0,dish_0,0,0,cook
post_post,7013,522,523,"(0, 1)",PLACE,PLACE,1,pot_1,pot_1,1,1,PLACE,PLACE,PLACE,pot_1,pot_1,pot_1,0,0,serve
post_post,7013,528,529,"(1, 0)",FETCH,FETCH,1,onion_1,onion_1,1,1,FETCH,FETCH,FETCH,onion_1,onion_1,onion_1,0,0,serve
post_post,7013,530,531,"(0, 1)",PLACE,PLACE,1,pot_1,pot_1,1,1,PLACE,PLACE,PLACE,pot_1,pot_1,pot_1,0,0,serve
post_post,7013,534,535,"(1, 0)",FETCH,FETCH,1,onion_1,onion_1,1,1,FETCH,FETCH,FETCH,onion_1,onion_1,onion_1,0,0,serve
post_post,7013,536,537,"(0, 1)",PLACE,PLACE,1,pot_1,pot_1,1,1,PLACE,PLACE,PLACE,pot_1,pot_1,pot_1,0,0,serve
post_post,7013,540,541,interact,COOK_START,COOK_START,1,pot_1,pot_1,1,1,COOK_START,COOK_START,COOK_START,pot_1,pot_1,pot_1,0,0,serve
post_post,7013,541,542,"(0, 0)",GET_DISH,GET_DISH,1,dish_0,dish_0,1,1,GET_DISH,GET_DISH,GET_DISH,dish_0,dish_0,dish_0,0,0,cook
post_post,7013,547,548,"(1, 0)",PRE,PRE,1,pot_1,dish_0,0,0,PRE,PRE,PRE,pot_0,dish_0,pot_0,0,1,dynamic
post_post,7013,560,561,"(1, 0)",PICKUP,PICKUP,1,pot_1,pot_1,1,1,PICKUP,PICKUP,PICKUP,pot_1,pot_1,pot_1,0,0,cook
post_post,7013,563,564,"(0, 1)",DELIVER,DELIVER,1,serve_0,serve_0,1,1,DELIVER,DELIVER,DELIVER,serve_0,serve_0,serve_0,0,0,cook
post_post,7013,565,566,"(0, -1)",FETCH,FETCH,1,onion_1,onion_1,1,1,FETCH,FETCH,FETCH,onion_1,onion_1,onion_1,0,0,serve
post_post,7013,568,569,"(0, 1)",PLACE,PLACE,1,pot_1,pot_0,0,0,PLACE,PLACE,PLACE,pot_0,pot_0,pot_0,0,0,serve
post_post,7013,579,580,"(1, 0)",FETCH,FETCH,1,onion_1,onion_1,1,1,FETCH,FETCH,FETCH,onion_1,onion_1,onion_1,0,0,serve
post_post,7013,581,582,"(-1, 0)",PLACE,PLACE,1,pot_1,pot_1,1,1,PLACE,PLACE,PLACE,pot_1,pot_1,pot_1,0,0,serve
post_post,7013,585,586,"(1, 0)",FETCH,FETCH,1,onion_1,onion_1,1,1,FETCH,FETCH,FETCH,onion_1,onion_1,onion_1,0,0,serve
post_post,7013,587,588,"(-1, 0)",PLACE,PLACE,1,pot_1,pot_1,1,1,PLACE,PLACE,PLACE,pot_1,pot_1,pot_1,0,0,serve
post_post,7013,591,592,interact,COOK_START,COOK_START,1,pot_1,pot_1,1,1,COOK_START,COOK_START,COOK_START,pot_1,pot_1,pot_1,0,0,serve
post_post,7013,592,593,"(1, 0)",FETCH,FETCH,1,onion_1,onion_1,1,1,FETCH,FETCH,FETCH,onion_1,onion_1,onion_1,0,0,serve
post_post,7013,594,595,"(0, 1)",PLACE,PLACE,1,pot_0,pot_0,1,1,PLACE,PLACE,PLACE,pot_0,pot_0,pot_0,0,0,serve
post_post,7013,607,608,"(-1, 0)",FETCH,GET_DISH,0,onion_0,dish_0,0,0,GET_DISH,GET_DISH,GET_DISH,dish_0,dish_0,dish_0,0,0,cook
post_post,7013,609,610,"(0, 1)",PLACE,PLACE,1,pot_0,pot_0,1,1,PLACE,PLACE,PLACE,pot_0,pot_0,pot_0,0,0,serve
post_post,7013,613,614,"(-1, 0)",FETCH,FETCH,1,onion_0,onion_0,1,1,FETCH,FETCH,FETCH,onion_0,onion_0,onion_0,0,0,serve
post_post,7013,615,616,"(0, 1)",PLACE,PLACE,1,pot_0,pot_0,1,1,PLACE,PLACE,PLACE,pot_0,pot_0,pot_0,0,0,serve
post_post,7013,619,620,interact,COOK_START,COOK_START,1,pot_0,pot_0,1,1,COOK_START,COOK_START,COOK_START,pot_0,pot_0,pot_0,0,0,serve
post_post,7013,620,621,"(-1, 0)",FETCH,GET_DISH,0,onion_0,dish_0,0,0,GET_DISH,GET_DISH,GET_DISH,dish_0,dish_0,dish_0,0,0,cook
post_post,7013,622,623,"(0, 1)",PLACE,PLACE,1,pot_1,pot_1,1,1,PLACE,PLACE,PLACE,pot_1,pot_1,pot_1,0,0,serve
post_post,7013,628,629,"(1, 0)",FETCH,FETCH,1,onion_1,onion_1,1,1,FETCH,FETCH,FETCH,onion_1,onion_1,onion_1,0,0,serve
post_post,7013,630,631,"(0, 1)",PLACE,PLACE,1,pot_1,pot_1,1,1,PLACE,PLACE,PLACE,pot_1,pot_1,pot_1,0,0,serve
post_post,7013,634,635,"(1, 0)",FETCH,FETCH,1,onion_1,onion_1,1,1,FETCH,FETCH,FETCH,onion_1,onion_1,onion_1,0,0,serve
post_post,7013,636,637,"(0, 1)",PLACE,PLACE,1,pot_1,pot_1,1,1,PLACE,PLACE,PLACE,pot_1,pot_1,pot_1,0,0,serve
post_post,7013,640,641,interact,COOK_START,COOK_START,1,pot_1,pot_1,1,1,COOK_START,COOK_START,COOK_START,pot_1,pot_1,pot_1,0,0,serve
post_post,7013,641,642,"(0, 0)",GET_DISH,GET_DISH,1,dish_0,dish_0,1,1,GET_DISH,GET_DISH,GET_DISH,dish_0,dish_0,dish_0,0,0,cook
post_post,7013,647,648,"(1, 0)",PRE,PRE,1,pot_1,dish_0,0,0,PRE,PRE,PRE,pot_0,dish_0,dish_0,0,1,dynamic
post_post,7013,660,661,"(1, 0)",PICKUP,PICKUP,1,pot_1,pot_1,1,1,PICKUP,PICKUP,PICKUP,pot_1,pot_1,pot_1,0,0,cook
post_post,7013,663,664,"(0, 1)",DELIVER,DELIVER,1,serve_0,serve_0,1,1,DELIVER,DELIVER,DELIVER,serve_0,serve_0,serve_0,0,0,cook
post_post,7013,665,666,"(0, -1)",FETCH,FETCH,1,onion_1,onion_1,1,1,FETCH,FETCH,FETCH,onion_1,onion_1,onion_1,0,0,serve
post_post,7013,668,669,"(0, 1)",PLACE,PLACE,1,pot_1,pot_1,1,1,PLACE,PLACE,PLACE,pot_1,pot_1,pot_1,0,0,serve
post_post,7013,672,673,"(1, 0)",FETCH,FETCH,1,onion_1,onion_1,1,1,FETCH,FETCH,FETCH,onion_1,onion_1,onion_1,0,0,serve
post_post,7013,674,675,"(-1, 0)",PLACE,PLACE,1,pot_1,pot_1,1,1,PLACE,PLACE,PLACE,pot_1,pot_1,pot_1,0,0,serve
post_post,7013,678,679,"(1, 0)",FETCH,FETCH,1,onion_1,onion_1,1,1,FETCH,FETCH,FETCH,onion_1,onion_1,onion_1,0,0,serve
post_post,7013,680,681,"(-1, 0)",PLACE,PLACE,1,pot_1,pot_1,1,1,PLACE,PLACE,PLACE,pot_1,pot_1,pot_1,0,0,serve
post_post,7013,684,685,interact,COOK_START,COOK_START,1,pot_1,pot_1,1,1,COOK_START,COOK_START,COOK_START,pot_1,pot_1,pot_1,0,0,serve
post_post,7013,685,686,"(1, 0)",FETCH,FETCH,1,onion_1,onion_1,1,1,FETCH,FETCH,FETCH,onion_1,onion_1,onion_1,0,0,serve
post_post,7013,687,688,"(0, 1)",PLACE,PLACE,1,pot_0,pot_0,1,1,PLACE,PLACE,PLACE,pot_0,pot_0,pot_0,0,0,serve
post_post,7014,0,1,"(0, 0)",FETCH,FETCH,1,onion_0,onion_0,1,1,FETCH,FETCH,FETCH,onion_0,onion_0,onion_0,0,0,serve
post_post,7014,5,6,"(0, 1)",PLACE,PLACE,1,pot_0,pot_0,1,1,PLACE,PLACE,PLACE,pot_0,pot_0,pot_0,0,0,serve
post_post,7014,9,10,"(-1, 0)",FETCH,FETCH,1,onion_0,onion_0,1,1,FETCH,FETCH,FETCH,onion_0,onion_0,onion_0,0,0,serve
post_post,7014,11,12,"(0, 1)",PLACE,PLACE,1,pot_0,pot_0,1,1,PLACE,PLACE,PLACE,pot_0,pot_0,pot_0,0,0,serve
post_post,7014,15,16,"(-1, 0)",FETCH,FETCH,1,onion_0,onion_0,1,1,FETCH,FETCH,FETCH,onion_0,onion_0,onion_0,0,0,serve
post_post,7014,17,18,"(0, 1)",PLACE,PLACE,1,pot_0,pot_0,1,1,PLACE,PLACE,PLACE,pot_0,pot_0,pot_0,0,0,serve
post_post,7014,21,22,interact,COOK_START,COOK_START,1,pot_0,pot_0,1,1,COOK_START,COOK_START,COOK_START,pot_0,pot_0,pot_0,0,0,serve
post_post,7014,22,23,"(-1, 0)",FETCH,FETCH,1,onion_0,onion_0,1,1,FETCH,FETCH,FETCH,onion_0,onion_0,onion_0,0,0,serve
post_post,7014,24,25,"(0, 1)",PLACE,PLACE,1,pot_1,pot_1,1,1,PLACE,PLACE,PLACE,pot_1,pot_1,pot_1,0,0,serve
post_post,7014,30,31,"(1, 0)",FETCH,FETCH,1,onion_1,onion_1,1,1,FETCH,FETCH,FETCH,onion_1,onion_1,onion_1,0,0,serve
post_post,7014,32,33,"(0, 1)",PLACE,PLACE,1,pot_1,pot_1,1,1,PLACE,PLACE,PLACE,pot_1,pot_1,pot_1,0,0,serve
post_post,7014,36,37,"(1, 0)",FETCH,FETCH,1,onion_1,onion_1,1,1,FETCH,FETCH,FETCH,onion_1,onion_1,onion_1,0,0,serve
post_post,7014,38,39,"(0, 1)",PLACE,PLACE,1,pot_1,pot_1,1,1,PLACE,PLACE,PLACE,pot_1,pot_1,pot_1,0,0,serve
post_post,7014,42,43,interact,COOK_START,COOK_START,1,pot_1,pot_1,1,1,COOK_START,COOK_START,COOK_START,pot_1,pot_1,pot_1,0,0,serve
post_post,7014,43,44,"(0, 0)",GET_DISH,GET_DISH,1,dish_0,dish_0,1,1,GET_DISH,GET_DISH,GET_DISH,dish_0,dish_0,dish_0,0,0,cook
post_post,7014,49,50,"(1, 0)",PRE,PRE,1,pot_1,pot_1,1,1,PRE,PRE,PRE,none,pot_1,none,0,1,dynamic
post_post,7014,62,63,"(1, 0)",PICKUP,PICKUP,1,pot_1,pot_1,1,1,PICKUP,PICKUP,PICKUP,pot_1,pot_1,pot_1,0,0,cook
post_post,7014,65,66,"(0, 1)",DELIVER,DELIVER,1,serve_0,serve_0,1,1,DELIVER,DELIVER,DELIVER,serve_0,serve_0,serve_0,0,0,cook
post_post,7014,67,68,"(0, -1)",FETCH,FETCH,1,onion_1,onion_1,1,1,FETCH,FETCH,FETCH,onion_1,onion_1,onion_1,0,0,serve
post_post,7014,70,71,"(0, 1)",PLACE,PLACE,1,pot_1,pot_1,1,1,PLACE,PLACE,PLACE,pot_1,pot_1,pot_1,0,0,serve
post_post,7014,81,82,"(1, 0)",FETCH,FETCH,1,onion_1,onion_1,1,1,FETCH,FETCH,FETCH,onion_1,onion_1,onion_1,0,0,serve
post_post,7014,83,84,"(-1, 0)",PLACE,PLACE,1,pot_1,pot_1,1,1,PLACE,PLACE,PLACE,pot_1,pot_1,pot_1,0,0,serve
post_post,7014,87,88,"(1, 0)",FETCH,FETCH,1,onion_1,onion_1,1,1,FETCH,FETCH,FETCH,onion_1,onion_1,onion_1,0,0,serve
post_post,7014,89,90,"(-1, 0)",PLACE,PLACE,1,pot_1,pot_1,1,1,PLACE,PLACE,PLACE,pot_1,pot_1,pot_1,0,0,serve
post_post,7014,93,94,interact,COOK_START,COOK_START,1,pot_1,pot_1,1,1,COOK_START,COOK_START,COOK_START,pot_1,pot_1,pot_1,0,0,serve
post_post,7014,94,95,"(1, 0)",FETCH,FETCH,1,onion_1,onion_1,1,1,FETCH,FETCH,FETCH,onion_1,onion_1,onion_1,0,0,serve
post_post,7014,96,97,"(0, 1)",PLACE,PLACE,1,pot_0,pot_0,1,1,PLACE,PLACE,PLACE,pot_0,pot_0,pot_0,0,0,serve
post_post,7014,109,110,"(-1, 0)",FETCH,FETCH,1,onion_0,onion_0,1,1,FETCH,FETCH,FETCH,onion_0,onion_0,onion_0,0,0,serve
post_post,7014,111,112,"(0, 1)",PLACE,PLACE,1,pot_0,pot_0,1,1,PLACE,PLACE,PLACE,pot_0,pot_0,pot_0,0,0,serve
post_post,7014,115,116,"(-1, 0)",FETCH,FETCH,1,onion_0,onion_0,1,1,FETCH,FETCH,FETCH,onion_0,onion_0,onion_0,0,0,serve
post_post,7014,117,118,"(0, 1)",PLACE,PLACE,1,pot_0,pot_0,1,1,PLACE,PLACE,PLACE,pot_0,pot_0,pot_0,0,0,serve
post_post,7014,121,122,interact,COOK_START,COOK_START,1,pot_0,pot_0,1,1,COOK_START,COOK_START,COOK_START,pot_0,pot_0,pot_0,0,0,serve
post_post,7014,122,123,"(-1, 0)",FETCH,FETCH,1,onion_0,onion_0,1,1,FETCH,FETCH,FETCH,onion_0,onion_0,onion_0,0,0,serve
post_post,7014,124,125,"(0, 1)",PLACE,PLACE,1,pot_1,pot_1,1,1,PLACE,PLACE,PLACE,pot_1,pot_1,pot_1,0,0,serve
post_post,7014,130,131,"(1, 0)",FETCH,FETCH,1,onion_1,onion_1,1,1,FETCH,FETCH,FETCH,onion_1,onion_1,onion_1,0,0,serve
post_post,7014,132,133,"(0, 1)",PLACE,PLACE,1,pot_1,pot_1,1,1,PLACE,PLACE,PLACE,pot_1,pot_1,pot_1,0,0,serve
post_post,7014,136,137,"(1, 0)",FETCH,FETCH,1,onion_1,onion_1,1,1,FETCH,FETCH,FETCH,onion_1,onion_1,onion_1,0,0,serve
post_post,7014,138,139,"(0, 1)",PLACE,PLACE,1,pot_1,pot_1,1,1,PLACE,PLACE,PLACE,pot_1,pot_1,pot_1,0,0,serve
post_post,7014,142,143,interact,COOK_START,COOK_START,1,pot_1,pot_1,1,1,COOK_START,COOK_START,COOK_START,pot_1,pot_1,pot_1,0,0,serve
post_post,7014,143,144,"(0, 0)",GET_DISH,GET_DISH,1,dish_0,dish_0,1,1,GET_DISH,GET_DISH,GET_DISH,dish_0,dish_0,dish_0,0,0,cook
post_post,7014,149,150,"(1, 0)",PRE,PRE,1,pot_1,pot_1,1,1,PRE,PRE,PRE,none,pot_1,none,0,1,dynamic
post_post,7014,162,163,"(1, 0)",PICKUP,PICKUP,1,pot_1,pot_1,1,1,PICKUP,PICKUP,PICKUP,pot_1,pot_1,pot_1,0,0,cook
post_post,7014,165,166,"(0, 1)",DELIVER,DELIVER,1,serve_0,serve_0,1,1,DELIVER,DELIVER,DELIVER,serve_0,serve_0,serve_0,0,0,cook
post_post,7014,167,168,"(0, -1)",FETCH,FETCH,1,onion_1,onion_1,1,1,FETCH,FETCH,FETCH,onion_1,onion_1,onion_1,0,0,serve
post_post,7014,170,171,"(0, 1)",PLACE,PLACE,1,pot_1,pot_1,1,1,PLACE,PLACE,PLACE,pot_1,pot_1,pot_1,0,0,serve
post_post,7014,181,182,"(1, 0)",FETCH,FETCH,1,onion_1,onion_1,1,1,FETCH,FETCH,FETCH,onion_1,onion_1,onion_1,0,0,serve
post_post,7014,183,184,"(-1, 0)",PLACE,PLACE,1,pot_1,pot_1,1,1,PLACE,PLACE,PLACE,pot_1,pot_1,pot_1,0,0,serve
post_post,7014,187,188,"(1, 0)",FETCH,FETCH,1,onion_1,onion_1,1,1,FETCH,FETCH,FETCH,onion_1,onion_1,onion_1,0,0,serve
post_post,7014,189,190,"(-1, 0)",PLACE,PLACE,1,pot_1,pot_1,1,1,PLACE,PLACE,PLACE,pot_1,pot_1,pot_1,0,0,serve
post_post,7014,193,194,interact,COOK_START,COOK_START,1,pot_1,pot_1,1,1,COOK_START,COOK_START,COOK_START,pot_1,pot_1,pot_1,0,0,serve
post_post,7014,194,195,"(1, 0)",FETCH,FETCH,1,onion_1,onion_1,1,1,FETCH,FETCH,FETCH,onion_1,onion_1,onion_1,0,0,serve
post_post,7014,196,197,"(0, 1)",PLACE,PLACE,1,pot_0,pot_0,1,1,PLACE,PLACE,PLACE,pot_0,pot_0,pot_0,0,0,serve
post_post,7014,209,210,"(-1, 0)",FETCH,FETCH,1,onion_0,onion_0,1,1,FETCH,FETCH,FETCH,onion_0,onion_0,onion_0,0,0,serve
post_post,7014,211,212,"(0, 1)",PLACE,PLACE,1,pot_0,pot_0,1,1,PLACE,PLACE,PLACE,pot_0,pot_0,pot_0,0,0,serve
post_post,7014,215,216,"(-1, 0)",FETCH,FETCH,1,onion_0,onion_0,1,1,FETCH,FETCH,FETCH,onion_0,onion_0,onion_0,0,0,serve
post_post,7014,217,218,"(0, 1)",PLACE,PLACE,1,pot_0,pot_0,1,1,PLACE,PLACE,PLACE,pot_0,pot_0,pot_0,0,0,serve
post_post,7014,221,222,interact,COOK_START,COOK_START,1,pot_0,pot_0,1,1,COOK_START,COOK_START,COOK_START,pot_0,pot_0,pot_0,0,0,serve
post_post,7014,222,223,"(-1, 0)",FETCH,FETCH,1,onion_0,onion_0,1,1,FETCH,FETCH,FETCH,onion_0,onion_0,onion_0,0,0,serve
post_post,7014,224,225,"(0, 1)",PLACE,PLACE,1,pot_1,pot_1,1,1,PLACE,PLACE,PLACE,pot_1,pot_1,pot_1,0,0,serve
post_post,7014,230,231,"(1, 0)",FETCH,FETCH,1,onion_1,onion_1,1,1,FETCH,FETCH,FETCH,onion_1,onion_1,onion_1,0,0,serve
post_post,7014,232,233,"(0, 1)",PLACE,PLACE,1,pot_1,pot_1,1,1,PLACE,PLACE,PLACE,pot_1,pot_1,pot_1,0,0,serve
post_post,7014,236,237,"(1, 0)",FETCH,FETCH,1,onion_1,onion_1,1,1,FETCH,FETCH,FETCH,onion_1,onion_1,onion_1,0,0,serve
post_post,7014,238,239,"(0, 1)",PLACE,PLACE,1,pot_1,pot_1,1,1,PLACE,PLACE,PLACE,pot_1,pot_1,pot_1,0,0,serve
post_post,7014,242,243,interact,COOK_START,COOK_START,1,pot_1,pot_1,1,1,COOK_START,COOK_START,COOK_START,pot_1,pot_1,pot_1,0,0,serve
post_post,7014,243,244,"(0, 0)",GET_DISH,GET_DISH,1,dish_0,dish_0,1,1,GET_DISH,GET_DISH,GET_DISH,dish_0,dish_0,dish_0,0,0,cook
post_post,7014,249,250,"(1, 0)",PRE,PRE,1,pot_1,pot_1,1,1,PRE,PRE,PRE,none,pot_1,none,0,1,dynamic
post_post,7014,262,263,"(1, 0)",PICKUP,PICKUP,1,pot_1,pot_1,1,1,PICKUP,PICKUP,PICKUP,pot_1,pot_1,pot_1,0,0,cook
post_post,7014,265,266,"(0, 1)",DELIVER,DELIVER,1,serve_0,serve_0,1,1,DELIVER,DELIVER,DELIVER,serve_0,serve_0,serve_0,0,0,cook
post_post,7014,267,268,"(0, -1)",FETCH,FETCH,1,onion_1,onion_1,1,1,FETCH,FETCH,FETCH,onion_1,onion_1,onion_1,0,0,serve
post_post,7014,270,271,"(0, 1)",PLACE,PLACE,1,pot_1,pot_1,1,1,PLACE,PLACE,PLACE,pot_1,pot_1,pot_1,0,0,serve
post_post,7014,281,282,"(1, 0)",FETCH,FETCH,1,onion_1,onion_1,1,1,FETCH,FETCH,FETCH,onion_1,onion_1,onion_1,0,0,serve
post_post,7014,283,284,"(-1, 0)",PLACE,PLACE,1,pot_1,pot_1,1,1,PLACE,PLACE,PLACE,pot_1,pot_1,pot_1,0,0,serve
post_post,7014,287,288,"(1, 0)",FETCH,FETCH,1,onion_1,onion_1,1,1,FETCH,FETCH,FETCH,onion_1,onion_1,onion_1,0,0,serve
post_post,7014,289,290,"(-1, 0)",PLACE,PLACE,1,pot_1,pot_1,1,1,PLACE,PLACE,PLACE,pot_1,pot_1,pot_1,0,0,serve
post_post,7014,293,294,interact,COOK_START,COOK_START,1,pot_1,pot_1,1,1,COOK_START,COOK_START,COOK_START,pot_1,pot_1,pot_1,0,0,serve
post_post,7014,294,295,"(1, 0)",FETCH,FETCH,1,onion_1,onion_1,1,1,FETCH,FETCH,FETCH,onion_1,onion_1,onion_1,0,0,serve
post_post,7014,296,297,"(0, 1)",PLACE,PLACE,1,pot_0,pot_0,1,1,PLACE,PLACE,PLACE,pot_0,pot_0,pot_0,0,0,serve
post_post,7014,309,310,"(-1, 0)",FETCH,FETCH,1,onion_0,onion_0,1,1,FETCH,FETCH,FETCH,onion_0,onion_0,onion_0,0,0,serve
post_post,7014,311,312,"(0, 1)",PLACE,PLACE,1,pot_0,pot_0,1,1,PLACE,PLACE,PLACE,pot_0,pot_0,pot_0,0,0,serve
post_post,7014,315,316,"(-1, 0)",FETCH,FETCH,1,onion_0,onion_0,1,1,FETCH,FETCH,FETCH,onion_0,onion_0,onion_0,0,0,serve
post_post,7014,317,318,"(0, 1)",PLACE,PLACE,1,pot_0,pot_0,1,1,PLACE,PLACE,PLACE,pot_0,pot_0,pot_0,0,0,serve
post_post,7014,321,322,interact,COOK_START,COOK_START,1,pot_0,pot_0,1,1,COOK_START,COOK_START,COOK_START,pot_0,pot_0,pot_0,0,0,serve
post_post,7014,322,323,"(-1, 0)",FETCH,FETCH,1,onion_0,onion_0,1,1,FETCH,FETCH,FETCH,onion_0,onion_0,onion_0,0,0,serve
post_post,7014,324,325,"(0, 1)",PLACE,PLACE,1,pot_1,pot_1,1,1,PLACE,PLACE,PLACE,pot_1,pot_1,pot_1,0,0,serve
post_post,7014,330,331,"(1, 0)",FETCH,FETCH,1,onion_1,onion_1,1,1,FETCH,FETCH,FETCH,onion_1,onion_1,onion_1,0,0,serve
post_post,7014,332,333,"(0, 1)",PLACE,PLACE,1,pot_1,pot_1,1,1,PLACE,PLACE,PLACE,pot_1,pot_1,pot_1,0,0,serve
post_post,7014,336,337,"(1, 0)",FETCH,FETCH,1,onion_1,onion_1,1,1,FETCH,FETCH,FETCH,onion_1,onion_1,onion_1,0,0,serve
post_post,7014,338,339,"(0, 1)",PLACE,PLACE,1,pot_1,pot_1,1,1,PLACE,PLACE,PLACE,pot_1,pot_1,pot_1,0,0,serve
post_post,7014,342,343,interact,COOK_START,COOK_START,1,pot_1,pot_1,1,1,COOK_START,COOK_START,COOK_START,pot_1,pot_1,pot_1,0,0,serve
post_post,7014,343,344,"(0, 0)",GET_DISH,GET_DISH,1,dish_0,dish_0,1,1,GET_DISH,GET_DISH,GET_DISH,dish_0,dish_0,dish_0,0,0,cook
post_post,7014,349,350,"(1, 0)",PRE,PRE,1,pot_1,pot_0,0,0,PRE,PRE,PRE,none,pot_0,none,0,1,dynamic
post_post,7014,362,363,"(1, 0)",PICKUP,PICKUP,1,pot_1,pot_1,1,1,PICKUP,PICKUP,PICKUP,pot_1,pot_1,pot_1,0,0,cook
post_post,7014,365,366,"(0, 1)",DELIVER,DELIVER,1,serve_0,serve_0,1,1,DELIVER,DELIVER,DELIVER,serve_0,serve_0,serve_0,0,0,cook
post_post,7014,367,368,"(0, -1)",FETCH,FETCH,1,onion_1,onion_1,1,1,FETCH,FETCH,FETCH,onion_1,onion_1,onion_1,0,0,serve
post_post,7014,370,371,"(0, 1)",PLACE,PLACE,1,pot_1,pot_0,0,0,PLACE,PLACE,PLACE,pot_0,pot_0,pot_0,0,0,serve
post_post,7014,381,382,"(1, 0)",FETCH,FETCH,1,onion_1,onion_1,1,1,FETCH,FETCH,FETCH,onion_1,onion_1,onion_1,0,0,serve
post_post,7014,383,384,"(-1, 0)",PLACE,PLACE,1,pot_1,pot_1,1,1,PLACE,PLACE,PLACE,pot_1,pot_1,pot_1,0,0,serve
post_post,7014,387,388,"(1, 0)",FETCH,FETCH,1,onion_1,onion_1,1,1,FETCH,FETCH,FETCH,onion_1,onion_1,onion_1,0,0,serve
post_post,7014,389,390,"(-1, 0)",PLACE,PLACE,1,pot_1,pot_1,1,1,PLACE,PLACE,PLACE,pot_1,pot_1,pot_1,0,0,serve
post_post,7014,393,394,interact,COOK_START,COOK_START,1,pot_1,pot_1,1,1,COOK_START,COOK_START,COOK_START,pot_1,pot_1,pot_1,0,0,serve
post_post,7014,394,395,"(1, 0)",FETCH,FETCH,1,onion_1,onion_1,1,1,FETCH,FETCH,FETCH,onion_1,onion_1,onion_1,0,0,serve
post_post,7014,396,397,"(0, 1)",PLACE,PLACE,1,pot_0,pot_0,1,1,PLACE,PLACE,PLACE,pot_0,pot_0,pot_0,0,0,serve
post_post,7014,409,410,"(-1, 0)",FETCH,FETCH,1,onion_0,onion_0,1,1,FETCH,FETCH,FETCH,onion_0,onion_0,onion_0,0,0,serve
post_post,7014,411,412,"(0, 1)",PLACE,PLACE,1,pot_0,pot_0,1,1,PLACE,PLACE,PLACE,pot_0,pot_0,pot_0,0,0,serve
post_post,7014,415,416,"(-1, 0)",FETCH,FETCH,1,onion_0,onion_0,1,1,FETCH,FETCH,FETCH,onion_0,onion_0,onion_0,0,0,serve
post_post,7014,417,418,"(0, 1)",PLACE,PLACE,1,pot_0,pot_0,1,1,PLACE,PLACE,PLACE,pot_0,pot_0,pot_0,0,0,serve
post_post,7014,421,422,interact,COOK_START,COOK_START,1,pot_0,pot_0,1,1,COOK_START,COOK_START,COOK_START,pot_0,pot_0,pot_0,0,0,serve
post_post,7014,422,423,"(-1, 0)",FETCH,FETCH,1,onion_0,onion_0,1,1,GET_DISH,FETCH,GET_DISH,dish_0,onion_0,dish_0,1,1,serve
post_post,7014,424,425,"(0, 1)",PLACE,PLACE,1,pot_1,pot_1,1,1,PLACE,PLACE,PLACE,pot_1,pot_1,pot_1,0,0,serve
post_post,7014,430,431,"(1, 0)",FETCH,FETCH,1,onion_1,onion_1,1,1,FETCH,FETCH,FETCH,onion_1,onion_1,onion_1,0,0,serve
post_post,7014,432,433,"(0, 1)",PLACE,PLACE,1,pot_1,pot_1,1,1,PLACE,PLACE,PLACE,pot_1,pot_1,pot_1,0,0,serve
post_post,7014,436,437,"(1, 0)",FETCH,FETCH,1,onion_1,onion_1,1,1,FETCH,FETCH,FETCH,onion_1,onion_1,onion_1,0,0,serve
post_post,7014,438,439,"(0, 1)",PLACE,PLACE,1,pot_1,pot_1,1,1,PLACE,PLACE,PLACE,pot_1,pot_1,pot_1,0,0,serve
post_post,7014,442,443,interact,COOK_START,COOK_START,1,pot_1,pot_1,1,1,COOK_START,COOK_START,COOK_START,pot_1,pot_1,pot_1,0,0,serve
post_post,7014,443,444,"(0, 0)",GET_DISH,GET_DISH,1,dish_0,dish_0,1,1,GET_DISH,GET_DISH,GET_DISH,dish_0,dish_0,dish_0,0,0,cook
post_post,7014,449,450,"(1, 0)",PRE,PRE,1,pot_1,pot_0,0,0,PRE,PRE,PRE,pot_0,pot_0,pot_0,0,0,dynamic
post_post,7014,462,463,"(1, 0)",PICKUP,PICKUP,1,pot_1,pot_1,1,1,PICKUP,PICKUP,PICKUP,pot_1,pot_1,pot_1,0,0,cook
post_post,7014,465,466,"(0, 1)",DELIVER,DELIVER,1,serve_0,serve_0,1,1,DELIVER,DELIVER,DELIVER,serve_0,serve_0,serve_0,0,0,cook
post_post,7014,467,468,"(0, -1)",FETCH,FETCH,1,onion_1,onion_1,1,1,FETCH,FETCH,FETCH,onion_1,onion_1,onion_1,0,0,serve
post_post,7014,470,471,"(0, 1)",PLACE,PLACE,1,pot_1,pot_0,0,0,PLACE,PLACE,PLACE,pot_0,pot_0,pot_0,0,0,serve
post_post,7014,481,482,"(1, 0)",FETCH,FETCH,1,onion_1,onion_1,1,1,FETCH,FETCH,FETCH,onion_1,onion_1,onion_1,0,0,serve
post_post,7014,483,484,"(-1, 0)",PLACE,PLACE,1,pot_1,pot_1,1,1,PLACE,PLACE,PLACE,pot_1,pot_1,pot_1,0,0,serve
post_post,7014,487,488,"(1, 0)",FETCH,FETCH,1,onion_1,onion_1,1,1,FETCH,FETCH,FETCH,onion_1,onion_1,onion_1,0,0,serve
post_post,7014,489,490,"(-1, 0)",PLACE,PLACE,1,pot_1,pot_1,1,1,PLACE,PLACE,PLACE,pot_1,pot_1,pot_1,0,0,serve
post_post,7014,493,494,interact,COOK_START,COOK_START,1,pot_1,pot_1,1,1,COOK_START,COOK_START,COOK_START,pot_1,pot_1,pot_1,0,0,serve
post_post,7014,494,495,"(1, 0)",FETCH,FETCH,1,onion_1,onion_1,1,1,FETCH,FETCH,FETCH,onion_1,onion_1,onion_1,0,0,serve
post_post,7014,496,497,"(0, 1)",PLACE,PLACE,1,pot_0,pot_0,1,1,PLACE,PLACE,PLACE,pot_0,pot_0,pot_0,0,0,serve
post_post,7014,509,510,"(-1, 0)",FETCH,FETCH,1,onion_0,onion_0,1,1,GET_DISH,FETCH,GET_DISH,onion_0,onion_0,onion_0,1,0,serve
post_post,7014,511,512,"(0, 1)",PLACE,PLACE,1,pot_0,pot_0,1,1,PLACE,PLACE,PLACE,pot_0,pot_0,pot_0,0,0,serve
post_post,7014,515,516,"(-1, 0)",FETCH,FETCH,1,onion_0,onion_0,1,1,FETCH,FETCH,FETCH,onion_0,onion_0,onion_0,0,0,serve
post_post,7014,517,518,"(0, 1)",PLACE,PLACE,1,pot_0,pot_0,1,1,PLACE,PLACE,PLACE,pot_0,pot_0,pot_0,0,0,serve
post_post,7014,521,522,interact,COOK_START,COOK_START,1,pot_0,pot_0,1,1,COOK_START,COOK_START,COOK_START,pot_0,pot_0,pot_0,0,0,serve
post_post,7014,522,523,"(-1, 0)",FETCH,GET_DISH,0,onion_0,dish_0,0,0,GET_DISH,GET_DISH,GET_DISH,dish_0,dish_0,dish_0,0,0,cook
post_post,7014,524,525,"(0, 1)",PLACE,PLACE,1,pot_1,pot_1,1,1,PLACE,PLACE,PLACE,pot_1,pot_1,pot_1,0,0,serve
post_post,7014,530,531,"(1, 0)",FETCH,FETCH,1,onion_1,onion_1,1,1,FETCH,FETCH,FETCH,onion_1,onion_1,onion_1,0,0,serve
post_post,7014,532,533,"(0, 1)",PLACE,PLACE,1,pot_1,pot_1,1,1,PLACE,PLACE,PLACE,pot_1,pot_1,pot_1,0,0,serve
post_post,7014,536,537,"(1, 0)",FETCH,FETCH,1,onion_1,onion_1,1,1,FETCH,FETCH,FETCH,onion_1,onion_1,onion_1,0,0,serve
post_post,7014,538,539,"(0, 1)",PLACE,PLACE,1,pot_1,pot_1,1,1,PLACE,PLACE,PLACE,pot_1,pot_1,pot_1,0,0,serve
post_post,7014,542,543,interact,COOK_START,COOK_START,1,pot_1,pot_1,1,1,COOK_START,COOK_START,COOK_START,pot_1,pot_1,pot_1,0,0,serve
post_post,7014,543,544,"(0, 0)",GET_DISH,GET_DISH,1,dish_0,dish_0,1,1,GET_DISH,GET_DISH,GET_DISH,dish_0,dish_0,dish_0,0,0,cook
post_post,7014,549,550,"(1, 0)",PRE,PRE,1,pot_1,dish_0,0,0,PRE,PRE,PRE,pot_0,dish_0,pot_0,0,1,dynamic
post_post,7014,562,563,"(1, 0)",PICKUP,PICKUP,1,pot_1,pot_1,1,1,PICKUP,PICKUP,PICKUP,pot_1,pot_1,pot_1,0,0,cook
post_post,7014,565,566,"(0, 1)",DELIVER,DELIVER,1,serve_0,serve_0,1,1,DELIVER,DELIVER,DELIVER,serve_0,serve_0,serve_0,0,0,cook
post_post,7014,567,568,"(0, -1)",FETCH,FETCH,1,onion_1,onion_1,1,1,FETCH,FETCH,FETCH,onion_1,onion_1,onion_1,0,0,serve
post_post,7014,570,571,"(0, 1)",PLACE,PLACE,1,pot_1,pot_0,0,0,PLACE,PLACE,PLACE,pot_0,pot_0,pot_0,0,0,serve
post_post,7014,581,582,"(1, 0)",FETCH,FETCH,1,onion_1,onion_1,1,1,FETCH,FETCH,FETCH,onion_1,onion_1,onion_1,0,0,serve
post_post,7014,583,584,"(-1, 0)",PLACE,PLACE,1,pot_1,pot_1,1,1,PLACE,PLACE,PLACE,pot_1,pot_1,pot_1,0,0,serve
post_post,7014,587,588,"(1, 0)",FETCH,FETCH,1,onion_1,onion_1,1,1,FETCH,FETCH,FETCH,onion_1,onion_1,onion_1,0,0,serve
post_post,7014,589,590,"(-1, 0)",PLACE,PLACE,1,pot_1,pot_1,1,1,PLACE,PLACE,PLACE,pot_1,pot_1,pot_1,0,0,serve
post_post,7014,593,594,interact,COOK_START,COOK_START,1,pot_1,pot_1,1,1,COOK_START,COOK_START,COOK_START,pot_1,pot_1,pot_1,0,0,serve
post_post,7014,594,595,"(1, 0)",FETCH,FETCH,1,onion_1,onion_1,1,1,FETCH,FETCH,FETCH,onion_1,onion_1,onion_1,0,0,serve
post_post,7014,596,597,"(0, 1)",PLACE,PLACE,1,pot_0,pot_0,1,1,PLACE,PLACE,PLACE,pot_0,pot_0,pot_0,0,0,serve
post_post,7014,609,610,"(-1, 0)",FETCH,GET_DISH,0,onion_0,dish_0,0,0,GET_DISH,GET_DISH,GET_DISH,dish_0,dish_0,dish_0,0,0,cook
post_post,7014,611,612,"(0, 1)",PLACE,PLACE,1,pot_0,pot_0,1,1,PLACE,PLACE,PLACE,pot_0,pot_0,pot_0,0,0,serve
post_post,7014,615,616,"(-1, 0)",FETCH,FETCH,1,onion_0,onion_0,1,1,FETCH,FETCH,FETCH,onion_0,onion_0,onion_0,0,0,serve
post_post,7014,617,618,"(0, 1)",PLACE,PLACE,1,pot_0,pot_0,1,1,PLACE,PLACE,PLACE,pot_0,pot_0,pot_0,0,0,serve
post_post,7014,621,622,interact,COOK_START,COOK_START,1,pot_0,pot_0,1,1,COOK_START,COOK_START,COOK_START,pot_0,pot_0,pot_0,0,0,serve
post_post,7014,622,623,"(-1, 0)",FETCH,GET_DISH,0,onion_0,dish_0,0,0,GET_DISH,GET_DISH,GET_DISH,dish_0,dish_0,dish_0,0,0,cook
post_post,7014,624,625,"(0, 1)",PLACE,PLACE,1,pot_1,pot_1,1,1,PLACE,PLACE,PLACE,pot_1,pot_1,pot_1,0,0,serve
post_post,7014,630,631,"(1, 0)",FETCH,FETCH,1,onion_1,onion_1,1,1,FETCH,FETCH,FETCH,onion_1,onion_1,onion_1,0,0,serve
post_post,7014,632,633,"(0, 1)",PLACE,PLACE,1,pot_1,pot_1,1,1,PLACE,PLACE,PLACE,pot_1,pot_1,pot_1,0,0,serve
post_post,7014,636,637,"(1, 0)",FETCH,FETCH,1,onion_1,onion_1,1,1,FETCH,FETCH,FETCH,onion_1,onion_1,onion_1,0,0,serve
post_post,7014,638,639,"(0, 1)",PLACE,PLACE,1,pot_1,pot_1,1,1,PLACE,PLACE,PLACE,pot_1,pot_1,pot_1,0,0,serve
post_post,7014,642,643,interact,COOK_START,COOK_START,1,pot_1,pot_1,1,1,COOK_START,COOK_START,COOK_START,pot_1,pot_1,pot_1,0,0,serve
post_post,7014,643,644,"(0, 0)",GET_DISH,GET_DISH,1,dish_0,dish_0,1,1,GET_DISH,GET_DISH,GET_DISH,dish_0,dish_0,dish_0,0,0,cook
post_post,7014,649,650,"(1, 0)",PRE,PRE,1,pot_1,dish_0,0,0,PRE,PRE,PRE,dish_0,dish_0,dish_0,0,0,dynamic
post_post,7014,662,663,"(1, 0)",PICKUP,PICKUP,1,pot_1,pot_1,1,1,PICKUP,PICKUP,PICKUP,pot_1,pot_1,pot_1,0,0,cook
post_post,7014,665,666,"(0, 1)",DELIVER,DELIVER,1,serve_0,serve_0,1,1,DELIVER,DELIVER,DELIVER,serve_0,serve_0,serve_0,0,0,cook
post_post,7014,667,668,"(0, -1)",FETCH,FETCH,1,onion_1,onion_1,1,1,FETCH,FETCH,FETCH,onion_1,onion_1,onion_1,0,0,serve
post_post,7014,670,671,"(0, 1)",PLACE,PLACE,1,pot_1,pot_1,1,1,PLACE,PLACE,PLACE,pot_1,pot_1,pot_1,0,0,serve
post_post,7014,674,675,"(1, 0)",FETCH,FETCH,1,onion_1,onion_1,1,1,FETCH,FETCH,FETCH,onion_1,onion_1,onion_1,0,0,serve
post_post,7014,676,677,"(-1, 0)",PLACE,PLACE,1,pot_1,pot_1,1,1,PLACE,PLACE,PLACE,pot_1,pot_1,pot_1,0,0,serve
post_post,7014,680,681,"(1, 0)",FETCH,FETCH,1,onion_1,onion_1,1,1,FETCH,FETCH,FETCH,onion_1,onion_1,onion_1,0,0,serve
post_post,7014,682,683,"(-1, 0)",PLACE,PLACE,1,pot_1,pot_1,1,1,PLACE,PLACE,PLACE,pot_1,pot_1,pot_1,0,0,serve
post_post,7014,686,687,interact,COOK_START,COOK_START,1,pot_1,pot_1,1,1,COOK_START,COOK_START,COOK_START,pot_1,pot_1,pot_1,0,0,serve
post_post,7014,687,688,"(1, 0)",FETCH,FETCH,1,onion_1,onion_1,1,1,FETCH,FETCH,FETCH,onion_1,onion_1,onion_1,0,0,serve
post_post,7014,689,690,"(0, 1)",PLACE,PLACE,1,pot_0,pot_0,1,1,PLACE,PLACE,PLACE,pot_0,pot_0,pot_0,0,0,serve
post_post,7015,0,1,"(0, 0)",FETCH,FETCH,1,onion_0,onion_0,1,1,FETCH,FETCH,FETCH,onion_0,onion_0,onion_0,0,0,serve
post_post,7015,6,7,"(0, 1)",PLACE,PLACE,1,pot_0,pot_0,1,1,PLACE,PLACE,PLACE,pot_0,pot_0,pot_0,0,0,serve
post_post,7015,10,11,"(-1, 0)",FETCH,FETCH,1,onion_0,onion_0,1,1,FETCH,FETCH,FETCH,onion_0,onion_0,onion_0,0,0,serve
post_post,7015,12,13,"(0, 1)",PLACE,PLACE,1,pot_0,pot_0,1,1,PLACE,PLACE,PLACE,pot_0,pot_0,pot_0,0,0,serve
post_post,7015,16,17,"(-1, 0)",FETCH,FETCH,1,onion_0,onion_0,1,1,FETCH,FETCH,FETCH,onion_0,onion_0,onion_0,0,0,serve
post_post,7015,18,19,"(0, 1)",PLACE,PLACE,1,pot_0,pot_0,1,1,PLACE,PLACE,PLACE,pot_0,pot_0,pot_0,0,0,serve
post_post,7015,22,23,interact,COOK_START,COOK_START,1,pot_0,pot_0,1,1,COOK_START,COOK_START,COOK_START,pot_0,pot_0,pot_0,0,0,serve
post_post,7015,23,24,"(-1, 0)",FETCH,FETCH,1,onion_0,onion_0,1,1,FETCH,FETCH,FETCH,onion_0,onion_0,onion_0,0,0,serve
post_post,7015,25,26,"(0, 1)",PLACE,PLACE,1,pot_1,pot_1,1,1,PLACE,PLACE,PLACE,pot_1,pot_1,pot_1,0,0,serve
post_post,7015,31,32,"(1, 0)",FETCH,FETCH,1,onion_1,onion_1,1,1,FETCH,FETCH,FETCH,onion_1,onion_1,onion_1,0,0,serve
post_post,7015,33,34,"(0, 1)",PLACE,PLACE,1,pot_1,pot_1,1,1,PLACE,PLACE,PLACE,pot_1,pot_1,pot_1,0,0,serve
post_post,7015,37,38,"(1, 0)",FETCH,FETCH,1,onion_1,onion_1,1,1,FETCH,FETCH,FETCH,onion_1,onion_1,onion_1,0,0,serve
post_post,7015,39,40,"(0, 1)",PLACE,PLACE,1,pot_1,pot_1,1,1,PLACE,PLACE,PLACE,pot_1,pot_1,pot_1,0,0,serve
post_post,7015,43,44,interact,COOK_START,COOK_START,1,pot_1,pot_1,1,1,COOK_START,COOK_START,COOK_START,pot_1,pot_1,pot_1,0,0,serve
post_post,7015,44,45,"(0, 0)",GET_DISH,GET_DISH,1,dish_0,dish_0,1,1,GET_DISH,GET_DISH,GET_DISH,dish_0,dish_0,dish_0,0,0,cook
post_post,7015,50,51,"(1, 0)",PRE,PRE,1,pot_1,pot_1,1,1,PRE,PRE,PRE,none,pot_1,none,0,1,dynamic
post_post,7015,63,64,"(1, 0)",PICKUP,PICKUP,1,pot_1,pot_1,1,1,PICKUP,PICKUP,PICKUP,pot_1,pot_1,pot_1,0,0,cook
post_post,7015,66,67,"(0, 1)",DELIVER,DELIVER,1,serve_0,serve_0,1,1,DELIVER,DELIVER,DELIVER,serve_0,serve_0,serve_0,0,0,cook
post_post,7015,68,69,"(0, -1)",FETCH,FETCH,1,onion_1,onion_1,1,1,FETCH,FETCH,FETCH,onion_1,onion_1,onion_1,0,0,serve
post_post,7015,71,72,"(0, 1)",PLACE,PLACE,1,pot_1,pot_1,1,1,PLACE,PLACE,PLACE,pot_1,pot_1,pot_1,0,0,serve
post_post,7015,82,83,"(1, 0)",FETCH,FETCH,1,onion_1,onion_1,1,1,FETCH,FETCH,FETCH,onion_1,onion_1,onion_1,0,0,serve
post_post,7015,84,85,"(-1, 0)",PLACE,PLACE,1,pot_1,pot_1,1,1,PLACE,PLACE,PLACE,pot_1,pot_1,pot_1,0,0,serve
post_post,7015,88,89,"(1, 0)",FETCH,FETCH,1,onion_1,onion_1,1,1,FETCH,FETCH,FETCH,onion_1,onion_1,onion_1,0,0,serve
post_post,7015,90,91,"(-1, 0)",PLACE,PLACE,1,pot_1,pot_1,1,1,PLACE,PLACE,PLACE,pot_1,pot_1,pot_1,0,0,serve
post_post,7015,94,95,interact,COOK_START,COOK_START,1,pot_1,pot_1,1,1,COOK_START,COOK_START,COOK_START,pot_1,pot_1,pot_1,0,0,serve
post_post,7015,95,96,"(1, 0)",FETCH,FETCH,1,onion_1,onion_1,1,1,FETCH,FETCH,FETCH,onion_1,onion_1,onion_1,0,0,serve
post_post,7015,97,98,"(0, 1)",PLACE,PLACE,1,pot_0,pot_0,1,1,PLACE,PLACE,PLACE,pot_0,pot_0,pot_0,0,0,serve
post_post,7015,110,111,"(-1, 0)",FETCH,FETCH,1,onion_0,onion_0,1,1,FETCH,FETCH,FETCH,onion_0,onion_0,onion_0,0,0,serve
post_post,7015,112,113,"(0, 1)",PLACE,PLACE,1,pot_0,pot_0,1,1,PLACE,PLACE,PLACE,pot_0,pot_0,pot_0,0,0,serve
post_post,7015,116,117,"(-1, 0)",FETCH,FETCH,1,onion_0,onion_0,1,1,FETCH,FETCH,FETCH,onion_0,onion_0,onion_0,0,0,serve
post_post,7015,118,119,"(0, 1)",PLACE,PLACE,1,pot_0,pot_0,1,1,PLACE,PLACE,PLACE,pot_0,pot_0,pot_0,0,0,serve
post_post,7015,122,123,interact,COOK_START,COOK_START,1,pot_0,pot_0,1,1,COOK_START,COOK_START,COOK_START,pot_0,pot_0,pot_0,0,0,serve
post_post,7015,123,124,"(-1, 0)",FETCH,FETCH,1,onion_0,onion_0,1,1,FETCH,FETCH,FETCH,onion_0,onion_0,onion_0,0,0,serve
post_post,7015,125,126,"(0, 1)",PLACE,PLACE,1,pot_1,pot_1,1,1,PLACE,PLACE,PLACE,pot_1,pot_1,pot_1,0,0,serve
post_post,7015,131,132,"(1, 0)",FETCH,FETCH,1,onion_1,onion_1,1,1,FETCH,FETCH,FETCH,onion_1,onion_1,onion_1,0,0,serve
post_post,7015,133,134,"(0, 1)",PLACE,PLACE,1,pot_1,pot_1,1,1,PLACE,PLACE,PLACE,pot_1,pot_1,pot_1,0,0,serve
post_post,7015,137,138,"(1, 0)",FETCH,FETCH,1,onion_1,onion_1,1,1,FETCH,FETCH,FETCH,onion_1,onion_1,onion_1,0,0,serve
post_post,7015,139,140,"(0, 1)",PLACE,PLACE,1,pot_1,pot_1,1,1,PLACE,PLACE,PLACE,pot_1,pot_1,pot_1,0,0,serve
post_post,7015,143,144,interact,COOK_START,COOK_START,1,pot_1,pot_1,1,1,COOK_START,COOK_START,COOK_START,pot_1,pot_1,pot_1,0,0,serve
post_post,7015,144,145,"(0, 0)",GET_DISH,GET_DISH,1,dish_0,dish_0,1,1,GET_DISH,GET_DISH,GET_DISH,dish_0,dish_0,dish_0,0,0,cook
post_post,7015,150,151,"(1, 0)",PRE,PRE,1,pot_1,pot_1,1,1,PRE,PRE,PRE,none,pot_1,none,0,1,dynamic
post_post,7015,163,164,"(1, 0)",PICKUP,PICKUP,1,pot_1,pot_1,1,1,PICKUP,PICKUP,PICKUP,pot_1,pot_1,pot_1,0,0,cook
post_post,7015,166,167,"(0, 1)",DELIVER,DELIVER,1,serve_0,serve_0,1,1,DELIVER,DELIVER,DELIVER,serve_0,serve_0,serve_0,0,0,cook
post_post,7015,168,169,"(0, -1)",FETCH,FETCH,1,onion_1,onion_1,1,1,FETCH,FETCH,FETCH,onion_1,onion_1,onion_1,0,0,serve
post_post,7015,171,172,"(0, 1)",PLACE,PLACE,1,pot_1,pot_1,1,1,PLACE,PLACE,PLACE,pot_1,pot_1,pot_1,0,0,serve
post_post,7015,182,183,"(1, 0)",FETCH,FETCH,1,onion_1,onion_1,1,1,FETCH,FETCH,FETCH,onion_1,onion_1,onion_1,0,0,serve
post_post,7015,184,185,"(-1, 0)",PLACE,PLACE,1,pot_1,pot_1,1,1,PLACE,PLACE,PLACE,pot_1,pot_1,pot_1,0,0,serve
post_post,7015,188,189,"(1, 0)",FETCH,FETCH,1,onion_1,onion_1,1,1,FETCH,FETCH,FETCH,onion_1,onion_1,onion_1,0,0,serve
post_post,7015,190,191,"(-1, 0)",PLACE,PLACE,1,pot_1,pot_1,1,1,PLACE,PLACE,PLACE,pot_1,pot_1,pot_1,0,0,serve
post_post,7015,194,195,interact,COOK_START,COOK_START,1,pot_1,pot_1,1,1,COOK_START,COOK_START,COOK_START,pot_1,pot_1,pot_1,0,0,serve
post_post,7015,195,196,"(1, 0)",FETCH,FETCH,1,onion_1,onion_1,1,1,FETCH,FETCH,FETCH,onion_1,onion_1,onion_1,0,0,serve
post_post,7015,197,198,"(0, 1)",PLACE,PLACE,1,pot_0,pot_0,1,1,PLACE,PLACE,PLACE,pot_0,pot_0,pot_0,0,0,serve
post_post,7015,210,211,"(-1, 0)",FETCH,FETCH,1,onion_0,onion_0,1,1,FETCH,FETCH,FETCH,onion_0,onion_0,onion_0,0,0,serve
post_post,7015,212,213,"(0, 1)",PLACE,PLACE,1,pot_0,pot_0,1,1,PLACE,PLACE,PLACE,pot_0,pot_0,pot_0,0,0,serve
post_post,7015,216,217,"(-1, 0)",FETCH,FETCH,1,onion_0,onion_0,1,1,FETCH,FETCH,FETCH,onion_0,onion_0,onion_0,0,0,serve
post_post,7015,218,219,"(0, 1)",PLACE,PLACE,1,pot_0,pot_0,1,1,PLACE,PLACE,PLACE,pot_0,pot_0,pot_0,0,0,serve
post_post,7015,222,223,interact,COOK_START,COOK_START,1,pot_0,pot_0,1,1,COOK_START,COOK_START,COOK_START,pot_0,pot_0,pot_0,0,0,serve
post_post,7015,223,224,"(-1, 0)",FETCH,FETCH,1,onion_0,onion_0,1,1,FETCH,FETCH,FETCH,onion_0,onion_0,onion_0,0,0,serve
post_post,7015,225,226,"(0, 1)",PLACE,PLACE,1,pot_1,pot_1,1,1,PLACE,PLACE,PLACE,pot_1,pot_1,pot_1,0,0,serve
post_post,7015,231,232,"(1, 0)",FETCH,FETCH,1,onion_1,onion_1,1,1,FETCH,FETCH,FETCH,onion_1,onion_1,onion_1,0,0,serve
post_post,7015,233,234,"(0, 1)",PLACE,PLACE,1,pot_1,pot_1,1,1,PLACE,PLACE,PLACE,pot_1,pot_1,pot_1,0,0,serve
post_post,7015,237,238,"(1, 0)",FETCH,FETCH,1,onion_1,onion_1,1,1,FETCH,FETCH,FETCH,onion_1,onion_1,onion_1,0,0,serve
post_post,7015,239,240,"(0, 1)",PLACE,PLACE,1,pot_1,pot_1,1,1,PLACE,PLACE,PLACE,pot_1,pot_1,pot_1,0,0,serve
post_post,7015,243,244,interact,COOK_START,COOK_START,1,pot_1,pot_1,1,1,COOK_START,COOK_START,COOK_START,pot_1,pot_1,pot_1,0,0,serve
post_post,7015,244,245,"(0, 0)",GET_DISH,GET_DISH,1,dish_0,dish_0,1,1,GET_DISH,GET_DISH,GET_DISH,dish_0,dish_0,dish_0,0,0,cook
post_post,7015,250,251,"(1, 0)",PRE,PRE,1,pot_1,pot_1,1,1,PRE,PRE,PRE,none,pot_1,none,0,1,dynamic
post_post,7015,263,264,"(1, 0)",PICKUP,PICKUP,1,pot_1,pot_1,1,1,PICKUP,PICKUP,PICKUP,pot_1,pot_1,pot_1,0,0,cook
post_post,7015,266,267,"(0, 1)",DELIVER,DELIVER,1,serve_0,serve_0,1,1,DELIVER,DELIVER,DELIVER,serve_0,serve_0,serve_0,0,0,cook
post_post,7015,268,269,"(0, -1)",FETCH,FETCH,1,onion_1,onion_1,1,1,FETCH,FETCH,FETCH,onion_1,onion_1,onion_1,0,0,serve
post_post,7015,271,272,"(0, 1)",PLACE,PLACE,1,pot_1,pot_1,1,1,PLACE,PLACE,PLACE,pot_1,pot_1,pot_1,0,0,serve
post_post,7015,282,283,"(1, 0)",FETCH,FETCH,1,onion_1,onion_1,1,1,FETCH,FETCH,FETCH,onion_1,onion_1,onion_1,0,0,serve
post_post,7015,284,285,"(-1, 0)",PLACE,PLACE,1,pot_1,pot_1,1,1,PLACE,PLACE,PLACE,pot_1,pot_1,pot_1,0,0,serve
post_post,7015,288,289,"(1, 0)",FETCH,FETCH,1,onion_1,onion_1,1,1,FETCH,FETCH,FETCH,onion_1,onion_1,onion_1,0,0,serve
post_post,7015,290,291,"(-1, 0)",PLACE,PLACE,1,pot_1,pot_1,1,1,PLACE,PLACE,PLACE,pot_1,pot_1,pot_1,0,0,serve
post_post,7015,294,295,interact,COOK_START,COOK_START,1,pot_1,pot_1,1,1,COOK_START,COOK_START,COOK_START,pot_1,pot_1,pot_1,0,0,serve
post_post,7015,295,296,"(1, 0)",FETCH,FETCH,1,onion_1,onion_1,1,1,FETCH,FETCH,FETCH,onion_1,onion_1,onion_1,0,0,serve
post_post,7015,297,298,"(0, 1)",PLACE,PLACE,1,pot_0,pot_0,1,1,PLACE,PLACE,PLACE,pot_0,pot_0,pot_0,0,0,serve
post_post,7015,310,311,"(-1, 0)",FETCH,FETCH,1,onion_0,onion_0,1,1,FETCH,FETCH,FETCH,onion_0,onion_0,onion_0,0,0,serve
post_post,7015,312,313,"(0, 1)",PLACE,PLACE,1,pot_0,pot_0,1,1,PLACE,PLACE,PLACE,pot_0,pot_0,pot_0,0,0,serve
post_post,7015,316,317,"(-1, 0)",FETCH,FETCH,1,onion_0,onion_0,1,1,FETCH,FETCH,FETCH,onion_0,onion_0,onion_0,0,0,serve
post_post,7015,318,319,"(0, 1)",PLACE,PLACE,1,pot_0,pot_0,1,1,PLACE,PLACE,PLACE,pot_0,pot_0,pot_0,0,0,serve
post_post,7015,322,323,interact,COOK_START,COOK_START,1,pot_0,pot_0,1,1,COOK_START,COOK_START,COOK_START,pot_0,pot_0,pot_0,0,0,serve
post_post,7015,323,324,"(-1, 0)",FETCH,FETCH,1,onion_0,onion_0,1,1,FETCH,FETCH,FETCH,onion_0,onion_0,onion_0,0,0,serve
post_post,7015,325,326,"(0, 1)",PLACE,PLACE,1,pot_1,pot_1,1,1,PLACE,PLACE,PLACE,pot_1,pot_1,pot_1,0,0,serve
post_post,7015,331,332,"(1, 0)",FETCH,FETCH,1,onion_1,onion_1,1,1,FETCH,FETCH,FETCH,onion_1,onion_1,onion_1,0,0,serve
post_post,7015,333,334,"(0, 1)",PLACE,PLACE,1,pot_1,pot_1,1,1,PLACE,PLACE,PLACE,pot_1,pot_1,pot_1,0,0,serve
post_post,7015,337,338,"(1, 0)",FETCH,FETCH,1,onion_1,onion_1,1,1,FETCH,FETCH,FETCH,onion_1,onion_1,onion_1,0,0,serve
post_post,7015,339,340,"(0, 1)",PLACE,PLACE,1,pot_1,pot_1,1,1,PLACE,PLACE,PLACE,pot_1,pot_1,pot_1,0,0,serve
post_post,7015,343,344,interact,COOK_START,COOK_START,1,pot_1,pot_1,1,1,COOK_START,COOK_START,COOK_START,pot_1,pot_1,pot_1,0,0,serve
post_post,7015,344,345,"(0, 0)",GET_DISH,GET_DISH,1,dish_0,dish_0,1,1,GET_DISH,GET_DISH,GET_DISH,dish_0,dish_0,dish_0,0,0,cook
post_post,7015,350,351,"(1, 0)",PRE,PRE,1,pot_1,pot_0,0,0,PRE,PRE,PRE,none,pot_0,none,0,1,dynamic
post_post,7015,363,364,"(1, 0)",PICKUP,PICKUP,1,pot_1,pot_1,1,1,PICKUP,PICKUP,PICKUP,pot_1,pot_1,pot_1,0,0,cook
post_post,7015,366,367,"(0, 1)",DELIVER,DELIVER,1,serve_0,serve_0,1,1,DELIVER,DELIVER,DELIVER,serve_0,serve_0,serve_0,0,0,cook
post_post,7015,368,369,"(0, -1)",FETCH,FETCH,1,onion_1,onion_1,1,1,FETCH,FETCH,FETCH,onion_1,onion_1,onion_1,0,0,serve
post_post,7015,371,372,"(0, 1)",PLACE,PLACE,1,pot_1,pot_0,0,0,PLACE,PLACE,PLACE,pot_0,pot_0,pot_0,0,0,serve
post_post,7015,382,383,"(1, 0)",FETCH,FETCH,1,onion_1,onion_1,1,1,FETCH,FETCH,FETCH,onion_1,onion_1,onion_1,0,0,serve
post_post,7015,384,385,"(-1, 0)",PLACE,PLACE,1,pot_1,pot_1,1,1,PLACE,PLACE,PLACE,pot_1,pot_1,pot_1,0,0,serve
post_post,7015,388,389,"(1, 0)",FETCH,FETCH,1,onion_1,onion_1,1,1,FETCH,FETCH,FETCH,onion_1,onion_1,onion_1,0,0,serve
post_post,7015,390,391,"(-1, 0)",PLACE,PLACE,1,pot_1,pot_1,1,1,PLACE,PLACE,PLACE,pot_1,pot_1,pot_1,0,0,serve
post_post,7015,394,395,interact,COOK_START,COOK_START,1,pot_1,pot_1,1,1,COOK_START,COOK_START,COOK_START,pot_1,pot_1,pot_1,0,0,serve
post_post,7015,395,396,"(1, 0)",FETCH,FETCH,1,onion_1,onion_1,1,1,FETCH,FETCH,FETCH,onion_1,onion_1,onion_1,0,0,serve
post_post,7015,397,398,"(0, 1)",PLACE,PLACE,1,pot_0,pot_0,1,1,PLACE,PLACE,PLACE,pot_0,pot_0,pot_0,0,0,serve
post_post,7015,410,411,"(-1, 0)",FETCH,FETCH,1,onion_0,onion_0,1,1,FETCH,FETCH,FETCH,onion_0,onion_0,onion_0,0,0,serve
post_post,7015,412,413,"(0, 1)",PLACE,PLACE,1,pot_0,pot_0,1,1,PLACE,PLACE,PLACE,pot_0,pot_0,pot_0,0,0,serve
post_post,7015,416,417,"(-1, 0)",FETCH,FETCH,1,onion_0,onion_0,1,1,FETCH,FETCH,FETCH,onion_0,onion_0,onion_0,0,0,serve
post_post,7015,418,419,"(0, 1)",PLACE,PLACE,1,pot_0,pot_0,1,1,PLACE,PLACE,PLACE,pot_0,pot_0,pot_0,0,0,serve
post_post,7015,422,423,interact,COOK_START,COOK_START,1,pot_0,pot_0,1,1,COOK_START,COOK_START,COOK_START,pot_0,pot_0,pot_0,0,0,serve
post_post,7015,423,424,"(-1, 0)",FETCH,FETCH,1,onion_0,onion_0,1,1,GET_DISH,FETCH,GET_DISH,dish_0,onion_0,dish_0,1,1,serve
post_post,7015,425,426,"(0, 1)",PLACE,PLACE,1,pot_1,pot_1,1,1,PLACE,PLACE,PLACE,pot_1,pot_1,pot_1,0,0,serve
post_post,7015,431,432,"(1, 0)",FETCH,FETCH,1,onion_1,onion_1,1,1,FETCH,FETCH,FETCH,onion_1,onion_1,onion_1,0,0,serve
post_post,7015,433,434,"(0, 1)",PLACE,PLACE,1,pot_1,pot_1,1,1,PLACE,PLACE,PLACE,pot_1,pot_1,pot_1,0,0,serve
post_post,7015,437,438,"(1, 0)",FETCH,FETCH,1,onion_1,onion_1,1,1,FETCH,FETCH,FETCH,onion_1,onion_1,onion_1,0,0,serve
post_post,7015,439,440,"(0, 1)",PLACE,PLACE,1,pot_1,pot_1,1,1,PLACE,PLACE,PLACE,pot_1,pot_1,pot_1,0,0,serve
post_post,7015,443,444,interact,COOK_START,COOK_START,1,pot_1,pot_1,1,1,COOK_START,COOK_START,COOK_START,pot_1,pot_1,pot_1,0,0,serve
post_post,7015,444,445,"(0, 0)",GET_DISH,GET_DISH,1,dish_0,dish_0,1,1,GET_DISH,GET_DISH,GET_DISH,dish_0,dish_0,dish_0,0,0,cook
post_post,7015,450,451,"(1, 0)",PRE,PRE,1,pot_1,pot_0,0,0,PRE,PRE,PRE,pot_0,pot_0,pot_0,0,0,dynamic
post_post,7015,463,464,"(1, 0)",PICKUP,PICKUP,1,pot_1,pot_1,1,1,PICKUP,PICKUP,PICKUP,pot_1,pot_1,pot_1,0,0,cook
post_post,7015,466,467,"(0, 1)",DELIVER,DELIVER,1,serve_0,serve_0,1,1,DELIVER,DELIVER,DELIVER,serve_0,serve_0,serve_0,0,0,cook
post_post,7015,468,469,"(0, -1)",FETCH,FETCH,1,onion_1,onion_1,1,1,FETCH,FETCH,FETCH,onion_1,onion_1,onion_1,0,0,serve
post_post,7015,471,472,"(0, 1)",PLACE,PLACE,1,pot_1,pot_0,0,0,PLACE,PLACE,PLACE,pot_0,pot_0,pot_0,0,0,serve
post_post,7015,482,483,"(1, 0)",FETCH,FETCH,1,onion_1,onion_1,1,1,FETCH,FETCH,FETCH,onion_1,onion_1,onion_1,0,0,serve
post_post,7015,484,485,"(-1, 0)",PLACE,PLACE,1,pot_1,pot_1,1,1,PLACE,PLACE,PLACE,pot_1,pot_1,pot_1,0,0,serve
post_post,7015,488,489,"(1, 0)",FETCH,FETCH,1,onion_1,onion_1,1,1,FETCH,FETCH,FETCH,onion_1,onion_1,onion_1,0,0,serve
post_post,7015,490,491,"(-1, 0)",PLACE,PLACE,1,pot_1,pot_1,1,1,PLACE,PLACE,PLACE,pot_1,pot_1,pot_1,0,0,serve
post_post,7015,494,495,interact,COOK_START,COOK_START,1,pot_1,pot_1,1,1,COOK_START,COOK_START,COOK_START,pot_1,pot_1,pot_1,0,0,serve
post_post,7015,495,496,"(1, 0)",FETCH,FETCH,1,onion_1,onion_1,1,1,FETCH,FETCH,FETCH,onion_1,onion_1,onion_1,0,0,serve
post_post,7015,497,498,"(0, 1)",PLACE,PLACE,1,pot_0,pot_0,1,1,PLACE,PLACE,PLACE,pot_0,pot_0,pot_0,0,0,serve
post_post,7015,510,511,"(-1, 0)",FETCH,FETCH,1,onion_0,onion_0,1,1,GET_DISH,FETCH,GET_DISH,onion_0,onion_0,onion_0,1,0,serve
post_post,7015,512,513,"(0, 1)",PLACE,PLACE,1,pot_0,pot_0,1,1,PLACE,PLACE,PLACE,pot_0,pot_0,pot_0,0,0,serve
post_post,7015,516,517,"(-1, 0)",FETCH,FETCH,1,onion_0,onion_0,1,1,FETCH,FETCH,FETCH,onion_0,onion_0,onion_0,0,0,serve
post_post,7015,518,519,"(0, 1)",PLACE,PLACE,1,pot_0,pot_0,1,1,PLACE,PLACE,PLACE,pot_0,pot_0,pot_0,0,0,serve
post_post,7015,522,523,interact,COOK_START,COOK_START,1,pot_0,pot_0,1,1,COOK_START,COOK_START,COOK_START,pot_0,pot_0,pot_0,0,0,serve
post_post,7015,523,524,"(-1, 0)",FETCH,GET_DISH,0,onion_0,dish_0,0,0,GET_DISH,GET_DISH,GET_DISH,dish_0,dish_0,dish_0,0,0,cook
post_post,7015,525,526,"(0, 1)",PLACE,PLACE,1,pot_1,pot_1,1,1,PLACE,PLACE,PLACE,pot_1,pot_1,pot_1,0,0,serve
post_post,7015,531,532,"(1, 0)",FETCH,FETCH,1,onion_1,onion_1,1,1,FETCH,FETCH,FETCH,onion_1,onion_1,onion_1,0,0,serve
post_post,7015,533,534,"(0, 1)",PLACE,PLACE,1,pot_1,pot_1,1,1,PLACE,PLACE,PLACE,pot_1,pot_1,pot_1,0,0,serve
post_post,7015,537,538,"(1, 0)",FETCH,FETCH,1,onion_1,onion_1,1,1,FETCH,FETCH,FETCH,onion_1,onion_1,onion_1,0,0,serve
post_post,7015,539,540,"(0, 1)",PLACE,PLACE,1,pot_1,pot_1,1,1,PLACE,PLACE,PLACE,pot_1,pot_1,pot_1,0,0,serve
post_post,7015,543,544,interact,COOK_START,COOK_START,1,pot_1,pot_1,1,1,COOK_START,COOK_START,COOK_START,pot_1,pot_1,pot_1,0,0,serve
post_post,7015,544,545,"(0, 0)",GET_DISH,GET_DISH,1,dish_0,dish_0,1,1,GET_DISH,GET_DISH,GET_DISH,dish_0,dish_0,dish_0,0,0,cook
post_post,7015,550,551,"(1, 0)",PRE,PRE,1,pot_1,dish_0,0,0,PRE,PRE,PRE,pot_0,dish_0,pot_0,0,1,dynamic
post_post,7015,563,564,"(1, 0)",PICKUP,PICKUP,1,pot_1,pot_1,1,1,PICKUP,PICKUP,PICKUP,pot_1,pot_1,pot_1,0,0,cook
post_post,7015,566,567,"(0, 1)",DELIVER,DELIVER,1,serve_0,serve_0,1,1,DELIVER,DELIVER,DELIVER,serve_0,serve_0,serve_0,0,0,cook
post_post,7015,568,569,"(0, -1)",FETCH,FETCH,1,onion_1,onion_1,1,1,FETCH,FETCH,FETCH,onion_1,onion_1,onion_1,0,0,serve
post_post,7015,571,572,"(0, 1)",PLACE,PLACE,1,pot_1,pot_0,0,0,PLACE,PLACE,PLACE,pot_0,pot_0,pot_0,0,0,serve
post_post,7015,582,583,"(1, 0)",FETCH,FETCH,1,onion_1,onion_1,1,1,FETCH,FETCH,FETCH,onion_1,onion_1,onion_1,0,0,serve
post_post,7015,584,585,"(-1, 0)",PLACE,PLACE,1,pot_1,pot_1,1,1,PLACE,PLACE,PLACE,pot_1,pot_1,pot_1,0,0,serve
post_post,7015,588,589,"(1, 0)",FETCH,FETCH,1,onion_1,onion_1,1,1,FETCH,FETCH,FETCH,onion_1,onion_1,onion_1,0,0,serve
post_post,7015,590,591,"(-1, 0)",PLACE,PLACE,1,pot_1,pot_1,1,1,PLACE,PLACE,PLACE,pot_1,pot_1,pot_1,0,0,serve
post_post,7015,594,595,interact,COOK_START,COOK_START,1,pot_1,pot_1,1,1,COOK_START,COOK_START,COOK_START,pot_1,pot_1,pot_1,0,0,serve
post_post,7015,595,596,"(1, 0)",FETCH,FETCH,1,onion_1,onion_1,1,1,FETCH,FETCH,FETCH,onion_1,onion_1,onion_1,0,0,serve
post_post,7015,597,598,"(0, 1)",PLACE,PLACE,1,pot_0,pot_0,1,1,PLACE,PLACE,PLACE,pot_0,pot_0,pot_0,0,0,serve
post_post,7015,610,611,"(-1, 0)",FETCH,GET_DISH,0,onion_0,dish_0,0,0,GET_DISH,GET_DISH,GET_DISH,dish_0,dish_0,dish_0,0,0,cook
post_post,7015,612,613,"(0, 1)",PLACE,PLACE,1,pot_0,pot_0,1,1,PLACE,PLACE,PLACE,pot_0,pot_0,pot_0,0,0,serve
post_post,7015,616,617,"(-1, 0)",FETCH,FETCH,1,onion_0,onion_0,1,1,FETCH,FETCH,FETCH,onion_0,onion_0,onion_0,0,0,serve
post_post,7015,618,619,"(0, 1)",PLACE,PLACE,1,pot_0,pot_0,1,1,PLACE,PLACE,PLACE,pot_0,pot_0,pot_0,0,0,serve
post_post,7015,622,623,interact,COOK_START,COOK_START,1,pot_0,pot_0,1,1,COOK_START,COOK_START,COOK_START,pot_0,pot_0,pot_0,0,0,serve
post_post,7015,623,624,"(-1, 0)",FETCH,GET_DISH,0,onion_0,dish_0,0,0,GET_DISH,GET_DISH,GET_DISH,dish_0,dish_0,dish_0,0,0,cook
post_post,7015,625,626,"(0, 1)",PLACE,PLACE,1,pot_1,pot_1,1,1,PLACE,PLACE,PLACE,pot_1,pot_1,pot_1,0,0,serve
post_post,7015,631,632,"(1, 0)",FETCH,FETCH,1,onion_1,onion_1,1,1,FETCH,FETCH,FETCH,onion_1,onion_1,onion_1,0,0,serve
post_post,7015,633,634,"(0, 1)",PLACE,PLACE,1,pot_1,pot_1,1,1,PLACE,PLACE,PLACE,pot_1,pot_1,pot_1,0,0,serve
post_post,7015,637,638,"(1, 0)",FETCH,FETCH,1,onion_1,onion_1,1,1,FETCH,FETCH,FETCH,onion_1,onion_1,onion_1,0,0,serve
post_post,7015,639,640,"(0, 1)",PLACE,PLACE,1,pot_1,pot_1,1,1,PLACE,PLACE,PLACE,pot_1,pot_1,pot_1,0,0,serve
post_post,7015,643,644,interact,COOK_START,COOK_START,1,pot_1,pot_1,1,1,COOK_START,COOK_START,COOK_START,pot_1,pot_1,pot_1,0,0,serve
post_post,7015,644,645,"(0, 0)",GET_DISH,GET_DISH,1,dish_0,dish_0,1,1,GET_DISH,GET_DISH,GET_DISH,dish_0,dish_0,dish_0,0,0,cook
post_post,7015,650,651,"(1, 0)",PRE,PRE,1,pot_1,dish_0,0,0,PRE,PRE,PRE,dish_0,dish_0,dish_0,0,0,dynamic
post_post,7015,663,664,"(1, 0)",PICKUP,PICKUP,1,pot_1,pot_1,1,1,PICKUP,PICKUP,PICKUP,pot_1,pot_1,pot_1,0,0,cook
post_post,7015,666,667,"(0, 1)",DELIVER,DELIVER,1,serve_0,serve_0,1,1,DELIVER,DELIVER,DELIVER,serve_0,serve_0,serve_0,0,0,cook
post_post,7015,668,669,"(0, -1)",FETCH,FETCH,1,onion_1,onion_1,1,1,FETCH,FETCH,FETCH,onion_1,onion_1,onion_1,0,0,serve
post_post,7015,671,672,"(0, 1)",PLACE,PLACE,1,pot_1,pot_1,1,1,PLACE,PLACE,PLACE,pot_1,pot_1,pot_1,0,0,serve
post_post,7015,675,676,"(1, 0)",FETCH,FETCH,1,onion_1,onion_1,1,1,FETCH,FETCH,FETCH,onion_1,onion_1,onion_1,0,0,serve
post_post,7015,677,678,"(-1, 0)",PLACE,PLACE,1,pot_1,pot_1,1,1,PLACE,PLACE,PLACE,pot_1,pot_1,pot_1,0,0,serve
post_post,7015,681,682,"(1, 0)",FETCH,FETCH,1,onion_1,onion_1,1,1,FETCH,FETCH,FETCH,onion_1,onion_1,onion_1,0,0,serve
post_post,7015,683,684,"(-1, 0)",PLACE,PLACE,1,pot_1,pot_1,1,1,PLACE,PLACE,PLACE,pot_1,pot_1,pot_1,0,0,serve
post_post,7015,687,688,interact,COOK_START,COOK_START,1,pot_1,pot_1,1,1,COOK_START,COOK_START,COOK_START,pot_1,pot_1,pot_1,0,0,serve
post_post,7015,688,689,"(1, 0)",FETCH,FETCH,1,onion_1,onion_1,1,1,FETCH,FETCH,FETCH,onion_1,onion_1,onion_1,0,0,serve
post_post,7015,690,691,"(0, 1)",PLACE,PLACE,1,pot_0,pot_0,1,1,PLACE,PLACE,PLACE,pot_0,pot_0,pot_0,0,0,serve
post_post,7016,0,1,"(0, -1)",FETCH,FETCH,1,onion_0,onion_0,1,1,FETCH,FETCH,FETCH,onion_0,onion_0,onion_0,0,0,serve
post_none,7001,0,1,"(-1, 0)",FETCH,FETCH,1,onion_0,onion_0,1,1,FETCH,FETCH,FETCH,onion_0,onion_0,onion_0,0,0,serve
post_none,7001,3,4,"(0, 1)",PLACE,PLACE,1,pot_0,pot_0,1,1,PLACE,PLACE,PLACE,pot_0,pot_0,pot_0,0,0,serve
post_none,7001,7,8,"(-1, 0)",FETCH,FETCH,1,onion_0,onion_0,1,1,FETCH,FETCH,FETCH,onion_0,onion_0,onion_0,0,0,serve
post_none,7001,9,10,"(0, 1)",PLACE,PLACE,1,pot_0,pot_0,1,1,PLACE,PLACE,PLACE,pot_0,pot_0,pot_0,0,0,serve
post_none,7001,13,14,"(-1, 0)",FETCH,FETCH,1,onion_0,onion_0,1,1,FETCH,FETCH,FETCH,onion_0,onion_0,onion_0,0,0,serve
post_none,7001,15,16,"(0, 1)",PLACE,PLACE,1,pot_0,pot_0,1,1,PLACE,PLACE,PLACE,pot_0,pot_0,pot_0,0,0,serve
post_none,7001,19,20,interact,COOK_START,COOK_START,1,pot_0,pot_0,1,1,COOK_START,COOK_START,COOK_START,pot_0,pot_0,pot_0,0,0,serve
post_none,7001,20,21,"(-1, 0)",FETCH,FETCH,1,onion_0,onion_0,1,1,FETCH,FETCH,FETCH,onion_0,onion_0,onion_0,0,0,serve
post_none,7001,22,23,"(0, 1)",PLACE,PLACE,1,pot_1,pot_1,1,1,PLACE,PLACE,PLACE,pot_1,pot_1,pot_1,0,0,serve
post_none,7001,28,29,"(1, 0)",FETCH,FETCH,1,onion_1,onion_1,1,1,FETCH,FETCH,FETCH,onion_1,onion_1,onion_1,0,0,serve
post_none,7001,30,31,"(0, 1)",PLACE,PLACE,1,pot_1,pot_1,1,1,PLACE,PLACE,PLACE,pot_1,pot_1,pot_1,0,0,serve
post_none,7001,34,35,"(1, 0)",FETCH,FETCH,1,onion_1,onion_1,1,1,FETCH,FETCH,FETCH,onion_1,onion_1,onion_1,0,0,serve
post_none,7001,36,37,"(0, 1)",PLACE,PLACE,1,pot_1,pot_1,1,1,PLACE,PLACE,PLACE,pot_1,pot_1,pot_1,0,0,serve
post_none,7001,40,41,interact,COOK_START,COOK_START,1,pot_1,pot_1,1,1,COOK_START,COOK_START,COOK_START,pot_1,pot_1,pot_1,0,0,serve
post_none,7001,41,42,"(0, 0)",GET_DISH,GET_DISH,1,dish_0,dish_0,1,1,GET_DISH,GET_DISH,GET_DISH,dish_0,dish_0,dish_0,0,0,cook
post_none,7001,47,48,"(1, 0)",PRE,PRE,1,pot_1,none,0,0,PRE,PRE,PRE,none,pot_1,none,0,1,dynamic
post_none,7001,60,61,"(1, 0)",PICKUP,PICKUP,1,pot_1,pot_1,1,1,PICKUP,PICKUP,PICKUP,pot_1,pot_1,pot_1,0,0,cook
post_none,7001,63,64,"(0, 1)",DELIVER,DELIVER,1,serve_0,serve_0,1,1,DELIVER,DELIVER,DELIVER,serve_0,serve_0,serve_0,0,0,cook
post_none,7001,65,66,"(0, -1)",FETCH,FETCH,1,onion_1,onion_1,1,1,FETCH,FETCH,FETCH,onion_1,onion_1,onion_1,0,0,serve
post_none,7001,68,69,"(0, 1)",PLACE,PLACE,1,pot_1,pot_1,1,1,PLACE,PLACE,PLACE,pot_1,pot_1,pot_1,0,0,serve
post_none,7001,72,73,"(1, 0)",FETCH,FETCH,1,onion_1,onion_1,1,1,FETCH,FETCH,FETCH,onion_1,onion_1,onion_1,0,0,serve
post_none,7001,74,75,"(-1, 0)",PLACE,PLACE,1,pot_1,pot_1,1,1,PLACE,PLACE,PLACE,pot_1,pot_1,pot_1,0,0,serve
post_none,7001,78,79,"(1, 0)",FETCH,FETCH,1,onion_1,onion_1,1,1,FETCH,FETCH,FETCH,onion_1,onion_1,onion_1,0,0,serve
post_none,7001,80,81,"(-1, 0)",PLACE,PLACE,1,pot_1,pot_1,1,1,PLACE,PLACE,PLACE,pot_1,pot_1,pot_1,0,0,serve
post_none,7001,84,85,interact,COOK_START,COOK_START,1,pot_1,pot_1,1,1,COOK_START,COOK_START,COOK_START,pot_1,pot_1,pot_1,0,0,serve
post_none,7001,85,86,"(1, 0)",FETCH,FETCH,1,onion_1,onion_1,1,1,FETCH,FETCH,FETCH,onion_1,onion_1,onion_1,0,0,serve
post_none,7001,87,88,"(0, 1)",PLACE,PLACE,1,pot_0,pot_0,1,1,PLACE,PLACE,PLACE,pot_0,pot_0,pot_0,0,0,serve
post_none,7001,100,101,interact,COOK_START,COOK_START,1,pot_0,pot_0,1,1,COOK_START,COOK_START,COOK_START,pot_0,pot_0,pot_0,0,0,serve
post_none,7001,101,102,"(1, 0)",HOLD,HOLD,1,none,none,1,1,HOLD,HOLD,HOLD,none,none,none,0,0,dynamic
post_none,7001,107,108,"(-1, 0)",FETCH,GET_DISH,0,onion_0,dish_0,0,0,GET_DISH,GET_DISH,GET_DISH,dish_0,dish_0,dish_0,0,0,cook
post_none,7001,110,111,"(0, 1)",PLACE,PLACE,1,pot_1,pot_0,0,0,PLACE,PLACE,PLACE,pot_0,pot_0,pot_0,0,0,serve
post_none,7001,119,120,"(1, 0)",FETCH,FETCH,1,onion_1,onion_1,1,1,FETCH,FETCH,FETCH,onion_1,onion_1,onion_1,0,0,serve
post_none,7001,121,122,"(0, 1)",PLACE,PLACE,1,pot_1,pot_1,1,1,PLACE,PLACE,PLACE,pot_1,pot_1,pot_1,0,0,serve
post_none,7001,125,126,"(1, 0)",FETCH,FETCH,1,onion_1,onion_1,1,1,FETCH,FETCH,FETCH,onion_1,onion_1,onion_1,0,0,serve
post_none,7001,127,128,"(0, 1)",PLACE,PLACE,1,pot_1,pot_1,1,1,PLACE,PLACE,PLACE,pot_1,pot_1,pot_1,0,0,serve
post_none,7001,133,134,interact,COOK_START,COOK_START,1,pot_1,pot_1,1,1,COOK_START,COOK_START,COOK_START,pot_1,pot_1,pot_1,0,0,serve
post_none,7001,134,135,"(1, 0)",FETCH,FETCH,1,onion_1,onion_1,1,1,FETCH,FETCH,FETCH,onion_1,onion_1,onion_1,0,0,serve
post_none,7001,136,137,"(0, 1)",PLACE,PLACE,1,pot_0,pot_0,1,1,PLACE,PLACE,PLACE,pot_0,pot_0,pot_0,0,0,serve
post_none,7001,146,147,"(-1, 0)",FETCH,FETCH,1,onion_0,onion_0,1,1,FETCH,FETCH,FETCH,onion_0,onion_0,onion_0,0,0,serve
post_none,7001,148,149,"(0, 1)",PLACE,PLACE,1,pot_0,pot_0,1,1,PLACE,PLACE,PLACE,pot_0,pot_0,pot_0,0,0,serve
post_none,7001,152,153,"(-1, 0)",FETCH,FETCH,1,onion_0,onion_0,1,1,FETCH,FETCH,FETCH,onion_0,onion_0,onion_0,0,0,serve
post_none,7001,154,155,"(0, 1)",PLACE,PLACE,1,pot_0,pot_0,1,1,PLACE,PLACE,PLACE,pot_0,pot_0,pot_0,0,0,serve
post_none,7001,158,159,interact,COOK_START,COOK_START,1,pot_0,pot_0,1,1,COOK_START,COOK_START,COOK_START,pot_0,pot_0,pot_0,0,0,serve
post_none,7001,159,160,"(-1, 0)",FETCH,FETCH,1,onion_0,onion_0,1,1,FETCH,FETCH,FETCH,onion_0,onion_0,onion_0,0,0,serve
post_none,7001,161,162,"(0, 1)",PLACE,PLACE,1,pot_1,pot_1,1,1,PLACE,PLACE,PLACE,pot_1,pot_1,pot_1,0,0,serve
post_none,7001,167,168,"(1, 0)",FETCH,FETCH,1,onion_1,onion_1,1,1,FETCH,FETCH,FETCH,onion_1,onion_1,onion_1,0,0,serve
post_none,7001,169,170,"(0, 1)",PLACE,PLACE,1,pot_1,pot_1,1,1,PLACE,PLACE,PLACE,pot_1,pot_1,pot_1,0,0,serve
post_none,7001,173,174,"(1, 0)",FETCH,FETCH,1,onion_1,onion_1,1,1,FETCH,FETCH,FETCH,onion_1,onion_1,onion_1,0,0,serve
post_none,7001,175,176,"(0, 1)",PLACE,PLACE,1,pot_1,pot_1,1,1,PLACE,PLACE,PLACE,pot_1,pot_1,pot_1,0,0,serve
post_none,7001,179,180,interact,COOK_START,COOK_START,1,pot_1,pot_1,1,1,COOK_START,COOK_START,COOK_START,pot_1,pot_1,pot_1,0,0,serve
post_none,7001,180,181,"(0, 0)",GET_DISH,GET_DISH,1,dish_0,dish_0,1,1,GET_DISH,GET_DISH,GET_DISH,dish_0,dish_0,dish_0,0,0,cook
post_none,7001,186,187,"(1, 0)",PRE,PRE,1,pot_1,none,0,0,PRE,PRE,PRE,none,pot_1,none,0,1,dynamic
post_none,7001,199,200,"(1, 0)",PICKUP,PICKUP,1,pot_1,pot_1,1,1,PICKUP,PICKUP,PICKUP,pot_1,pot_1,pot_1,0,0,cook
post_none,7001,202,203,"(0, 1)",DELIVER,DELIVER,1,serve_0,serve_0,1,1,DELIVER,DELIVER,DELIVER,serve_0,serve_0,serve_0,0,0,cook
post_none,7001,204,205,"(0, -1)",FETCH,FETCH,1,onion_1,onion_1,1,1,FETCH,FETCH,FETCH,onion_1,onion_1,onion_1,0,0,serve
post_none,7001,207,208,"(0, 1)",PLACE,PLACE,1,pot_1,pot_1,1,1,PLACE,PLACE,PLACE,pot_1,pot_1,pot_1,0,0,serve
post_none,7001,218,219,"(1, 0)",FETCH,FETCH,1,onion_1,onion_1,1,1,FETCH,FETCH,FETCH,onion_1,onion_1,onion_1,0,0,serve
post_none,7001,220,221,"(-1, 0)",PLACE,PLACE,1,pot_1,pot_1,1,1,PLACE,PLACE,PLACE,pot_1,pot_1,pot_1,0,0,serve
post_none,7001,224,225,"(1, 0)",FETCH,FETCH,1,onion_1,onion_1,1,1,FETCH,FETCH,FETCH,onion_1,onion_1,onion_1,0,0,serve
post_none,7001,226,227,"(-1, 0)",PLACE,PLACE,1,pot_1,pot_1,1,1,PLACE,PLACE,PLACE,pot_1,pot_1,pot_1,0,0,serve
post_none,7001,230,231,interact,COOK_START,COOK_START,1,pot_1,pot_1,1,1,COOK_START,COOK_START,COOK_START,pot_1,pot_1,pot_1,0,0,serve
post_none,7001,231,232,"(1, 0)",FETCH,FETCH,1,onion_1,onion_1,1,1,FETCH,FETCH,FETCH,onion_1,onion_1,onion_1,0,0,serve
post_none,7001,233,234,"(0, 1)",PLACE,PLACE,1,pot_0,pot_0,1,1,PLACE,PLACE,PLACE,pot_0,pot_0,pot_0,0,0,serve
post_none,7001,246,247,"(-1, 0)",FETCH,FETCH,1,onion_0,onion_0,1,1,FETCH,FETCH,FETCH,onion_0,onion_0,onion_0,0,0,serve
post_none,7001,248,249,"(0, 1)",PLACE,PLACE,1,pot_0,pot_0,1,1,PLACE,PLACE,PLACE,pot_0,pot_0,pot_0,0,0,serve
post_none,7001,252,253,"(-1, 0)",FETCH,FETCH,1,onion_0,onion_0,1,1,FETCH,FETCH,FETCH,onion_0,onion_0,onion_0,0,0,serve
post_none,7001,254,255,"(0, 1)",PLACE,PLACE,1,pot_0,pot_0,1,1,PLACE,PLACE,PLACE,pot_0,pot_0,pot_0,0,0,serve
post_none,7001,258,259,interact,COOK_START,COOK_START,1,pot_0,pot_0,1,1,COOK_START,COOK_START,COOK_START,pot_0,pot_0,pot_0,0,0,serve
post_none,7001,259,260,"(-1, 0)",FETCH,FETCH,1,onion_0,onion_0,1,1,FETCH,FETCH,FETCH,onion_0,onion_0,onion_0,0,0,serve
post_none,7001,261,262,"(0, 1)",PLACE,PLACE,1,pot_1,pot_1,1,1,PLACE,PLACE,PLACE,pot_1,pot_1,pot_1,0,0,serve
post_none,7001,267,268,"(1, 0)",FETCH,FETCH,1,onion_1,onion_1,1,1,FETCH,FETCH,FETCH,onion_1,onion_1,onion_1,0,0,serve
post_none,7001,269,270,"(0, 1)",PLACE,PLACE,1,pot_1,pot_1,1,1,PLACE,PLACE,PLACE,pot_1,pot_1,pot_1,0,0,serve
post_none,7001,273,274,"(1, 0)",FETCH,FETCH,1,onion_1,onion_1,1,1,FETCH,FETCH,FETCH,onion_1,onion_1,onion_1,0,0,serve
post_none,7001,275,276,"(0, 1)",PLACE,PLACE,1,pot_1,pot_1,1,1,PLACE,PLACE,PLACE,pot_1,pot_1,pot_1,0,0,serve
post_none,7001,279,280,interact,COOK_START,COOK_START,1,pot_1,pot_1,1,1,COOK_START,COOK_START,COOK_START,pot_1,pot_1,pot_1,0,0,serve
post_none,7001,280,281,"(0, 0)",GET_DISH,GET_DISH,1,dish_0,dish_0,1,1,GET_DISH,GET_DISH,GET_DISH,dish_0,dish_0,dish_0,0,0,cook
post_none,7001,286,287,"(1, 0)",PRE,PRE,1,pot_1,none,0,0,PRE,PRE,PRE,none,onion_1,none,0,1,dynamic
post_none,7001,299,300,"(1, 0)",PICKUP,PICKUP,1,pot_1,pot_1,1,1,PICKUP,PICKUP,PICKUP,pot_1,pot_1,pot_1,0,0,cook
post_none,7001,302,303,"(0, 1)",DELIVER,DELIVER,1,serve_0,serve_0,1,1,DELIVER,DELIVER,DELIVER,serve_0,serve_0,serve_0,0,0,cook
post_none,7001,304,305,"(0, -1)",FETCH,FETCH,1,onion_1,onion_1,1,1,FETCH,FETCH,FETCH,onion_1,onion_1,onion_1,0,0,serve
post_none,7001,307,308,"(0, 1)",PLACE,PLACE,1,pot_1,pot_1,1,1,PLACE,PLACE,PLACE,pot_1,pot_1,pot_1,0,0,serve
post_none,7001,311,312,"(1, 0)",FETCH,FETCH,1,onion_1,onion_1,1,1,FETCH,FETCH,FETCH,onion_1,onion_1,onion_1,0,0,serve
post_none,7001,313,314,"(-1, 0)",PLACE,PLACE,1,pot_1,pot_1,1,1,PLACE,PLACE,PLACE,pot_1,pot_1,pot_1,0,0,serve
post_none,7001,317,318,"(1, 0)",FETCH,FETCH,1,onion_1,onion_1,1,1,FETCH,FETCH,FETCH,onion_1,onion_1,onion_1,0,0,serve
post_none,7001,319,320,"(-1, 0)",PLACE,PLACE,1,pot_1,pot_1,1,1,PLACE,PLACE,PLACE,pot_1,pot_1,pot_1,0,0,serve
post_none,7001,323,324,interact,COOK_START,COOK_START,1,pot_1,pot_1,1,1,COOK_START,COOK_START,COOK_START,pot_1,pot_1,pot_1,0,0,serve
post_none,7001,324,325,"(1, 0)",FETCH,FETCH,1,onion_1,onion_1,1,1,FETCH,FETCH,FETCH,onion_1,onion_1,onion_1,0,0,serve
post_none,7001,326,327,"(0, 1)",PLACE,PLACE,1,pot_0,pot_0,1,1,PLACE,PLACE,PLACE,pot_0,pot_0,pot_0,0,0,serve
post_none,7001,339,340,interact,COOK_START,COOK_START,1,pot_0,pot_0,1,1,COOK_START,COOK_START,COOK_START,pot_0,pot_0,pot_0,0,0,serve
post_none,7001,340,341,"(1, 0)",HOLD,HOLD,1,none,none,1,1,HOLD,HOLD,HOLD,none,none,none,0,0,dynamic
post_none,7001,346,347,"(-1, 0)",FETCH,GET_DISH,0,onion_0,dish_0,0,0,GET_DISH,GET_DISH,GET_DISH,dish_0,dish_0,dish_0,0,0,cook
post_none,7001,349,350,"(0, 1)",PLACE,PLACE,1,pot_1,pot_0,0,0,PLACE,PLACE,PLACE,pot_0,pot_0,pot_0,0,0,serve
post_none,7001,358,359,"(1, 0)",FETCH,FETCH,1,onion_1,onion_1,1,1,FETCH,FETCH,FETCH,onion_1,onion_1,onion_1,0,0,serve
post_none,7001,360,361,"(0, 1)",PLACE,PLACE,1,pot_1,pot_1,1,1,PLACE,PLACE,PLACE,pot_1,pot_1,pot_1,0,0,serve
post_none,7001,364,365,"(1, 0)",FETCH,FETCH,1,onion_1,onion_1,1,1,FETCH,FETCH,FETCH,onion_1,onion_1,onion_1,0,0,serve
post_none,7001,366,367,"(0, 1)",PLACE,PLACE,1,pot_1,pot_1,1,1,PLACE,PLACE,PLACE,pot_1,pot_1,pot_1,0,0,serve
post_none,7001,372,373,interact,COOK_START,COOK_START,1,pot_1,pot_1,1,1,COOK_START,COOK_START,COOK_START,pot_1,pot_1,pot_1,0,0,serve
post_none,7001,373,374,"(1, 0)",FETCH,FETCH,1,onion_1,onion_1,1,1,FETCH,FETCH,FETCH,onion_1,onion_1,onion_1,0,0,serve
post_none,7001,375,376,"(0, 1)",PLACE,PLACE,1,pot_0,pot_0,1,1,PLACE,PLACE,PLACE,pot_0,pot_0,pot_0,0,0,serve
post_none,7001,385,386,"(-1, 0)",FETCH,FETCH,1,onion_0,onion_0,1,1,FETCH,FETCH,FETCH,onion_0,onion_0,onion_0,0,0,serve
post_none,7001,387,388,"(0, 1)",PLACE,PLACE,1,pot_0,pot_0,1,1,PLACE,PLACE,PLACE,pot_0,pot_0,pot_0,0,0,serve
post_none,7001,391,392,"(-1, 0)",FETCH,FETCH,1,onion_0,onion_0,1,1,FETCH,FETCH,FETCH,onion_0,onion_0,onion_0,0,0,serve
post_none,7001,393,394,"(0, 1)",PLACE,PLACE,1,pot_0,pot_0,1,1,PLACE,PLACE,PLACE,pot_0,pot_0,pot_0,0,0,serve
post_none,7001,397,398,interact,COOK_START,COOK_START,1,pot_0,pot_0,1,1,COOK_START,COOK_START,COOK_START,pot_0,pot_0,pot_0,0,0,serve
post_none,7001,398,399,"(-1, 0)",FETCH,GET_DISH,0,onion_0,dish_0,0,0,GET_DISH,FETCH,GET_DISH,dish_0,onion_0,dish_0,1,1,cook
post_none,7001,400,401,"(0, 1)",PLACE,PLACE,1,pot_1,pot_1,1,1,PLACE,PLACE,PLACE,pot_1,pot_1,pot_1,0,0,serve
post_none,7001,406,407,"(1, 0)",FETCH,FETCH,1,onion_1,onion_1,1,1,FETCH,FETCH,FETCH,onion_1,onion_1,onion_1,0,0,serve
post_none,7001,408,409,"(0, 1)",PLACE,PLACE,1,pot_1,pot_1,1,1,PLACE,PLACE,PLACE,pot_1,pot_1,pot_1,0,0,serve
post_none,7001,412,413,"(1, 0)",FETCH,FETCH,1,onion_1,onion_1,1,1,FETCH,FETCH,FETCH,onion_1,onion_1,onion_1,0,0,serve
post_none,7001,414,415,"(0, 1)",PLACE,PLACE,1,pot_1,pot_1,1,1,PLACE,PLACE,PLACE,pot_1,pot_1,pot_1,0,0,serve
post_none,7001,418,419,interact,COOK_START,COOK_START,1,pot_1,pot_1,1,1,COOK_START,COOK_START,COOK_START,pot_1,pot_1,pot_1,0,0,serve
post_none,7001,419,420,"(0, 0)",GET_DISH,GET_DISH,1,dish_0,dish_0,1,1,GET_DISH,GET_DISH,GET_DISH,dish_0,dish_0,dish_0,0,0,cook
post_none,7001,425,426,"(1, 0)",PRE,PRE,1,pot_1,pot_0,0,0,PRE,PRE,PRE,pot_0,pot_0,pot_0,0,0,dynamic
post_none,7001,438,439,"(1, 0)",PICKUP,PICKUP,1,pot_1,pot_1,1,1,PICKUP,PICKUP,PICKUP,pot_1,pot_1,pot_1,0,0,cook
post_none,7001,441,442,"(0, 1)",DELIVER,DELIVER,1,serve_0,serve_0,1,1,DELIVER,DELIVER,DELIVER,serve_0,serve_0,serve_0,0,0,cook
post_none,7001,443,444,"(0, -1)",FETCH,FETCH,1,onion_1,onion_1,1,1,FETCH,FETCH,FETCH,onion_1,onion_1,onion_1,0,0,serve
post_none,7001,446,447,"(0, 1)",PLACE,PLACE,1,pot_1,pot_0,0,0,PLACE,PLACE,PLACE,pot_0,pot_0,pot_0,0,0,serve
post_none,7001,457,458,"(1, 0)",FETCH,FETCH,1,onion_1,onion_1,1,1,FETCH,FETCH,FETCH,onion_1,onion_1,onion_1,0,0,serve
post_none,7001,459,460,"(-1, 0)",PLACE,PLACE,1,pot_1,pot_1,1,1,PLACE,PLACE,PLACE,pot_1,pot_1,pot_1,0,0,serve
post_none,7001,463,464,"(1, 0)",FETCH,FETCH,1,onion_1,onion_1,1,1,FETCH,FETCH,FETCH,onion_1,onion_1,onion_1,0,0,serve
post_none,7001,465,466,"(-1, 0)",PLACE,PLACE,1,pot_1,pot_1,1,1,PLACE,PLACE,PLACE,pot_1,pot_1,pot_1,0,0,serve
post_none,7001,469,470,interact,COOK_START,COOK_START,1,pot_1,pot_1,1,1,COOK_START,COOK_START,COOK_START,pot_1,pot_1,pot_1,0,0,serve
post_none,7001,470,471,"(1, 0)",FETCH,FETCH,1,onion_1,onion_1,1,1,FETCH,FETCH,FETCH,onion_1,onion_1,onion_1,0,0,serve
post_none,7001,472,473,"(0, 1)",PLACE,PLACE,1,pot_0,pot_0,1,1,PLACE,PLACE,PLACE,pot_0,pot_0,pot_0,0,0,serve
post_none,7001,485,486,"(-1, 0)",FETCH,GET_DISH,0,onion_0,onion_0,1,0,GET_DISH,FETCH,GET_DISH,onion_0,onion_0,onion_0,1,0,cook
post_none,7001,487,488,"(0, 1)",PLACE,PLACE,1,pot_0,pot_0,1,1,PLACE,PLACE,PLACE,pot_0,pot_0,pot_0,0,0,serve
post_none,7001,491,492,"(-1, 0)",FETCH,FETCH,1,onion_0,onion_0,1,1,FETCH,FETCH,FETCH,onion_0,onion_0,onion_0,0,0,serve
post_none,7001,493,494,"(0, 1)",PLACE,PLACE,1,pot_0,pot_0,1,1,PLACE,PLACE,PLACE,pot_0,pot_0,pot_0,0,0,serve
post_none,7001,497,498,interact,COOK_START,COOK_START,1,pot_0,pot_0,1,1,COOK_START,COOK_START,COOK_START,pot_0,pot_0,pot_0,0,0,serve
post_none,7001,498,499,"(-1, 0)",FETCH,GET_DISH,0,onion_0,dish_0,0,0,GET_DISH,GET_DISH,GET_DISH,dish_0,dish_0,dish_0,0,0,cook
post_none,7001,500,501,"(0, 1)",PLACE,PLACE,1,pot_1,pot_1,1,1,PLACE,PLACE,PLACE,pot_1,pot_1,pot_1,0,0,serve
post_none,7001,506,507,"(1, 0)",FETCH,FETCH,1,onion_1,onion_1,1,1,FETCH,FETCH,FETCH,onion_1,onion_1,onion_1,0,0,serve
post_none,7001,508,509,"(0, 1)",PLACE,PLACE,1,pot_1,pot_1,1,1,PLACE,PLACE,PLACE,pot_1,pot_1,pot_1,0,0,serve
post_none,7001,512,513,"(1, 0)",FETCH,FETCH,1,onion_1,onion_1,1,1,FETCH,FETCH,FETCH,onion_1,onion_1,onion_1,0,0,serve
post_none,7001,514,515,"(0, 1)",PLACE,PLACE,1,pot_1,pot_1,1,1,PLACE,PLACE,PLACE,pot_1,pot_1,pot_1,0,0,serve
post_none,7001,518,519,interact,COOK_START,COOK_START,1,pot_1,pot_1,1,1,COOK_START,COOK_START,COOK_START,pot_1,pot_1,pot_1,0,0,serve
post_none,7001,519,520,"(0, 0)",GET_DISH,GET_DISH,1,dish_0,dish_0,1,1,GET_DISH,GET_DISH,GET_DISH,dish_0,dish_0,dish_0,0,0,cook
post_none,7001,525,526,"(1, 0)",PRE,PRE,1,pot_1,pot_0,0,0,PRE,PRE,PRE,pot_0,dish_0,pot_0,0,1,dynamic
post_none,7001,538,539,"(1, 0)",PICKUP,PICKUP,1,pot_1,pot_1,1,1,PICKUP,PICKUP,PICKUP,pot_1,pot_1,pot_1,0,0,cook
post_none,7001,541,542,"(0, 1)",DELIVER,DELIVER,1,serve_0,serve_0,1,1,DELIVER,DELIVER,DELIVER,serve_0,serve_0,serve_0,0,0,cook
post_none,7001,543,544,"(0, -1)",FETCH,FETCH,1,onion_1,onion_1,1,1,FETCH,FETCH,FETCH,onion_1,onion_1,onion_1,0,0,serve
post_none,7001,546,547,"(0, 1)",PLACE,PLACE,1,pot_1,pot_0,0,0,PLACE,PLACE,PLACE,pot_0,pot_0,pot_0,0,0,serve
post_none,7001,557,558,"(1, 0)",FETCH,FETCH,1,onion_1,onion_1,1,1,FETCH,FETCH,FETCH,onion_1,onion_1,onion_1,0,0,serve
post_none,7001,559,560,"(-1, 0)",PLACE,PLACE,1,pot_1,pot_1,1,1,PLACE,PLACE,PLACE,pot_1,pot_1,pot_1,0,0,serve
post_none,7001,563,564,"(1, 0)",FETCH,FETCH,1,onion_1,onion_1,1,1,FETCH,FETCH,FETCH,onion_1,onion_1,onion_1,0,0,serve
post_none,7001,565,566,"(-1, 0)",PLACE,PLACE,1,pot_1,pot_1,1,1,PLACE,PLACE,PLACE,pot_1,pot_1,pot_1,0,0,serve
post_none,7001,569,570,interact,COOK_START,COOK_START,1,pot_1,pot_1,1,1,COOK_START,COOK_START,COOK_START,pot_1,pot_1,pot_1,0,0,serve
post_none,7001,570,571,"(1, 0)",FETCH,FETCH,1,onion_1,onion_1,1,1,FETCH,FETCH,FETCH,onion_1,onion_1,onion_1,0,0,serve
post_none,7001,572,573,"(0, 1)",PLACE,PLACE,1,pot_0,pot_0,1,1,PLACE,PLACE,PLACE,pot_0,pot_0,pot_0,0,0,serve
post_none,7001,585,586,"(-1, 0)",FETCH,GET_DISH,0,onion_0,dish_0,0,0,GET_DISH,GET_DISH,GET_DISH,dish_0,dish_0,dish_0,0,0,cook
post_none,7001,587,588,"(0, 1)",PLACE,PLACE,1,pot_0,pot_0,1,1,PLACE,PLACE,PLACE,pot_0,pot_0,pot_0,0,0,serve
post_none,7001,591,592,"(-1, 0)",FETCH,FETCH,1,onion_0,onion_0,1,1,FETCH,FETCH,FETCH,onion_0,onion_0,onion_0,0,0,serve
post_none,7001,593,594,"(0, 1)",PLACE,PLACE,1,pot_0,pot_0,1,1,PLACE,PLACE,PLACE,pot_0,pot_0,pot_0,0,0,serve
post_none,7001,597,598,interact,COOK_START,COOK_START,1,pot_0,pot_0,1,1,COOK_START,COOK_START,COOK_START,pot_0,pot_0,pot_0,0,0,serve
post_none,7001,598,599,"(-1, 0)",FETCH,GET_DISH,0,onion_0,dish_0,0,0,GET_DISH,GET_DISH,GET_DISH,dish_0,dish_0,dish_0,0,0,cook
post_none,7001,600,601,"(0, 1)",PLACE,PLACE,1,pot_1,pot_1,1,1,PLACE,PLACE,PLACE,pot_1,pot_1,pot_1,0,0,serve
post_none,7001,606,607,"(1, 0)",FETCH,FETCH,1,onion_1,onion_1,1,1,FETCH,FETCH,FETCH,onion_1,onion_1,onion_1,0,0,serve
post_none,7001,608,609,"(0, 1)",PLACE,PLACE,1,pot_1,pot_1,1,1,PLACE,PLACE,PLACE,pot_1,pot_1,pot_1,0,0,serve
post_none,7001,612,613,"(1, 0)",FETCH,FETCH,1,onion_1,onion_1,1,1,FETCH,FETCH,FETCH,onion_1,onion_1,onion_1,0,0,serve
post_none,7001,614,615,"(0, 1)",PLACE,PLACE,1,pot_1,pot_1,1,1,PLACE,PLACE,PLACE,pot_1,pot_1,pot_1,0,0,serve
post_none,7001,618,619,interact,COOK_START,COOK_START,1,pot_1,pot_1,1,1,COOK_START,COOK_START,COOK_START,pot_1,pot_1,pot_1,0,0,serve
post_none,7001,619,620,"(0, 0)",GET_DISH,GET_DISH,1,dish_0,dish_0,1,1,GET_DISH,GET_DISH,GET_DISH,dish_0,dish_0,dish_0,0,0,cook
post_none,7001,625,626,"(1, 0)",PRE,PRE,1,pot_1,dish_0,0,0,PRE,PRE,PRE,pot_0,dish_0,dish_0,0,1,dynamic
post_none,7001,638,639,"(1, 0)",PICKUP,PICKUP,1,pot_1,pot_1,1,1,PICKUP,PICKUP,PICKUP,pot_1,pot_1,pot_1,0,0,cook
post_none,7001,641,642,"(0, 1)",DELIVER,DELIVER,1,serve_0,serve_0,1,1,DELIVER,DELIVER,DELIVER,serve_0,serve_0,serve_0,0,0,cook
post_none,7001,643,644,"(0, -1)",FETCH,FETCH,1,onion_1,onion_1,1,1,FETCH,FETCH,FETCH,onion_1,onion_1,onion_1,0,0,serve
post_none,7001,646,647,"(0, 1)",PLACE,PLACE,1,pot_1,pot_0,0,0,PLACE,PLACE,PLACE,pot_0,pot_0,pot_0,0,0,serve
post_none,7001,657,658,"(1, 0)",FETCH,FETCH,1,onion_1,onion_1,1,1,FETCH,FETCH,FETCH,onion_1,onion_1,onion_1,0,0,serve
post_none,7001,659,660,"(-1, 0)",PLACE,PLACE,1,pot_1,pot_1,1,1,PLACE,PLACE,PLACE,pot_1,pot_1,pot_1,0,0,serve
post_none,7001,663,664,"(1, 0)",FETCH,FETCH,1,onion_1,onion_1,1,1,FETCH,FETCH,FETCH,onion_1,onion_1,onion_1,0,0,serve
post_none,7001,665,666,"(-1, 0)",PLACE,PLACE,1,pot_1,pot_1,1,1,PLACE,PLACE,PLACE,pot_1,pot_1,pot_1,0,0,serve
post_none,7001,669,670,interact,COOK_START,COOK_START,1,pot_1,pot_1,1,1,COOK_START,COOK_START,COOK_START,pot_1,pot_1,pot_1,0,0,serve
post_none,7001,670,671,"(1, 0)",FETCH,FETCH,1,onion_1,onion_1,1,1,FETCH,FETCH,FETCH,onion_1,onion_1,onion_1,0,0,serve
post_none,7001,672,673,"(0, 1)",PLACE,PLACE,1,pot_0,pot_0,1,1,PLACE,PLACE,PLACE,pot_0,pot_0,pot_0,0,0,serve
post_none,7001,685,686,"(-1, 0)",FETCH,GET_DISH,0,onion_0,dish_0,0,0,GET_DISH,GET_DISH,GET_DISH,dish_0,dish_0,dish_0,0,0,cook
post_none,7001,687,688,"(0, 1)",PLACE,PLACE,1,pot_0,pot_0,1,1,PLACE,PLACE,PLACE,pot_0,pot_0,pot_0,0,0,serve
post_none,7001,691,692,"(-1, 0)",FETCH,FETCH,1,onion_0,onion_0,1,1,FETCH,FETCH,FETCH,onion_0,onion_0,onion_0,0,0,serve
post_none,7001,693,694,"(0, 1)",PLACE,PLACE,1,pot_0,pot_0,1,1,PLACE,PLACE,PLACE,pot_0,pot_0,pot_0,0,0,serve
post_none,7001,697,698,interact,COOK_START,COOK_START,1,pot_0,pot_0,1,1,COOK_START,COOK_START,COOK_START,pot_0,pot_0,pot_0,0,0,serve
post_none,7001,698,699,"(-1, 0)",FETCH,GET_DISH,0,onion_0,dish_0,0,0,GET_DISH,GET_DISH,GET_DISH,dish_0,dish_0,dish_0,0,0,cook
post_none,7002,0,1,"(0, 0)",FETCH,FETCH,1,onion_0,onion_0,1,1,FETCH,FETCH,FETCH,onion_0,onion_0,onion_0,0,0,serve
post_none,7002,5,6,"(0, 1)",PLACE,PLACE,1,pot_0,pot_0,1,1,PLACE,PLACE,PLACE,pot_0,pot_0,pot_0,0,0,serve
post_none,7002,9,10,"(-1, 0)",FETCH,FETCH,1,onion_0,onion_0,1,1,FETCH,FETCH,FETCH,onion_0,onion_0,onion_0,0,0,serve
post_none,7002,11,12,"(0, 1)",PLACE,PLACE,1,pot_0,pot_0,1,1,PLACE,PLACE,PLACE,pot_0,pot_0,pot_0,0,0,serve
post_none,7002,15,16,"(-1, 0)",FETCH,FETCH,1,onion_0,onion_0,1,1,FETCH,FETCH,FETCH,onion_0,onion_0,onion_0,0,0,serve
post_none,7002,17,18,"(0, 1)",PLACE,PLACE,1,pot_0,pot_0,1,1,PLACE,PLACE,PLACE,pot_0,pot_0,pot_0,0,0,serve
post_none,7002,21,22,interact,COOK_START,COOK_START,1,pot_0,pot_0,1,1,COOK_START,COOK_START,COOK_START,pot_0,pot_0,pot_0,0,0,serve
post_none,7002,22,23,"(-1, 0)",FETCH,FETCH,1,onion_0,onion_0,1,1,FETCH,FETCH,FETCH,onion_0,onion_0,onion_0,0,0,serve
post_none,7002,24,25,"(0, 1)",PLACE,PLACE,1,pot_1,pot_1,1,1,PLACE,PLACE,PLACE,pot_1,pot_1,pot_1,0,0,serve
post_none,7002,30,31,"(1, 0)",FETCH,FETCH,1,onion_1,onion_1,1,1,FETCH,FETCH,FETCH,onion_1,onion_1,onion_1,0,0,serve
post_none,7002,32,33,"(0, 1)",PLACE,PLACE,1,pot_1,pot_1,1,1,PLACE,PLACE,PLACE,pot_1,pot_1,pot_1,0,0,serve
post_none,7002,36,37,"(1, 0)",FETCH,FETCH,1,onion_1,onion_1,1,1,FETCH,FETCH,FETCH,onion_1,onion_1,onion_1,0,0,serve
post_none,7002,38,39,"(0, 1)",PLACE,PLACE,1,pot_1,pot_1,1,1,PLACE,PLACE,PLACE,pot_1,pot_1,pot_1,0,0,serve
post_none,7002,42,43,interact,COOK_START,COOK_START,1,pot_1,pot_1,1,1,COOK_START,COOK_START,COOK_START,pot_1,pot_1,pot_1,0,0,serve
post_none,7002,43,44,"(0, 0)",GET_DISH,GET_DISH,1,dish_0,dish_0,1,1,GET_DISH,GET_DISH,GET_DISH,dish_0,dish_0,dish_0,0,0,cook
post_none,7002,49,50,"(1, 0)",PRE,PRE,1,pot_1,none,0,0,PRE,PRE,PRE,none,pot_1,none,0,1,dynamic
post_none,7002,62,63,"(1, 0)",PICKUP,PICKUP,1,pot_1,pot_1,1,1,PICKUP,PICKUP,PICKUP,pot_1,pot_1,pot_1,0,0,cook
post_none,7002,65,66,"(0, 1)",DELIVER,DELIVER,1,serve_0,serve_0,1,1,DELIVER,DELIVER,DELIVER,serve_0,serve_0,serve_0,0,0,cook
post_none,7002,67,68,"(0, -1)",FETCH,FETCH,1,onion_1,onion_1,1,1,FETCH,FETCH,FETCH,onion_1,onion_1,onion_1,0,0,serve
post_none,7002,70,71,"(0, 1)",PLACE,PLACE,1,pot_1,pot_1,1,1,PLACE,PLACE,PLACE,pot_1,pot_1,pot_1,0,0,serve
post_none,7002,74,75,"(1, 0)",FETCH,FETCH,1,onion_1,onion_1,1,1,FETCH,FETCH,FETCH,onion_1,onion_1,onion_1,0,0,serve
post_none,7002,76,77,"(-1, 0)",PLACE,PLACE,1,pot_1,pot_1,1,1,PLACE,PLACE,PLACE,pot_1,pot_1,pot_1,0,0,serve
post_none,7002,80,81,"(1, 0)",FETCH,FETCH,1,onion_1,onion_1,1,1,FETCH,FETCH,FETCH,onion_1,onion_1,onion_1,0,0,serve
post_none,7002,82,83,"(-1, 0)",PLACE,PLACE,1,pot_1,pot_1,1,1,PLACE,PLACE,PLACE,pot_1,pot_1,pot_1,0,0,serve
post_none,7002,86,87,interact,COOK_START,COOK_START,1,pot_1,pot_1,1,1,COOK_START,COOK_START,COOK_START,pot_1,pot_1,pot_1,0,0,serve
post_none,7002,87,88,"(1, 0)",FETCH,FETCH,1,onion_1,onion_1,1,1,FETCH,FETCH,FETCH,onion_1,onion_1,onion_1,0,0,serve
post_none,7002,89,90,"(0, 1)",PLACE,PLACE,1,pot_0,pot_0,1,1,PLACE,PLACE,PLACE,pot_0,pot_0,pot_0,0,0,serve
post_none,7002,102,103,interact,COOK_START,COOK_START,1,pot_0,pot_0,1,1,COOK_START,COOK_START,COOK_START,pot_0,pot_0,pot_0,0,0,serve
post_none,7002,103,104,"(1, 0)",HOLD,HOLD,1,none,none,1,1,HOLD,HOLD,HOLD,none,none,none,0,0,dynamic
post_none,7002,109,110,"(-1, 0)",FETCH,GET_DISH,0,onion_0,dish_0,0,0,GET_DISH,GET_DISH,GET_DISH,dish_0,dish_0,dish_0,0,0,cook
post_none,7002,112,113,"(0, 1)",PLACE,PLACE,1,pot_1,pot_0,0,0,PLACE,PLACE,PLACE,pot_0,pot_0,pot_0,0,0,serve
post_none,7002,121,122,"(1, 0)",FETCH,FETCH,1,onion_1,onion_1,1,1,FETCH,FETCH,FETCH,onion_1,onion_1,onion_1,0,0,serve
post_none,7002,123,124,"(0, 1)",PLACE,PLACE,1,pot_1,pot_1,1,1,PLACE,PLACE,PLACE,pot_1,pot_1,pot_1,0,0,serve
post_none,7002,127,128,"(1, 0)",FETCH,FETCH,1,onion_1,onion_1,1,1,FETCH,FETCH,FETCH,onion_1,onion_1,onion_1,0,0,serve
post_none,7002,129,130,"(0, 1)",PLACE,PLACE,1,pot_1,pot_1,1,1,PLACE,PLACE,PLACE,pot_1,pot_1,pot_1,0,0,serve
post_none,7002,135,136,interact,COOK_START,COOK_START,1,pot_1,pot_1,1,1,COOK_START,COOK_START,COOK_START,pot_1,pot_1,pot_1,0,0,serve
post_none,7002,136,137,"(1, 0)",FETCH,FETCH,1,onion_1,onion_1,1,1,FETCH,FETCH,FETCH,onion_1,onion_1,onion_1,0,0,serve
post_none,7002,138,139,"(0, 1)",PLACE,PLACE,1,pot_0,pot_0,1,1,PLACE,PLACE,PLACE,pot_0,pot_0,pot_0,0,0,serve
post_none,7002,148,149,"(-1, 0)",FETCH,FETCH,1,onion_0,onion_0,1,1,FETCH,FETCH,FETCH,onion_0,onion_0,onion_0,0,0,serve
post_none,7002,150,151,"(0, 1)",PLACE,PLACE,1,pot_0,pot_0,1,1,PLACE,PLACE,PLACE,pot_0,pot_0,pot_0,0,0,serve
post_none,7002,154,155,"(-1, 0)",FETCH,FETCH,1,onion_0,onion_0,1,1,FETCH,FETCH,FETCH,onion_0,onion_0,onion_0,0,0,serve
post_none,7002,156,157,"(0, 1)",PLACE,PLACE,1,pot_0,pot_0,1,1,PLACE,PLACE,PLACE,pot_0,pot_0,pot_0,0,0,serve
post_none,7002,160,161,interact,COOK_START,COOK_START,1,pot_0,pot_0,1,1,COOK_START,COOK_START,COOK_START,pot_0,pot_0,pot_0,0,0,serve
post_none,7002,161,162,"(-1, 0)",FETCH,FETCH,1,onion_0,onion_0,1,1,FETCH,FETCH,FETCH,onion_0,onion_0,onion_0,0,0,serve
post_none,7002,163,164,"(0, 1)",PLACE,PLACE,1,pot_1,pot_1,1,1,PLACE,PLACE,PLACE,pot_1,pot_1,pot_1,0,0,serve
post_none,7002,169,170,"(1, 0)",FETCH,FETCH,1,onion_1,onion_1,1,1,FETCH,FETCH,FETCH,onion_1,onion_1,onion_1,0,0,serve
post_none,7002,171,172,"(0, 1)",PLACE,PLACE,1,pot_1,pot_1,1,1,PLACE,PLACE,PLACE,pot_1,pot_1,pot_1,0,0,serve
post_none,7002,175,176,"(1, 0)",FETCH,FETCH,1,onion_1,onion_1,1,1,FETCH,FETCH,FETCH,onion_1,onion_1,onion_1,0,0,serve
post_none,7002,177,178,"(0, 1)",PLACE,PLACE,1,pot_1,pot_1,1,1,PLACE,PLACE,PLACE,pot_1,pot_1,pot_1,0,0,serve
post_none,7002,181,182,interact,COOK_START,COOK_START,1,pot_1,pot_1,1,1,COOK_START,COOK_START,COOK_START,pot_1,pot_1,pot_1,0,0,serve
post_none,7002,182,183,"(0, 0)",GET_DISH,GET_DISH,1,dish_0,dish_0,1,1,GET_DISH,GET_DISH,GET_DISH,dish_0,dish_0,dish_0,0,0,cook
post_none,7002,188,189,"(1, 0)",PRE,PRE,1,pot_1,none,0,0,PRE,PRE,PRE,none,pot_1,none,0,1,dynamic
post_none,7002,201,202,"(1, 0)",PICKUP,PICKUP,1,pot_1,pot_1,1,1,PICKUP,PICKUP,PICKUP,pot_1,pot_1,pot_1,0,0,cook
post_none,7002,204,205,"(0, 1)",DELIVER,DELIVER,1,serve_0,serve_0,1,1,DELIVER,DELIVER,DELIVER,serve_0,serve_0,serve_0,0,0,cook
post_none,7002,206,207,"(0, -1)",FETCH,FETCH,1,onion_1,onion_1,1,1,FETCH,FETCH,FETCH,onion_1,onion_1,onion_1,0,0,serve
post_none,7002,209,210,"(0, 1)",PLACE,PLACE,1,pot_1,pot_1,1,1,PLACE,PLACE,PLACE,pot_1,pot_1,pot_1,0,0,serve
post_none,7002,220,221,"(1, 0)",FETCH,FETCH,1,onion_1,onion_1,1,1,FETCH,FETCH,FETCH,onion_1,onion_1,onion_1,0,0,serve
post_none,7002,222,223,"(-1, 0)",PLACE,PLACE,1,pot_1,pot_1,1,1,PLACE,PLACE,PLACE,pot_1,pot_1,pot_1,0,0,serve
post_none,7002,226,227,"(1, 0)",FETCH,FETCH,1,onion_1,onion_1,1,1,FETCH,FETCH,FETCH,onion_1,onion_1,onion_1,0,0,serve
post_none,7002,228,229,"(-1, 0)",PLACE,PLACE,1,pot_1,pot_1,1,1,PLACE,PLACE,PLACE,pot_1,pot_1,pot_1,0,0,serve
post_none,7002,232,233,interact,COOK_START,COOK_START,1,pot_1,pot_1,1,1,COOK_START,COOK_START,COOK_START,pot_1,pot_1,pot_1,0,0,serve
post_none,7002,233,234,"(1, 0)",FETCH,FETCH,1,onion_1,onion_1,1,1,FETCH,FETCH,FETCH,onion_1,onion_1,onion_1,0,0,serve
post_none,7002,235,236,"(0, 1)",PLACE,PLACE,1,pot_0,pot_0,1,1,PLACE,PLACE,PLACE,pot_0,pot_0,pot_0,0,0,serve
post_none,7002,248,249,"(-1, 0)",FETCH,FETCH,1,onion_0,onion_0,1,1,FETCH,FETCH,FETCH,onion_0,onion_0,onion_0,0,0,serve
post_none,7002,250,251,"(0, 1)",PLACE,PLACE,1,pot_0,pot_0,1,1,PLACE,PLACE,PLACE,pot_0,pot_0,pot_0,0,0,serve
post_none,7002,254,255,"(-1, 0)",FETCH,FETCH,1,onion_0,onion_0,1,1,FETCH,FETCH,FETCH,onion_0,onion_0,onion_0,0,0,serve
post_none,7002,256,257,"(0, 1)",PLACE,PLACE,1,pot_0,pot_0,1,1,PLACE,PLACE,PLACE,pot_0,pot_0,pot_0,0,0,serve
post_none,7002,260,261,interact,COOK_START,COOK_START,1,pot_0,pot_0,1,1,COOK_START,COOK_START,COOK_START,pot_0,pot_0,pot_0,0,0,serve
post_none,7002,261,262,"(-1, 0)",FETCH,FETCH,1,onion_0,onion_0,1,1,FETCH,FETCH,FETCH,onion_0,onion_0,onion_0,0,0,serve
post_none,7002,263,264,"(0, 1)",PLACE,PLACE,1,pot_1,pot_1,1,1,PLACE,PLACE,PLACE,pot_1,pot_1,pot_1,0,0,serve
post_none,7002,269,270,"(1, 0)",FETCH,FETCH,1,onion_1,onion_1,1,1,FETCH,FETCH,FETCH,onion_1,onion_1,onion_1,0,0,serve
post_none,7002,271,272,"(0, 1)",PLACE,PLACE,1,pot_1,pot_1,1,1,PLACE,PLACE,PLACE,pot_1,pot_1,pot_1,0,0,serve
post_none,7002,275,276,"(1, 0)",FETCH,FETCH,1,onion_1,onion_1,1,1,FETCH,FETCH,FETCH,onion_1,onion_1,onion_1,0,0,serve
post_none,7002,277,278,"(0, 1)",PLACE,PLACE,1,pot_1,pot_1,1,1,PLACE,PLACE,PLACE,pot_1,pot_1,pot_1,0,0,serve
post_none,7002,281,282,interact,COOK_START,COOK_START,1,pot_1,pot_1,1,1,COOK_START,COOK_START,COOK_START,pot_1,pot_1,pot_1,0,0,serve
post_none,7002,282,283,"(0, 0)",GET_DISH,GET_DISH,1,dish_0,dish_0,1,1,GET_DISH,GET_DISH,GET_DISH,dish_0,dish_0,dish_0,0,0,cook
post_none,7002,288,289,"(1, 0)",PRE,PRE,1,pot_1,none,0,0,PRE,PRE,PRE,none,onion_1,none,0,1,dynamic
post_none,7002,301,302,"(1, 0)",PICKUP,PICKUP,1,pot_1,pot_1,1,1,PICKUP,PICKUP,PICKUP,pot_1,pot_1,pot_1,0,0,cook
post_none,7002,304,305,"(0, 1)",DELIVER,DELIVER,1,serve_0,serve_0,1,1,DELIVER,DELIVER,DELIVER,serve_0,serve_0,serve_0,0,0,cook
post_none,7002,306,307,"(0, -1)",FETCH,FETCH,1,onion_1,onion_1,1,1,FETCH,FETCH,FETCH,onion_1,onion_1,onion_1,0,0,serve
post_none,7002,309,310,"(0, 1)",PLACE,PLACE,1,pot_1,pot_1,1,1,PLACE,PLACE,PLACE,pot_1,pot_1,pot_1,0,0,serve
post_none,7002,313,314,"(1, 0)",FETCH,FETCH,1,onion_1,onion_1,1,1,FETCH,FETCH,FETCH,onion_1,onion_1,onion_1,0,0,serve
post_none,7002,315,316,"(-1, 0)",PLACE,PLACE,1,pot_1,pot_1,1,1,PLACE,PLACE,PLACE,pot_1,pot_1,pot_1,0,0,serve
post_none,7002,319,320,"(1, 0)",FETCH,FETCH,1,onion_1,onion_1,1,1,FETCH,FETCH,FETCH,onion_1,onion_1,onion_1,0,0,serve
post_none,7002,321,322,"(-1, 0)",PLACE,PLACE,1,pot_1,pot_1,1,1,PLACE,PLACE,PLACE,pot_1,pot_1,pot_1,0,0,serve
post_none,7002,325,326,interact,COOK_START,COOK_START,1,pot_1,pot_1,1,1,COOK_START,COOK_START,COOK_START,pot_1,pot_1,pot_1,0,0,serve
post_none,7002,326,327,"(1, 0)",FETCH,FETCH,1,onion_1,onion_1,1,1,FETCH,FETCH,FETCH,onion_1,onion_1,onion_1,0,0,serve
post_none,7002,328,329,"(0, 1)",PLACE,PLACE,1,pot_0,pot_0,1,1,PLACE,PLACE,PLACE,pot_0,pot_0,pot_0,0,0,serve
post_none,7002,341,342,interact,COOK_START,COOK_START,1,pot_0,pot_0,1,1,COOK_START,COOK_START,COOK_START,pot_0,pot_0,pot_0,0,0,serve
post_none,7002,342,343,"(1, 0)",HOLD,HOLD,1,none,none,1,1,HOLD,HOLD,HOLD,none,none,none,0,0,dynamic
post_none,7002,348,349,"(-1, 0)",FETCH,GET_DISH,0,onion_0,dish_0,0,0,GET_DISH,GET_DISH,GET_DISH,dish_0,dish_0,dish_0,0,0,cook
post_none,7002,351,352,"(0, 1)",PLACE,PLACE,1,pot_1,pot_0,0,0,PLACE,PLACE,PLACE,pot_0,pot_0,pot_0,0,0,serve
post_none,7002,360,361,"(1, 0)",FETCH,FETCH,1,onion_1,onion_1,1,1,FETCH,FETCH,FETCH,onion_1,onion_1,onion_1,0,0,serve
post_none,7002,362,363,"(0, 1)",PLACE,PLACE,1,pot_1,pot_1,1,1,PLACE,PLACE,PLACE,pot_1,pot_1,pot_1,0,0,serve
post_none,7002,366,367,"(1, 0)",FETCH,FETCH,1,onion_1,onion_1,1,1,FETCH,FETCH,FETCH,onion_1,onion_1,onion_1,0,0,serve
post_none,7002,368,369,"(0, 1)",PLACE,PLACE,1,pot_1,pot_1,1,1,PLACE,PLACE,PLACE,pot_1,pot_1,pot_1,0,0,serve
post_none,7002,374,375,interact,COOK_START,COOK_START,1,pot_1,pot_1,1,1,COOK_START,COOK_START,COOK_START,pot_1,pot_1,pot_1,0,0,serve
post_none,7002,375,376,"(1, 0)",FETCH,FETCH,1,onion_1,onion_1,1,1,FETCH,FETCH,FETCH,onion_1,onion_1,onion_1,0,0,serve
post_none,7002,377,378,"(0, 1)",PLACE,PLACE,1,pot_0,pot_0,1,1,PLACE,PLACE,PLACE,pot_0,pot_0,pot_0,0,0,serve
post_none,7002,387,388,"(-1, 0)",FETCH,FETCH,1,onion_0,onion_0,1,1,FETCH,FETCH,FETCH,onion_0,onion_0,onion_0,0,0,serve
post_none,7002,389,390,"(0, 1)",PLACE,PLACE,1,pot_0,pot_0,1,1,PLACE,PLACE,PLACE,pot_0,pot_0,pot_0,0,0,serve
post_none,7002,393,394,"(-1, 0)",FETCH,FETCH,1,onion_0,onion_0,1,1,FETCH,FETCH,FETCH,onion_0,onion_0,onion_0,0,0,serve
post_none,7002,395,396,"(0, 1)",PLACE,PLACE,1,pot_0,pot_0,1,1,PLACE,PLACE,PLACE,pot_0,pot_0,pot_0,0,0,serve
post_none,7002,399,400,interact,COOK_START,COOK_START,1,pot_0,pot_0,1,1,COOK_START,COOK_START,COOK_START,pot_0,pot_0,pot_0,0,0,serve
post_none,7002,400,401,"(-1, 0)",FETCH,GET_DISH,0,onion_0,dish_0,0,0,GET_DISH,FETCH,GET_DISH,dish_0,onion_0,dish_0,1,1,cook
post_none,7002,402,403,"(0, 1)",PLACE,PLACE,1,pot_1,pot_1,1,1,PLACE,PLACE,PLACE,pot_1,pot_1,pot_1,0,0,serve
post_none,7002,408,409,"(1, 0)",FETCH,FETCH,1,onion_1,onion_1,1,1,FETCH,FETCH,FETCH,onion_1,onion_1,onion_1,0,0,serve
post_none,7002,410,411,"(0, 1)",PLACE,PLACE,1,pot_1,pot_1,1,1,PLACE,PLACE,PLACE,pot_1,pot_1,pot_1,0,0,serve
post_none,7002,414,415,"(1, 0)",FETCH,FETCH,1,onion_1,onion_1,1,1,FETCH,FETCH,FETCH,onion_1,onion_1,onion_1,0,0,serve
post_none,7002,416,417,"(0, 1)",PLACE,PLACE,1,pot_1,pot_1,1,1,PLACE,PLACE,PLACE,pot_1,pot_1,pot_1,0,0,serve
post_none,7002,420,421,interact,COOK_START,COOK_START,1,pot_1,pot_1,1,1,COOK_START,COOK_START,COOK_START,pot_1,pot_1,pot_1,0,0,serve
post_none,7002,421,422,"(0, 0)",GET_DISH,GET_DISH,1,dish_0,dish_0,1,1,GET_DISH,GET_DISH,GET_DISH,dish_0,dish_0,dish_0,0,0,cook
post_none,7002,427,428,"(1, 0)",PRE,PRE,1,pot_1,pot_0,0,0,PRE,PRE,PRE,pot_0,pot_0,pot_0,0,0,dynamic
post_none,7002,440,441,"(1, 0)",PICKUP,PICKUP,1,pot_1,pot_1,1,1,PICKUP,PICKUP,PICKUP,pot_1,pot_1,pot_1,0,0,cook
post_none,7002,443,444,"(0, 1)",DELIVER,DELIVER,1,serve_0,serve_0,1,1,DELIVER,DELIVER,DELIVER,serve_0,serve_0,serve_0,0,0,cook
post_none,7002,445,446,"(0, -1)",FETCH,FETCH,1,onion_1,onion_1,1,1,FETCH,FETCH,FETCH,onion_1,onion_1,onion_1,0,0,serve
post_none,7002,448,449,"(0, 1)",PLACE,PLACE,1,pot_1,pot_0,0,0,PLACE,PLACE,PLACE,pot_0,pot_0,pot_0,0,0,serve
post_none,7002,459,460,"(1, 0)",FETCH,FETCH,1,onion_1,onion_1,1,1,FETCH,FETCH,FETCH,onion_1,onion_1,onion_1,0,0,serve
post_none,7002,461,462,"(-1, 0)",PLACE,PLACE,1,pot_1,pot_1,1,1,PLACE,PLACE,PLACE,pot_1,pot_1,pot_1,0,0,serve
post_none,7002,465,466,"(1, 0)",FETCH,FETCH,1,onion_1,onion_1,1,1,FETCH,FETCH,FETCH,onion_1,onion_1,onion_1,0,0,serve
post_none,7002,467,468,"(-1, 0)",PLACE,PLACE,1,pot_1,pot_1,1,1,PLACE,PLACE,PLACE,pot_1,pot_1,pot_1,0,0,serve
post_none,7002,471,472,interact,COOK_START,COOK_START,1,pot_1,pot_1,1,1,COOK_START,COOK_START,COOK_START,pot_1,pot_1,pot_1,0,0,serve
post_none,7002,472,473,"(1, 0)",FETCH,FETCH,1,onion_1,onion_1,1,1,FETCH,FETCH,FETCH,onion_1,onion_1,onion_1,0,0,serve
post_none,7002,474,475,"(0, 1)",PLACE,PLACE,1,pot_0,pot_0,1,1,PLACE,PLACE,PLACE,pot_0,pot_0,pot_0,0,0,serve
post_none,7002,487,488,"(-1, 0)",FETCH,GET_DISH,0,onion_0,onion_0,1,0,GET_DISH,FETCH,GET_DISH,onion_0,onion_0,onion_0,1,0,cook
post_none,7002,489,490,"(0, 1)",PLACE,PLACE,1,pot_0,pot_0,1,1,PLACE,PLACE,PLACE,pot_0,pot_0,pot_0,0,0,serve
post_none,7002,493,494,"(-1, 0)",FETCH,FETCH,1,onion_0,onion_0,1,1,FETCH,FETCH,FETCH,onion_0,onion_0,onion_0,0,0,serve
post_none,7002,495,496,"(0, 1)",PLACE,PLACE,1,pot_0,pot_0,1,1,PLACE,PLACE,PLACE,pot_0,pot_0,pot_0,0,0,serve
post_none,7002,499,500,interact,COOK_START,COOK_START,1,pot_0,pot_0,1,1,COOK_START,COOK_START,COOK_START,pot_0,pot_0,pot_0,0,0,serve
post_none,7002,500,501,"(-1, 0)",FETCH,GET_DISH,0,onion_0,dish_0,0,0,GET_DISH,GET_DISH,GET_DISH,dish_0,dish_0,dish_0,0,0,cook
post_none,7002,502,503,"(0, 1)",PLACE,PLACE,1,pot_1,pot_1,1,1,PLACE,PLACE,PLACE,pot_1,pot_1,pot_1,0,0,serve
post_none,7002,508,509,"(1, 0)",FETCH,FETCH,1,onion_1,onion_1,1,1,FETCH,FETCH,FETCH,onion_1,onion_1,onion_1,0,0,serve
post_none,7002,510,511,"(0, 1)",PLACE,PLACE,1,pot_1,pot_1,1,1,PLACE,PLACE,PLACE,pot_1,pot_1,pot_1,0,0,serve
post_none,7002,514,515,"(1, 0)",FETCH,FETCH,1,onion_1,onion_1,1,1,FETCH,FETCH,FETCH,onion_1,onion_1,onion_1,0,0,serve
post_none,7002,516,517,"(0, 1)",PLACE,PLACE,1,pot_1,pot_1,1,1,PLACE,PLACE,PLACE,pot_1,pot_1,pot_1,0,0,serve
post_none,7002,520,521,interact,COOK_START,COOK_START,1,pot_1,pot_1,1,1,COOK_START,COOK_START,COOK_START,pot_1,pot_1,pot_1,0,0,serve
post_none,7002,521,522,"(0, 0)",GET_DISH,GET_DISH,1,dish_0,dish_0,1,1,GET_DISH,GET_DISH,GET_DISH,dish_0,dish_0,dish_0,0,0,cook
post_none,7002,527,528,"(1, 0)",PRE,PRE,1,pot_1,pot_0,0,0,PRE,PRE,PRE,pot_0,dish_0,pot_0,0,1,dynamic
post_none,7002,540,541,"(1, 0)",PICKUP,PICKUP,1,pot_1,pot_1,1,1,PICKUP,PICKUP,PICKUP,pot_1,pot_1,pot_1,0,0,cook
post_none,7002,543,544,"(0, 1)",DELIVER,DELIVER,1,serve_0,serve_0,1,1,DELIVER,DELIVER,DELIVER,serve_0,serve_0,serve_0,0,0,cook
post_none,7002,545,546,"(0, -1)",FETCH,FETCH,1,onion_1,onion_1,1,1,FETCH,FETCH,FETCH,onion_1,onion_1,onion_1,0,0,serve
post_none,7002,548,549,"(0, 1)",PLACE,PLACE,1,pot_1,pot_0,0,0,PLACE,PLACE,PLACE,pot_0,pot_0,pot_0,0,0,serve
post_none,7002,559,560,"(1, 0)",FETCH,FETCH,1,onion_1,onion_1,1,1,FETCH,FETCH,FETCH,onion_1,onion_1,onion_1,0,0,serve
post_none,7002,561,562,"(-1, 0)",PLACE,PLACE,1,pot_1,pot_1,1,1,PLACE,PLACE,PLACE,pot_1,pot_1,pot_1,0,0,serve
post_none,7002,565,566,"(1, 0)",FETCH,FETCH,1,onion_1,onion_1,1,1,FETCH,FETCH,FETCH,onion_1,onion_1,onion_1,0,0,serve
post_none,7002,567,568,"(-1, 0)",PLACE,PLACE,1,pot_1,pot_1,1,1,PLACE,PLACE,PLACE,pot_1,pot_1,pot_1,0,0,serve
post_none,7002,571,572,interact,COOK_START,COOK_START,1,pot_1,pot_1,1,1,COOK_START,COOK_START,COOK_START,pot_1,pot_1,pot_1,0,0,serve
post_none,7002,572,573,"(1, 0)",FETCH,FETCH,1,onion_1,onion_1,1,1,FETCH,FETCH,FETCH,onion_1,onion_1,onion_1,0,0,serve
post_none,7002,574,575,"(0, 1)",PLACE,PLACE,1,pot_0,pot_0,1,1,PLACE,PLACE,PLACE,pot_0,pot_0,pot_0,0,0,serve
post_none,7002,587,588,"(-1, 0)",FETCH,GET_DISH,0,onion_0,dish_0,0,0,GET_DISH,GET_DISH,GET_DISH,dish_0,dish_0,dish_0,0,0,cook
post_none,7002,589,590,"(0, 1)",PLACE,PLACE,1,pot_0,pot_0,1,1,PLACE,PLACE,PLACE,pot_0,pot_0,pot_0,0,0,serve
post_none,7002,593,594,"(-1, 0)",FETCH,FETCH,1,onion_0,onion_0,1,1,FETCH,FETCH,FETCH,onion_0,onion_0,onion_0,0,0,serve
post_none,7002,595,596,"(0, 1)",PLACE,PLACE,1,pot_0,pot_0,1,1,PLACE,PLACE,PLACE,pot_0,pot_0,pot_0,0,0,serve
post_none,7002,599,600,interact,COOK_START,COOK_START,1,pot_0,pot_0,1,1,COOK_START,COOK_START,COOK_START,pot_0,pot_0,pot_0,0,0,serve
post_none,7002,600,601,"(-1, 0)",FETCH,GET_DISH,0,onion_0,dish_0,0,0,GET_DISH,GET_DISH,GET_DISH,dish_0,dish_0,dish_0,0,0,cook
post_none,7002,602,603,"(0, 1)",PLACE,PLACE,1,pot_1,pot_1,1,1,PLACE,PLACE,PLACE,pot_1,pot_1,pot_1,0,0,serve
post_none,7002,608,609,"(1, 0)",FETCH,FETCH,1,onion_1,onion_1,1,1,FETCH,FETCH,FETCH,onion_1,onion_1,onion_1,0,0,serve
post_none,7002,610,611,"(0, 1)",PLACE,PLACE,1,pot_1,pot_1,1,1,PLACE,PLACE,PLACE,pot_1,pot_1,pot_1,0,0,serve
post_none,7002,614,615,"(1, 0)",FETCH,FETCH,1,onion_1,onion_1,1,1,FETCH,FETCH,FETCH,onion_1,onion_1,onion_1,0,0,serve
post_none,7002,616,617,"(0, 1)",PLACE,PLACE,1,pot_1,pot_1,1,1,PLACE,PLACE,PLACE,pot_1,pot_1,pot_1,0,0,serve
post_none,7002,620,621,interact,COOK_START,COOK_START,1,pot_1,pot_1,1,1,COOK_START,COOK_START,COOK_START,pot_1,pot_1,pot_1,0,0,serve
post_none,7002,621,622,"(0, 0)",GET_DISH,GET_DISH,1,dish_0,dish_0,1,1,GET_DISH,GET_DISH,GET_DISH,dish_0,dish_0,dish_0,0,0,cook
post_none,7002,627,628,"(1, 0)",PRE,PRE,1,pot_1,dish_0,0,0,PRE,PRE,PRE,pot_0,dish_0,dish_0,0,1,dynamic
post_none,7002,640,641,"(1, 0)",PICKUP,PICKUP,1,pot_1,pot_1,1,1,PICKUP,PICKUP,PICKUP,pot_1,pot_1,pot_1,0,0,cook
post_none,7002,643,644,"(0, 1)",DELIVER,DELIVER,1,serve_0,serve_0,1,1,DELIVER,DELIVER,DELIVER,serve_0,serve_0,serve_0,0,0,cook
post_none,7002,645,646,"(0, -1)",FETCH,FETCH,1,onion_1,onion_1,1,1,FETCH,FETCH,FETCH,onion_1,onion_1,onion_1,0,0,serve
post_none,7002,648,649,"(0, 1)",PLACE,PLACE,1,pot_1,pot_0,0,0,PLACE,PLACE,PLACE,pot_0,pot_0,pot_0,0,0,serve
post_none,7002,659,660,"(1, 0)",FETCH,FETCH,1,onion_1,onion_1,1,1,FETCH,FETCH,FETCH,onion_1,onion_1,onion_1,0,0,serve
post_none,7002,661,662,"(-1, 0)",PLACE,PLACE,1,pot_1,pot_1,1,1,PLACE,PLACE,PLACE,pot_1,pot_1,pot_1,0,0,serve
post_none,7002,665,666,"(1, 0)",FETCH,FETCH,1,onion_1,onion_1,1,1,FETCH,FETCH,FETCH,onion_1,onion_1,onion_1,0,0,serve
post_none,7002,667,668,"(-1, 0)",PLACE,PLACE,1,pot_1,pot_1,1,1,PLACE,PLACE,PLACE,pot_1,pot_1,pot_1,0,0,serve
post_none,7002,671,672,interact,COOK_START,COOK_START,1,pot_1,pot_1,1,1,COOK_START,COOK_START,COOK_START,pot_1,pot_1,pot_1,0,0,serve
post_none,7002,672,673,"(1, 0)",FETCH,FETCH,1,onion_1,onion_1,1,1,FETCH,FETCH,FETCH,onion_1,onion_1,onion_1,0,0,serve
post_none,7002,674,675,"(0, 1)",PLACE,PLACE,1,pot_0,pot_0,1,1,PLACE,PLACE,PLACE,pot_0,pot_0,pot_0,0,0,serve
post_none,7002,687,688,"(-1, 0)",FETCH,GET_DISH,0,onion_0,dish_0,0,0,GET_DISH,GET_DISH,GET_DISH,dish_0,dish_0,dish_0,0,0,cook
post_none,7002,689,690,"(0, 1)",PLACE,PLACE,1,pot_0,pot_0,1,1,PLACE,PLACE,PLACE,pot_0,pot_0,pot_0,0,0,serve
post_none,7002,693,694,"(-1, 0)",FETCH,FETCH,1,onion_0,onion_0,1,1,FETCH,FETCH,FETCH,onion_0,onion_0,onion_0,0,0,serve
post_none,7002,695,696,"(0, 1)",PLACE,PLACE,1,pot_0,pot_0,1,1,PLACE,PLACE,PLACE,pot_0,pot_0,pot_0,0,0,serve
post_none,7002,699,700,interact,COOK_START,COOK_START,1,pot_0,pot_0,1,1,COOK_START,COOK_START,COOK_START,pot_0,pot_0,pot_0,0,0,serve
post_none,7003,0,1,"(0, 0)",FETCH,FETCH,1,onion_0,onion_0,1,1,FETCH,FETCH,FETCH,onion_0,onion_0,onion_0,0,0,serve
post_none,7003,3,4,"(0, 1)",PLACE,PLACE,1,pot_0,pot_0,1,1,PLACE,PLACE,PLACE,pot_0,pot_0,pot_0,0,0,serve
post_none,7003,7,8,"(-1, 0)",FETCH,FETCH,1,onion_0,onion_0,1,1,FETCH,FETCH,FETCH,onion_0,onion_0,onion_0,0,0,serve
post_none,7003,9,10,"(0, 1)",PLACE,PLACE,1,pot_0,pot_0,1,1,PLACE,PLACE,PLACE,pot_0,pot_0,pot_0,0,0,serve
post_none,7003,13,14,"(-1, 0)",FETCH,FETCH,1,onion_0,onion_0,1,1,FETCH,FETCH,FETCH,onion_0,onion_0,onion_0,0,0,serve
post_none,7003,15,16,"(0, 1)",PLACE,PLACE,1,pot_0,pot_0,1,1,PLACE,PLACE,PLACE,pot_0,pot_0,pot_0,0,0,serve
post_none,7003,19,20,interact,COOK_START,COOK_START,1,pot_0,pot_0,1,1,COOK_START,COOK_START,COOK_START,pot_0,pot_0,pot_0,0,0,serve
post_none,7003,20,21,"(-1, 0)",FETCH,FETCH,1,onion_0,onion_0,1,1,FETCH,FETCH,FETCH,onion_0,onion_0,onion_0,0,0,serve
post_none,7003,22,23,"(0, 1)",PLACE,PLACE,1,pot_1,pot_1,1,1,PLACE,PLACE,PLACE,pot_1,pot_1,pot_1,0,0,serve
post_none,7003,28,29,"(1, 0)",FETCH,FETCH,1,onion_1,onion_1,1,1,FETCH,FETCH,FETCH,onion_1,onion_1,onion_1,0,0,serve
post_none,7003,30,31,"(0, 1)",PLACE,PLACE,1,pot_1,pot_1,1,1,PLACE,PLACE,PLACE,pot_1,pot_1,pot_1,0,0,serve
post_none,7003,34,35,"(1, 0)",FETCH,FETCH,1,onion_1,onion_1,1,1,FETCH,FETCH,FETCH,onion_1,onion_1,onion_1,0,0,serve
post_none,7003,36,37,"(0, 1)",PLACE,PLACE,1,pot_1,pot_1,1,1,PLACE,PLACE,PLACE,pot_1,pot_1,pot_1,0,0,serve
post_none,7003,40,41,interact,COOK_START,COOK_START,1,pot_1,pot_1,1,1,COOK_START,COOK_START,COOK_START,pot_1,pot_1,pot_1,0,0,serve
post_none,7003,41,42,"(0, 0)",GET_DISH,GET_DISH,1,dish_0,dish_0,1,1,GET_DISH,GET_DISH,GET_DISH,dish_0,dish_0,dish_0,0,0,cook
post_none,7003,47,48,"(1, 0)",PRE,PRE,1,pot_1,none,0,0,PRE,PRE,PRE,none,pot_1,none,0,1,dynamic
post_none,7003,60,61,"(1, 0)",PICKUP,PICKUP,1,pot_1,pot_1,1,1,PICKUP,PICKUP,PICKUP,pot_1,pot_1,pot_1,0,0,cook
post_none,7003,63,64,"(0, 1)",DELIVER,DELIVER,1,serve_0,serve_0,1,1,DELIVER,DELIVER,DELIVER,serve_0,serve_0,serve_0,0,0,cook
post_none,7003,65,66,"(0, -1)",FETCH,FETCH,1,onion_1,onion_1,1,1,FETCH,FETCH,FETCH,onion_1,onion_1,onion_1,0,0,serve
post_none,7003,68,69,"(0, 1)",PLACE,PLACE,1,pot_1,pot_1,1,1,PLACE,PLACE,PLACE,pot_1,pot_1,pot_1,0,0,serve
post_none,7003,72,73,"(1, 0)",FETCH,FETCH,1,onion_1,onion_1,1,1,FETCH,FETCH,FETCH,onion_1,onion_1,onion_1,0,0,serve
post_none,7003,74,75,"(-1, 0)",PLACE,PLACE,1,pot_1,pot_1,1,1,PLACE,PLACE,PLACE,pot_1,pot_1,pot_1,0,0,serve
post_none,7003,78,79,"(1, 0)",FETCH,FETCH,1,onion_1,onion_1,1,1,FETCH,FETCH,FETCH,onion_1,onion_1,onion_1,0,0,serve
post_none,7003,80,81,"(-1, 0)",PLACE,PLACE,1,pot_1,pot_1,1,1,PLACE,PLACE,PLACE,pot_1,pot_1,pot_1,0,0,serve
post_none,7003,84,85,interact,COOK_START,COOK_START,1,pot_1,pot_1,1,1,COOK_START,COOK_START,COOK_START,pot_1,pot_1,pot_1,0,0,serve
post_none,7003,85,86,"(1, 0)",FETCH,FETCH,1,onion_1,onion_1,1,1,FETCH,FETCH,FETCH,onion_1,onion_1,onion_1,0,0,serve
post_none,7003,87,88,"(0, 1)",PLACE,PLACE,1,pot_0,pot_0,1,1,PLACE,PLACE,PLACE,pot_0,pot_0,pot_0,0,0,serve
post_none,7003,100,101,interact,COOK_START,COOK_START,1,pot_0,pot_0,1,1,COOK_START,COOK_START,COOK_START,pot_0,pot_0,pot_0,0,0,serve
post_none,7003,101,102,"(1, 0)",HOLD,HOLD,1,none,none,1,1,HOLD,HOLD,HOLD,none,none,none,0,0,dynamic
post_none,7003,107,108,"(-1, 0)",FETCH,GET_DISH,0,onion_0,dish_0,0,0,GET_DISH,GET_DISH,GET_DISH,dish_0,dish_0,dish_0,0,0,cook
post_none,7003,110,111,"(0, 1)",PLACE,PLACE,1,pot_1,pot_0,0,0,PLACE,PLACE,PLACE,pot_0,pot_0,pot_0,0,0,serve
post_none,7003,119,120,"(1, 0)",FETCH,FETCH,1,onion_1,onion_1,1,1,FETCH,FETCH,FETCH,onion_1,onion_1,onion_1,0,0,serve
post_none,7003,121,122,"(0, 1)",PLACE,PLACE,1,pot_1,pot_1,1,1,PLACE,PLACE,PLACE,pot_1,pot_1,pot_1,0,0,serve
post_none,7003,125,126,"(1, 0)",FETCH,FETCH,1,onion_1,onion_1,1,1,FETCH,FETCH,FETCH,onion_1,onion_1,onion_1,0,0,serve
post_none,7003,127,128,"(0, 1)",PLACE,PLACE,1,pot_1,pot_1,1,1,PLACE,PLACE,PLACE,pot_1,pot_1,pot_1,0,0,serve
post_none,7003,133,134,interact,COOK_START,COOK_START,1,pot_1,pot_1,1,1,COOK_START,COOK_START,COOK_START,pot_1,pot_1,pot_1,0,0,serve
post_none,7003,134,135,"(1, 0)",FETCH,FETCH,1,onion_1,onion_1,1,1,FETCH,FETCH,FETCH,onion_1,onion_1,onion_1,0,0,serve
post_none,7003,136,137,"(0, 1)",PLACE,PLACE,1,pot_0,pot_0,1,1,PLACE,PLACE,PLACE,pot_0,pot_0,pot_0,0,0,serve
post_none,7003,146,147,"(-1, 0)",FETCH,FETCH,1,onion_0,onion_0,1,1,FETCH,FETCH,FETCH,onion_0,onion_0,onion_0,0,0,serve
post_none,7003,148,149,"(0, 1)",PLACE,PLACE,1,pot_0,pot_0,1,1,PLACE,PLACE,PLACE,pot_0,pot_0,pot_0,0,0,serve
post_none,7003,152,153,"(-1, 0)",FETCH,FETCH,1,onion_0,onion_0,1,1,FETCH,FETCH,FETCH,onion_0,onion_0,onion_0,0,0,serve
post_none,7003,154,155,"(0, 1)",PLACE,PLACE,1,pot_0,pot_0,1,1,PLACE,PLACE,PLACE,pot_0,pot_0,pot_0,0,0,serve
post_none,7003,158,159,interact,COOK_START,COOK_START,1,pot_0,pot_0,1,1,COOK_START,COOK_START,COOK_START,pot_0,pot_0,pot_0,0,0,serve
post_none,7003,159,160,"(-1, 0)",FETCH,FETCH,1,onion_0,onion_0,1,1,FETCH,FETCH,FETCH,onion_0,onion_0,onion_0,0,0,serve
post_none,7003,161,162,"(0, 1)",PLACE,PLACE,1,pot_1,pot_1,1,1,PLACE,PLACE,PLACE,pot_1,pot_1,pot_1,0,0,serve
post_none,7003,167,168,"(1, 0)",FETCH,FETCH,1,onion_1,onion_1,1,1,FETCH,FETCH,FETCH,onion_1,onion_1,onion_1,0,0,serve
post_none,7003,169,170,"(0, 1)",PLACE,PLACE,1,pot_1,pot_1,1,1,PLACE,PLACE,PLACE,pot_1,pot_1,pot_1,0,0,serve
post_none,7003,173,174,"(1, 0)",FETCH,FETCH,1,onion_1,onion_1,1,1,FETCH,FETCH,FETCH,onion_1,onion_1,onion_1,0,0,serve
post_none,7003,175,176,"(0, 1)",PLACE,PLACE,1,pot_1,pot_1,1,1,PLACE,PLACE,PLACE,pot_1,pot_1,pot_1,0,0,serve
post_none,7003,179,180,interact,COOK_START,COOK_START,1,pot_1,pot_1,1,1,COOK_START,COOK_START,COOK_START,pot_1,pot_1,pot_1,0,0,serve
post_none,7003,180,181,"(0, 0)",GET_DISH,GET_DISH,1,dish_0,dish_0,1,1,GET_DISH,GET_DISH,GET_DISH,dish_0,dish_0,dish_0,0,0,cook
post_none,7003,186,187,"(1, 0)",PRE,PRE,1,pot_1,none,0,0,PRE,PRE,PRE,none,pot_1,none,0,1,dynamic
post_none,7003,199,200,"(1, 0)",PICKUP,PICKUP,1,pot_1,pot_1,1,1,PICKUP,PICKUP,PICKUP,pot_1,pot_1,pot_1,0,0,cook
post_none,7003,202,203,"(0, 1)",DELIVER,DELIVER,1,serve_0,serve_0,1,1,DELIVER,DELIVER,DELIVER,serve_0,serve_0,serve_0,0,0,cook
post_none,7003,204,205,"(0, -1)",FETCH,FETCH,1,onion_1,onion_1,1,1,FETCH,FETCH,FETCH,onion_1,onion_1,onion_1,0,0,serve
post_none,7003,207,208,"(0, 1)",PLACE,PLACE,1,pot_1,pot_1,1,1,PLACE,PLACE,PLACE,pot_1,pot_1,pot_1,0,0,serve
post_none,7003,218,219,"(1, 0)",FETCH,FETCH,1,onion_1,onion_1,1,1,FETCH,FETCH,FETCH,onion_1,onion_1,onion_1,0,0,serve
post_none,7003,220,221,"(-1, 0)",PLACE,PLACE,1,pot_1,pot_1,1,1,PLACE,PLACE,PLACE,pot_1,pot_1,pot_1,0,0,serve
post_none,7003,224,225,"(1, 0)",FETCH,FETCH,1,onion_1,onion_1,1,1,FETCH,FETCH,FETCH,onion_1,onion_1,onion_1,0,0,serve
post_none,7003,226,227,"(-1, 0)",PLACE,PLACE,1,pot_1,pot_1,1,1,PLACE,PLACE,PLACE,pot_1,pot_1,pot_1,0,0,serve
post_none,7003,230,231,interact,COOK_START,COOK_START,1,pot_1,pot_1,1,1,COOK_START,COOK_START,COOK_START,pot_1,pot_1,pot_1,0,0,serve
post_none,7003,231,232,"(1, 0)",FETCH,FETCH,1,onion_1,onion_1,1,1,FETCH,FETCH,FETCH,onion_1,onion_1,onion_1,0,0,serve
post_none,7003,233,234,"(0, 1)",PLACE,PLACE,1,pot_0,pot_0,1,1,PLACE,PLACE,PLACE,pot_0,pot_0,pot_0,0,0,serve
post_none,7003,246,247,"(-1, 0)",FETCH,FETCH,1,onion_0,onion_0,1,1,FETCH,FETCH,FETCH,onion_0,onion_0,onion_0,0,0,serve
post_none,7003,248,249,"(0, 1)",PLACE,PLACE,1,pot_0,pot_0,1,1,PLACE,PLACE,PLACE,pot_0,pot_0,pot_0,0,0,serve
post_none,7003,252,253,"(-1, 0)",FETCH,FETCH,1,onion_0,onion_0,1,1,FETCH,FETCH,FETCH,onion_0,onion_0,onion_0,0,0,serve
post_none,7003,254,255,"(0, 1)",PLACE,PLACE,1,pot_0,pot_0,1,1,PLACE,PLACE,PLACE,pot_0,pot_0,pot_0,0,0,serve
post_none,7003,258,259,interact,COOK_START,COOK_START,1,pot_0,pot_0,1,1,COOK_START,COOK_START,COOK_START,pot_0,pot_0,pot_0,0,0,serve
post_none,7003,259,260,"(-1, 0)",FETCH,FETCH,1,onion_0,onion_0,1,1,FETCH,FETCH,FETCH,onion_0,onion_0,onion_0,0,0,serve
post_none,7003,261,262,"(0, 1)",PLACE,PLACE,1,pot_1,pot_1,1,1,PLACE,PLACE,PLACE,pot_1,pot_1,pot_1,0,0,serve
post_none,7003,267,268,"(1, 0)",FETCH,FETCH,1,onion_1,onion_1,1,1,FETCH,FETCH,FETCH,onion_1,onion_1,onion_1,0,0,serve
post_none,7003,269,270,"(0, 1)",PLACE,PLACE,1,pot_1,pot_1,1,1,PLACE,PLACE,PLACE,pot_1,pot_1,pot_1,0,0,serve
post_none,7003,273,274,"(1, 0)",FETCH,FETCH,1,onion_1,onion_1,1,1,FETCH,FETCH,FETCH,onion_1,onion_1,onion_1,0,0,serve
post_none,7003,275,276,"(0, 1)",PLACE,PLACE,1,pot_1,pot_1,1,1,PLACE,PLACE,PLACE,pot_1,pot_1,pot_1,0,0,serve
post_none,7003,279,280,interact,COOK_START,COOK_START,1,pot_1,pot_1,1,1,COOK_START,COOK_START,COOK_START,pot_1,pot_1,pot_1,0,0,serve
post_none,7003,280,281,"(0, 0)",GET_DISH,GET_DISH,1,dish_0,dish_0,1,1,GET_DISH,GET_DISH,GET_DISH,dish_0,dish_0,dish_0,0,0,cook
post_none,7003,286,287,"(1, 0)",PRE,PRE,1,pot_1,none,0,0,PRE,PRE,PRE,none,onion_1,none,0,1,dynamic
post_none,7003,299,300,"(1, 0)",PICKUP,PICKUP,1,pot_1,pot_1,1,1,PICKUP,PICKUP,PICKUP,pot_1,pot_1,pot_1,0,0,cook
post_none,7003,302,303,"(0, 1)",DELIVER,DELIVER,1,serve_0,serve_0,1,1,DELIVER,DELIVER,DELIVER,serve_0,serve_0,serve_0,0,0,cook
post_none,7003,304,305,"(0, -1)",FETCH,FETCH,1,onion_1,onion_1,1,1,FETCH,FETCH,FETCH,onion_1,onion_1,onion_1,0,0,serve
post_none,7003,307,308,"(0, 1)",PLACE,PLACE,1,pot_1,pot_1,1,1,PLACE,PLACE,PLACE,pot_1,pot_1,pot_1,0,0,serve
post_none,7003,311,312,"(1, 0)",FETCH,FETCH,1,onion_1,onion_1,1,1,FETCH,FETCH,FETCH,onion_1,onion_1,onion_1,0,0,serve
post_none,7003,313,314,"(-1, 0)",PLACE,PLACE,1,pot_1,pot_1,1,1,PLACE,PLACE,PLACE,pot_1,pot_1,pot_1,0,0,serve
post_none,7003,317,318,"(1, 0)",FETCH,FETCH,1,onion_1,onion_1,1,1,FETCH,FETCH,FETCH,onion_1,onion_1,onion_1,0,0,serve
post_none,7003,319,320,"(-1, 0)",PLACE,PLACE,1,pot_1,pot_1,1,1,PLACE,PLACE,PLACE,pot_1,pot_1,pot_1,0,0,serve
post_none,7003,323,324,interact,COOK_START,COOK_START,1,pot_1,pot_1,1,1,COOK_START,COOK_START,COOK_START,pot_1,pot_1,pot_1,0,0,serve
post_none,7003,324,325,"(1, 0)",FETCH,FETCH,1,onion_1,onion_1,1,1,FETCH,FETCH,FETCH,onion_1,onion_1,onion_1,0,0,serve
post_none,7003,326,327,"(0, 1)",PLACE,PLACE,1,pot_0,pot_0,1,1,PLACE,PLACE,PLACE,pot_0,pot_0,pot_0,0,0,serve
post_none,7003,339,340,interact,COOK_START,COOK_START,1,pot_0,pot_0,1,1,COOK_START,COOK_START,COOK_START,pot_0,pot_0,pot_0,0,0,serve
post_none,7003,340,341,"(1, 0)",HOLD,HOLD,1,none,none,1,1,HOLD,HOLD,HOLD,none,none,none,0,0,dynamic
post_none,7003,346,347,"(-1, 0)",FETCH,GET_DISH,0,onion_0,dish_0,0,0,GET_DISH,GET_DISH,GET_DISH,dish_0,dish_0,dish_0,0,0,cook
post_none,7003,349,350,"(0, 1)",PLACE,PLACE,1,pot_1,pot_0,0,0,PLACE,PLACE,PLACE,pot_0,pot_0,pot_0,0,0,serve
post_none,7003,358,359,"(1, 0)",FETCH,FETCH,1,onion_1,onion_1,1,1,FETCH,FETCH,FETCH,onion_1,onion_1,onion_1,0,0,serve
post_none,7003,360,361,"(0, 1)",PLACE,PLACE,1,pot_1,pot_1,1,1,PLACE,PLACE,PLACE,pot_1,pot_1,pot_1,0,0,serve
post_none,7003,364,365,"(1, 0)",FETCH,FETCH,1,onion_1,onion_1,1,1,FETCH,FETCH,FETCH,onion_1,onion_1,onion_1,0,0,serve
post_none,7003,366,367,"(0, 1)",PLACE,PLACE,1,pot_1,pot_1,1,1,PLACE,PLACE,PLACE,pot_1,pot_1,pot_1,0,0,serve
post_none,7003,372,373,interact,COOK_START,COOK_START,1,pot_1,pot_1,1,1,COOK_START,COOK_START,COOK_START,pot_1,pot_1,pot_1,0,0,serve
post_none,7003,373,374,"(1, 0)",FETCH,FETCH,1,onion_1,onion_1,1,1,FETCH,FETCH,FETCH,onion_1,onion_1,onion_1,0,0,serve
post_none,7003,375,376,"(0, 1)",PLACE,PLACE,1,pot_0,pot_0,1,1,PLACE,PLACE,PLACE,pot_0,pot_0,pot_0,0,0,serve
post_none,7003,385,386,"(-1, 0)",FETCH,FETCH,1,onion_0,onion_0,1,1,FETCH,FETCH,FETCH,onion_0,onion_0,onion_0,0,0,serve
post_none,7003,387,388,"(0, 1)",PLACE,PLACE,1,pot_0,pot_0,1,1,PLACE,PLACE,PLACE,pot_0,pot_0,pot_0,0,0,serve
post_none,7003,391,392,"(-1, 0)",FETCH,FETCH,1,onion_0,onion_0,1,1,FETCH,FETCH,FETCH,onion_0,onion_0,onion_0,0,0,serve
post_none,7003,393,394,"(0, 1)",PLACE,PLACE,1,pot_0,pot_0,1,1,PLACE,PLACE,PLACE,pot_0,pot_0,pot_0,0,0,serve
post_none,7003,397,398,interact,COOK_START,COOK_START,1,pot_0,pot_0,1,1,COOK_START,COOK_START,COOK_START,pot_0,pot_0,pot_0,0,0,serve
post_none,7003,398,399,"(-1, 0)",FETCH,GET_DISH,0,onion_0,dish_0,0,0,GET_DISH,FETCH,GET_DISH,dish_0,onion_0,dish_0,1,1,cook
post_none,7003,400,401,"(0, 1)",PLACE,PLACE,1,pot_1,pot_1,1,1,PLACE,PLACE,PLACE,pot_1,pot_1,pot_1,0,0,serve
post_none,7003,406,407,"(1, 0)",FETCH,FETCH,1,onion_1,onion_1,1,1,FETCH,FETCH,FETCH,onion_1,onion_1,onion_1,0,0,serve
post_none,7003,408,409,"(0, 1)",PLACE,PLACE,1,pot_1,pot_1,1,1,PLACE,PLACE,PLACE,pot_1,pot_1,pot_1,0,0,serve
post_none,7003,412,413,"(1, 0)",FETCH,FETCH,1,onion_1,onion_1,1,1,FETCH,FETCH,FETCH,onion_1,onion_1,onion_1,0,0,serve
post_none,7003,414,415,"(0, 1)",PLACE,PLACE,1,pot_1,pot_1,1,1,PLACE,PLACE,PLACE,pot_1,pot_1,pot_1,0,0,serve
post_none,7003,418,419,interact,COOK_START,COOK_START,1,pot_1,pot_1,1,1,COOK_START,COOK_START,COOK_START,pot_1,pot_1,pot_1,0,0,serve
post_none,7003,419,420,"(0, 0)",GET_DISH,GET_DISH,1,dish_0,dish_0,1,1,GET_DISH,GET_DISH,GET_DISH,dish_0,dish_0,dish_0,0,0,cook
post_none,7003,425,426,"(1, 0)",PRE,PRE,1,pot_1,pot_0,0,0,PRE,PRE,PRE,pot_0,pot_0,pot_0,0,0,dynamic
post_none,7003,438,439,"(1, 0)",PICKUP,PICKUP,1,pot_1,pot_1,1,1,PICKUP,PICKUP,PICKUP,pot_1,pot_1,pot_1,0,0,cook
post_none,7003,441,442,"(0, 1)",DELIVER,DELIVER,1,serve_0,serve_0,1,1,DELIVER,DELIVER,DELIVER,serve_0,serve_0,serve_0,0,0,cook
post_none,7003,443,444,"(0, -1)",FETCH,FETCH,1,onion_1,onion_1,1,1,FETCH,FETCH,FETCH,onion_1,onion_1,onion_1,0,0,serve
post_none,7003,446,447,"(0, 1)",PLACE,PLACE,1,pot_1,pot_0,0,0,PLACE,PLACE,PLACE,pot_0,pot_0,pot_0,0,0,serve
post_none,7003,457,458,"(1, 0)",FETCH,FETCH,1,onion_1,onion_1,1,1,FETCH,FETCH,FETCH,onion_1,onion_1,onion_1,0,0,serve
post_none,7003,459,460,"(-1, 0)",PLACE,PLACE,1,pot_1,pot_1,1,1,PLACE,PLACE,PLACE,pot_1,pot_1,pot_1,0,0,serve
post_none,7003,463,464,"(1, 0)",FETCH,FETCH,1,onion_1,onion_1,1,1,FETCH,FETCH,FETCH,onion_1,onion_1,onion_1,0,0,serve
post_none,7003,465,466,"(-1, 0)",PLACE,PLACE,1,pot_1,pot_1,1,1,PLACE,PLACE,PLACE,pot_1,pot_1,pot_1,0,0,serve
post_none,7003,469,470,interact,COOK_START,COOK_START,1,pot_1,pot_1,1,1,COOK_START,COOK_START,COOK_START,pot_1,pot_1,pot_1,0,0,serve
post_none,7003,470,471,"(1, 0)",FETCH,FETCH,1,onion_1,onion_1,1,1,FETCH,FETCH,FETCH,onion_1,onion_1,onion_1,0,0,serve
post_none,7003,472,473,"(0, 1)",PLACE,PLACE,1,pot_0,pot_0,1,1,PLACE,PLACE,PLACE,pot_0,pot_0,pot_0,0,0,serve
post_none,7003,485,486,"(-1, 0)",FETCH,GET_DISH,0,onion_0,onion_0,1,0,GET_DISH,FETCH,GET_DISH,onion_0,onion_0,onion_0,1,0,cook
post_none,7003,487,488,"(0, 1)",PLACE,PLACE,1,pot_0,pot_0,1,1,PLACE,PLACE,PLACE,pot_0,pot_0,pot_0,0,0,serve
post_none,7003,491,492,"(-1, 0)",FETCH,FETCH,1,onion_0,onion_0,1,1,FETCH,FETCH,FETCH,onion_0,onion_0,onion_0,0,0,serve
post_none,7003,493,494,"(0, 1)",PLACE,PLACE,1,pot_0,pot_0,1,1,PLACE,PLACE,PLACE,pot_0,pot_0,pot_0,0,0,serve
post_none,7003,497,498,interact,COOK_START,COOK_START,1,pot_0,pot_0,1,1,COOK_START,COOK_START,COOK_START,pot_0,pot_0,pot_0,0,0,serve
post_none,7003,498,499,"(-1, 0)",FETCH,GET_DISH,0,onion_0,dish_0,0,0,GET_DISH,GET_DISH,GET_DISH,dish_0,dish_0,dish_0,0,0,cook
post_none,7003,500,501,"(0, 1)",PLACE,PLACE,1,pot_1,pot_1,1,1,PLACE,PLACE,PLACE,pot_1,pot_1,pot_1,0,0,serve
post_none,7003,506,507,"(1, 0)",FETCH,FETCH,1,onion_1,onion_1,1,1,FETCH,FETCH,FETCH,onion_1,onion_1,onion_1,0,0,serve
post_none,7003,508,509,"(0, 1)",PLACE,PLACE,1,pot_1,pot_1,1,1,PLACE,PLACE,PLACE,pot_1,pot_1,pot_1,0,0,serve
post_none,7003,512,513,"(1, 0)",FETCH,FETCH,1,onion_1,onion_1,1,1,FETCH,FETCH,FETCH,onion_1,onion_1,onion_1,0,0,serve
post_none,7003,514,515,"(0, 1)",PLACE,PLACE,1,pot_1,pot_1,1,1,PLACE,PLACE,PLACE,pot_1,pot_1,pot_1,0,0,serve
post_none,7003,518,519,interact,COOK_START,COOK_START,1,pot_1,pot_1,1,1,COOK_START,COOK_START,COOK_START,pot_1,pot_1,pot_1,0,0,serve
post_none,7003,519,520,"(0, 0)",GET_DISH,GET_DISH,1,dish_0,dish_0,1,1,GET_DISH,GET_DISH,GET_DISH,dish_0,dish_0,dish_0,0,0,cook
post_none,7003,525,526,"(1, 0)",PRE,PRE,1,pot_1,pot_0,0,0,PRE,PRE,PRE,pot_0,dish_0,pot_0,0,1,dynamic
post_none,7003,538,539,"(1, 0)",PICKUP,PICKUP,1,pot_1,pot_1,1,1,PICKUP,PICKUP,PICKUP,pot_1,pot_1,pot_1,0,0,cook
post_none,7003,541,542,"(0, 1)",DELIVER,DELIVER,1,serve_0,serve_0,1,1,DELIVER,DELIVER,DELIVER,serve_0,serve_0,serve_0,0,0,cook
post_none,7003,543,544,"(0, -1)",FETCH,FETCH,1,onion_1,onion_1,1,1,FETCH,FETCH,FETCH,onion_1,onion_1,onion_1,0,0,serve
post_none,7003,546,547,"(0, 1)",PLACE,PLACE,1,pot_1,pot_0,0,0,PLACE,PLACE,PLACE,pot_0,pot_0,pot_0,0,0,serve
post_none,7003,557,558,"(1, 0)",FETCH,FETCH,1,onion_1,onion_1,1,1,FETCH,FETCH,FETCH,onion_1,onion_1,onion_1,0,0,serve
post_none,7003,559,560,"(-1, 0)",PLACE,PLACE,1,pot_1,pot_1,1,1,PLACE,PLACE,PLACE,pot_1,pot_1,pot_1,0,0,serve
post_none,7003,563,564,"(1, 0)",FETCH,FETCH,1,onion_1,onion_1,1,1,FETCH,FETCH,FETCH,onion_1,onion_1,onion_1,0,0,serve
post_none,7003,565,566,"(-1, 0)",PLACE,PLACE,1,pot_1,pot_1,1,1,PLACE,PLACE,PLACE,pot_1,pot_1,pot_1,0,0,serve
post_none,7003,569,570,interact,COOK_START,COOK_START,1,pot_1,pot_1,1,1,COOK_START,COOK_START,COOK_START,pot_1,pot_1,pot_1,0,0,serve
post_none,7003,570,571,"(1, 0)",FETCH,FETCH,1,onion_1,onion_1,1,1,FETCH,FETCH,FETCH,onion_1,onion_1,onion_1,0,0,serve
post_none,7003,572,573,"(0, 1)",PLACE,PLACE,1,pot_0,pot_0,1,1,PLACE,PLACE,PLACE,pot_0,pot_0,pot_0,0,0,serve
post_none,7003,585,586,"(-1, 0)",FETCH,GET_DISH,0,onion_0,dish_0,0,0,GET_DISH,GET_DISH,GET_DISH,dish_0,dish_0,dish_0,0,0,cook
post_none,7003,587,588,"(0, 1)",PLACE,PLACE,1,pot_0,pot_0,1,1,PLACE,PLACE,PLACE,pot_0,pot_0,pot_0,0,0,serve
post_none,7003,591,592,"(-1, 0)",FETCH,FETCH,1,onion_0,onion_0,1,1,FETCH,FETCH,FETCH,onion_0,onion_0,onion_0,0,0,serve
post_none,7003,593,594,"(0, 1)",PLACE,PLACE,1,pot_0,pot_0,1,1,PLACE,PLACE,PLACE,pot_0,pot_0,pot_0,0,0,serve
post_none,7003,597,598,interact,COOK_START,COOK_START,1,pot_0,pot_0,1,1,COOK_START,COOK_START,COOK_START,pot_0,pot_0,pot_0,0,0,serve
post_none,7003,598,599,"(-1, 0)",FETCH,GET_DISH,0,onion_0,dish_0,0,0,GET_DISH,GET_DISH,GET_DISH,dish_0,dish_0,dish_0,0,0,cook
post_none,7003,600,601,"(0, 1)",PLACE,PLACE,1,pot_1,pot_1,1,1,PLACE,PLACE,PLACE,pot_1,pot_1,pot_1,0,0,serve
post_none,7003,606,607,"(1, 0)",FETCH,FETCH,1,onion_1,onion_1,1,1,FETCH,FETCH,FETCH,onion_1,onion_1,onion_1,0,0,serve
post_none,7003,608,609,"(0, 1)",PLACE,PLACE,1,pot_1,pot_1,1,1,PLACE,PLACE,PLACE,pot_1,pot_1,pot_1,0,0,serve
post_none,7003,612,613,"(1, 0)",FETCH,FETCH,1,onion_1,onion_1,1,1,FETCH,FETCH,FETCH,onion_1,onion_1,onion_1,0,0,serve
post_none,7003,614,615,"(0, 1)",PLACE,PLACE,1,pot_1,pot_1,1,1,PLACE,PLACE,PLACE,pot_1,pot_1,pot_1,0,0,serve
post_none,7003,618,619,interact,COOK_START,COOK_START,1,pot_1,pot_1,1,1,COOK_START,COOK_START,COOK_START,pot_1,pot_1,pot_1,0,0,serve
post_none,7003,619,620,"(0, 0)",GET_DISH,GET_DISH,1,dish_0,dish_0,1,1,GET_DISH,GET_DISH,GET_DISH,dish_0,dish_0,dish_0,0,0,cook
post_none,7003,625,626,"(1, 0)",PRE,PRE,1,pot_1,dish_0,0,0,PRE,PRE,PRE,pot_0,dish_0,dish_0,0,1,dynamic
post_none,7003,638,639,"(1, 0)",PICKUP,PICKUP,1,pot_1,pot_1,1,1,PICKUP,PICKUP,PICKUP,pot_1,pot_1,pot_1,0,0,cook
post_none,7003,641,642,"(0, 1)",DELIVER,DELIVER,1,serve_0,serve_0,1,1,DELIVER,DELIVER,DELIVER,serve_0,serve_0,serve_0,0,0,cook
post_none,7003,643,644,"(0, -1)",FETCH,FETCH,1,onion_1,onion_1,1,1,FETCH,FETCH,FETCH,onion_1,onion_1,onion_1,0,0,serve
post_none,7003,646,647,"(0, 1)",PLACE,PLACE,1,pot_1,pot_0,0,0,PLACE,PLACE,PLACE,pot_0,pot_0,pot_0,0,0,serve
post_none,7003,657,658,"(1, 0)",FETCH,FETCH,1,onion_1,onion_1,1,1,FETCH,FETCH,FETCH,onion_1,onion_1,onion_1,0,0,serve
post_none,7003,659,660,"(-1, 0)",PLACE,PLACE,1,pot_1,pot_1,1,1,PLACE,PLACE,PLACE,pot_1,pot_1,pot_1,0,0,serve
post_none,7003,663,664,"(1, 0)",FETCH,FETCH,1,onion_1,onion_1,1,1,FETCH,FETCH,FETCH,onion_1,onion_1,onion_1,0,0,serve
post_none,7003,665,666,"(-1, 0)",PLACE,PLACE,1,pot_1,pot_1,1,1,PLACE,PLACE,PLACE,pot_1,pot_1,pot_1,0,0,serve
post_none,7003,669,670,interact,COOK_START,COOK_START,1,pot_1,pot_1,1,1,COOK_START,COOK_START,COOK_START,pot_1,pot_1,pot_1,0,0,serve
post_none,7003,670,671,"(1, 0)",FETCH,FETCH,1,onion_1,onion_1,1,1,FETCH,FETCH,FETCH,onion_1,onion_1,onion_1,0,0,serve
post_none,7003,672,673,"(0, 1)",PLACE,PLACE,1,pot_0,pot_0,1,1,PLACE,PLACE,PLACE,pot_0,pot_0,pot_0,0,0,serve
post_none,7003,685,686,"(-1, 0)",FETCH,GET_DISH,0,onion_0,dish_0,0,0,GET_DISH,GET_DISH,GET_DISH,dish_0,dish_0,dish_0,0,0,cook
post_none,7003,687,688,"(0, 1)",PLACE,PLACE,1,pot_0,pot_0,1,1,PLACE,PLACE,PLACE,pot_0,pot_0,pot_0,0,0,serve
post_none,7003,691,692,"(-1, 0)",FETCH,FETCH,1,onion_0,onion_0,1,1,FETCH,FETCH,FETCH,onion_0,onion_0,onion_0,0,0,serve
post_none,7003,693,694,"(0, 1)",PLACE,PLACE,1,pot_0,pot_0,1,1,PLACE,PLACE,PLACE,pot_0,pot_0,pot_0,0,0,serve
post_none,7003,697,698,interact,COOK_START,COOK_START,1,pot_0,pot_0,1,1,COOK_START,COOK_START,COOK_START,pot_0,pot_0,pot_0,0,0,serve
post_none,7003,698,699,"(-1, 0)",FETCH,GET_DISH,0,onion_0,dish_0,0,0,GET_DISH,GET_DISH,GET_DISH,dish_0,dish_0,dish_0,0,0,cook
post_none,7004,0,1,"(0, -1)",FETCH,FETCH,1,onion_1,onion_1,1,1,FETCH,FETCH,FETCH,onion_1,onion_1,onion_1,0,0,serve
post_none,7004,3,4,"(-1, 0)",PLACE,PLACE,1,pot_1,pot_1,1,1,PLACE,PLACE,PLACE,pot_1,pot_1,pot_1,0,0,serve
post_none,7004,7,8,"(1, 0)",FETCH,FETCH,1,onion_1,onion_1,1,1,FETCH,FETCH,FETCH,onion_1,onion_1,onion_1,0,0,serve
post_none,7004,9,10,"(-1, 0)",PLACE,PLACE,1,pot_1,pot_1,1,1,PLACE,PLACE,PLACE,pot_1,pot_1,pot_1,0,0,serve
post_none,7004,13,14,"(1, 0)",FETCH,FETCH,1,onion_1,onion_1,1,1,FETCH,FETCH,FETCH,onion_1,onion_1,onion_1,0,0,serve
post_none,7004,15,16,"(-1, 0)",PLACE,PLACE,1,pot_1,pot_1,1,1,PLACE,PLACE,PLACE,pot_1,pot_1,pot_1,0,0,serve
post_none,7004,19,20,interact,COOK_START,COOK_START,1,pot_1,pot_1,1,1,COOK_START,COOK_START,COOK_START,pot_1,pot_1,pot_1,0,0,serve
post_none,7004,20,21,"(1, 0)",FETCH,FETCH,1,onion_1,onion_1,1,1,FETCH,FETCH,FETCH,onion_1,onion_1,onion_1,0,0,serve
post_none,7004,22,23,"(0, 1)",PLACE,PLACE,1,pot_0,pot_0,1,1,PLACE,PLACE,PLACE,pot_0,pot_0,pot_0,0,0,serve
post_none,7004,35,36,"(-1, 0)",FETCH,FETCH,1,onion_0,onion_0,1,1,FETCH,FETCH,FETCH,onion_0,onion_0,onion_0,0,0,serve
post_none,7004,37,38,"(0, 1)",PLACE,PLACE,1,pot_0,pot_0,1,1,PLACE,PLACE,PLACE,pot_0,pot_0,pot_0,0,0,serve
post_none,7004,41,42,"(-1, 0)",FETCH,FETCH,1,onion_0,onion_0,1,1,FETCH,FETCH,FETCH,onion_0,onion_0,onion_0,0,0,serve
post_none,7004,43,44,"(0, 1)",PLACE,PLACE,1,pot_0,pot_0,1,1,PLACE,PLACE,PLACE,pot_0,pot_0,pot_0,0,0,serve
post_none,7004,47,48,interact,COOK_START,COOK_START,1,pot_0,pot_0,1,1,COOK_START,COOK_START,COOK_START,pot_0,pot_0,pot_0,0,0,serve
post_none,7004,48,49,"(-1, 0)",FETCH,FETCH,1,onion_0,onion_0,1,1,FETCH,FETCH,FETCH,onion_0,onion_0,onion_0,0,0,serve
post_none,7004,50,51,"(0, 1)",PLACE,PLACE,1,pot_1,pot_1,1,1,PLACE,PLACE,PLACE,pot_1,pot_1,pot_1,0,0,serve
post_none,7004,56,57,"(1, 0)",FETCH,FETCH,1,onion_1,onion_1,1,1,FETCH,FETCH,FETCH,onion_1,onion_1,onion_1,0,0,serve
post_none,7004,58,59,"(0, 1)",PLACE,PLACE,1,pot_1,pot_1,1,1,PLACE,PLACE,PLACE,pot_1,pot_1,pot_1,0,0,serve
post_none,7004,62,63,"(1, 0)",FETCH,FETCH,1,onion_1,onion_1,1,1,FETCH,FETCH,FETCH,onion_1,onion_1,onion_1,0,0,serve
post_none,7004,64,65,"(0, 1)",PLACE,PLACE,1,pot_1,pot_1,1,1,PLACE,PLACE,PLACE,pot_1,pot_1,pot_1,0,0,serve
post_none,7004,68,69,interact,COOK_START,COOK_START,1,pot_1,pot_1,1,1,COOK_START,COOK_START,COOK_START,pot_1,pot_1,pot_1,0,0,serve
post_none,7004,69,70,"(0, 0)",GET_DISH,GET_DISH,1,dish_0,dish_0,1,1,GET_DISH,GET_DISH,GET_DISH,dish_0,dish_0,dish_0,0,0,cook
post_none,7004,75,76,"(1, 0)",PRE,PRE,1,pot_1,none,0,0,PRE,PRE,PRE,none,pot_1,none,0,1,dynamic
post_none,7004,88,89,"(1, 0)",PICKUP,PICKUP,1,pot_1,pot_1,1,1,PICKUP,PICKUP,PICKUP,pot_1,pot_1,pot_1,0,0,cook
post_none,7004,91,92,"(0, 1)",DELIVER,DELIVER,1,serve_0,serve_0,1,1,DELIVER,DELIVER,DELIVER,serve_0,serve_0,serve_0,0,0,cook
post_none,7004,93,94,"(0, -1)",FETCH,FETCH,1,onion_1,onion_1,1,1,FETCH,FETCH,FETCH,onion_1,onion_1,onion_1,0,0,serve
post_none,7004,96,97,"(0, 1)",PLACE,PLACE,1,pot_1,pot_1,1,1,PLACE,PLACE,PLACE,pot_1,pot_1,pot_1,0,0,serve
post_none,7004,107,108,"(1, 0)",FETCH,FETCH,1,onion_1,onion_1,1,1,FETCH,FETCH,FETCH,onion_1,onion_1,onion_1,0,0,serve
post_none,7004,109,110,"(-1, 0)",PLACE,PLACE,1,pot_1,pot_1,1,1,PLACE,PLACE,PLACE,pot_1,pot_1,pot_1,0,0,serve
post_none,7004,113,114,"(1, 0)",FETCH,FETCH,1,onion_1,onion_1,1,1,FETCH,FETCH,FETCH,onion_1,onion_1,onion_1,0,0,serve
post_none,7004,115,116,"(-1, 0)",PLACE,PLACE,1,pot_1,pot_1,1,1,PLACE,PLACE,PLACE,pot_1,pot_1,pot_1,0,0,serve
post_none,7004,119,120,interact,COOK_START,COOK_START,1,pot_1,pot_1,1,1,COOK_START,COOK_START,COOK_START,pot_1,pot_1,pot_1,0,0,serve
post_none,7004,120,121,"(1, 0)",FETCH,FETCH,1,onion_1,onion_1,1,1,FETCH,FETCH,FETCH,onion_1,onion_1,onion_1,0,0,serve
post_none,7004,122,123,"(0, 1)",PLACE,PLACE,1,pot_0,pot_0,1,1,PLACE,PLACE,PLACE,pot_0,pot_0,pot_0,0,0,serve
post_none,7004,135,136,"(-1, 0)",FETCH,FETCH,1,onion_0,onion_0,1,1,FETCH,FETCH,FETCH,onion_0,onion_0,onion_0,0,0,serve
post_none,7004,137,138,"(0, 1)",PLACE,PLACE,1,pot_0,pot_0,1,1,PLACE,PLACE,PLACE,pot_0,pot_0,pot_0,0,0,serve
post_none,7004,141,142,"(-1, 0)",FETCH,FETCH,1,onion_0,onion_0,1,1,FETCH,FETCH,FETCH,onion_0,onion_0,onion_0,0,0,serve
post_none,7004,143,144,"(0, 1)",PLACE,PLACE,1,pot_0,pot_0,1,1,PLACE,PLACE,PLACE,pot_0,pot_0,pot_0,0,0,serve
post_none,7004,147,148,interact,COOK_START,COOK_START,1,pot_0,pot_0,1,1,COOK_START,COOK_START,COOK_START,pot_0,pot_0,pot_0,0,0,serve
post_none,7004,148,149,"(-1, 0)",FETCH,FETCH,1,onion_0,onion_0,1,1,FETCH,FETCH,FETCH,onion_0,onion_0,onion_0,0,0,serve
post_none,7004,150,151,"(0, 1)",PLACE,PLACE,1,pot_1,pot_1,1,1,PLACE,PLACE,PLACE,pot_1,pot_1,pot_1,0,0,serve
post_none,7004,156,157,"(1, 0)",FETCH,FETCH,1,onion_1,onion_1,1,1,FETCH,FETCH,FETCH,onion_1,onion_1,onion_1,0,0,serve
post_none,7004,158,159,"(0, 1)",PLACE,PLACE,1,pot_1,pot_1,1,1,PLACE,PLACE,PLACE,pot_1,pot_1,pot_1,0,0,serve
post_none,7004,162,163,"(1, 0)",FETCH,FETCH,1,onion_1,onion_1,1,1,FETCH,FETCH,FETCH,onion_1,onion_1,onion_1,0,0,serve
post_none,7004,164,165,"(0, 1)",PLACE,PLACE,1,pot_1,pot_1,1,1,PLACE,PLACE,PLACE,pot_1,pot_1,pot_1,0,0,serve
post_none,7004,168,169,interact,COOK_START,COOK_START,1,pot_1,pot_1,1,1,COOK_START,COOK_START,COOK_START,pot_1,pot_1,pot_1,0,0,serve
post_none,7004,169,170,"(0, 0)",GET_DISH,GET_DISH,1,dish_0,dish_0,1,1,GET_DISH,GET_DISH,GET_DISH,dish_0,dish_0,dish_0,0,0,cook
post_none,7004,175,176,"(1, 0)",PRE,PRE,1,pot_1,none,0,0,PRE,PRE,PRE,none,pot_1,none,0,1,dynamic
post_none,7004,188,189,"(1, 0)",PICKUP,PICKUP,1,pot_1,pot_1,1,1,PICKUP,PICKUP,PICKUP,pot_1,pot_1,pot_1,0,0,cook
post_none,7004,191,192,"(0, 1)",DELIVER,DELIVER,1,serve_0,serve_0,1,1,DELIVER,DELIVER,DELIVER,serve_0,serve_0,serve_0,0,0,cook
post_none,7004,193,194,"(0, -1)",FETCH,FETCH,1,onion_1,onion_1,1,1,FETCH,FETCH,FETCH,onion_1,onion_1,onion_1,0,0,serve
post_none,7004,196,197,"(0, 1)",PLACE,PLACE,1,pot_1,pot_1,1,1,PLACE,PLACE,PLACE,pot_1,pot_1,pot_1,0,0,serve
post_none,7004,200,201,"(1, 0)",FETCH,FETCH,1,onion_1,onion_1,1,1,FETCH,FETCH,FETCH,onion_1,onion_1,onion_1,0,0,serve
post_none,7004,202,203,"(-1, 0)",PLACE,PLACE,1,pot_1,pot_1,1,1,PLACE,PLACE,PLACE,pot_1,pot_1,pot_1,0,0,serve
post_none,7004,206,207,"(1, 0)",FETCH,FETCH,1,onion_1,onion_1,1,1,FETCH,FETCH,FETCH,onion_1,onion_1,onion_1,0,0,serve
post_none,7004,208,209,"(-1, 0)",PLACE,PLACE,1,pot_1,pot_1,1,1,PLACE,PLACE,PLACE,pot_1,pot_1,pot_1,0,0,serve
post_none,7004,212,213,interact,COOK_START,COOK_START,1,pot_1,pot_1,1,1,COOK_START,COOK_START,COOK_START,pot_1,pot_1,pot_1,0,0,serve
post_none,7004,213,214,"(1, 0)",FETCH,FETCH,1,onion_1,onion_1,1,1,FETCH,FETCH,FETCH,onion_1,onion_1,onion_1,0,0,serve
post_none,7004,215,216,"(0, 1)",PLACE,PLACE,1,pot_0,pot_0,1,1,PLACE,PLACE,PLACE,pot_0,pot_0,pot_0,0,0,serve
post_none,7004,228,229,interact,COOK_START,COOK_START,1,pot_0,pot_0,1,1,COOK_START,COOK_START,COOK_START,pot_0,pot_0,pot_0,0,0,serve
post_none,7004,229,230,"(1, 0)",HOLD,HOLD,1,none,none,1,1,HOLD,HOLD,HOLD,none,none,none,0,0,dynamic
post_none,7004,235,236,"(-1, 0)",FETCH,GET_DISH,0,onion_0,dish_0,0,0,GET_DISH,GET_DISH,GET_DISH,dish_0,dish_0,dish_0,0,0,cook
post_none,7004,238,239,"(0, 1)",PLACE,PLACE,1,pot_1,pot_0,0,0,PLACE,PLACE,PLACE,pot_0,pot_0,pot_0,0,0,serve
post_none,7004,247,248,"(1, 0)",FETCH,FETCH,1,onion_1,onion_1,1,1,FETCH,FETCH,FETCH,onion_1,onion_1,onion_1,0,0,serve
post_none,7004,249,250,"(0, 1)",PLACE,PLACE,1,pot_1,pot_1,1,1,PLACE,PLACE,PLACE,pot_1,pot_1,pot_1,0,0,serve
post_none,7004,253,254,"(1, 0)",FETCH,FETCH,1,onion_1,onion_1,1,1,FETCH,FETCH,FETCH,onion_1,onion_1,onion_1,0,0,serve
post_none,7004,255,256,"(0, 1)",PLACE,PLACE,1,pot_1,pot_1,1,1,PLACE,PLACE,PLACE,pot_1,pot_1,pot_1,0,0,serve
post_none,7004,261,262,interact,COOK_START,COOK_START,1,pot_1,pot_1,1,1,COOK_START,COOK_START,COOK_START,pot_1,pot_1,pot_1,0,0,serve
post_none,7004,262,263,"(1, 0)",FETCH,FETCH,1,onion_1,onion_1,1,1,FETCH,FETCH,FETCH,onion_1,onion_1,onion_1,0,0,serve
post_none,7004,264,265,"(0, 1)",PLACE,PLACE,1,pot_0,pot_0,1,1,PLACE,PLACE,PLACE,pot_0,pot_0,pot_0,0,0,serve
post_none,7004,274,275,"(-1, 0)",FETCH,FETCH,1,onion_0,onion_0,1,1,FETCH,FETCH,FETCH,onion_0,onion_0,onion_0,0,0,serve
post_none,7004,276,277,"(0, 1)",PLACE,PLACE,1,pot_0,pot_0,1,1,PLACE,PLACE,PLACE,pot_0,pot_0,pot_0,0,0,serve
post_none,7004,280,281,"(-1, 0)",FETCH,FETCH,1,onion_0,onion_0,1,1,FETCH,FETCH,FETCH,onion_0,onion_0,onion_0,0,0,serve
post_none,7004,282,283,"(0, 1)",PLACE,PLACE,1,pot_0,pot_0,1,1,PLACE,PLACE,PLACE,pot_0,pot_0,pot_0,0,0,serve
post_none,7004,286,287,interact,COOK_START,COOK_START,1,pot_0,pot_0,1,1,COOK_START,COOK_START,COOK_START,pot_0,pot_0,pot_0,0,0,serve
post_none,7004,287,288,"(-1, 0)",FETCH,FETCH,1,onion_0,onion_0,1,1,FETCH,FETCH,FETCH,onion_0,onion_0,onion_0,0,0,serve
post_none,7004,289,290,"(0, 1)",PLACE,PLACE,1,pot_1,pot_1,1,1,PLACE,PLACE,PLACE,pot_1,pot_1,pot_1,0,0,serve
post_none,7004,295,296,"(1, 0)",FETCH,FETCH,1,onion_1,onion_1,1,1,FETCH,FETCH,FETCH,onion_1,onion_1,onion_1,0,0,serve
post_none,7004,297,298,"(0, 1)",PLACE,PLACE,1,pot_1,pot_1,1,1,PLACE,PLACE,PLACE,pot_1,pot_1,pot_1,0,0,serve
post_none,7004,301,302,"(1, 0)",FETCH,FETCH,1,onion_1,onion_1,1,1,FETCH,FETCH,FETCH,onion_1,onion_1,onion_1,0,0,serve
post_none,7004,303,304,"(0, 1)",PLACE,PLACE,1,pot_1,pot_1,1,1,PLACE,PLACE,PLACE,pot_1,pot_1,pot_1,0,0,serve
post_none,7004,307,308,interact,COOK_START,COOK_START,1,pot_1,pot_1,1,1,COOK_START,COOK_START,COOK_START,pot_1,pot_1,pot_1,0,0,serve
post_none,7004,308,309,"(0, 0)",GET_DISH,GET_DISH,1,dish_0,dish_0,1,1,GET_DISH,GET_DISH,GET_DISH,dish_0,dish_0,dish_0,0,0,cook
post_none,7004,314,315,"(1, 0)",PRE,PRE,1,pot_1,none,0,0,PRE,PRE,PRE,none,onion_1,none,0,1,dynamic
post_none,7004,327,328,"(1, 0)",PICKUP,PICKUP,1,pot_1,pot_1,1,1,PICKUP,PICKUP,PICKUP,pot_1,pot_1,pot_1,0,0,cook
post_none,7004,330,331,"(0, 1)",DELIVER,DELIVER,1,serve_0,serve_0,1,1,DELIVER,DELIVER,DELIVER,serve_0,serve_0,serve_0,0,0,cook
post_none,7004,332,333,"(0, -1)",FETCH,FETCH,1,onion_1,onion_1,1,1,FETCH,FETCH,FETCH,onion_1,onion_1,onion_1,0,0,serve
post_none,7004,335,336,"(0, 1)",PLACE,PLACE,1,pot_1,pot_0,0,0,PLACE,PLACE,PLACE,pot_1,pot_0,pot_0,0,1,serve
post_none,7004,346,347,"(1, 0)",FETCH,FETCH,1,onion_1,onion_1,1,1,FETCH,FETCH,FETCH,onion_1,onion_1,onion_1,0,0,serve
post_none,7004,348,349,"(-1, 0)",PLACE,PLACE,1,pot_1,pot_1,1,1,PLACE,PLACE,PLACE,pot_1,pot_1,pot_1,0,0,serve
post_none,7004,352,353,"(1, 0)",FETCH,FETCH,1,onion_1,onion_1,1,1,FETCH,FETCH,FETCH,onion_1,onion_1,onion_1,0,0,serve
post_none,7004,354,355,"(-1, 0)",PLACE,PLACE,1,pot_1,pot_1,1,1,PLACE,PLACE,PLACE,pot_1,pot_1,pot_1,0,0,serve
post_none,7004,358,359,interact,COOK_START,COOK_START,1,pot_1,pot_1,1,1,COOK_START,COOK_START,COOK_START,pot_1,pot_1,pot_1,0,0,serve
post_none,7004,359,360,"(1, 0)",FETCH,FETCH,1,onion_1,onion_1,1,1,FETCH,FETCH,FETCH,onion_1,onion_1,onion_1,0,0,serve
post_none,7004,361,362,"(0, 1)",PLACE,PLACE,1,pot_0,pot_0,1,1,PLACE,PLACE,PLACE,pot_0,pot_0,pot_0,0,0,serve
post_none,7004,374,375,"(-1, 0)",FETCH,FETCH,1,onion_0,onion_0,1,1,FETCH,FETCH,FETCH,onion_0,onion_0,onion_0,0,0,serve
post_none,7004,376,377,"(0, 1)",PLACE,PLACE,1,pot_0,pot_0,1,1,PLACE,PLACE,PLACE,pot_0,pot_0,pot_0,0,0,serve
post_none,7004,380,381,"(-1, 0)",FETCH,FETCH,1,onion_0,onion_0,1,1,FETCH,FETCH,FETCH,onion_0,onion_0,onion_0,0,0,serve
post_none,7004,382,383,"(0, 1)",PLACE,PLACE,1,pot_0,pot_0,1,1,PLACE,PLACE,PLACE,pot_0,pot_0,pot_0,0,0,serve
post_none,7004,386,387,interact,COOK_START,COOK_START,1,pot_0,pot_0,1,1,COOK_START,COOK_START,COOK_START,pot_0,pot_0,pot_0,0,0,serve
post_none,7004,387,388,"(-1, 0)",FETCH,FETCH,1,onion_0,onion_0,1,1,GET_DISH,FETCH,FETCH,onion_0,onion_0,onion_0,1,0,serve
post_none,7004,389,390,"(0, 1)",PLACE,PLACE,1,pot_1,pot_1,1,1,PLACE,PLACE,PLACE,pot_1,pot_1,pot_1,0,0,serve
post_none,7004,395,396,"(1, 0)",FETCH,FETCH,1,onion_1,onion_1,1,1,FETCH,FETCH,FETCH,onion_1,onion_1,onion_1,0,0,serve
post_none,7004,397,398,"(0, 1)",PLACE,PLACE,1,pot_1,pot_1,1,1,PLACE,PLACE,PLACE,pot_1,pot_1,pot_1,0,0,serve
post_none,7004,401,402,"(1, 0)",FETCH,FETCH,1,onion_1,onion_1,1,1,FETCH,FETCH,FETCH,onion_1,onion_1,onion_1,0,0,serve
post_none,7004,403,404,"(0, 1)",PLACE,PLACE,1,pot_1,pot_1,1,1,PLACE,PLACE,PLACE,pot_1,pot_1,pot_1,0,0,serve
post_none,7004,407,408,interact,COOK_START,COOK_START,1,pot_1,pot_1,1,1,COOK_START,COOK_START,COOK_START,pot_1,pot_1,pot_1,0,0,serve
post_none,7004,408,409,"(0, 0)",GET_DISH,GET_DISH,1,dish_0,dish_0,1,1,GET_DISH,GET_DISH,GET_DISH,dish_0,dish_0,dish_0,0,0,cook
post_none,7004,414,415,"(1, 0)",PRE,PRE,1,pot_1,pot_0,0,0,PRE,PRE,PRE,pot_0,pot_0,pot_0,0,0,dynamic
post_none,7004,427,428,"(1, 0)",PICKUP,PICKUP,1,pot_1,pot_1,1,1,PICKUP,PICKUP,PICKUP,pot_1,pot_1,pot_1,0,0,cook
post_none,7004,430,431,"(0, 1)",DELIVER,DELIVER,1,serve_0,serve_0,1,1,DELIVER,DELIVER,DELIVER,serve_0,serve_0,serve_0,0,0,cook
post_none,7004,432,433,"(0, -1)",FETCH,FETCH,1,onion_1,onion_1,1,1,FETCH,FETCH,FETCH,onion_1,onion_1,onion_1,0,0,serve
post_none,7004,435,436,"(0, 1)",PLACE,PLACE,1,pot_1,pot_0,0,0,PLACE,PLACE,PLACE,pot_0,pot_0,pot_0,0,0,serve
post_none,7004,446,447,"(1, 0)",FETCH,FETCH,1,onion_1,onion_1,1,1,FETCH,FETCH,FETCH,onion_1,onion_1,onion_1,0,0,serve
post_none,7004,448,449,"(-1, 0)",PLACE,PLACE,1,pot_1,pot_1,1,1,PLACE,PLACE,PLACE,pot_1,pot_1,pot_1,0,0,serve
post_none,7004,452,453,"(1, 0)",FETCH,FETCH,1,onion_1,onion_1,1,1,FETCH,FETCH,FETCH,onion_1,onion_1,onion_1,0,0,serve
post_none,7004,454,455,"(-1, 0)",PLACE,PLACE,1,pot_1,pot_1,1,1,PLACE,PLACE,PLACE,pot_1,pot_1,pot_1,0,0,serve
post_none,7004,458,459,interact,COOK_START,COOK_START,1,pot_1,pot_1,1,1,COOK_START,COOK_START,COOK_START,pot_1,pot_1,pot_1,0,0,serve
post_none,7004,459,460,"(1, 0)",FETCH,FETCH,1,onion_1,onion_1,1,1,FETCH,FETCH,FETCH,onion_1,onion_1,onion_1,0,0,serve
post_none,7004,461,462,"(0, 1)",PLACE,PLACE,1,pot_0,pot_0,1,1,PLACE,PLACE,PLACE,pot_0,pot_0,pot_0,0,0,serve
post_none,7004,474,475,"(-1, 0)",FETCH,FETCH,1,onion_0,onion_0,1,1,FETCH,FETCH,FETCH,onion_0,onion_0,onion_0,0,0,serve
post_none,7004,476,477,"(0, 1)",PLACE,PLACE,1,pot_0,pot_0,1,1,PLACE,PLACE,PLACE,pot_0,pot_0,pot_0,0,0,serve
post_none,7004,480,481,"(-1, 0)",FETCH,FETCH,1,onion_0,onion_0,1,1,FETCH,FETCH,FETCH,onion_0,onion_0,onion_0,0,0,serve
post_none,7004,482,483,"(0, 1)",PLACE,PLACE,1,pot_0,pot_0,1,1,PLACE,PLACE,PLACE,pot_0,pot_0,pot_0,0,0,serve
post_none,7004,486,487,interact,COOK_START,COOK_START,1,pot_0,pot_0,1,1,COOK_START,COOK_START,COOK_START,pot_0,pot_0,pot_0,0,0,serve
post_none,7004,487,488,"(-1, 0)",FETCH,GET_DISH,0,onion_0,dish_0,0,0,GET_DISH,GET_DISH,GET_DISH,dish_0,dish_0,dish_0,0,0,cook
post_none,7004,489,490,"(0, 1)",PLACE,PLACE,1,pot_1,pot_1,1,1,PLACE,PLACE,PLACE,pot_1,pot_1,pot_1,0,0,serve
post_none,7004,495,496,"(1, 0)",FETCH,FETCH,1,onion_1,onion_1,1,1,FETCH,FETCH,FETCH,onion_1,onion_1,onion_1,0,0,serve
post_none,7004,497,498,"(0, 1)",PLACE,PLACE,1,pot_1,pot_1,1,1,PLACE,PLACE,PLACE,pot_1,pot_1,pot_1,0,0,serve
post_none,7004,501,502,"(1, 0)",FETCH,FETCH,1,onion_1,onion_1,1,1,FETCH,FETCH,FETCH,onion_1,onion_1,onion_1,0,0,serve
post_none,7004,503,504,"(0, 1)",PLACE,PLACE,1,pot_1,pot_1,1,1,PLACE,PLACE,PLACE,pot_1,pot_1,pot_1,0,0,serve
post_none,7004,507,508,interact,COOK_START,COOK_START,1,pot_1,pot_1,1,1,COOK_START,COOK_START,COOK_START,pot_1,pot_1,pot_1,0,0,serve
post_none,7004,508,509,"(0, 0)",GET_DISH,GET_DISH,1,dish_0,dish_0,1,1,GET_DISH,GET_DISH,GET_DISH,dish_0,dish_0,dish_0,0,0,cook
post_none,7004,514,515,"(1, 0)",PRE,PRE,1,pot_1,pot_0,0,0,PRE,PRE,PRE,pot_0,dish_0,pot_0,0,1,dynamic
post_none,7004,527,528,"(1, 0)",PICKUP,PICKUP,1,pot_1,pot_1,1,1,PICKUP,PICKUP,PICKUP,pot_1,pot_1,pot_1,0,0,cook
post_none,7004,530,531,"(0, 1)",DELIVER,DELIVER,1,serve_0,serve_0,1,1,DELIVER,DELIVER,DELIVER,serve_0,serve_0,serve_0,0,0,cook
post_none,7004,532,533,"(0, -1)",FETCH,FETCH,1,onion_1,onion_1,1,1,FETCH,FETCH,FETCH,onion_1,onion_1,onion_1,0,0,serve
post_none,7004,535,536,"(0, 1)",PLACE,PLACE,1,pot_1,pot_0,0,0,PLACE,PLACE,PLACE,pot_0,pot_0,pot_0,0,0,serve
post_none,7004,546,547,"(1, 0)",FETCH,FETCH,1,onion_1,onion_1,1,1,FETCH,FETCH,FETCH,onion_1,onion_1,onion_1,0,0,serve
post_none,7004,548,549,"(-1, 0)",PLACE,PLACE,1,pot_1,pot_1,1,1,PLACE,PLACE,PLACE,pot_1,pot_1,pot_1,0,0,serve
post_none,7004,552,553,"(1, 0)",FETCH,FETCH,1,onion_1,onion_1,1,1,FETCH,FETCH,FETCH,onion_1,onion_1,onion_1,0,0,serve
post_none,7004,554,555,"(-1, 0)",PLACE,PLACE,1,pot_1,pot_1,1,1,PLACE,PLACE,PLACE,pot_1,pot_1,pot_1,0,0,serve
post_none,7004,558,559,interact,COOK_START,COOK_START,1,pot_1,pot_1,1,1,COOK_START,COOK_START,COOK_START,pot_1,pot_1,pot_1,0,0,serve
post_none,7004,559,560,"(1, 0)",FETCH,FETCH,1,onion_1,onion_1,1,1,FETCH,FETCH,FETCH,onion_1,onion_1,onion_1,0,0,serve
post_none,7004,561,562,"(0, 1)",PLACE,PLACE,1,pot_0,pot_0,1,1,PLACE,PLACE,PLACE,pot_0,pot_0,pot_0,0,0,serve
post_none,7004,574,575,"(-1, 0)",FETCH,GET_DISH,0,onion_0,dish_0,0,0,GET_DISH,GET_DISH,GET_DISH,dish_0,dish_0,dish_0,0,0,cook
post_none,7004,576,577,"(0, 1)",PLACE,PLACE,1,pot_0,pot_0,1,1,PLACE,PLACE,PLACE,pot_0,pot_0,pot_0,0,0,serve
post_none,7004,580,581,"(-1, 0)",FETCH,FETCH,1,onion_0,onion_0,1,1,FETCH,FETCH,FETCH,onion_0,onion_0,onion_0,0,0,serve
post_none,7004,582,583,"(0, 1)",PLACE,PLACE,1,pot_0,pot_0,1,1,PLACE,PLACE,PLACE,pot_0,pot_0,pot_0,0,0,serve
post_none,7004,586,587,interact,COOK_START,COOK_START,1,pot_0,pot_0,1,1,COOK_START,COOK_START,COOK_START,pot_0,pot_0,pot_0,0,0,serve
post_none,7004,587,588,"(-1, 0)",FETCH,GET_DISH,0,onion_0,dish_0,0,0,GET_DISH,GET_DISH,GET_DISH,dish_0,dish_0,dish_0,0,0,cook
post_none,7004,589,590,"(0, 1)",PLACE,PLACE,1,pot_1,pot_1,1,1,PLACE,PLACE,PLACE,pot_1,pot_1,pot_1,0,0,serve
post_none,7004,595,596,"(1, 0)",FETCH,FETCH,1,onion_1,onion_1,1,1,FETCH,FETCH,FETCH,onion_1,onion_1,onion_1,0,0,serve
post_none,7004,597,598,"(0, 1)",PLACE,PLACE,1,pot_1,pot_1,1,1,PLACE,PLACE,PLACE,pot_1,pot_1,pot_1,0,0,serve
post_none,7004,601,602,"(1, 0)",FETCH,FETCH,1,onion_1,onion_1,1,1,FETCH,FETCH,FETCH,onion_1,onion_1,onion_1,0,0,serve
post_none,7004,603,604,"(0, 1)",PLACE,PLACE,1,pot_1,pot_1,1,1,PLACE,PLACE,PLACE,pot_1,pot_1,pot_1,0,0,serve
post_none,7004,607,608,interact,COOK_START,COOK_START,1,pot_1,pot_1,1,1,COOK_START,COOK_START,COOK_START,pot_1,pot_1,pot_1,0,0,serve
post_none,7004,608,609,"(0, 0)",GET_DISH,GET_DISH,1,dish_0,dish_0,1,1,GET_DISH,GET_DISH,GET_DISH,dish_0,dish_0,dish_0,0,0,cook
post_none,7004,614,615,"(1, 0)",PRE,PRE,1,pot_1,dish_0,0,0,PRE,PRE,PRE,pot_0,dish_0,dish_0,0,1,dynamic
post_none,7004,627,628,"(1, 0)",PICKUP,PICKUP,1,pot_1,pot_1,1,1,PICKUP,PICKUP,PICKUP,pot_1,pot_1,pot_1,0,0,cook
post_none,7004,630,631,"(0, 1)",DELIVER,DELIVER,1,serve_0,serve_0,1,1,DELIVER,DELIVER,DELIVER,serve_0,serve_0,serve_0,0,0,cook
post_none,7004,632,633,"(0, -1)",FETCH,FETCH,1,onion_1,onion_1,1,1,FETCH,FETCH,FETCH,onion_1,onion_1,onion_1,0,0,serve
post_none,7004,635,636,"(0, 1)",PLACE,PLACE,1,pot_1,pot_1,1,1,PLACE,PLACE,PLACE,pot_1,pot_1,pot_1,0,0,serve
post_none,7004,639,640,"(1, 0)",FETCH,FETCH,1,onion_1,onion_1,1,1,FETCH,FETCH,FETCH,onion_1,onion_1,onion_1,0,0,serve
post_none,7004,641,642,"(-1, 0)",PLACE,PLACE,1,pot_1,pot_1,1,1,PLACE,PLACE,PLACE,pot_1,pot_1,pot_1,0,0,serve
post_none,7004,645,646,"(1, 0)",FETCH,FETCH,1,onion_1,onion_1,1,1,FETCH,FETCH,FETCH,onion_1,onion_1,onion_1,0,0,serve
post_none,7004,647,648,"(-1, 0)",PLACE,PLACE,1,pot_1,pot_1,1,1,PLACE,PLACE,PLACE,pot_1,pot_1,pot_1,0,0,serve
post_none,7004,651,652,interact,COOK_START,COOK_START,1,pot_1,pot_1,1,1,COOK_START,COOK_START,COOK_START,pot_1,pot_1,pot_1,0,0,serve
post_none,7004,652,653,"(1, 0)",FETCH,FETCH,1,onion_1,onion_1,1,1,FETCH,FETCH,FETCH,onion_1,onion_1,onion_1,0,0,serve
post_none,7004,654,655,"(0, 1)",PLACE,PLACE,1,pot_0,pot_0,1,1,PLACE,PLACE,PLACE,pot_0,pot_0,pot_0,0,0,serve
post_none,7004,667,668,interact,COOK_START,COOK_START,1,pot_0,pot_0,1,1,COOK_START,COOK_START,COOK_START,pot_0,pot_0,pot_0,0,0,serve
post_none,7004,668,669,"(1, 0)",HOLD,HOLD,1,none,none,1,1,HOLD,HOLD,HOLD,none,none,none,0,0,dynamic
post_none,7004,674,675,"(-1, 0)",FETCH,GET_DISH,0,onion_0,dish_0,0,0,GET_DISH,GET_DISH,GET_DISH,dish_0,dish_0,dish_0,0,0,cook
post_none,7004,677,678,"(0, 1)",PLACE,PLACE,1,pot_1,pot_0,0,0,PLACE,PLACE,PLACE,pot_0,pot_0,pot_0,0,0,serve
post_none,7004,686,687,"(1, 0)",FETCH,FETCH,1,onion_1,onion_1,1,1,FETCH,FETCH,FETCH,onion_1,onion_1,onion_1,0,0,serve
post_none,7004,688,689,"(0, 1)",PLACE,PLACE,1,pot_1,pot_1,1,1,PLACE,PLACE,PLACE,pot_1,pot_1,pot_1,0,0,serve
post_none,7004,692,693,"(1, 0)",FETCH,FETCH,1,onion_1,onion_1,1,1,FETCH,FETCH,FETCH,onion_1,onion_1,onion_1,0,0,serve
post_none,7004,694,695,"(0, 1)",PLACE,PLACE,1,pot_1,pot_1,1,1,PLACE,PLACE,PLACE,pot_1,pot_1,pot_1,0,0,serve
post_none,7005,0,1,"(0, 0)",FETCH,FETCH,1,onion_1,onion_0,0,0,FETCH,FETCH,FETCH,onion_0,onion_0,onion_0,0,0,serve
post_none,7005,9,10,"(-1, 0)",PLACE,PLACE,1,pot_1,pot_1,1,1,PLACE,PLACE,PLACE,pot_1,pot_1,pot_1,0,0,serve
post_none,7005,13,14,"(1, 0)",FETCH,FETCH,1,onion_1,onion_1,1,1,FETCH,FETCH,FETCH,onion_1,onion_1,onion_1,0,0,serve
post_none,7005,15,16,"(-1, 0)",PLACE,PLACE,1,pot_1,pot_1,1,1,PLACE,PLACE,PLACE,pot_1,pot_1,pot_1,0,0,serve
post_none,7005,19,20,"(1, 0)",FETCH,FETCH,1,onion_1,onion_1,1,1,FETCH,FETCH,FETCH,onion_1,onion_1,onion_1,0,0,serve
post_none,7005,21,22,"(-1, 0)",PLACE,PLACE,1,pot_1,pot_1,1,1,PLACE,PLACE,PLACE,pot_1,pot_1,pot_1,0,0,serve
post_none,7005,25,26,interact,COOK_START,COOK_START,1,pot_1,pot_1,1,1,COOK_START,COOK_START,COOK_START,pot_1,pot_1,pot_1,0,0,serve
post_none,7005,26,27,"(1, 0)",FETCH,FETCH,1,onion_1,onion_1,1,1,FETCH,FETCH,FETCH,onion_1,onion_1,onion_1,0,0,serve
post_none,7005,28,29,"(0, 1)",PLACE,PLACE,1,pot_0,pot_0,1,1,PLACE,PLACE,PLACE,pot_0,pot_0,pot_0,0,0,serve
post_none,7005,41,42,"(-1, 0)",FETCH,FETCH,1,onion_0,onion_0,1,1,FETCH,FETCH,FETCH,onion_0,onion_0,onion_0,0,0,serve
post_none,7005,43,44,"(0, 1)",PLACE,PLACE,1,pot_0,pot_0,1,1,PLACE,PLACE,PLACE,pot_0,pot_0,pot_0,0,0,serve
post_none,7005,47,48,"(-1, 0)",FETCH,FETCH,1,onion_0,onion_0,1,1,FETCH,FETCH,FETCH,onion_0,onion_0,onion_0,0,0,serve
post_none,7005,49,50,"(0, 1)",PLACE,PLACE,1,pot_0,pot_0,1,1,PLACE,PLACE,PLACE,pot_0,pot_0,pot_0,0,0,serve
post_none,7005,53,54,interact,COOK_START,COOK_START,1,pot_0,pot_0,1,1,COOK_START,COOK_START,COOK_START,pot_0,pot_0,pot_0,0,0,serve
post_none,7005,54,55,"(-1, 0)",FETCH,FETCH,1,onion_0,onion_0,1,1,FETCH,FETCH,FETCH,onion_0,onion_0,onion_0,0,0,serve
post_none,7005,56,57,"(0, 1)",PLACE,PLACE,1,pot_1,pot_1,1,1,PLACE,PLACE,PLACE,pot_1,pot_1,pot_1,0,0,serve
post_none,7005,62,63,"(1, 0)",FETCH,FETCH,1,onion_1,onion_1,1,1,FETCH,FETCH,FETCH,onion_1,onion_1,onion_1,0,0,serve
post_none,7005,64,65,"(0, 1)",PLACE,PLACE,1,pot_1,pot_1,1,1,PLACE,PLACE,PLACE,pot_1,pot_1,pot_1,0,0,serve
post_none,7005,68,69,"(1, 0)",FETCH,FETCH,1,onion_1,onion_1,1,1,FETCH,FETCH,FETCH,onion_1,onion_1,onion_1,0,0,serve
post_none,7005,70,71,"(0, 1)",PLACE,PLACE,1,pot_1,pot_1,1,1,PLACE,PLACE,PLACE,pot_1,pot_1,pot_1,0,0,serve
post_none,7005,74,75,interact,COOK_START,COOK_START,1,pot_1,pot_1,1,1,COOK_START,COOK_START,COOK_START,pot_1,pot_1,pot_1,0,0,serve
post_none,7005,75,76,"(0, 0)",GET_DISH,GET_DISH,1,dish_0,dish_0,1,1,GET_DISH,GET_DISH,GET_DISH,dish_0,dish_0,dish_0,0,0,cook
post_none,7005,81,82,"(1, 0)",PRE,PRE,1,pot_1,none,0,0,PRE,PRE,PRE,none,pot_1,none,0,1,dynamic
post_none,7005,94,95,"(1, 0)",PICKUP,PICKUP,1,pot_1,pot_1,1,1,PICKUP,PICKUP,PICKUP,pot_1,pot_1,pot_1,0,0,cook
post_none,7005,97,98,"(0, 1)",DELIVER,DELIVER,1,serve_0,serve_0,1,1,DELIVER,DELIVER,DELIVER,serve_0,serve_0,serve_0,0,0,cook
post_none,7005,99,100,"(0, -1)",FETCH,FETCH,1,onion_1,onion_1,1,1,FETCH,FETCH,FETCH,onion_1,onion_1,onion_1,0,0,serve
post_none,7005,102,103,"(0, 1)",PLACE,PLACE,1,pot_1,pot_1,1,1,PLACE,PLACE,PLACE,pot_1,pot_1,pot_1,0,0,serve
post_none,7005,113,114,"(1, 0)",FETCH,FETCH,1,onion_1,onion_1,1,1,FETCH,FETCH,FETCH,onion_1,onion_1,onion_1,0,0,serve
post_none,7005,115,116,"(-1, 0)",PLACE,PLACE,1,pot_1,pot_1,1,1,PLACE,PLACE,PLACE,pot_1,pot_1,pot_1,0,0,serve
post_none,7005,119,120,"(1, 0)",FETCH,FETCH,1,onion_1,onion_1,1,1,FETCH,FETCH,FETCH,onion_1,onion_1,onion_1,0,0,serve
post_none,7005,121,122,"(-1, 0)",PLACE,PLACE,1,pot_1,pot_1,1,1,PLACE,PLACE,PLACE,pot_1,pot_1,pot_1,0,0,serve
post_none,7005,125,126,interact,COOK_START,COOK_START,1,pot_1,pot_1,1,1,COOK_START,COOK_START,COOK_START,pot_1,pot_1,pot_1,0,0,serve
post_none,7005,126,127,"(1, 0)",FETCH,FETCH,1,onion_1,onion_1,1,1,FETCH,FETCH,FETCH,onion_1,onion_1,onion_1,0,0,serve
post_none,7005,128,129,"(0, 1)",PLACE,PLACE,1,pot_0,pot_0,1,1,PLACE,PLACE,PLACE,pot_0,pot_0,pot_0,0,0,serve
post_none,7005,141,142,"(-1, 0)",FETCH,FETCH,1,onion_0,onion_0,1,1,FETCH,FETCH,FETCH,onion_0,onion_0,onion_0,0,0,serve
post_none,7005,143,144,"(0, 1)",PLACE,PLACE,1,pot_0,pot_0,1,1,PLACE,PLACE,PLACE,pot_0,pot_0,pot_0,0,0,serve
post_none,7005,147,148,"(-1, 0)",FETCH,FETCH,1,onion_0,onion_0,1,1,FETCH,FETCH,FETCH,onion_0,onion_0,onion_0,0,0,serve
post_none,7005,149,150,"(0, 1)",PLACE,PLACE,1,pot_0,pot_0,1,1,PLACE,PLACE,PLACE,pot_0,pot_0,pot_0,0,0,serve
post_none,7005,153,154,interact,COOK_START,COOK_START,1,pot_0,pot_0,1,1,COOK_START,COOK_START,COOK_START,pot_0,pot_0,pot_0,0,0,serve
post_none,7005,154,155,"(-1, 0)",FETCH,FETCH,1,onion_0,onion_0,1,1,FETCH,FETCH,FETCH,onion_0,onion_0,onion_0,0,0,serve
post_none,7005,156,157,"(0, 1)",PLACE,PLACE,1,pot_1,pot_1,1,1,PLACE,PLACE,PLACE,pot_1,pot_1,pot_1,0,0,serve
post_none,7005,162,163,"(1, 0)",FETCH,FETCH,1,onion_1,onion_1,1,1,FETCH,FETCH,FETCH,onion_1,onion_1,onion_1,0,0,serve
post_none,7005,164,165,"(0, 1)",PLACE,PLACE,1,pot_1,pot_1,1,1,PLACE,PLACE,PLACE,pot_1,pot_1,pot_1,0,0,serve
post_none,7005,168,169,"(1, 0)",FETCH,FETCH,1,onion_1,onion_1,1,1,FETCH,FETCH,FETCH,onion_1,onion_1,onion_1,0,0,serve
post_none,7005,170,171,"(0, 1)",PLACE,PLACE,1,pot_1,pot_1,1,1,PLACE,PLACE,PLACE,pot_1,pot_1,pot_1,0,0,serve
post_none,7005,174,175,interact,COOK_START,COOK_START,1,pot_1,pot_1,1,1,COOK_START,COOK_START,COOK_START,pot_1,pot_1,pot_1,0,0,serve
post_none,7005,175,176,"(0, 0)",GET_DISH,GET_DISH,1,dish_0,dish_0,1,1,GET_DISH,GET_DISH,GET_DISH,dish_0,dish_0,dish_0,0,0,cook
post_none,7005,181,182,"(1, 0)",PRE,PRE,1,pot_1,none,0,0,PRE,PRE,PRE,none,pot_1,none,0,1,dynamic
post_none,7005,194,195,"(1, 0)",PICKUP,PICKUP,1,pot_1,pot_1,1,1,PICKUP,PICKUP,PICKUP,pot_1,pot_1,pot_1,0,0,cook
post_none,7005,197,198,"(0, 1)",DELIVER,DELIVER,1,serve_0,serve_0,1,1,DELIVER,DELIVER,DELIVER,serve_0,serve_0,serve_0,0,0,cook
post_none,7005,199,200,"(0, -1)",FETCH,FETCH,1,onion_1,onion_1,1,1,FETCH,FETCH,FETCH,onion_1,onion_1,onion_1,0,0,serve
post_none,7005,202,203,"(0, 1)",PLACE,PLACE,1,pot_1,pot_1,1,1,PLACE,PLACE,PLACE,pot_1,pot_1,pot_1,0,0,serve
post_none,7005,206,207,"(1, 0)",FETCH,FETCH,1,onion_1,onion_1,1,1,FETCH,FETCH,FETCH,onion_1,onion_1,onion_1,0,0,serve
post_none,7005,208,209,"(-1, 0)",PLACE,PLACE,1,pot_1,pot_1,1,1,PLACE,PLACE,PLACE,pot_1,pot_1,pot_1,0,0,serve
post_none,7005,212,213,"(1, 0)",FETCH,FETCH,1,onion_1,onion_1,1,1,FETCH,FETCH,FETCH,onion_1,onion_1,onion_1,0,0,serve
post_none,7005,214,215,"(-1, 0)",PLACE,PLACE,1,pot_1,pot_1,1,1,PLACE,PLACE,PLACE,pot_1,pot_1,pot_1,0,0,serve
post_none,7005,218,219,interact,COOK_START,COOK_START,1,pot_1,pot_1,1,1,COOK_START,COOK_START,COOK_START,pot_1,pot_1,pot_1,0,0,serve
post_none,7005,219,220,"(1, 0)",FETCH,FETCH,1,onion_1,onion_1,1,1,FETCH,FETCH,FETCH,onion_1,onion_1,onion_1,0,0,serve
post_none,7005,221,222,"(0, 1)",PLACE,PLACE,1,pot_0,pot_0,1,1,PLACE,PLACE,PLACE,pot_0,pot_0,pot_0,0,0,serve
post_none,7005,234,235,interact,COOK_START,COOK_START,1,pot_0,pot_0,1,1,COOK_START,COOK_START,COOK_START,pot_0,pot_0,pot_0,0,0,serve
post_none,7005,235,236,"(1, 0)",HOLD,HOLD,1,none,none,1,1,HOLD,HOLD,HOLD,none,none,none,0,0,dynamic
post_none,7005,241,242,"(-1, 0)",FETCH,GET_DISH,0,onion_0,dish_0,0,0,GET_DISH,GET_DISH,GET_DISH,dish_0,dish_0,dish_0,0,0,cook
post_none,7005,244,245,"(0, 1)",PLACE,PLACE,1,pot_1,pot_0,0,0,PLACE,PLACE,PLACE,pot_0,pot_0,pot_0,0,0,serve
post_none,7005,253,254,"(1, 0)",FETCH,FETCH,1,onion_1,onion_1,1,1,FETCH,FETCH,FETCH,onion_1,onion_1,onion_1,0,0,serve
post_none,7005,255,256,"(0, 1)",PLACE,PLACE,1,pot_1,pot_1,1,1,PLACE,PLACE,PLACE,pot_1,pot_1,pot_1,0,0,serve
post_none,7005,259,260,"(1, 0)",FETCH,FETCH,1,onion_1,onion_1,1,1,FETCH,FETCH,FETCH,onion_1,onion_1,onion_1,0,0,serve
post_none,7005,261,262,"(0, 1)",PLACE,PLACE,1,pot_1,pot_1,1,1,PLACE,PLACE,PLACE,pot_1,pot_1,pot_1,0,0,serve
post_none,7005,267,268,interact,COOK_START,COOK_START,1,pot_1,pot_1,1,1,COOK_START,COOK_START,COOK_START,pot_1,pot_1,pot_1,0,0,serve
post_none,7005,268,269,"(1, 0)",FETCH,FETCH,1,onion_1,onion_1,1,1,FETCH,FETCH,FETCH,onion_1,onion_1,onion_1,0,0,serve
post_none,7005,270,271,"(0, 1)",PLACE,PLACE,1,pot_0,pot_0,1,1,PLACE,PLACE,PLACE,pot_0,pot_0,pot_0,0,0,serve
post_none,7005,280,281,"(-1, 0)",FETCH,FETCH,1,onion_0,onion_0,1,1,FETCH,FETCH,FETCH,onion_0,onion_0,onion_0,0,0,serve
post_none,7005,282,283,"(0, 1)",PLACE,PLACE,1,pot_0,pot_0,1,1,PLACE,PLACE,PLACE,pot_0,pot_0,pot_0,0,0,serve
post_none,7005,286,287,"(-1, 0)",FETCH,FETCH,1,onion_0,onion_0,1,1,FETCH,FETCH,FETCH,onion_0,onion_0,onion_0,0,0,serve
post_none,7005,288,289,"(0, 1)",PLACE,PLACE,1,pot_0,pot_0,1,1,PLACE,PLACE,PLACE,pot_0,pot_0,pot_0,0,0,serve
post_none,7005,292,293,interact,COOK_START,COOK_START,1,pot_0,pot_0,1,1,COOK_START,COOK_START,COOK_START,pot_0,pot_0,pot_0,0,0,serve
post_none,7005,293,294,"(-1, 0)",FETCH,FETCH,1,onion_0,onion_0,1,1,FETCH,FETCH,FETCH,onion_0,onion_0,onion_0,0,0,serve
post_none,7005,295,296,"(0, 1)",PLACE,PLACE,1,pot_1,pot_1,1,1,PLACE,PLACE,PLACE,pot_1,pot_1,pot_1,0,0,serve
post_none,7005,301,302,"(1, 0)",FETCH,FETCH,1,onion_1,onion_1,1,1,FETCH,FETCH,FETCH,onion_1,onion_1,onion_1,0,0,serve
post_none,7005,303,304,"(0, 1)",PLACE,PLACE,1,pot_1,pot_1,1,1,PLACE,PLACE,PLACE,pot_1,pot_1,pot_1,0,0,serve
post_none,7005,307,308,"(1, 0)",FETCH,FETCH,1,onion_1,onion_1,1,1,FETCH,FETCH,FETCH,onion_1,onion_1,onion_1,0,0,serve
post_none,7005,309,310,"(0, 1)",PLACE,PLACE,1,pot_1,pot_1,1,1,PLACE,PLACE,PLACE,pot_1,pot_1,pot_1,0,0,serve
post_none,7005,313,314,interact,COOK_START,COOK_START,1,pot_1,pot_1,1,1,COOK_START,COOK_START,COOK_START,pot_1,pot_1,pot_1,0,0,serve
post_none,7005,314,315,"(0, 0)",GET_DISH,GET_DISH,1,dish_0,dish_0,1,1,GET_DISH,GET_DISH,GET_DISH,dish_0,dish_0,dish_0,0,0,cook
post_none,7005,320,321,"(1, 0)",PRE,PRE,1,pot_1,none,0,0,PRE,PRE,PRE,none,onion_1,none,0,1,dynamic
post_none,7005,333,334,"(1, 0)",PICKUP,PICKUP,1,pot_1,pot_1,1,1,PICKUP,PICKUP,PICKUP,pot_1,pot_1,pot_1,0,0,cook
post_none,7005,336,337,"(0, 1)",DELIVER,DELIVER,1,serve_0,serve_0,1,1,DELIVER,DELIVER,DELIVER,serve_0,serve_0,serve_0,0,0,cook
post_none,7005,338,339,"(0, -1)",FETCH,FETCH,1,onion_1,onion_1,1,1,FETCH,FETCH,FETCH,onion_1,onion_1,onion_1,0,0,serve
post_none,7005,341,342,"(0, 1)",PLACE,PLACE,1,pot_1,pot_0,0,0,PLACE,PLACE,PLACE,pot_1,pot_0,pot_0,0,1,serve
post_none,7005,352,353,"(1, 0)",FETCH,FETCH,1,onion_1,onion_1,1,1,FETCH,FETCH,FETCH,onion_1,onion_1,onion_1,0,0,serve
post_none,7005,354,355,"(-1, 0)",PLACE,PLACE,1,pot_1,pot_1,1,1,PLACE,PLACE,PLACE,pot_1,pot_1,pot_1,0,0,serve
post_none,7005,358,359,"(1, 0)",FETCH,FETCH,1,onion_1,onion_1,1,1,FETCH,FETCH,FETCH,onion_1,onion_1,onion_1,0,0,serve
post_none,7005,360,361,"(-1, 0)",PLACE,PLACE,1,pot_1,pot_1,1,1,PLACE,PLACE,PLACE,pot_1,pot_1,pot_1,0,0,serve
post_none,7005,364,365,interact,COOK_START,COOK_START,1,pot_1,pot_1,1,1,COOK_START,COOK_START,COOK_START,pot_1,pot_1,pot_1,0,0,serve
post_none,7005,365,366,"(1, 0)",FETCH,FETCH,1,onion_1,onion_1,1,1,FETCH,FETCH,FETCH,onion_1,onion_1,onion_1,0,0,serve
post_none,7005,367,368,"(0, 1)",PLACE,PLACE,1,pot_0,pot_0,1,1,PLACE,PLACE,PLACE,pot_0,pot_0,pot_0,0,0,serve
post_none,7005,380,381,"(-1, 0)",FETCH,FETCH,1,onion_0,onion_0,1,1,FETCH,FETCH,FETCH,onion_0,onion_0,onion_0,0,0,serve
post_none,7005,382,383,"(0, 1)",PLACE,PLACE,1,pot_0,pot_0,1,1,PLACE,PLACE,PLACE,pot_0,pot_0,pot_0,0,0,serve
post_none,7005,386,387,"(-1, 0)",FETCH,FETCH,1,onion_0,onion_0,1,1,FETCH,FETCH,FETCH,onion_0,onion_0,onion_0,0,0,serve
post_none,7005,388,389,"(0, 1)",PLACE,PLACE,1,pot_0,pot_0,1,1,PLACE,PLACE,PLACE,pot_0,pot_0,pot_0,0,0,serve
post_none,7005,392,393,interact,COOK_START,COOK_START,1,pot_0,pot_0,1,1,COOK_START,COOK_START,COOK_START,pot_0,pot_0,pot_0,0,0,serve
post_none,7005,393,394,"(-1, 0)",FETCH,GET_DISH,0,onion_0,onion_0,1,0,GET_DISH,FETCH,GET_DISH,onion_0,onion_0,onion_0,1,0,cook
post_none,7005,395,396,"(0, 1)",PLACE,PLACE,1,pot_1,pot_1,1,1,PLACE,PLACE,PLACE,pot_1,pot_1,pot_1,0,0,serve
post_none,7005,401,402,"(1, 0)",FETCH,FETCH,1,onion_1,onion_1,1,1,FETCH,FETCH,FETCH,onion_1,onion_1,onion_1,0,0,serve
post_none,7005,403,404,"(0, 1)",PLACE,PLACE,1,pot_1,pot_1,1,1,PLACE,PLACE,PLACE,pot_1,pot_1,pot_1,0,0,serve
post_none,7005,407,408,"(1, 0)",FETCH,FETCH,1,onion_1,onion_1,1,1,FETCH,FETCH,FETCH,onion_1,onion_1,onion_1,0,0,serve
post_none,7005,409,410,"(0, 1)",PLACE,PLACE,1,pot_1,pot_1,1,1,PLACE,PLACE,PLACE,pot_1,pot_1,pot_1,0,0,serve
post_none,7005,413,414,interact,COOK_START,COOK_START,1,pot_1,pot_1,1,1,COOK_START,COOK_START,COOK_START,pot_1,pot_1,pot_1,0,0,serve
post_none,7005,414,415,"(0, 0)",GET_DISH,GET_DISH,1,dish_0,dish_0,1,1,GET_DISH,GET_DISH,GET_DISH,dish_0,dish_0,dish_0,0,0,cook
post_none,7005,420,421,"(1, 0)",PRE,PRE,1,pot_1,pot_0,0,0,PRE,PRE,PRE,pot_0,pot_0,pot_0,0,0,dynamic
post_none,7005,433,434,"(1, 0)",PICKUP,PICKUP,1,pot_1,pot_1,1,1,PICKUP,PICKUP,PICKUP,pot_1,pot_1,pot_1,0,0,cook
post_none,7005,436,437,"(0, 1)",DELIVER,DELIVER,1,serve_0,serve_0,1,1,DELIVER,DELIVER,DELIVER,serve_0,serve_0,serve_0,0,0,cook
post_none,7005,438,439,"(0, -1)",FETCH,FETCH,1,onion_1,onion_1,1,1,FETCH,FETCH,FETCH,onion_1,onion_1,onion_1,0,0,serve
post_none,7005,441,442,"(0, 1)",PLACE,PLACE,1,pot_1,pot_0,0,0,PLACE,PLACE,PLACE,pot_0,pot_0,pot_0,0,0,serve
post_none,7005,452,453,"(1, 0)",FETCH,FETCH,1,onion_1,onion_1,1,1,FETCH,FETCH,FETCH,onion_1,onion_1,onion_1,0,0,serve
post_none,7005,454,455,"(-1, 0)",PLACE,PLACE,1,pot_1,pot_1,1,1,PLACE,PLACE,PLACE,pot_1,pot_1,pot_1,0,0,serve
post_none,7005,458,459,"(1, 0)",FETCH,FETCH,1,onion_1,onion_1,1,1,FETCH,FETCH,FETCH,onion_1,onion_1,onion_1,0,0,serve
post_none,7005,460,461,"(-1, 0)",PLACE,PLACE,1,pot_1,pot_1,1,1,PLACE,PLACE,PLACE,pot_1,pot_1,pot_1,0,0,serve
post_none,7005,464,465,interact,COOK_START,COOK_START,1,pot_1,pot_1,1,1,COOK_START,COOK_START,COOK_START,pot_1,pot_1,pot_1,0,0,serve
post_none,7005,465,466,"(1, 0)",FETCH,FETCH,1,onion_1,onion_1,1,1,FETCH,FETCH,FETCH,onion_1,onion_1,onion_1,0,0,serve
post_none,7005,467,468,"(0, 1)",PLACE,PLACE,1,pot_0,pot_0,1,1,PLACE,PLACE,PLACE,pot_0,pot_0,pot_0,0,0,serve
post_none,7005,480,481,"(-1, 0)",FETCH,FETCH,1,onion_0,onion_0,1,1,FETCH,FETCH,FETCH,onion_0,onion_0,onion_0,0,0,serve
post_none,7005,482,483,"(0, 1)",PLACE,PLACE,1,pot_0,pot_0,1,1,PLACE,PLACE,PLACE,pot_0,pot_0,pot_0,0,0,serve
post_none,7005,486,487,"(-1, 0)",FETCH,FETCH,1,onion_0,onion_0,1,1,FETCH,FETCH,FETCH,onion_0,onion_0,onion_0,0,0,serve
post_none,7005,488,489,"(0, 1)",PLACE,PLACE,1,pot_0,pot_0,1,1,PLACE,PLACE,PLACE,pot_0,pot_0,pot_0,0,0,serve
post_none,7005,492,493,interact,COOK_START,COOK_START,1,pot_0,pot_0,1,1,COOK_START,COOK_START,COOK_START,pot_0,pot_0,pot_0,0,0,serve
post_none,7005,493,494,"(-1, 0)",FETCH,GET_DISH,0,onion_0,dish_0,0,0,GET_DISH,GET_DISH,GET_DISH,dish_0,dish_0,dish_0,0,0,cook
post_none,7005,495,496,"(0, 1)",PLACE,PLACE,1,pot_1,pot_1,1,1,PLACE,PLACE,PLACE,pot_1,pot_1,pot_1,0,0,serve
post_none,7005,501,502,"(1, 0)",FETCH,FETCH,1,onion_1,onion_1,1,1,FETCH,FETCH,FETCH,onion_1,onion_1,onion_1,0,0,serve
post_none,7005,503,504,"(0, 1)",PLACE,PLACE,1,pot_1,pot_1,1,1,PLACE,PLACE,PLACE,pot_1,pot_1,pot_1,0,0,serve
post_none,7005,507,508,"(1, 0)",FETCH,FETCH,1,onion_1,onion_1,1,1,FETCH,FETCH,FETCH,onion_1,onion_1,onion_1,0,0,serve
post_none,7005,509,510,"(0, 1)",PLACE,PLACE,1,pot_1,pot_1,1,1,PLACE,PLACE,PLACE,pot_1,pot_1,pot_1,0,0,serve
post_none,7005,513,514,interact,COOK_START,COOK_START,1,pot_1,pot_1,1,1,COOK_START,COOK_START,COOK_START,pot_1,pot_1,pot_1,0,0,serve
post_none,7005,514,515,"(0, 0)",GET_DISH,GET_DISH,1,dish_0,dish_0,1,1,GET_DISH,GET_DISH,GET_DISH,dish_0,dish_0,dish_0,0,0,cook
post_none,7005,520,521,"(1, 0)",PRE,PRE,1,pot_1,pot_0,0,0,PRE,PRE,PRE,pot_0,dish_0,pot_0,0,1,dynamic
post_none,7005,533,534,"(1, 0)",PICKUP,PICKUP,1,pot_1,pot_1,1,1,PICKUP,PICKUP,PICKUP,pot_1,pot_1,pot_1,0,0,cook
post_none,7005,536,537,"(0, 1)",DELIVER,DELIVER,1,serve_0,serve_0,1,1,DELIVER,DELIVER,DELIVER,serve_0,serve_0,serve_0,0,0,cook
post_none,7005,538,539,"(0, -1)",FETCH,FETCH,1,onion_1,onion_1,1,1,FETCH,FETCH,FETCH,onion_1,onion_1,onion_1,0,0,serve
post_none,7005,541,542,"(0, 1)",PLACE,PLACE,1,pot_1,pot_0,0,0,PLACE,PLACE,PLACE,pot_0,pot_0,pot_0,0,0,serve
post_none,7005,552,553,"(1, 0)",FETCH,FETCH,1,onion_1,onion_1,1,1,FETCH,FETCH,FETCH,onion_1,onion_1,onion_1,0,0,serve
post_none,7005,554,555,"(-1, 0)",PLACE,PLACE,1,pot_1,pot_1,1,1,PLACE,PLACE,PLACE,pot_1,pot_1,pot_1,0,0,serve
post_none,7005,558,559,"(1, 0)",FETCH,FETCH,1,onion_1,onion_1,1,1,FETCH,FETCH,FETCH,onion_1,onion_1,onion_1,0,0,serve
post_none,7005,560,561,"(-1, 0)",PLACE,PLACE,1,pot_1,pot_1,1,1,PLACE,PLACE,PLACE,pot_1,pot_1,pot_1,0,0,serve
post_none,7005,564,565,interact,COOK_START,COOK_START,1,pot_1,pot_1,1,1,COOK_START,COOK_START,COOK_START,pot_1,pot_1,pot_1,0,0,serve
post_none,7005,565,566,"(1, 0)",FETCH,FETCH,1,onion_1,onion_1,1,1,FETCH,FETCH,FETCH,onion_1,onion_1,onion_1,0,0,serve
post_none,7005,567,568,"(0, 1)",PLACE,PLACE,1,pot_0,pot_0,1,1,PLACE,PLACE,PLACE,pot_0,pot_0,pot_0,0,0,serve
post_none,7005,580,581,"(-1, 0)",FETCH,GET_DISH,0,onion_0,dish_0,0,0,GET_DISH,GET_DISH,GET_DISH,dish_0,dish_0,dish_0,0,0,cook
post_none,7005,582,583,"(0, 1)",PLACE,PLACE,1,pot_0,pot_0,1,1,PLACE,PLACE,PLACE,pot_0,pot_0,pot_0,0,0,serve
post_none,7005,586,587,"(-1, 0)",FETCH,FETCH,1,onion_0,onion_0,1,1,FETCH,FETCH,FETCH,onion_0,onion_0,onion_0,0,0,serve
post_none,7005,588,589,"(0, 1)",PLACE,PLACE,1,pot_0,pot_0,1,1,PLACE,PLACE,PLACE,pot_0,pot_0,pot_0,0,0,serve
post_none,7005,592,593,interact,COOK_START,COOK_START,1,pot_0,pot_0,1,1,COOK_START,COOK_START,COOK_START,pot_0,pot_0,pot_0,0,0,serve
post_none,7005,593,594,"(-1, 0)",FETCH,GET_DISH,0,onion_0,dish_0,0,0,GET_DISH,GET_DISH,GET_DISH,dish_0,dish_0,dish_0,0,0,cook
post_none,7005,595,596,"(0, 1)",PLACE,PLACE,1,pot_1,pot_1,1,1,PLACE,PLACE,PLACE,pot_1,pot_1,pot_1,0,0,serve
post_none,7005,601,602,"(1, 0)",FETCH,FETCH,1,onion_1,onion_1,1,1,FETCH,FETCH,FETCH,onion_1,onion_1,onion_1,0,0,serve
post_none,7005,603,604,"(0, 1)",PLACE,PLACE,1,pot_1,pot_1,1,1,PLACE,PLACE,PLACE,pot_1,pot_1,pot_1,0,0,serve
post_none,7005,607,608,"(1, 0)",FETCH,FETCH,1,onion_1,onion_1,1,1,FETCH,FETCH,FETCH,onion_1,onion_1,onion_1,0,0,serve
post_none,7005,609,610,"(0, 1)",PLACE,PLACE,1,pot_1,pot_1,1,1,PLACE,PLACE,PLACE,pot_1,pot_1,pot_1,0,0,serve
post_none,7005,613,614,interact,COOK_START,COOK_START,1,pot_1,pot_1,1,1,COOK_START,COOK_START,COOK_START,pot_1,pot_1,pot_1,0,0,serve
post_none,7005,614,615,"(0, 0)",GET_DISH,GET_DISH,1,dish_0,dish_0,1,1,GET_DISH,GET_DISH,GET_DISH,dish_0,dish_0,dish_0,0,0,cook
post_none,7005,620,621,"(1, 0)",PRE,PRE,1,pot_1,dish_0,0,0,PRE,PRE,PRE,pot_0,dish_0,dish_0,0,1,dynamic
post_none,7005,633,634,"(1, 0)",PICKUP,PICKUP,1,pot_1,pot_1,1,1,PICKUP,PICKUP,PICKUP,pot_1,pot_1,pot_1,0,0,cook
post_none,7005,636,637,"(0, 1)",DELIVER,DELIVER,1,serve_0,serve_0,1,1,DELIVER,DELIVER,DELIVER,serve_0,serve_0,serve_0,0,0,cook
post_none,7005,638,639,"(0, -1)",FETCH,FETCH,1,onion_1,onion_1,1,1,FETCH,FETCH,FETCH,onion_1,onion_1,onion_1,0,0,serve
post_none,7005,641,642,"(0, 1)",PLACE,PLACE,1,pot_1,pot_1,1,1,PLACE,PLACE,PLACE,pot_1,pot_1,pot_1,0,0,serve
post_none,7005,645,646,"(1, 0)",FETCH,FETCH,1,onion_1,onion_1,1,1,FETCH,FETCH,FETCH,onion_1,onion_1,onion_1,0,0,serve
post_none,7005,647,648,"(-1, 0)",PLACE,PLACE,1,pot_1,pot_1,1,1,PLACE,PLACE,PLACE,pot_1,pot_1,pot_1,0,0,serve
post_none,7005,651,652,"(1, 0)",FETCH,FETCH,1,onion_1,onion_1,1,1,FETCH,FETCH,FETCH,onion_1,onion_1,onion_1,0,0,serve
post_none,7005,653,654,"(-1, 0)",PLACE,PLACE,1,pot_1,pot_1,1,1,PLACE,PLACE,PLACE,pot_1,pot_1,pot_1,0,0,serve
post_none,7005,657,658,interact,COOK_START,COOK_START,1,pot_1,pot_1,1,1,COOK_START,COOK_START,COOK_START,pot_1,pot_1,pot_1,0,0,serve
post_none,7005,658,659,"(1, 0)",FETCH,FETCH,1,onion_1,onion_1,1,1,FETCH,FETCH,FETCH,onion_1,onion_1,onion_1,0,0,serve
post_none,7005,660,661,"(0, 1)",PLACE,PLACE,1,pot_0,pot_0,1,1,PLACE,PLACE,PLACE,pot_0,pot_0,pot_0,0,0,serve
post_none,7005,673,674,interact,COOK_START,COOK_START,1,pot_0,pot_0,1,1,COOK_START,COOK_START,COOK_START,pot_0,pot_0,pot_0,0,0,serve
post_none,7005,674,675,"(1, 0)",HOLD,HOLD,1,none,none,1,1,HOLD,HOLD,HOLD,none,none,none,0,0,dynamic
post_none,7005,680,681,"(-1, 0)",FETCH,GET_DISH,0,onion_0,dish_0,0,0,GET_DISH,GET_DISH,GET_DISH,dish_0,dish_0,dish_0,0,0,cook
post_none,7005,683,684,"(0, 1)",PLACE,PLACE,1,pot_1,pot_0,0,0,PLACE,PLACE,PLACE,pot_0,pot_0,pot_0,0,0,serve
post_none,7005,692,693,"(1, 0)",FETCH,FETCH,1,onion_1,onion_1,1,1,FETCH,FETCH,FETCH,onion_1,onion_1,onion_1,0,0,serve
post_none,7005,694,695,"(0, 1)",PLACE,PLACE,1,pot_1,pot_1,1,1,PLACE,PLACE,PLACE,pot_1,pot_1,pot_1,0,0,serve
post_none,7005,698,699,"(1, 0)",FETCH,FETCH,1,onion_1,onion_1,1,1,FETCH,FETCH,FETCH,onion_1,onion_1,onion_1,0,0,serve
post_none,7006,0,1,"(0, 0)",FETCH,FETCH,1,onion_0,onion_0,1,1,FETCH,FETCH,FETCH,onion_0,onion_0,onion_0,0,0,serve
post_none,7006,3,4,"(0, 1)",PLACE,PLACE,1,pot_0,pot_0,1,1,PLACE,PLACE,PLACE,pot_0,pot_0,pot_0,0,0,serve
post_none,7006,7,8,"(-1, 0)",FETCH,FETCH,1,onion_0,onion_0,1,1,FETCH,FETCH,FETCH,onion_0,onion_0,onion_0,0,0,serve
post_none,7006,9,10,"(0, 1)",PLACE,PLACE,1,pot_0,pot_0,1,1,PLACE,PLACE,PLACE,pot_0,pot_0,pot_0,0,0,serve
post_none,7006,13,14,"(-1, 0)",FETCH,FETCH,1,onion_0,onion_0,1,1,FETCH,FETCH,FETCH,onion_0,onion_0,onion_0,0,0,serve
post_none,7006,15,16,"(0, 1)",PLACE,PLACE,1,pot_0,pot_0,1,1,PLACE,PLACE,PLACE,pot_0,pot_0,pot_0,0,0,serve
post_none,7006,19,20,interact,COOK_START,COOK_START,1,pot_0,pot_0,1,1,COOK_START,COOK_START,COOK_START,pot_0,pot_0,pot_0,0,0,serve
post_none,7006,20,21,"(-1, 0)",FETCH,FETCH,1,onion_0,onion_0,1,1,FETCH,FETCH,FETCH,onion_0,onion_0,onion_0,0,0,serve
post_none,7006,22,23,"(0, 1)",PLACE,PLACE,1,pot_1,pot_1,1,1,PLACE,PLACE,PLACE,pot_1,pot_1,pot_1,0,0,serve
post_none,7006,28,29,"(1, 0)",FETCH,FETCH,1,onion_1,onion_1,1,1,FETCH,FETCH,FETCH,onion_1,onion_1,onion_1,0,0,serve
post_none,7006,30,31,"(0, 1)",PLACE,PLACE,1,pot_1,pot_1,1,1,PLACE,PLACE,PLACE,pot_1,pot_1,pot_1,0,0,serve
post_none,7006,34,35,"(1, 0)",FETCH,FETCH,1,onion_1,onion_1,1,1,FETCH,FETCH,FETCH,onion_1,onion_1,onion_1,0,0,serve
post_none,7006,36,37,"(0, 1)",PLACE,PLACE,1,pot_1,pot_1,1,1,PLACE,PLACE,PLACE,pot_1,pot_1,pot_1,0,0,serve
post_none,7006,40,41,interact,COOK_START,COOK_START,1,pot_1,pot_1,1,1,COOK_START,COOK_START,COOK_START,pot_1,pot_1,pot_1,0,0,serve
post_none,7006,41,42,"(0, 0)",GET_DISH,GET_DISH,1,dish_0,dish_0,1,1,GET_DISH,GET_DISH,GET_DISH,dish_0,dish_0,dish_0,0,0,cook
post_none,7006,47,48,"(1, 0)",PRE,PRE,1,pot_1,none,0,0,PRE,PRE,PRE,none,pot_1,none,0,1,dynamic
post_none,7006,60,61,"(1, 0)",PICKUP,PICKUP,1,pot_1,pot_1,1,1,PICKUP,PICKUP,PICKUP,pot_1,pot_1,pot_1,0,0,cook
post_none,7006,63,64,"(0, 1)",DELIVER,DELIVER,1,serve_0,serve_0,1,1,DELIVER,DELIVER,DELIVER,serve_0,serve_0,serve_0,0,0,cook
post_none,7006,65,66,"(0, -1)",FETCH,FETCH,1,onion_1,onion_1,1,1,FETCH,FETCH,FETCH,onion_1,onion_1,onion_1,0,0,serve
post_none,7006,68,69,"(0, 1)",PLACE,PLACE,1,pot_1,pot_1,1,1,PLACE,PLACE,PLACE,pot_1,pot_1,pot_1,0,0,serve
post_none,7006,72,73,"(1, 0)",FETCH,FETCH,1,onion_1,onion_1,1,1,FETCH,FETCH,FETCH,onion_1,onion_1,onion_1,0,0,serve
post_none,7006,74,75,"(-1, 0)",PLACE,PLACE,1,pot_1,pot_1,1,1,PLACE,PLACE,PLACE,pot_1,pot_1,pot_1,0,0,serve
post_none,7006,78,79,"(1, 0)",FETCH,FETCH,1,onion_1,onion_1,1,1,FETCH,FETCH,FETCH,onion_1,onion_1,onion_1,0,0,serve
post_none,7006,80,81,"(-1, 0)",PLACE,PLACE,1,pot_1,pot_1,1,1,PLACE,PLACE,PLACE,pot_1,pot_1,pot_1,0,0,serve
post_none,7006,84,85,interact,COOK_START,COOK_START,1,pot_1,pot_1,1,1,COOK_START,COOK_START,COOK_START,pot_1,pot_1,pot_1,0,0,serve
post_none,7006,85,86,"(1, 0)",FETCH,FETCH,1,onion_1,onion_1,1,1,FETCH,FETCH,FETCH,onion_1,onion_1,onion_1,0,0,serve
post_none,7006,87,88,"(0, 1)",PLACE,PLACE,1,pot_0,pot_0,1,1,PLACE,PLACE,PLACE,pot_0,pot_0,pot_0,0,0,serve
post_none,7006,100,101,interact,COOK_START,COOK_START,1,pot_0,pot_0,1,1,COOK_START,COOK_START,COOK_START,pot_0,pot_0,pot_0,0,0,serve
post_none,7006,101,102,"(1, 0)",HOLD,HOLD,1,none,none,1,1,HOLD,HOLD,HOLD,none,none,none,0,0,dynamic
post_none,7006,107,108,"(-1, 0)",FETCH,GET_DISH,0,onion_0,dish_0,0,0,GET_DISH,GET_DISH,GET_DISH,dish_0,dish_0,dish_0,0,0,cook
post_none,7006,110,111,"(0, 1)",PLACE,PLACE,1,pot_1,pot_0,0,0,PLACE,PLACE,PLACE,pot_0,pot_0,pot_0,0,0,serve
post_none,7006,119,120,"(1, 0)",FETCH,FETCH,1,onion_1,onion_1,1,1,FETCH,FETCH,FETCH,onion_1,onion_1,onion_1,0,0,serve
post_none,7006,121,122,"(0, 1)",PLACE,PLACE,1,pot_1,pot_1,1,1,PLACE,PLACE,PLACE,pot_1,pot_1,pot_1,0,0,serve
post_none,7006,125,126,"(1, 0)",FETCH,FETCH,1,onion_1,onion_1,1,1,FETCH,FETCH,FETCH,onion_1,onion_1,onion_1,0,0,serve
post_none,7006,127,128,"(0, 1)",PLACE,PLACE,1,pot_1,pot_1,1,1,PLACE,PLACE,PLACE,pot_1,pot_1,pot_1,0,0,serve
post_none,7006,133,134,interact,COOK_START,COOK_START,1,pot_1,pot_1,1,1,COOK_START,COOK_START,COOK_START,pot_1,pot_1,pot_1,0,0,serve
post_none,7006,134,135,"(1, 0)",FETCH,FETCH,1,onion_1,onion_1,1,1,FETCH,FETCH,FETCH,onion_1,onion_1,onion_1,0,0,serve
post_none,7006,136,137,"(0, 1)",PLACE,PLACE,1,pot_0,pot_0,1,1,PLACE,PLACE,PLACE,pot_0,pot_0,pot_0,0,0,serve
post_none,7006,146,147,"(-1, 0)",FETCH,FETCH,1,onion_0,onion_0,1,1,FETCH,FETCH,FETCH,onion_0,onion_0,onion_0,0,0,serve
post_none,7006,148,149,"(0, 1)",PLACE,PLACE,1,pot_0,pot_0,1,1,PLACE,PLACE,PLACE,pot_0,pot_0,pot_0,0,0,serve
post_none,7006,152,153,"(-1, 0)",FETCH,FETCH,1,onion_0,onion_0,1,1,FETCH,FETCH,FETCH,onion_0,onion_0,onion_0,0,0,serve
post_none,7006,154,155,"(0, 1)",PLACE,PLACE,1,pot_0,pot_0,1,1,PLACE,PLACE,PLACE,pot_0,pot_0,pot_0,0,0,serve
post_none,7006,158,159,interact,COOK_START,COOK_START,1,pot_0,pot_0,1,1,COOK_START,COOK_START,COOK_START,pot_0,pot_0,pot_0,0,0,serve
post_none,7006,159,160,"(-1, 0)",FETCH,FETCH,1,onion_0,onion_0,1,1,FETCH,FETCH,FETCH,onion_0,onion_0,onion_0,0,0,serve
post_none,7006,161,162,"(0, 1)",PLACE,PLACE,1,pot_1,pot_1,1,1,PLACE,PLACE,PLACE,pot_1,pot_1,pot_1,0,0,serve
post_none,7006,167,168,"(1, 0)",FETCH,FETCH,1,onion_1,onion_1,1,1,FETCH,FETCH,FETCH,onion_1,onion_1,onion_1,0,0,serve
post_none,7006,169,170,"(0, 1)",PLACE,PLACE,1,pot_1,pot_1,1,1,PLACE,PLACE,PLACE,pot_1,pot_1,pot_1,0,0,serve
post_none,7006,173,174,"(1, 0)",FETCH,FETCH,1,onion_1,onion_1,1,1,FETCH,FETCH,FETCH,onion_1,onion_1,onion_1,0,0,serve
post_none,7006,175,176,"(0, 1)",PLACE,PLACE,1,pot_1,pot_1,1,1,PLACE,PLACE,PLACE,pot_1,pot_1,pot_1,0,0,serve
post_none,7006,179,180,interact,COOK_START,COOK_START,1,pot_1,pot_1,1,1,COOK_START,COOK_START,COOK_START,pot_1,pot_1,pot_1,0,0,serve
post_none,7006,180,181,"(0, 0)",GET_DISH,GET_DISH,1,dish_0,dish_0,1,1,GET_DISH,GET_DISH,GET_DISH,dish_0,dish_0,dish_0,0,0,cook
post_none,7006,186,187,"(1, 0)",PRE,PRE,1,pot_1,none,0,0,PRE,PRE,PRE,none,pot_1,none,0,1,dynamic
post_none,7006,199,200,"(1, 0)",PICKUP,PICKUP,1,pot_1,pot_1,1,1,PICKUP,PICKUP,PICKUP,pot_1,pot_1,pot_1,0,0,cook
post_none,7006,202,203,"(0, 1)",DELIVER,DELIVER,1,serve_0,serve_0,1,1,DELIVER,DELIVER,DELIVER,serve_0,serve_0,serve_0,0,0,cook
post_none,7006,204,205,"(0, -1)",FETCH,FETCH,1,onion_1,onion_1,1,1,FETCH,FETCH,FETCH,onion_1,onion_1,onion_1,0,0,serve
post_none,7006,207,208,"(0, 1)",PLACE,PLACE,1,pot_1,pot_1,1,1,PLACE,PLACE,PLACE,pot_1,pot_1,pot_1,0,0,serve
post_none,7006,218,219,"(1, 0)",FETCH,FETCH,1,onion_1,onion_1,1,1,FETCH,FETCH,FETCH,onion_1,onion_1,onion_1,0,0,serve
post_none,7006,220,221,"(-1, 0)",PLACE,PLACE,1,pot_1,pot_1,1,1,PLACE,PLACE,PLACE,pot_1,pot_1,pot_1,0,0,serve
post_none,7006,224,225,"(1, 0)",FETCH,FETCH,1,onion_1,onion_1,1,1,FETCH,FETCH,FETCH,onion_1,onion_1,onion_1,0,0,serve
post_none,7006,226,227,"(-1, 0)",PLACE,PLACE,1,pot_1,pot_1,1,1,PLACE,PLACE,PLACE,pot_1,pot_1,pot_1,0,0,serve
post_none,7006,230,231,interact,COOK_START,COOK_START,1,pot_1,pot_1,1,1,COOK_START,COOK_START,COOK_START,pot_1,pot_1,pot_1,0,0,serve
post_none,7006,231,232,"(1, 0)",FETCH,FETCH,1,onion_1,onion_1,1,1,FETCH,FETCH,FETCH,onion_1,onion_1,onion_1,0,0,serve
post_none,7006,233,234,"(0, 1)",PLACE,PLACE,1,pot_0,pot_0,1,1,PLACE,PLACE,PLACE,pot_0,pot_0,pot_0,0,0,serve
post_none,7006,246,247,"(-1, 0)",FETCH,FETCH,1,onion_0,onion_0,1,1,FETCH,FETCH,FETCH,onion_0,onion_0,onion_0,0,0,serve
post_none,7006,248,249,"(0, 1)",PLACE,PLACE,1,pot_0,pot_0,1,1,PLACE,PLACE,PLACE,pot_0,pot_0,pot_0,0,0,serve
post_none,7006,252,253,"(-1, 0)",FETCH,FETCH,1,onion_0,onion_0,1,1,FETCH,FETCH,FETCH,onion_0,onion_0,onion_0,0,0,serve
post_none,7006,254,255,"(0, 1)",PLACE,PLACE,1,pot_0,pot_0,1,1,PLACE,PLACE,PLACE,pot_0,pot_0,pot_0,0,0,serve
post_none,7006,258,259,interact,COOK_START,COOK_START,1,pot_0,pot_0,1,1,COOK_START,COOK_START,COOK_START,pot_0,pot_0,pot_0,0,0,serve
post_none,7006,259,260,"(-1, 0)",FETCH,FETCH,1,onion_0,onion_0,1,1,FETCH,FETCH,FETCH,onion_0,onion_0,onion_0,0,0,serve
post_none,7006,261,262,"(0, 1)",PLACE,PLACE,1,pot_1,pot_1,1,1,PLACE,PLACE,PLACE,pot_1,pot_1,pot_1,0,0,serve
post_none,7006,267,268,"(1, 0)",FETCH,FETCH,1,onion_1,onion_1,1,1,FETCH,FETCH,FETCH,onion_1,onion_1,onion_1,0,0,serve
post_none,7006,269,270,"(0, 1)",PLACE,PLACE,1,pot_1,pot_1,1,1,PLACE,PLACE,PLACE,pot_1,pot_1,pot_1,0,0,serve
post_none,7006,273,274,"(1, 0)",FETCH,FETCH,1,onion_1,onion_1,1,1,FETCH,FETCH,FETCH,onion_1,onion_1,onion_1,0,0,serve
post_none,7006,275,276,"(0, 1)",PLACE,PLACE,1,pot_1,pot_1,1,1,PLACE,PLACE,PLACE,pot_1,pot_1,pot_1,0,0,serve
post_none,7006,279,280,interact,COOK_START,COOK_START,1,pot_1,pot_1,1,1,COOK_START,COOK_START,COOK_START,pot_1,pot_1,pot_1,0,0,serve
post_none,7006,280,281,"(0, 0)",GET_DISH,GET_DISH,1,dish_0,dish_0,1,1,GET_DISH,GET_DISH,GET_DISH,dish_0,dish_0,dish_0,0,0,cook
post_none,7006,286,287,"(1, 0)",PRE,PRE,1,pot_1,none,0,0,PRE,PRE,PRE,none,onion_1,none,0,1,dynamic
post_none,7006,299,300,"(1, 0)",PICKUP,PICKUP,1,pot_1,pot_1,1,1,PICKUP,PICKUP,PICKUP,pot_1,pot_1,pot_1,0,0,cook
post_none,7006,302,303,"(0, 1)",DELIVER,DELIVER,1,serve_0,serve_0,1,1,DELIVER,DELIVER,DELIVER,serve_0,serve_0,serve_0,0,0,cook
post_none,7006,304,305,"(0, -1)",FETCH,FETCH,1,onion_1,onion_1,1,1,FETCH,FETCH,FETCH,onion_1,onion_1,onion_1,0,0,serve
post_none,7006,307,308,"(0, 1)",PLACE,PLACE,1,pot_1,pot_1,1,1,PLACE,PLACE,PLACE,pot_1,pot_1,pot_1,0,0,serve
post_none,7006,311,312,"(1, 0)",FETCH,FETCH,1,onion_1,onion_1,1,1,FETCH,FETCH,FETCH,onion_1,onion_1,onion_1,0,0,serve
post_none,7006,313,314,"(-1, 0)",PLACE,PLACE,1,pot_1,pot_1,1,1,PLACE,PLACE,PLACE,pot_1,pot_1,pot_1,0,0,serve
post_none,7006,317,318,"(1, 0)",FETCH,FETCH,1,onion_1,onion_1,1,1,FETCH,FETCH,FETCH,onion_1,onion_1,onion_1,0,0,serve
post_none,7006,319,320,"(-1, 0)",PLACE,PLACE,1,pot_1,pot_1,1,1,PLACE,PLACE,PLACE,pot_1,pot_1,pot_1,0,0,serve
post_none,7006,323,324,interact,COOK_START,COOK_START,1,pot_1,pot_1,1,1,COOK_START,COOK_START,COOK_START,pot_1,pot_1,pot_1,0,0,serve
post_none,7006,324,325,"(1, 0)",FETCH,FETCH,1,onion_1,onion_1,1,1,FETCH,FETCH,FETCH,onion_1,onion_1,onion_1,0,0,serve
post_none,7006,326,327,"(0, 1)",PLACE,PLACE,1,pot_0,pot_0,1,1,PLACE,PLACE,PLACE,pot_0,pot_0,pot_0,0,0,serve
post_none,7006,339,340,interact,COOK_START,COOK_START,1,pot_0,pot_0,1,1,COOK_START,COOK_START,COOK_START,pot_0,pot_0,pot_0,0,0,serve
post_none,7006,340,341,"(1, 0)",HOLD,HOLD,1,none,none,1,1,HOLD,HOLD,HOLD,none,none,none,0,0,dynamic
post_none,7006,346,347,"(-1, 0)",FETCH,GET_DISH,0,onion_0,dish_0,0,0,GET_DISH,GET_DISH,GET_DISH,dish_0,dish_0,dish_0,0,0,cook
post_none,7006,349,350,"(0, 1)",PLACE,PLACE,1,pot_1,pot_0,0,0,PLACE,PLACE,PLACE,pot_0,pot_0,pot_0,0,0,serve
post_none,7006,358,359,"(1, 0)",FETCH,FETCH,1,onion_1,onion_1,1,1,FETCH,FETCH,FETCH,onion_1,onion_1,onion_1,0,0,serve
post_none,7006,360,361,"(0, 1)",PLACE,PLACE,1,pot_1,pot_1,1,1,PLACE,PLACE,PLACE,pot_1,pot_1,pot_1,0,0,serve
post_none,7006,364,365,"(1, 0)",FETCH,FETCH,1,onion_1,onion_1,1,1,FETCH,FETCH,FETCH,onion_1,onion_1,onion_1,0,0,serve
post_none,7006,366,367,"(0, 1)",PLACE,PLACE,1,pot_1,pot_1,1,1,PLACE,PLACE,PLACE,pot_1,pot_1,pot_1,0,0,serve
post_none,7006,372,373,interact,COOK_START,COOK_START,1,pot_1,pot_1,1,1,COOK_START,COOK_START,COOK_START,pot_1,pot_1,pot_1,0,0,serve
post_none,7006,373,374,"(1, 0)",FETCH,FETCH,1,onion_1,onion_1,1,1,FETCH,FETCH,FETCH,onion_1,onion_1,onion_1,0,0,serve
post_none,7006,375,376,"(0, 1)",PLACE,PLACE,1,pot_0,pot_0,1,1,PLACE,PLACE,PLACE,pot_0,pot_0,pot_0,0,0,serve
post_none,7006,385,386,"(-1, 0)",FETCH,FETCH,1,onion_0,onion_0,1,1,FETCH,FETCH,FETCH,onion_0,onion_0,onion_0,0,0,serve
post_none,7006,387,388,"(0, 1)",PLACE,PLACE,1,pot_0,pot_0,1,1,PLACE,PLACE,PLACE,pot_0,pot_0,pot_0,0,0,serve
post_none,7006,391,392,"(-1, 0)",FETCH,FETCH,1,onion_0,onion_0,1,1,FETCH,FETCH,FETCH,onion_0,onion_0,onion_0,0,0,serve
post_none,7006,393,394,"(0, 1)",PLACE,PLACE,1,pot_0,pot_0,1,1,PLACE,PLACE,PLACE,pot_0,pot_0,pot_0,0,0,serve
post_none,7006,397,398,interact,COOK_START,COOK_START,1,pot_0,pot_0,1,1,COOK_START,COOK_START,COOK_START,pot_0,pot_0,pot_0,0,0,serve
post_none,7006,398,399,"(-1, 0)",FETCH,GET_DISH,0,onion_0,dish_0,0,0,GET_DISH,FETCH,GET_DISH,dish_0,onion_0,dish_0,1,1,cook
post_none,7006,400,401,"(0, 1)",PLACE,PLACE,1,pot_1,pot_1,1,1,PLACE,PLACE,PLACE,pot_1,pot_1,pot_1,0,0,serve
post_none,7006,406,407,"(1, 0)",FETCH,FETCH,1,onion_1,onion_1,1,1,FETCH,FETCH,FETCH,onion_1,onion_1,onion_1,0,0,serve
post_none,7006,408,409,"(0, 1)",PLACE,PLACE,1,pot_1,pot_1,1,1,PLACE,PLACE,PLACE,pot_1,pot_1,pot_1,0,0,serve
post_none,7006,412,413,"(1, 0)",FETCH,FETCH,1,onion_1,onion_1,1,1,FETCH,FETCH,FETCH,onion_1,onion_1,onion_1,0,0,serve
post_none,7006,414,415,"(0, 1)",PLACE,PLACE,1,pot_1,pot_1,1,1,PLACE,PLACE,PLACE,pot_1,pot_1,pot_1,0,0,serve
post_none,7006,418,419,interact,COOK_START,COOK_START,1,pot_1,pot_1,1,1,COOK_START,COOK_START,COOK_START,pot_1,pot_1,pot_1,0,0,serve
post_none,7006,419,420,"(0, 0)",GET_DISH,GET_DISH,1,dish_0,dish_0,1,1,GET_DISH,GET_DISH,GET_DISH,dish_0,dish_0,dish_0,0,0,cook
post_none,7006,425,426,"(1, 0)",PRE,PRE,1,pot_1,pot_0,0,0,PRE,PRE,PRE,pot_0,pot_0,pot_0,0,0,dynamic
post_none,7006,438,439,"(1, 0)",PICKUP,PICKUP,1,pot_1,pot_1,1,1,PICKUP,PICKUP,PICKUP,pot_1,pot_1,pot_1,0,0,cook
post_none,7006,441,442,"(0, 1)",DELIVER,DELIVER,1,serve_0,serve_0,1,1,DELIVER,DELIVER,DELIVER,serve_0,serve_0,serve_0,0,0,cook
post_none,7006,443,444,"(0, -1)",FETCH,FETCH,1,onion_1,onion_1,1,1,FETCH,FETCH,FETCH,onion_1,onion_1,onion_1,0,0,serve
post_none,7006,446,447,"(0, 1)",PLACE,PLACE,1,pot_1,pot_0,0,0,PLACE,PLACE,PLACE,pot_0,pot_0,pot_0,0,0,serve
post_none,7006,457,458,"(1, 0)",FETCH,FETCH,1,onion_1,onion_1,1,1,FETCH,FETCH,FETCH,onion_1,onion_1,onion_1,0,0,serve
post_none,7006,459,460,"(-1, 0)",PLACE,PLACE,1,pot_1,pot_1,1,1,PLACE,PLACE,PLACE,pot_1,pot_1,pot_1,0,0,serve
post_none,7006,463,464,"(1, 0)",FETCH,FETCH,1,onion_1,onion_1,1,1,FETCH,FETCH,FETCH,onion_1,onion_1,onion_1,0,0,serve
post_none,7006,465,466,"(-1, 0)",PLACE,PLACE,1,pot_1,pot_1,1,1,PLACE,PLACE,PLACE,pot_1,pot_1,pot_1,0,0,serve
post_none,7006,469,470,interact,COOK_START,COOK_START,1,pot_1,pot_1,1,1,COOK_START,COOK_START,COOK_START,pot_1,pot_1,pot_1,0,0,serve
post_none,7006,470,471,"(1, 0)",FETCH,FETCH,1,onion_1,onion_1,1,1,FETCH,FETCH,FETCH,onion_1,onion_1,onion_1,0,0,serve
post_none,7006,472,473,"(0, 1)",PLACE,PLACE,1,pot_0,pot_0,1,1,PLACE,PLACE,PLACE,pot_0,pot_0,pot_0,0,0,serve
post_none,7006,485,486,"(-1, 0)",FETCH,GET_DISH,0,onion_0,onion_0,1,0,GET_DISH,FETCH,GET_DISH,onion_0,onion_0,onion_0,1,0,cook
post_none,7006,487,488,"(0, 1)",PLACE,PLACE,1,pot_0,pot_0,1,1,PLACE,PLACE,PLACE,pot_0,pot_0,pot_0,0,0,serve
post_none,7006,491,492,"(-1, 0)",FETCH,FETCH,1,onion_0,onion_0,1,1,FETCH,FETCH,FETCH,onion_0,onion_0,onion_0,0,0,serve
post_none,7006,493,494,"(0, 1)",PLACE,PLACE,1,pot_0,pot_0,1,1,PLACE,PLACE,PLACE,pot_0,pot_0,pot_0,0,0,serve
post_none,7006,497,498,interact,COOK_START,COOK_START,1,pot_0,pot_0,1,1,COOK_START,COOK_START,COOK_START,pot_0,pot_0,pot_0,0,0,serve
post_none,7006,498,499,"(-1, 0)",FETCH,GET_DISH,0,onion_0,dish_0,0,0,GET_DISH,GET_DISH,GET_DISH,dish_0,dish_0,dish_0,0,0,cook
post_none,7006,500,501,"(0, 1)",PLACE,PLACE,1,pot_1,pot_1,1,1,PLACE,PLACE,PLACE,pot_1,pot_1,pot_1,0,0,serve
post_none,7006,506,507,"(1, 0)",FETCH,FETCH,1,onion_1,onion_1,1,1,FETCH,FETCH,FETCH,onion_1,onion_1,onion_1,0,0,serve
post_none,7006,508,509,"(0, 1)",PLACE,PLACE,1,pot_1,pot_1,1,1,PLACE,PLACE,PLACE,pot_1,pot_1,pot_1,0,0,serve
post_none,7006,512,513,"(1, 0)",FETCH,FETCH,1,onion_1,onion_1,1,1,FETCH,FETCH,FETCH,onion_1,onion_1,onion_1,0,0,serve
post_none,7006,514,515,"(0, 1)",PLACE,PLACE,1,pot_1,pot_1,1,1,PLACE,PLACE,PLACE,pot_1,pot_1,pot_1,0,0,serve
post_none,7006,518,519,interact,COOK_START,COOK_START,1,pot_1,pot_1,1,1,COOK_START,COOK_START,COOK_START,pot_1,pot_1,pot_1,0,0,serve
post_none,7006,519,520,"(0, 0)",GET_DISH,GET_DISH,1,dish_0,dish_0,1,1,GET_DISH,GET_DISH,GET_DISH,dish_0,dish_0,dish_0,0,0,cook
post_none,7006,525,526,"(1, 0)",PRE,PRE,1,pot_1,pot_0,0,0,PRE,PRE,PRE,pot_0,dish_0,pot_0,0,1,dynamic
post_none,7006,538,539,"(1, 0)",PICKUP,PICKUP,1,pot_1,pot_1,1,1,PICKUP,PICKUP,PICKUP,pot_1,pot_1,pot_1,0,0,cook
post_none,7006,541,542,"(0, 1)",DELIVER,DELIVER,1,serve_0,serve_0,1,1,DELIVER,DELIVER,DELIVER,serve_0,serve_0,serve_0,0,0,cook
post_none,7006,543,544,"(0, -1)",FETCH,FETCH,1,onion_1,onion_1,1,1,FETCH,FETCH,FETCH,onion_1,onion_1,onion_1,0,0,serve
post_none,7006,546,547,"(0, 1)",PLACE,PLACE,1,pot_1,pot_0,0,0,PLACE,PLACE,PLACE,pot_0,pot_0,pot_0,0,0,serve
post_none,7006,557,558,"(1, 0)",FETCH,FETCH,1,onion_1,onion_1,1,1,FETCH,FETCH,FETCH,onion_1,onion_1,onion_1,0,0,serve
post_none,7006,559,560,"(-1, 0)",PLACE,PLACE,1,pot_1,pot_1,1,1,PLACE,PLACE,PLACE,pot_1,pot_1,pot_1,0,0,serve
post_none,7006,563,564,"(1, 0)",FETCH,FETCH,1,onion_1,onion_1,1,1,FETCH,FETCH,FETCH,onion_1,onion_1,onion_1,0,0,serve
post_none,7006,565,566,"(-1, 0)",PLACE,PLACE,1,pot_1,pot_1,1,1,PLACE,PLACE,PLACE,pot_1,pot_1,pot_1,0,0,serve
post_none,7006,569,570,interact,COOK_START,COOK_START,1,pot_1,pot_1,1,1,COOK_START,COOK_START,COOK_START,pot_1,pot_1,pot_1,0,0,serve
post_none,7006,570,571,"(1, 0)",FETCH,FETCH,1,onion_1,onion_1,1,1,FETCH,FETCH,FETCH,onion_1,onion_1,onion_1,0,0,serve
post_none,7006,572,573,"(0, 1)",PLACE,PLACE,1,pot_0,pot_0,1,1,PLACE,PLACE,PLACE,pot_0,pot_0,pot_0,0,0,serve
post_none,7006,585,586,"(-1, 0)",FETCH,GET_DISH,0,onion_0,dish_0,0,0,GET_DISH,GET_DISH,GET_DISH,dish_0,dish_0,dish_0,0,0,cook
post_none,7006,587,588,"(0, 1)",PLACE,PLACE,1,pot_0,pot_0,1,1,PLACE,PLACE,PLACE,pot_0,pot_0,pot_0,0,0,serve
post_none,7006,591,592,"(-1, 0)",FETCH,FETCH,1,onion_0,onion_0,1,1,FETCH,FETCH,FETCH,onion_0,onion_0,onion_0,0,0,serve
post_none,7006,593,594,"(0, 1)",PLACE,PLACE,1,pot_0,pot_0,1,1,PLACE,PLACE,PLACE,pot_0,pot_0,pot_0,0,0,serve
post_none,7006,597,598,interact,COOK_START,COOK_START,1,pot_0,pot_0,1,1,COOK_START,COOK_START,COOK_START,pot_0,pot_0,pot_0,0,0,serve
post_none,7006,598,599,"(-1, 0)",FETCH,GET_DISH,0,onion_0,dish_0,0,0,GET_DISH,GET_DISH,GET_DISH,dish_0,dish_0,dish_0,0,0,cook
post_none,7006,600,601,"(0, 1)",PLACE,PLACE,1,pot_1,pot_1,1,1,PLACE,PLACE,PLACE,pot_1,pot_1,pot_1,0,0,serve
post_none,7006,606,607,"(1, 0)",FETCH,FETCH,1,onion_1,onion_1,1,1,FETCH,FETCH,FETCH,onion_1,onion_1,onion_1,0,0,serve
post_none,7006,608,609,"(0, 1)",PLACE,PLACE,1,pot_1,pot_1,1,1,PLACE,PLACE,PLACE,pot_1,pot_1,pot_1,0,0,serve
post_none,7006,612,613,"(1, 0)",FETCH,FETCH,1,onion_1,onion_1,1,1,FETCH,FETCH,FETCH,onion_1,onion_1,onion_1,0,0,serve
post_none,7006,614,615,"(0, 1)",PLACE,PLACE,1,pot_1,pot_1,1,1,PLACE,PLACE,PLACE,pot_1,pot_1,pot_1,0,0,serve
post_none,7006,618,619,interact,COOK_START,COOK_START,1,pot_1,pot_1,1,1,COOK_START,COOK_START,COOK_START,pot_1,pot_1,pot_1,0,0,serve
post_none,7006,619,620,"(0, 0)",GET_DISH,GET_DISH,1,dish_0,dish_0,1,1,GET_DISH,GET_DISH,GET_DISH,dish_0,dish_0,dish_0,0,0,cook
post_none,7006,625,626,"(1, 0)",PRE,PRE,1,pot_1,dish_0,0,0,PRE,PRE,PRE,pot_0,dish_0,dish_0,0,1,dynamic
post_none,7006,638,639,"(1, 0)",PICKUP,PICKUP,1,pot_1,pot_1,1,1,PICKUP,PICKUP,PICKUP,pot_1,pot_1,pot_1,0,0,cook
post_none,7006,641,642,"(0, 1)",DELIVER,DELIVER,1,serve_0,serve_0,1,1,DELIVER,DELIVER,DELIVER,serve_0,serve_0,serve_0,0,0,cook
post_none,7006,643,644,"(0, -1)",FETCH,FETCH,1,onion_1,onion_1,1,1,FETCH,FETCH,FETCH,onion_1,onion_1,onion_1,0,0,serve
post_none,7006,646,647,"(0, 1)",PLACE,PLACE,1,pot_1,pot_0,0,0,PLACE,PLACE,PLACE,pot_0,pot_0,pot_0,0,0,serve
post_none,7006,657,658,"(1, 0)",FETCH,FETCH,1,onion_1,onion_1,1,1,FETCH,FETCH,FETCH,onion_1,onion_1,onion_1,0,0,serve
post_none,7006,659,660,"(-1, 0)",PLACE,PLACE,1,pot_1,pot_1,1,1,PLACE,PLACE,PLACE,pot_1,pot_1,pot_1,0,0,serve
post_none,7006,663,664,"(1, 0)",FETCH,FETCH,1,onion_1,onion_1,1,1,FETCH,FETCH,FETCH,onion_1,onion_1,onion_1,0,0,serve
post_none,7006,665,666,"(-1, 0)",PLACE,PLACE,1,pot_1,pot_1,1,1,PLACE,PLACE,PLACE,pot_1,pot_1,pot_1,0,0,serve
post_none,7006,669,670,interact,COOK_START,COOK_START,1,pot_1,pot_1,1,1,COOK_START,COOK_START,COOK_START,pot_1,pot_1,pot_1,0,0,serve
post_none,7006,670,671,"(1, 0)",FETCH,FETCH,1,onion_1,onion_1,1,1,FETCH,FETCH,FETCH,onion_1,onion_1,onion_1,0,0,serve
post_none,7006,672,673,"(0, 1)",PLACE,PLACE,1,pot_0,pot_0,1,1,PLACE,PLACE,PLACE,pot_0,pot_0,pot_0,0,0,serve
post_none,7006,685,686,"(-1, 0)",FETCH,GET_DISH,0,onion_0,dish_0,0,0,GET_DISH,GET_DISH,GET_DISH,dish_0,dish_0,dish_0,0,0,cook
post_none,7006,687,688,"(0, 1)",PLACE,PLACE,1,pot_0,pot_0,1,1,PLACE,PLACE,PLACE,pot_0,pot_0,pot_0,0,0,serve
post_none,7006,691,692,"(-1, 0)",FETCH,FETCH,1,onion_0,onion_0,1,1,FETCH,FETCH,FETCH,onion_0,onion_0,onion_0,0,0,serve
post_none,7006,693,694,"(0, 1)",PLACE,PLACE,1,pot_0,pot_0,1,1,PLACE,PLACE,PLACE,pot_0,pot_0,pot_0,0,0,serve
post_none,7006,697,698,interact,COOK_START,COOK_START,1,pot_0,pot_0,1,1,COOK_START,COOK_START,COOK_START,pot_0,pot_0,pot_0,0,0,serve
post_none,7006,698,699,"(-1, 0)",FETCH,GET_DISH,0,onion_0,dish_0,0,0,GET_DISH,GET_DISH,GET_DISH,dish_0,dish_0,dish_0,0,0,cook
post_none,7007,0,1,"(0, -1)",FETCH,FETCH,1,onion_0,onion_0,1,1,FETCH,FETCH,FETCH,onion_0,onion_0,onion_0,0,0,serve
post_none,7007,3,4,"(0, 1)",PLACE,PLACE,1,pot_0,pot_0,1,1,PLACE,PLACE,PLACE,pot_0,pot_0,pot_0,0,0,serve
post_none,7007,7,8,"(-1, 0)",FETCH,FETCH,1,onion_0,onion_0,1,1,FETCH,FETCH,FETCH,onion_0,onion_0,onion_0,0,0,serve
post_none,7007,9,10,"(0, 1)",PLACE,PLACE,1,pot_0,pot_0,1,1,PLACE,PLACE,PLACE,pot_0,pot_0,pot_0,0,0,serve
post_none,7007,13,14,"(-1, 0)",FETCH,FETCH,1,onion_0,onion_0,1,1,FETCH,FETCH,FETCH,onion_0,onion_0,onion_0,0,0,serve
post_none,7007,15,16,"(0, 1)",PLACE,PLACE,1,pot_0,pot_0,1,1,PLACE,PLACE,PLACE,pot_0,pot_0,pot_0,0,0,serve
post_none,7007,19,20,interact,COOK_START,COOK_START,1,pot_0,pot_0,1,1,COOK_START,COOK_START,COOK_START,pot_0,pot_0,pot_0,0,0,serve
post_none,7007,20,21,"(-1, 0)",FETCH,FETCH,1,onion_0,onion_0,1,1,FETCH,FETCH,FETCH,onion_0,onion_0,onion_0,0,0,serve
post_none,7007,22,23,"(0, 1)",PLACE,PLACE,1,pot_1,pot_1,1,1,PLACE,PLACE,PLACE,pot_1,pot_1,pot_1,0,0,serve
post_none,7007,28,29,"(1, 0)",FETCH,FETCH,1,onion_1,onion_1,1,1,FETCH,FETCH,FETCH,onion_1,onion_1,onion_1,0,0,serve
post_none,7007,30,31,"(0, 1)",PLACE,PLACE,1,pot_1,pot_1,1,1,PLACE,PLACE,PLACE,pot_1,pot_1,pot_1,0,0,serve
post_none,7007,34,35,"(1, 0)",FETCH,FETCH,1,onion_1,onion_1,1,1,FETCH,FETCH,FETCH,onion_1,onion_1,onion_1,0,0,serve
post_none,7007,36,37,"(0, 1)",PLACE,PLACE,1,pot_1,pot_1,1,1,PLACE,PLACE,PLACE,pot_1,pot_1,pot_1,0,0,serve
post_none,7007,40,41,interact,COOK_START,COOK_START,1,pot_1,pot_1,1,1,COOK_START,COOK_START,COOK_START,pot_1,pot_1,pot_1,0,0,serve
post_none,7007,41,42,"(0, 0)",GET_DISH,GET_DISH,1,dish_0,dish_0,1,1,GET_DISH,GET_DISH,GET_DISH,dish_0,dish_0,dish_0,0,0,cook
post_none,7007,47,48,"(1, 0)",PRE,PRE,1,pot_1,none,0,0,PRE,PRE,PRE,none,pot_1,none,0,1,dynamic
post_none,7007,60,61,"(1, 0)",PICKUP,PICKUP,1,pot_1,pot_1,1,1,PICKUP,PICKUP,PICKUP,pot_1,pot_1,pot_1,0,0,cook
post_none,7007,63,64,"(0, 1)",DELIVER,DELIVER,1,serve_0,serve_0,1,1,DELIVER,DELIVER,DELIVER,serve_0,serve_0,serve_0,0,0,cook
post_none,7007,65,66,"(0, -1)",FETCH,FETCH,1,onion_1,onion_1,1,1,FETCH,FETCH,FETCH,onion_1,onion_1,onion_1,0,0,serve
post_none,7007,68,69,"(0, 1)",PLACE,PLACE,1,pot_1,pot_1,1,1,PLACE,PLACE,PLACE,pot_1,pot_1,pot_1,0,0,serve
post_none,7007,72,73,"(1, 0)",FETCH,FETCH,1,onion_1,onion_1,1,1,FETCH,FETCH,FETCH,onion_1,onion_1,onion_1,0,0,serve
post_none,7007,74,75,"(-1, 0)",PLACE,PLACE,1,pot_1,pot_1,1,1,PLACE,PLACE,PLACE,pot_1,pot_1,pot_1,0,0,serve
post_none,7007,78,79,"(1, 0)",FETCH,FETCH,1,onion_1,onion_1,1,1,FETCH,FETCH,FETCH,onion_1,onion_1,onion_1,0,0,serve
post_none,7007,80,81,"(-1, 0)",PLACE,PLACE,1,pot_1,pot_1,1,1,PLACE,PLACE,PLACE,pot_1,pot_1,pot_1,0,0,serve
post_none,7007,84,85,interact,COOK_START,COOK_START,1,pot_1,pot_1,1,1,COOK_START,COOK_START,COOK_START,pot_1,pot_1,pot_1,0,0,serve
post_none,7007,85,86,"(1, 0)",FETCH,FETCH,1,onion_1,onion_1,1,1,FETCH,FETCH,FETCH,onion_1,onion_1,onion_1,0,0,serve
post_none,7007,87,88,"(0, 1)",PLACE,PLACE,1,pot_0,pot_0,1,1,PLACE,PLACE,PLACE,pot_0,pot_0,pot_0,0,0,serve
post_none,7007,100,101,interact,COOK_START,COOK_START,1,pot_0,pot_0,1,1,COOK_START,COOK_START,COOK_START,pot_0,pot_0,pot_0,0,0,serve
post_none,7007,101,102,"(1, 0)",HOLD,HOLD,1,none,none,1,1,HOLD,HOLD,HOLD,none,none,none,0,0,dynamic
post_none,7007,107,108,"(-1, 0)",FETCH,GET_DISH,0,onion_0,dish_0,0,0,GET_DISH,GET_DISH,GET_DISH,dish_0,dish_0,dish_0,0,0,cook
post_none,7007,110,111,"(0, 1)",PLACE,PLACE,1,pot_1,pot_0,0,0,PLACE,PLACE,PLACE,pot_0,pot_0,pot_0,0,0,serve
post_none,7007,119,120,"(1, 0)",FETCH,FETCH,1,onion_1,onion_1,1,1,FETCH,FETCH,FETCH,onion_1,onion_1,onion_1,0,0,serve
post_none,7007,121,122,"(0, 1)",PLACE,PLACE,1,pot_1,pot_1,1,1,PLACE,PLACE,PLACE,pot_1,pot_1,pot_1,0,0,serve
post_none,7007,125,126,"(1, 0)",FETCH,FETCH,1,onion_1,onion_1,1,1,FETCH,FETCH,FETCH,onion_1,onion_1,onion_1,0,0,serve
post_none,7007,127,128,"(0, 1)",PLACE,PLACE,1,pot_1,pot_1,1,1,PLACE,PLACE,PLACE,pot_1,pot_1,pot_1,0,0,serve
post_none,7007,133,134,interact,COOK_START,COOK_START,1,pot_1,pot_1,1,1,COOK_START,COOK_START,COOK_START,pot_1,pot_1,pot_1,0,0,serve
post_none,7007,134,135,"(1, 0)",FETCH,FETCH,1,onion_1,onion_1,1,1,FETCH,FETCH,FETCH,onion_1,onion_1,onion_1,0,0,serve
post_none,7007,136,137,"(0, 1)",PLACE,PLACE,1,pot_0,pot_0,1,1,PLACE,PLACE,PLACE,pot_0,pot_0,pot_0,0,0,serve
post_none,7007,146,147,"(-1, 0)",FETCH,FETCH,1,onion_0,onion_0,1,1,FETCH,FETCH,FETCH,onion_0,onion_0,onion_0,0,0,serve
post_none,7007,148,149,"(0, 1)",PLACE,PLACE,1,pot_0,pot_0,1,1,PLACE,PLACE,PLACE,pot_0,pot_0,pot_0,0,0,serve
post_none,7007,152,153,"(-1, 0)",FETCH,FETCH,1,onion_0,onion_0,1,1,FETCH,FETCH,FETCH,onion_0,onion_0,onion_0,0,0,serve
post_none,7007,154,155,"(0, 1)",PLACE,PLACE,1,pot_0,pot_0,1,1,PLACE,PLACE,PLACE,pot_0,pot_0,pot_0,0,0,serve
post_none,7007,158,159,interact,COOK_START,COOK_START,1,pot_0,pot_0,1,1,COOK_START,COOK_START,COOK_START,pot_0,pot_0,pot_0,0,0,serve
post_none,7007,159,160,"(-1, 0)",FETCH,FETCH,1,onion_0,onion_0,1,1,FETCH,FETCH,FETCH,onion_0,onion_0,onion_0,0,0,serve
post_none,7007,161,162,"(0, 1)",PLACE,PLACE,1,pot_1,pot_1,1,1,PLACE,PLACE,PLACE,pot_1,pot_1,pot_1,0,0,serve
post_none,7007,167,168,"(1, 0)",FETCH,FETCH,1,onion_1,onion_1,1,1,FETCH,FETCH,FETCH,onion_1,onion_1,onion_1,0,0,serve
post_none,7007,169,170,"(0, 1)",PLACE,PLACE,1,pot_1,pot_1,1,1,PLACE,PLACE,PLACE,pot_1,pot_1,pot_1,0,0,serve
post_none,7007,173,174,"(1, 0)",FETCH,FETCH,1,onion_1,onion_1,1,1,FETCH,FETCH,FETCH,onion_1,onion_1,onion_1,0,0,serve
post_none,7007,175,176,"(0, 1)",PLACE,PLACE,1,pot_1,pot_1,1,1,PLACE,PLACE,PLACE,pot_1,pot_1,pot_1,0,0,serve
post_none,7007,179,180,interact,COOK_START,COOK_START,1,pot_1,pot_1,1,1,COOK_START,COOK_START,COOK_START,pot_1,pot_1,pot_1,0,0,serve
post_none,7007,180,181,"(0, 0)",GET_DISH,GET_DISH,1,dish_0,dish_0,1,1,GET_DISH,GET_DISH,GET_DISH,dish_0,dish_0,dish_0,0,0,cook
post_none,7007,186,187,"(1, 0)",PRE,PRE,1,pot_1,none,0,0,PRE,PRE,PRE,none,pot_1,none,0,1,dynamic
post_none,7007,199,200,"(1, 0)",PICKUP,PICKUP,1,pot_1,pot_1,1,1,PICKUP,PICKUP,PICKUP,pot_1,pot_1,pot_1,0,0,cook
post_none,7007,202,203,"(0, 1)",DELIVER,DELIVER,1,serve_0,serve_0,1,1,DELIVER,DELIVER,DELIVER,serve_0,serve_0,serve_0,0,0,cook
post_none,7007,204,205,"(0, -1)",FETCH,FETCH,1,onion_1,onion_1,1,1,FETCH,FETCH,FETCH,onion_1,onion_1,onion_1,0,0,serve
post_none,7007,207,208,"(0, 1)",PLACE,PLACE,1,pot_1,pot_1,1,1,PLACE,PLACE,PLACE,pot_1,pot_1,pot_1,0,0,serve
post_none,7007,218,219,"(1, 0)",FETCH,FETCH,1,onion_1,onion_1,1,1,FETCH,FETCH,FETCH,onion_1,onion_1,onion_1,0,0,serve
post_none,7007,220,221,"(-1, 0)",PLACE,PLACE,1,pot_1,pot_1,1,1,PLACE,PLACE,PLACE,pot_1,pot_1,pot_1,0,0,serve
post_none,7007,224,225,"(1, 0)",FETCH,FETCH,1,onion_1,onion_1,1,1,FETCH,FETCH,FETCH,onion_1,onion_1,onion_1,0,0,serve
post_none,7007,226,227,"(-1, 0)",PLACE,PLACE,1,pot_1,pot_1,1,1,PLACE,PLACE,PLACE,pot_1,pot_1,pot_1,0,0,serve
post_none,7007,230,231,interact,COOK_START,COOK_START,1,pot_1,pot_1,1,1,COOK_START,COOK_START,COOK_START,pot_1,pot_1,pot_1,0,0,serve
post_none,7007,231,232,"(1, 0)",FETCH,FETCH,1,onion_1,onion_1,1,1,FETCH,FETCH,FETCH,onion_1,onion_1,onion_1,0,0,serve
post_none,7007,233,234,"(0, 1)",PLACE,PLACE,1,pot_0,pot_0,1,1,PLACE,PLACE,PLACE,pot_0,pot_0,pot_0,0,0,serve
post_none,7007,246,247,"(-1, 0)",FETCH,FETCH,1,onion_0,onion_0,1,1,FETCH,FETCH,FETCH,onion_0,onion_0,onion_0,0,0,serve
post_none,7007,248,249,"(0, 1)",PLACE,PLACE,1,pot_0,pot_0,1,1,PLACE,PLACE,PLACE,pot_0,pot_0,pot_0,0,0,serve
post_none,7007,252,253,"(-1, 0)",FETCH,FETCH,1,onion_0,onion_0,1,1,FETCH,FETCH,FETCH,onion_0,onion_0,onion_0,0,0,serve
post_none,7007,254,255,"(0, 1)",PLACE,PLACE,1,pot_0,pot_0,1,1,PLACE,PLACE,PLACE,pot_0,pot_0,pot_0,0,0,serve
post_none,7007,258,259,interact,COOK_START,COOK_START,1,pot_0,pot_0,1,1,COOK_START,COOK_START,COOK_START,pot_0,pot_0,pot_0,0,0,serve
post_none,7007,259,260,"(-1, 0)",FETCH,FETCH,1,onion_0,onion_0,1,1,FETCH,FETCH,FETCH,onion_0,onion_0,onion_0,0,0,serve
post_none,7007,261,262,"(0, 1)",PLACE,PLACE,1,pot_1,pot_1,1,1,PLACE,PLACE,PLACE,pot_1,pot_1,pot_1,0,0,serve
post_none,7007,267,268,"(1, 0)",FETCH,FETCH,1,onion_1,onion_1,1,1,FETCH,FETCH,FETCH,onion_1,onion_1,onion_1,0,0,serve
post_none,7007,269,270,"(0, 1)",PLACE,PLACE,1,pot_1,pot_1,1,1,PLACE,PLACE,PLACE,pot_1,pot_1,pot_1,0,0,serve
post_none,7007,273,274,"(1, 0)",FETCH,FETCH,1,onion_1,onion_1,1,1,FETCH,FETCH,FETCH,onion_1,onion_1,onion_1,0,0,serve
post_none,7007,275,276,"(0, 1)",PLACE,PLACE,1,pot_1,pot_1,1,1,PLACE,PLACE,PLACE,pot_1,pot_1,pot_1,0,0,serve
post_none,7007,279,280,interact,COOK_START,COOK_START,1,pot_1,pot_1,1,1,COOK_START,COOK_START,COOK_START,pot_1,pot_1,pot_1,0,0,serve
post_none,7007,280,281,"(0, 0)",GET_DISH,GET_DISH,1,dish_0,dish_0,1,1,GET_DISH,GET_DISH,GET_DISH,dish_0,dish_0,dish_0,0,0,cook
post_none,7007,286,287,"(1, 0)",PRE,PRE,1,pot_1,none,0,0,PRE,PRE,PRE,none,onion_1,none,0,1,dynamic
post_none,7007,299,300,"(1, 0)",PICKUP,PICKUP,1,pot_1,pot_1,1,1,PICKUP,PICKUP,PICKUP,pot_1,pot_1,pot_1,0,0,cook
post_none,7007,302,303,"(0, 1)",DELIVER,DELIVER,1,serve_0,serve_0,1,1,DELIVER,DELIVER,DELIVER,serve_0,serve_0,serve_0,0,0,cook
post_none,7007,304,305,"(0, -1)",FETCH,FETCH,1,onion_1,onion_1,1,1,FETCH,FETCH,FETCH,onion_1,onion_1,onion_1,0,0,serve
post_none,7007,307,308,"(0, 1)",PLACE,PLACE,1,pot_1,pot_1,1,1,PLACE,PLACE,PLACE,pot_1,pot_1,pot_1,0,0,serve
post_none,7007,311,312,"(1, 0)",FETCH,FETCH,1,onion_1,onion_1,1,1,FETCH,FETCH,FETCH,onion_1,onion_1,onion_1,0,0,serve
post_none,7007,313,314,"(-1, 0)",PLACE,PLACE,1,pot_1,pot_1,1,1,PLACE,PLACE,PLACE,pot_1,pot_1,pot_1,0,0,serve
post_none,7007,317,318,"(1, 0)",FETCH,FETCH,1,onion_1,onion_1,1,1,FETCH,FETCH,FETCH,onion_1,onion_1,onion_1,0,0,serve
post_none,7007,319,320,"(-1, 0)",PLACE,PLACE,1,pot_1,pot_1,1,1,PLACE,PLACE,PLACE,pot_1,pot_1,pot_1,0,0,serve
post_none,7007,323,324,interact,COOK_START,COOK_START,1,pot_1,pot_1,1,1,COOK_START,COOK_START,COOK_START,pot_1,pot_1,pot_1,0,0,serve
post_none,7007,324,325,"(1, 0)",FETCH,FETCH,1,onion_1,onion_1,1,1,FETCH,FETCH,FETCH,onion_1,onion_1,onion_1,0,0,serve
post_none,7007,326,327,"(0, 1)",PLACE,PLACE,1,pot_0,pot_0,1,1,PLACE,PLACE,PLACE,pot_0,pot_0,pot_0,0,0,serve
post_none,7007,339,340,interact,COOK_START,COOK_START,1,pot_0,pot_0,1,1,COOK_START,COOK_START,COOK_START,pot_0,pot_0,pot_0,0,0,serve
post_none,7007,340,341,"(1, 0)",HOLD,HOLD,1,none,none,1,1,HOLD,HOLD,HOLD,none,none,none,0,0,dynamic
post_none,7007,346,347,"(-1, 0)",FETCH,GET_DISH,0,onion_0,dish_0,0,0,GET_DISH,GET_DISH,GET_DISH,dish_0,dish_0,dish_0,0,0,cook
post_none,7007,349,350,"(0, 1)",PLACE,PLACE,1,pot_1,pot_0,0,0,PLACE,PLACE,PLACE,pot_0,pot_0,pot_0,0,0,serve
post_none,7007,358,359,"(1, 0)",FETCH,FETCH,1,onion_1,onion_1,1,1,FETCH,FETCH,FETCH,onion_1,onion_1,onion_1,0,0,serve
post_none,7007,360,361,"(0, 1)",PLACE,PLACE,1,pot_1,pot_1,1,1,PLACE,PLACE,PLACE,pot_1,pot_1,pot_1,0,0,serve
post_none,7007,364,365,"(1, 0)",FETCH,FETCH,1,onion_1,onion_1,1,1,FETCH,FETCH,FETCH,onion_1,onion_1,onion_1,0,0,serve
post_none,7007,366,367,"(0, 1)",PLACE,PLACE,1,pot_1,pot_1,1,1,PLACE,PLACE,PLACE,pot_1,pot_1,pot_1,0,0,serve
post_none,7007,372,373,interact,COOK_START,COOK_START,1,pot_1,pot_1,1,1,COOK_START,COOK_START,COOK_START,pot_1,pot_1,pot_1,0,0,serve
post_none,7007,373,374,"(1, 0)",FETCH,FETCH,1,onion_1,onion_1,1,1,FETCH,FETCH,FETCH,onion_1,onion_1,onion_1,0,0,serve
post_none,7007,375,376,"(0, 1)",PLACE,PLACE,1,pot_0,pot_0,1,1,PLACE,PLACE,PLACE,pot_0,pot_0,pot_0,0,0,serve
post_none,7007,385,386,"(-1, 0)",FETCH,FETCH,1,onion_0,onion_0,1,1,FETCH,FETCH,FETCH,onion_0,onion_0,onion_0,0,0,serve
post_none,7007,387,388,"(0, 1)",PLACE,PLACE,1,pot_0,pot_0,1,1,PLACE,PLACE,PLACE,pot_0,pot_0,pot_0,0,0,serve
post_none,7007,391,392,"(-1, 0)",FETCH,FETCH,1,onion_0,onion_0,1,1,FETCH,FETCH,FETCH,onion_0,onion_0,onion_0,0,0,serve
post_none,7007,393,394,"(0, 1)",PLACE,PLACE,1,pot_0,pot_0,1,1,PLACE,PLACE,PLACE,pot_0,pot_0,pot_0,0,0,serve
post_none,7007,397,398,interact,COOK_START,COOK_START,1,pot_0,pot_0,1,1,COOK_START,COOK_START,COOK_START,pot_0,pot_0,pot_0,0,0,serve
post_none,7007,398,399,"(-1, 0)",FETCH,GET_DISH,0,onion_0,dish_0,0,0,GET_DISH,FETCH,GET_DISH,dish_0,onion_0,dish_0,1,1,cook
post_none,7007,400,401,"(0, 1)",PLACE,PLACE,1,pot_1,pot_1,1,1,PLACE,PLACE,PLACE,pot_1,pot_1,pot_1,0,0,serve
post_none,7007,406,407,"(1, 0)",FETCH,FETCH,1,onion_1,onion_1,1,1,FETCH,FETCH,FETCH,onion_1,onion_1,onion_1,0,0,serve
post_none,7007,408,409,"(0, 1)",PLACE,PLACE,1,pot_1,pot_1,1,1,PLACE,PLACE,PLACE,pot_1,pot_1,pot_1,0,0,serve
post_none,7007,412,413,"(1, 0)",FETCH,FETCH,1,onion_1,onion_1,1,1,FETCH,FETCH,FETCH,onion_1,onion_1,onion_1,0,0,serve
post_none,7007,414,415,"(0, 1)",PLACE,PLACE,1,pot_1,pot_1,1,1,PLACE,PLACE,PLACE,pot_1,pot_1,pot_1,0,0,serve
post_none,7007,418,419,interact,COOK_START,COOK_START,1,pot_1,pot_1,1,1,COOK_START,COOK_START,COOK_START,pot_1,pot_1,pot_1,0,0,serve
post_none,7007,419,420,"(0, 0)",GET_DISH,GET_DISH,1,dish_0,dish_0,1,1,GET_DISH,GET_DISH,GET_DISH,dish_0,dish_0,dish_0,0,0,cook
post_none,7007,425,426,"(1, 0)",PRE,PRE,1,pot_1,pot_0,0,0,PRE,PRE,PRE,pot_0,pot_0,pot_0,0,0,dynamic
post_none,7007,438,439,"(1, 0)",PICKUP,PICKUP,1,pot_1,pot_1,1,1,PICKUP,PICKUP,PICKUP,pot_1,pot_1,pot_1,0,0,cook
post_none,7007,441,442,"(0, 1)",DELIVER,DELIVER,1,serve_0,serve_0,1,1,DELIVER,DELIVER,DELIVER,serve_0,serve_0,serve_0,0,0,cook
post_none,7007,443,444,"(0, -1)",FETCH,FETCH,1,onion_1,onion_1,1,1,FETCH,FETCH,FETCH,onion_1,onion_1,onion_1,0,0,serve
post_none,7007,446,447,"(0, 1)",PLACE,PLACE,1,pot_1,pot_0,0,0,PLACE,PLACE,PLACE,pot_0,pot_0,pot_0,0,0,serve
post_none,7007,457,458,"(1, 0)",FETCH,FETCH,1,onion_1,onion_1,1,1,FETCH,FETCH,FETCH,onion_1,onion_1,onion_1,0,0,serve
post_none,7007,459,460,"(-1, 0)",PLACE,PLACE,1,pot_1,pot_1,1,1,PLACE,PLACE,PLACE,pot_1,pot_1,pot_1,0,0,serve
post_none,7007,463,464,"(1, 0)",FETCH,FETCH,1,onion_1,onion_1,1,1,FETCH,FETCH,FETCH,onion_1,onion_1,onion_1,0,0,serve
post_none,7007,465,466,"(-1, 0)",PLACE,PLACE,1,pot_1,pot_1,1,1,PLACE,PLACE,PLACE,pot_1,pot_1,pot_1,0,0,serve
post_none,7007,469,470,interact,COOK_START,COOK_START,1,pot_1,pot_1,1,1,COOK_START,COOK_START,COOK_START,pot_1,pot_1,pot_1,0,0,serve
post_none,7007,470,471,"(1, 0)",FETCH,FETCH,1,onion_1,onion_1,1,1,FETCH,FETCH,FETCH,onion_1,onion_1,onion_1,0,0,serve
post_none,7007,472,473,"(0, 1)",PLACE,PLACE,1,pot_0,pot_0,1,1,PLACE,PLACE,PLACE,pot_0,pot_0,pot_0,0,0,serve
post_none,7007,485,486,"(-1, 0)",FETCH,GET_DISH,0,onion_0,onion_0,1,0,GET_DISH,FETCH,GET_DISH,onion_0,onion_0,onion_0,1,0,cook
post_none,7007,487,488,"(0, 1)",PLACE,PLACE,1,pot_0,pot_0,1,1,PLACE,PLACE,PLACE,pot_0,pot_0,pot_0,0,0,serve
post_none,7007,491,492,"(-1, 0)",FETCH,FETCH,1,onion_0,onion_0,1,1,FETCH,FETCH,FETCH,onion_0,onion_0,onion_0,0,0,serve
post_none,7007,493,494,"(0, 1)",PLACE,PLACE,1,pot_0,pot_0,1,1,PLACE,PLACE,PLACE,pot_0,pot_0,pot_0,0,0,serve
post_none,7007,497,498,interact,COOK_START,COOK_START,1,pot_0,pot_0,1,1,COOK_START,COOK_START,COOK_START,pot_0,pot_0,pot_0,0,0,serve
post_none,7007,498,499,"(-1, 0)",FETCH,GET_DISH,0,onion_0,dish_0,0,0,GET_DISH,GET_DISH,GET_DISH,dish_0,dish_0,dish_0,0,0,cook
post_none,7007,500,501,"(0, 1)",PLACE,PLACE,1,pot_1,pot_1,1,1,PLACE,PLACE,PLACE,pot_1,pot_1,pot_1,0,0,serve
post_none,7007,506,507,"(1, 0)",FETCH,FETCH,1,onion_1,onion_1,1,1,FETCH,FETCH,FETCH,onion_1,onion_1,onion_1,0,0,serve
post_none,7007,508,509,"(0, 1)",PLACE,PLACE,1,pot_1,pot_1,1,1,PLACE,PLACE,PLACE,pot_1,pot_1,pot_1,0,0,serve
post_none,7007,512,513,"(1, 0)",FETCH,FETCH,1,onion_1,onion_1,1,1,FETCH,FETCH,FETCH,onion_1,onion_1,onion_1,0,0,serve
post_none,7007,514,515,"(0, 1)",PLACE,PLACE,1,pot_1,pot_1,1,1,PLACE,PLACE,PLACE,pot_1,pot_1,pot_1,0,0,serve
post_none,7007,518,519,interact,COOK_START,COOK_START,1,pot_1,pot_1,1,1,COOK_START,COOK_START,COOK_START,pot_1,pot_1,pot_1,0,0,serve
post_none,7007,519,520,"(0, 0)",GET_DISH,GET_DISH,1,dish_0,dish_0,1,1,GET_DISH,GET_DISH,GET_DISH,dish_0,dish_0,dish_0,0,0,cook
post_none,7007,525,526,"(1, 0)",PRE,PRE,1,pot_1,pot_0,0,0,PRE,PRE,PRE,pot_0,dish_0,pot_0,0,1,dynamic
post_none,7007,538,539,"(1, 0)",PICKUP,PICKUP,1,pot_1,pot_1,1,1,PICKUP,PICKUP,PICKUP,pot_1,pot_1,pot_1,0,0,cook
post_none,7007,541,542,"(0, 1)",DELIVER,DELIVER,1,serve_0,serve_0,1,1,DELIVER,DELIVER,DELIVER,serve_0,serve_0,serve_0,0,0,cook
post_none,7007,543,544,"(0, -1)",FETCH,FETCH,1,onion_1,onion_1,1,1,FETCH,FETCH,FETCH,onion_1,onion_1,onion_1,0,0,serve
post_none,7007,546,547,"(0, 1)",PLACE,PLACE,1,pot_1,pot_0,0,0,PLACE,PLACE,PLACE,pot_0,pot_0,pot_0,0,0,serve
post_none,7007,557,558,"(1, 0)",FETCH,FETCH,1,onion_1,onion_1,1,1,FETCH,FETCH,FETCH,onion_1,onion_1,onion_1,0,0,serve
post_none,7007,559,560,"(-1, 0)",PLACE,PLACE,1,pot_1,pot_1,1,1,PLACE,PLACE,PLACE,pot_1,pot_1,pot_1,0,0,serve
post_none,7007,563,564,"(1, 0)",FETCH,FETCH,1,onion_1,onion_1,1,1,FETCH,FETCH,FETCH,onion_1,onion_1,onion_1,0,0,serve
post_none,7007,565,566,"(-1, 0)",PLACE,PLACE,1,pot_1,pot_1,1,1,PLACE,PLACE,PLACE,pot_1,pot_1,pot_1,0,0,serve
post_none,7007,569,570,interact,COOK_START,COOK_START,1,pot_1,pot_1,1,1,COOK_START,COOK_START,COOK_START,pot_1,pot_1,pot_1,0,0,serve
post_none,7007,570,571,"(1, 0)",FETCH,FETCH,1,onion_1,onion_1,1,1,FETCH,FETCH,FETCH,onion_1,onion_1,onion_1,0,0,serve
post_none,7007,572,573,"(0, 1)",PLACE,PLACE,1,pot_0,pot_0,1,1,PLACE,PLACE,PLACE,pot_0,pot_0,pot_0,0,0,serve
post_none,7007,585,586,"(-1, 0)",FETCH,GET_DISH,0,onion_0,dish_0,0,0,GET_DISH,GET_DISH,GET_DISH,dish_0,dish_0,dish_0,0,0,cook
post_none,7007,587,588,"(0, 1)",PLACE,PLACE,1,pot_0,pot_0,1,1,PLACE,PLACE,PLACE,pot_0,pot_0,pot_0,0,0,serve
post_none,7007,591,592,"(-1, 0)",FETCH,FETCH,1,onion_0,onion_0,1,1,FETCH,FETCH,FETCH,onion_0,onion_0,onion_0,0,0,serve
post_none,7007,593,594,"(0, 1)",PLACE,PLACE,1,pot_0,pot_0,1,1,PLACE,PLACE,PLACE,pot_0,pot_0,pot_0,0,0,serve
post_none,7007,597,598,interact,COOK_START,COOK_START,1,pot_0,pot_0,1,1,COOK_START,COOK_START,COOK_START,pot_0,pot_0,pot_0,0,0,serve
post_none,7007,598,599,"(-1, 0)",FETCH,GET_DISH,0,onion_0,dish_0,0,0,GET_DISH,GET_DISH,GET_DISH,dish_0,dish_0,dish_0,0,0,cook
post_none,7007,600,601,"(0, 1)",PLACE,PLACE,1,pot_1,pot_1,1,1,PLACE,PLACE,PLACE,pot_1,pot_1,pot_1,0,0,serve
post_none,7007,606,607,"(1, 0)",FETCH,FETCH,1,onion_1,onion_1,1,1,FETCH,FETCH,FETCH,onion_1,onion_1,onion_1,0,0,serve
post_none,7007,608,609,"(0, 1)",PLACE,PLACE,1,pot_1,pot_1,1,1,PLACE,PLACE,PLACE,pot_1,pot_1,pot_1,0,0,serve
post_none,7007,612,613,"(1, 0)",FETCH,FETCH,1,onion_1,onion_1,1,1,FETCH,FETCH,FETCH,onion_1,onion_1,onion_1,0,0,serve
post_none,7007,614,615,"(0, 1)",PLACE,PLACE,1,pot_1,pot_1,1,1,PLACE,PLACE,PLACE,pot_1,pot_1,pot_1,0,0,serve
post_none,7007,618,619,interact,COOK_START,COOK_START,1,pot_1,pot_1,1,1,COOK_START,COOK_START,COOK_START,pot_1,pot_1,pot_1,0,0,serve
post_none,7007,619,620,"(0, 0)",GET_DISH,GET_DISH,1,dish_0,dish_0,1,1,GET_DISH,GET_DISH,GET_DISH,dish_0,dish_0,dish_0,0,0,cook
post_none,7007,625,626,"(1, 0)",PRE,PRE,1,pot_1,dish_0,0,0,PRE,PRE,PRE,pot_0,dish_0,dish_0,0,1,dynamic
post_none,7007,638,639,"(1, 0)",PICKUP,PICKUP,1,pot_1,pot_1,1,1,PICKUP,PICKUP,PICKUP,pot_1,pot_1,pot_1,0,0,cook
post_none,7007,641,642,"(0, 1)",DELIVER,DELIVER,1,serve_0,serve_0,1,1,DELIVER,DELIVER,DELIVER,serve_0,serve_0,serve_0,0,0,cook
post_none,7007,643,644,"(0, -1)",FETCH,FETCH,1,onion_1,onion_1,1,1,FETCH,FETCH,FETCH,onion_1,onion_1,onion_1,0,0,serve
post_none,7007,646,647,"(0, 1)",PLACE,PLACE,1,pot_1,pot_0,0,0,PLACE,PLACE,PLACE,pot_0,pot_0,pot_0,0,0,serve
post_none,7007,657,658,"(1, 0)",FETCH,FETCH,1,onion_1,onion_1,1,1,FETCH,FETCH,FETCH,onion_1,onion_1,onion_1,0,0,serve
post_none,7007,659,660,"(-1, 0)",PLACE,PLACE,1,pot_1,pot_1,1,1,PLACE,PLACE,PLACE,pot_1,pot_1,pot_1,0,0,serve
post_none,7007,663,664,"(1, 0)",FETCH,FETCH,1,onion_1,onion_1,1,1,FETCH,FETCH,FETCH,onion_1,onion_1,onion_1,0,0,serve
post_none,7007,665,666,"(-1, 0)",PLACE,PLACE,1,pot_1,pot_1,1,1,PLACE,PLACE,PLACE,pot_1,pot_1,pot_1,0,0,serve
post_none,7007,669,670,interact,COOK_START,COOK_START,1,pot_1,pot_1,1,1,COOK_START,COOK_START,COOK_START,pot_1,pot_1,pot_1,0,0,serve
post_none,7007,670,671,"(1, 0)",FETCH,FETCH,1,onion_1,onion_1,1,1,FETCH,FETCH,FETCH,onion_1,onion_1,onion_1,0,0,serve
post_none,7007,672,673,"(0, 1)",PLACE,PLACE,1,pot_0,pot_0,1,1,PLACE,PLACE,PLACE,pot_0,pot_0,pot_0,0,0,serve
post_none,7007,685,686,"(-1, 0)",FETCH,GET_DISH,0,onion_0,dish_0,0,0,GET_DISH,GET_DISH,GET_DISH,dish_0,dish_0,dish_0,0,0,cook
post_none,7007,687,688,"(0, 1)",PLACE,PLACE,1,pot_0,pot_0,1,1,PLACE,PLACE,PLACE,pot_0,pot_0,pot_0,0,0,serve
post_none,7007,691,692,"(-1, 0)",FETCH,FETCH,1,onion_0,onion_0,1,1,FETCH,FETCH,FETCH,onion_0,onion_0,onion_0,0,0,serve
post_none,7007,693,694,"(0, 1)",PLACE,PLACE,1,pot_0,pot_0,1,1,PLACE,PLACE,PLACE,pot_0,pot_0,pot_0,0,0,serve
post_none,7007,697,698,interact,COOK_START,COOK_START,1,pot_0,pot_0,1,1,COOK_START,COOK_START,COOK_START,pot_0,pot_0,pot_0,0,0,serve
post_none,7007,698,699,"(-1, 0)",FETCH,GET_DISH,0,onion_0,dish_0,0,0,GET_DISH,GET_DISH,GET_DISH,dish_0,dish_0,dish_0,0,0,cook
post_none,7008,0,1,"(0, -1)",FETCH,FETCH,1,onion_0,onion_0,1,1,FETCH,FETCH,FETCH,onion_0,onion_0,onion_0,0,0,serve
post_none,7008,5,6,"(0, 1)",PLACE,PLACE,1,pot_0,pot_0,1,1,PLACE,PLACE,PLACE,pot_0,pot_0,pot_0,0,0,serve
post_none,7008,9,10,"(-1, 0)",FETCH,FETCH,1,onion_0,onion_0,1,1,FETCH,FETCH,FETCH,onion_0,onion_0,onion_0,0,0,serve
post_none,7008,11,12,"(0, 1)",PLACE,PLACE,1,pot_0,pot_0,1,1,PLACE,PLACE,PLACE,pot_0,pot_0,pot_0,0,0,serve
post_none,7008,15,16,"(-1, 0)",FETCH,FETCH,1,onion_0,onion_0,1,1,FETCH,FETCH,FETCH,onion_0,onion_0,onion_0,0,0,serve
post_none,7008,17,18,"(0, 1)",PLACE,PLACE,1,pot_0,pot_0,1,1,PLACE,PLACE,PLACE,pot_0,pot_0,pot_0,0,0,serve
post_none,7008,21,22,interact,COOK_START,COOK_START,1,pot_0,pot_0,1,1,COOK_START,COOK_START,COOK_START,pot_0,pot_0,pot_0,0,0,serve
post_none,7008,22,23,"(-1, 0)",FETCH,FETCH,1,onion_0,onion_0,1,1,FETCH,FETCH,FETCH,onion_0,onion_0,onion_0,0,0,serve
post_none,7008,24,25,"(0, 1)",PLACE,PLACE,1,pot_1,pot_1,1,1,PLACE,PLACE,PLACE,pot_1,pot_1,pot_1,0,0,serve
post_none,7008,30,31,"(1, 0)",FETCH,FETCH,1,onion_1,onion_1,1,1,FETCH,FETCH,FETCH,onion_1,onion_1,onion_1,0,0,serve
post_none,7008,32,33,"(0, 1)",PLACE,PLACE,1,pot_1,pot_1,1,1,PLACE,PLACE,PLACE,pot_1,pot_1,pot_1,0,0,serve
post_none,7008,36,37,"(1, 0)",FETCH,FETCH,1,onion_1,onion_1,1,1,FETCH,FETCH,FETCH,onion_1,onion_1,onion_1,0,0,serve
post_none,7008,38,39,"(0, 1)",PLACE,PLACE,1,pot_1,pot_1,1,1,PLACE,PLACE,PLACE,pot_1,pot_1,pot_1,0,0,serve
post_none,7008,42,43,interact,COOK_START,COOK_START,1,pot_1,pot_1,1,1,COOK_START,COOK_START,COOK_START,pot_1,pot_1,pot_1,0,0,serve
post_none,7008,43,44,"(0, 0)",GET_DISH,GET_DISH,1,dish_0,dish_0,1,1,GET_DISH,GET_DISH,GET_DISH,dish_0,dish_0,dish_0,0,0,cook
post_none,7008,49,50,"(1, 0)",PRE,PRE,1,pot_1,none,0,0,PRE,PRE,PRE,none,pot_1,none,0,1,dynamic
post_none,7008,62,63,"(1, 0)",PICKUP,PICKUP,1,pot_1,pot_1,1,1,PICKUP,PICKUP,PICKUP,pot_1,pot_1,pot_1,0,0,cook
post_none,7008,65,66,"(0, 1)",DELIVER,DELIVER,1,serve_0,serve_0,1,1,DELIVER,DELIVER,DELIVER,serve_0,serve_0,serve_0,0,0,cook
post_none,7008,67,68,"(0, -1)",FETCH,FETCH,1,onion_1,onion_1,1,1,FETCH,FETCH,FETCH,onion_1,onion_1,onion_1,0,0,serve
post_none,7008,70,71,"(0, 1)",PLACE,PLACE,1,pot_1,pot_1,1,1,PLACE,PLACE,PLACE,pot_1,pot_1,pot_1,0,0,serve
post_none,7008,74,75,"(1, 0)",FETCH,FETCH,1,onion_1,onion_1,1,1,FETCH,FETCH,FETCH,onion_1,onion_1,onion_1,0,0,serve
post_none,7008,76,77,"(-1, 0)",PLACE,PLACE,1,pot_1,pot_1,1,1,PLACE,PLACE,PLACE,pot_1,pot_1,pot_1,0,0,serve
post_none,7008,80,81,"(1, 0)",FETCH,FETCH,1,onion_1,onion_1,1,1,FETCH,FETCH,FETCH,onion_1,onion_1,onion_1,0,0,serve
post_none,7008,82,83,"(-1, 0)",PLACE,PLACE,1,pot_1,pot_1,1,1,PLACE,PLACE,PLACE,pot_1,pot_1,pot_1,0,0,serve
post_none,7008,86,87,interact,COOK_START,COOK_START,1,pot_1,pot_1,1,1,COOK_START,COOK_START,COOK_START,pot_1,pot_1,pot_1,0,0,serve
post_none,7008,87,88,"(1, 0)",FETCH,FETCH,1,onion_1,onion_1,1,1,FETCH,FETCH,FETCH,onion_1,onion_1,onion_1,0,0,serve
post_none,7008,89,90,"(0, 1)",PLACE,PLACE,1,pot_0,pot_0,1,1,PLACE,PLACE,PLACE,pot_0,pot_0,pot_0,0,0,serve
post_none,7008,102,103,interact,COOK_START,COOK_START,1,pot_0,pot_0,1,1,COOK_START,COOK_START,COOK_START,pot_0,pot_0,pot_0,0,0,serve
post_none,7008,103,104,"(1, 0)",HOLD,HOLD,1,none,none,1,1,HOLD,HOLD,HOLD,none,none,none,0,0,dynamic
post_none,7008,109,110,"(-1, 0)",FETCH,GET_DISH,0,onion_0,dish_0,0,0,GET_DISH,GET_DISH,GET_DISH,dish_0,dish_0,dish_0,0,0,cook
post_none,7008,112,113,"(0, 1)",PLACE,PLACE,1,pot_1,pot_0,0,0,PLACE,PLACE,PLACE,pot_0,pot_0,pot_0,0,0,serve
post_none,7008,121,122,"(1, 0)",FETCH,FETCH,1,onion_1,onion_1,1,1,FETCH,FETCH,FETCH,onion_1,onion_1,onion_1,0,0,serve
post_none,7008,123,124,"(0, 1)",PLACE,PLACE,1,pot_1,pot_1,1,1,PLACE,PLACE,PLACE,pot_1,pot_1,pot_1,0,0,serve
post_none,7008,127,128,"(1, 0)",FETCH,FETCH,1,onion_1,onion_1,1,1,FETCH,FETCH,FETCH,onion_1,onion_1,onion_1,0,0,serve
post_none,7008,129,130,"(0, 1)",PLACE,PLACE,1,pot_1,pot_1,1,1,PLACE,PLACE,PLACE,pot_1,pot_1,pot_1,0,0,serve
post_none,7008,135,136,interact,COOK_START,COOK_START,1,pot_1,pot_1,1,1,COOK_START,COOK_START,COOK_START,pot_1,pot_1,pot_1,0,0,serve
post_none,7008,136,137,"(1, 0)",FETCH,FETCH,1,onion_1,onion_1,1,1,FETCH,FETCH,FETCH,onion_1,onion_1,onion_1,0,0,serve
post_none,7008,138,139,"(0, 1)",PLACE,PLACE,1,pot_0,pot_0,1,1,PLACE,PLACE,PLACE,pot_0,pot_0,pot_0,0,0,serve
post_none,7008,148,149,"(-1, 0)",FETCH,FETCH,1,onion_0,onion_0,1,1,FETCH,FETCH,FETCH,onion_0,onion_0,onion_0,0,0,serve
post_none,7008,150,151,"(0, 1)",PLACE,PLACE,1,pot_0,pot_0,1,1,PLACE,PLACE,PLACE,pot_0,pot_0,pot_0,0,0,serve
post_none,7008,154,155,"(-1, 0)",FETCH,FETCH,1,onion_0,onion_0,1,1,FETCH,FETCH,FETCH,onion_0,onion_0,onion_0,0,0,serve
post_none,7008,156,157,"(0, 1)",PLACE,PLACE,1,pot_0,pot_0,1,1,PLACE,PLACE,PLACE,pot_0,pot_0,pot_0,0,0,serve
post_none,7008,160,161,interact,COOK_START,COOK_START,1,pot_0,pot_0,1,1,COOK_START,COOK_START,COOK_START,pot_0,pot_0,pot_0,0,0,serve
post_none,7008,161,162,"(-1, 0)",FETCH,FETCH,1,onion_0,onion_0,1,1,FETCH,FETCH,FETCH,onion_0,onion_0,onion_0,0,0,serve
post_none,7008,163,164,"(0, 1)",PLACE,PLACE,1,pot_1,pot_1,1,1,PLACE,PLACE,PLACE,pot_1,pot_1,pot_1,0,0,serve
post_none,7008,169,170,"(1, 0)",FETCH,FETCH,1,onion_1,onion_1,1,1,FETCH,FETCH,FETCH,onion_1,onion_1,onion_1,0,0,serve
post_none,7008,171,172,"(0, 1)",PLACE,PLACE,1,pot_1,pot_1,1,1,PLACE,PLACE,PLACE,pot_1,pot_1,pot_1,0,0,serve
post_none,7008,175,176,"(1, 0)",FETCH,FETCH,1,onion_1,onion_1,1,1,FETCH,FETCH,FETCH,onion_1,onion_1,onion_1,0,0,serve
post_none,7008,177,178,"(0, 1)",PLACE,PLACE,1,pot_1,pot_1,1,1,PLACE,PLACE,PLACE,pot_1,pot_1,pot_1,0,0,serve
post_none,7008,181,182,interact,COOK_START,COOK_START,1,pot_1,pot_1,1,1,COOK_START,COOK_START,COOK_START,pot_1,pot_1,pot_1,0,0,serve
post_none,7008,182,183,"(0, 0)",GET_DISH,GET_DISH,1,dish_0,dish_0,1,1,GET_DISH,GET_DISH,GET_DISH,dish_0,dish_0,dish_0,0,0,cook
post_none,7008,188,189,"(1, 0)",PRE,PRE,1,pot_1,none,0,0,PRE,PRE,PRE,none,pot_1,none,0,1,dynamic
post_none,7008,201,202,"(1, 0)",PICKUP,PICKUP,1,pot_1,pot_1,1,1,PICKUP,PICKUP,PICKUP,pot_1,pot_1,pot_1,0,0,cook
post_none,7008,204,205,"(0, 1)",DELIVER,DELIVER,1,serve_0,serve_0,1,1,DELIVER,DELIVER,DELIVER,serve_0,serve_0,serve_0,0,0,cook
post_none,7008,206,207,"(0, -1)",FETCH,FETCH,1,onion_1,onion_1,1,1,FETCH,FETCH,FETCH,onion_1,onion_1,onion_1,0,0,serve
post_none,7008,209,210,"(0, 1)",PLACE,PLACE,1,pot_1,pot_1,1,1,PLACE,PLACE,PLACE,pot_1,pot_1,pot_1,0,0,serve
post_none,7008,220,221,"(1, 0)",FETCH,FETCH,1,onion_1,onion_1,1,1,FETCH,FETCH,FETCH,onion_1,onion_1,onion_1,0,0,serve
post_none,7008,222,223,"(-1, 0)",PLACE,PLACE,1,pot_1,pot_1,1,1,PLACE,PLACE,PLACE,pot_1,pot_1,pot_1,0,0,serve
post_none,7008,226,227,"(1, 0)",FETCH,FETCH,1,onion_1,onion_1,1,1,FETCH,FETCH,FETCH,onion_1,onion_1,onion_1,0,0,serve
post_none,7008,228,229,"(-1, 0)",PLACE,PLACE,1,pot_1,pot_1,1,1,PLACE,PLACE,PLACE,pot_1,pot_1,pot_1,0,0,serve
post_none,7008,232,233,interact,COOK_START,COOK_START,1,pot_1,pot_1,1,1,COOK_START,COOK_START,COOK_START,pot_1,pot_1,pot_1,0,0,serve
post_none,7008,233,234,"(1, 0)",FETCH,FETCH,1,onion_1,onion_1,1,1,FETCH,FETCH,FETCH,onion_1,onion_1,onion_1,0,0,serve
post_none,7008,235,236,"(0, 1)",PLACE,PLACE,1,pot_0,pot_0,1,1,PLACE,PLACE,PLACE,pot_0,pot_0,pot_0,0,0,serve
post_none,7008,248,249,"(-1, 0)",FETCH,FETCH,1,onion_0,onion_0,1,1,FETCH,FETCH,FETCH,onion_0,onion_0,onion_0,0,0,serve
post_none,7008,250,251,"(0, 1)",PLACE,PLACE,1,pot_0,pot_0,1,1,PLACE,PLACE,PLACE,pot_0,pot_0,pot_0,0,0,serve
post_none,7008,254,255,"(-1, 0)",FETCH,FETCH,1,onion_0,onion_0,1,1,FETCH,FETCH,FETCH,onion_0,onion_0,onion_0,0,0,serve
post_none,7008,256,257,"(0, 1)",PLACE,PLACE,1,pot_0,pot_0,1,1,PLACE,PLACE,PLACE,pot_0,pot_0,pot_0,0,0,serve
post_none,7008,260,261,interact,COOK_START,COOK_START,1,pot_0,pot_0,1,1,COOK_START,COOK_START,COOK_START,pot_0,pot_0,pot_0,0,0,serve
post_none,7008,261,262,"(-1, 0)",FETCH,FETCH,1,onion_0,onion_0,1,1,FETCH,FETCH,FETCH,onion_0,onion_0,onion_0,0,0,serve
post_none,7008,263,264,"(0, 1)",PLACE,PLACE,1,pot_1,pot_1,1,1,PLACE,PLACE,PLACE,pot_1,pot_1,pot_1,0,0,serve
post_none,7008,269,270,"(1, 0)",FETCH,FETCH,1,onion_1,onion_1,1,1,FETCH,FETCH,FETCH,onion_1,onion_1,onion_1,0,0,serve
post_none,7008,271,272,"(0, 1)",PLACE,PLACE,1,pot_1,pot_1,1,1,PLACE,PLACE,PLACE,pot_1,pot_1,pot_1,0,0,serve
post_none,7008,275,276,"(1, 0)",FETCH,FETCH,1,onion_1,onion_1,1,1,FETCH,FETCH,FETCH,onion_1,onion_1,onion_1,0,0,serve
post_none,7008,277,278,"(0, 1)",PLACE,PLACE,1,pot_1,pot_1,1,1,PLACE,PLACE,PLACE,pot_1,pot_1,pot_1,0,0,serve
post_none,7008,281,282,interact,COOK_START,COOK_START,1,pot_1,pot_1,1,1,COOK_START,COOK_START,COOK_START,pot_1,pot_1,pot_1,0,0,serve
post_none,7008,282,283,"(0, 0)",GET_DISH,GET_DISH,1,dish_0,dish_0,1,1,GET_DISH,GET_DISH,GET_DISH,dish_0,dish_0,dish_0,0,0,cook
post_none,7008,288,289,"(1, 0)",PRE,PRE,1,pot_1,none,0,0,PRE,PRE,PRE,none,onion_1,none,0,1,dynamic
post_none,7008,301,302,"(1, 0)",PICKUP,PICKUP,1,pot_1,pot_1,1,1,PICKUP,PICKUP,PICKUP,pot_1,pot_1,pot_1,0,0,cook
post_none,7008,304,305,"(0, 1)",DELIVER,DELIVER,1,serve_0,serve_0,1,1,DELIVER,DELIVER,DELIVER,serve_0,serve_0,serve_0,0,0,cook
post_none,7008,306,307,"(0, -1)",FETCH,FETCH,1,onion_1,onion_1,1,1,FETCH,FETCH,FETCH,onion_1,onion_1,onion_1,0,0,serve
post_none,7008,309,310,"(0, 1)",PLACE,PLACE,1,pot_1,pot_1,1,1,PLACE,PLACE,PLACE,pot_1,pot_1,pot_1,0,0,serve
post_none,7008,313,314,"(1, 0)",FETCH,FETCH,1,onion_1,onion_1,1,1,FETCH,FETCH,FETCH,onion_1,onion_1,onion_1,0,0,serve
post_none,7008,315,316,"(-1, 0)",PLACE,PLACE,1,pot_1,pot_1,1,1,PLACE,PLACE,PLACE,pot_1,pot_1,pot_1,0,0,serve
post_none,7008,319,320,"(1, 0)",FETCH,FETCH,1,onion_1,onion_1,1,1,FETCH,FETCH,FETCH,onion_1,onion_1,onion_1,0,0,serve
post_none,7008,321,322,"(-1, 0)",PLACE,PLACE,1,pot_1,pot_1,1,1,PLACE,PLACE,PLACE,pot_1,pot_1,pot_1,0,0,serve
post_none,7008,325,326,interact,COOK_START,COOK_START,1,pot_1,pot_1,1,1,COOK_START,COOK_START,COOK_START,pot_1,pot_1,pot_1,0,0,serve
post_none,7008,326,327,"(1, 0)",FETCH,FETCH,1,onion_1,onion_1,1,1,FETCH,FETCH,FETCH,onion_1,onion_1,onion_1,0,0,serve
post_none,7008,328,329,"(0, 1)",PLACE,PLACE,1,pot_0,pot_0,1,1,PLACE,PLACE,PLACE,pot_0,pot_0,pot_0,0,0,serve
post_none,7008,341,342,interact,COOK_START,COOK_START,1,pot_0,pot_0,1,1,COOK_START,COOK_START,COOK_START,pot_0,pot_0,pot_0,0,0,serve
post_none,7008,342,343,"(1, 0)",HOLD,HOLD,1,none,none,1,1,HOLD,HOLD,HOLD,none,none,none,0,0,dynamic
post_none,7008,348,349,"(-1, 0)",FETCH,GET_DISH,0,onion_0,dish_0,0,0,GET_DISH,GET_DISH,GET_DISH,dish_0,dish_0,dish_0,0,0,cook
post_none,7008,351,352,"(0, 1)",PLACE,PLACE,1,pot_1,pot_0,0,0,PLACE,PLACE,PLACE,pot_0,pot_0,pot_0,0,0,serve
post_none,7008,360,361,"(1, 0)",FETCH,FETCH,1,onion_1,onion_1,1,1,FETCH,FETCH,FETCH,onion_1,onion_1,onion_1,0,0,serve
post_none,7008,362,363,"(0, 1)",PLACE,PLACE,1,pot_1,pot_1,1,1,PLACE,PLACE,PLACE,pot_1,pot_1,pot_1,0,0,serve
post_none,7008,366,367,"(1, 0)",FETCH,FETCH,1,onion_1,onion_1,1,1,FETCH,FETCH,FETCH,onion_1,onion_1,onion_1,0,0,serve
post_none,7008,368,369,"(0, 1)",PLACE,PLACE,1,pot_1,pot_1,1,1,PLACE,PLACE,PLACE,pot_1,pot_1,pot_1,0,0,serve
post_none,7008,374,375,interact,COOK_START,COOK_START,1,pot_1,pot_1,1,1,COOK_START,COOK_START,COOK_START,pot_1,pot_1,pot_1,0,0,serve
post_none,7008,375,376,"(1, 0)",FETCH,FETCH,1,onion_1,onion_1,1,1,FETCH,FETCH,FETCH,onion_1,onion_1,onion_1,0,0,serve
post_none,7008,377,378,"(0, 1)",PLACE,PLACE,1,pot_0,pot_0,1,1,PLACE,PLACE,PLACE,pot_0,pot_0,pot_0,0,0,serve
post_none,7008,387,388,"(-1, 0)",FETCH,FETCH,1,onion_0,onion_0,1,1,FETCH,FETCH,FETCH,onion_0,onion_0,onion_0,0,0,serve
post_none,7008,389,390,"(0, 1)",PLACE,PLACE,1,pot_0,pot_0,1,1,PLACE,PLACE,PLACE,pot_0,pot_0,pot_0,0,0,serve
post_none,7008,393,394,"(-1, 0)",FETCH,FETCH,1,onion_0,onion_0,1,1,FETCH,FETCH,FETCH,onion_0,onion_0,onion_0,0,0,serve
post_none,7008,395,396,"(0, 1)",PLACE,PLACE,1,pot_0,pot_0,1,1,PLACE,PLACE,PLACE,pot_0,pot_0,pot_0,0,0,serve
post_none,7008,399,400,interact,COOK_START,COOK_START,1,pot_0,pot_0,1,1,COOK_START,COOK_START,COOK_START,pot_0,pot_0,pot_0,0,0,serve
post_none,7008,400,401,"(-1, 0)",FETCH,GET_DISH,0,onion_0,dish_0,0,0,GET_DISH,FETCH,GET_DISH,dish_0,onion_0,dish_0,1,1,cook
post_none,7008,402,403,"(0, 1)",PLACE,PLACE,1,pot_1,pot_1,1,1,PLACE,PLACE,PLACE,pot_1,pot_1,pot_1,0,0,serve
post_none,7008,408,409,"(1, 0)",FETCH,FETCH,1,onion_1,onion_1,1,1,FETCH,FETCH,FETCH,onion_1,onion_1,onion_1,0,0,serve
post_none,7008,410,411,"(0, 1)",PLACE,PLACE,1,pot_1,pot_1,1,1,PLACE,PLACE,PLACE,pot_1,pot_1,pot_1,0,0,serve
post_none,7008,414,415,"(1, 0)",FETCH,FETCH,1,onion_1,onion_1,1,1,FETCH,FETCH,FETCH,onion_1,onion_1,onion_1,0,0,serve
post_none,7008,416,417,"(0, 1)",PLACE,PLACE,1,pot_1,pot_1,1,1,PLACE,PLACE,PLACE,pot_1,pot_1,pot_1,0,0,serve
post_none,7008,420,421,interact,COOK_START,COOK_START,1,pot_1,pot_1,1,1,COOK_START,COOK_START,COOK_START,pot_1,pot_1,pot_1,0,0,serve
post_none,7008,421,422,"(0, 0)",GET_DISH,GET_DISH,1,dish_0,dish_0,1,1,GET_DISH,GET_DISH,GET_DISH,dish_0,dish_0,dish_0,0,0,cook
post_none,7008,427,428,"(1, 0)",PRE,PRE,1,pot_1,pot_0,0,0,PRE,PRE,PRE,pot_0,pot_0,pot_0,0,0,dynamic
post_none,7008,440,441,"(1, 0)",PICKUP,PICKUP,1,pot_1,pot_1,1,1,PICKUP,PICKUP,PICKUP,pot_1,pot_1,pot_1,0,0,cook
post_none,7008,443,444,"(0, 1)",DELIVER,DELIVER,1,serve_0,serve_0,1,1,DELIVER,DELIVER,DELIVER,serve_0,serve_0,serve_0,0,0,cook
post_none,7008,445,446,"(0, -1)",FETCH,FETCH,1,onion_1,onion_1,1,1,FETCH,FETCH,FETCH,onion_1,onion_1,onion_1,0,0,serve
post_none,7008,448,449,"(0, 1)",PLACE,PLACE,1,pot_1,pot_0,0,0,PLACE,PLACE,PLACE,pot_0,pot_0,pot_0,0,0,serve
post_none,7008,459,460,"(1, 0)",FETCH,FETCH,1,onion_1,onion_1,1,1,FETCH,FETCH,FETCH,onion_1,onion_1,onion_1,0,0,serve
post_none,7008,461,462,"(-1, 0)",PLACE,PLACE,1,pot_1,pot_1,1,1,PLACE,PLACE,PLACE,pot_1,pot_1,pot_1,0,0,serve
post_none,7008,465,466,"(1, 0)",FETCH,FETCH,1,onion_1,onion_1,1,1,FETCH,FETCH,FETCH,onion_1,onion_1,onion_1,0,0,serve
post_none,7008,467,468,"(-1, 0)",PLACE,PLACE,1,pot_1,pot_1,1,1,PLACE,PLACE,PLACE,pot_1,pot_1,pot_1,0,0,serve
post_none,7008,471,472,interact,COOK_START,COOK_START,1,pot_1,pot_1,1,1,COOK_START,COOK_START,COOK_START,pot_1,pot_1,pot_1,0,0,serve
post_none,7008,472,473,"(1, 0)",FETCH,FETCH,1,onion_1,onion_1,1,1,FETCH,FETCH,FETCH,onion_1,onion_1,onion_1,0,0,serve
post_none,7008,474,475,"(0, 1)",PLACE,PLACE,1,pot_0,pot_0,1,1,PLACE,PLACE,PLACE,pot_0,pot_0,pot_0,0,0,serve
post_none,7008,487,488,"(-1, 0)",FETCH,GET_DISH,0,onion_0,onion_0,1,0,GET_DISH,FETCH,GET_DISH,onion_0,onion_0,onion_0,1,0,cook
post_none,7008,489,490,"(0, 1)",PLACE,PLACE,1,pot_0,pot_0,1,1,PLACE,PLACE,PLACE,pot_0,pot_0,pot_0,0,0,serve
post_none,7008,493,494,"(-1, 0)",FETCH,FETCH,1,onion_0,onion_0,1,1,FETCH,FETCH,FETCH,onion_0,onion_0,onion_0,0,0,serve
post_none,7008,495,496,"(0, 1)",PLACE,PLACE,1,pot_0,pot_0,1,1,PLACE,PLACE,PLACE,pot_0,pot_0,pot_0,0,0,serve
post_none,7008,499,500,interact,COOK_START,COOK_START,1,pot_0,pot_0,1,1,COOK_START,COOK_START,COOK_START,pot_0,pot_0,pot_0,0,0,serve
post_none,7008,500,501,"(-1, 0)",FETCH,GET_DISH,0,onion_0,dish_0,0,0,GET_DISH,GET_DISH,GET_DISH,dish_0,dish_0,dish_0,0,0,cook
post_none,7008,502,503,"(0, 1)",PLACE,PLACE,1,pot_1,pot_1,1,1,PLACE,PLACE,PLACE,pot_1,pot_1,pot_1,0,0,serve
post_none,7008,508,509,"(1, 0)",FETCH,FETCH,1,onion_1,onion_1,1,1,FETCH,FETCH,FETCH,onion_1,onion_1,onion_1,0,0,serve
post_none,7008,510,511,"(0, 1)",PLACE,PLACE,1,pot_1,pot_1,1,1,PLACE,PLACE,PLACE,pot_1,pot_1,pot_1,0,0,serve
post_none,7008,514,515,"(1, 0)",FETCH,FETCH,1,onion_1,onion_1,1,1,FETCH,FETCH,FETCH,onion_1,onion_1,onion_1,0,0,serve
post_none,7008,516,517,"(0, 1)",PLACE,PLACE,1,pot_1,pot_1,1,1,PLACE,PLACE,PLACE,pot_1,pot_1,pot_1,0,0,serve
post_none,7008,520,521,interact,COOK_START,COOK_START,1,pot_1,pot_1,1,1,COOK_START,COOK_START,COOK_START,pot_1,pot_1,pot_1,0,0,serve
post_none,7008,521,522,"(0, 0)",GET_DISH,GET_DISH,1,dish_0,dish_0,1,1,GET_DISH,GET_DISH,GET_DISH,dish_0,dish_0,dish_0,0,0,cook
post_none,7008,527,528,"(1, 0)",PRE,PRE,1,pot_1,pot_0,0,0,PRE,PRE,PRE,pot_0,dish_0,pot_0,0,1,dynamic
post_none,7008,540,541,"(1, 0)",PICKUP,PICKUP,1,pot_1,pot_1,1,1,PICKUP,PICKUP,PICKUP,pot_1,pot_1,pot_1,0,0,cook
post_none,7008,543,544,"(0, 1)",DELIVER,DELIVER,1,serve_0,serve_0,1,1,DELIVER,DELIVER,DELIVER,serve_0,serve_0,serve_0,0,0,cook
post_none,7008,545,546,"(0, -1)",FETCH,FETCH,1,onion_1,onion_1,1,1,FETCH,FETCH,FETCH,onion_1,onion_1,onion_1,0,0,serve
post_none,7008,548,549,"(0, 1)",PLACE,PLACE,1,pot_1,pot_0,0,0,PLACE,PLACE,PLACE,pot_0,pot_0,pot_0,0,0,serve
post_none,7008,559,560,"(1, 0)",FETCH,FETCH,1,onion_1,onion_1,1,1,FETCH,FETCH,FETCH,onion_1,onion_1,onion_1,0,0,serve
post_none,7008,561,562,"(-1, 0)",PLACE,PLACE,1,pot_1,pot_1,1,1,PLACE,PLACE,PLACE,pot_1,pot_1,pot_1,0,0,serve
post_none,7008,565,566,"(1, 0)",FETCH,FETCH,1,onion_1,onion_1,1,1,FETCH,FETCH,FETCH,onion_1,onion_1,onion_1,0,0,serve
post_none,7008,567,568,"(-1, 0)",PLACE,PLACE,1,pot_1,pot_1,1,1,PLACE,PLACE,PLACE,pot_1,pot_1,pot_1,0,0,serve
post_none,7008,571,572,interact,COOK_START,COOK_START,1,pot_1,pot_1,1,1,COOK_START,COOK_START,COOK_START,pot_1,pot_1,pot_1,0,0,serve
post_none,7008,572,573,"(1, 0)",FETCH,FETCH,1,onion_1,onion_1,1,1,FETCH,FETCH,FETCH,onion_1,onion_1,onion_1,0,0,serve
post_none,7008,574,575,"(0, 1)",PLACE,PLACE,1,pot_0,pot_0,1,1,PLACE,PLACE,PLACE,pot_0,pot_0,pot_0,0,0,serve
post_none,7008,587,588,"(-1, 0)",FETCH,GET_DISH,0,onion_0,dish_0,0,0,GET_DISH,GET_DISH,GET_DISH,dish_0,dish_0,dish_0,0,0,cook
post_none,7008,589,590,"(0, 1)",PLACE,PLACE,1,pot_0,pot_0,1,1,PLACE,PLACE,PLACE,pot_0,pot_0,pot_0,0,0,serve
post_none,7008,593,594,"(-1, 0)",FETCH,FETCH,1,onion_0,onion_0,1,1,FETCH,FETCH,FETCH,onion_0,onion_0,onion_0,0,0,serve
post_none,7008,595,596,"(0, 1)",PLACE,PLACE,1,pot_0,pot_0,1,1,PLACE,PLACE,PLACE,pot_0,pot_0,pot_0,0,0,serve
post_none,7008,599,600,interact,COOK_START,COOK_START,1,pot_0,pot_0,1,1,COOK_START,COOK_START,COOK_START,pot_0,pot_0,pot_0,0,0,serve
post_none,7008,600,601,"(-1, 0)",FETCH,GET_DISH,0,onion_0,dish_0,0,0,GET_DISH,GET_DISH,GET_DISH,dish_0,dish_0,dish_0,0,0,cook
post_none,7008,602,603,"(0, 1)",PLACE,PLACE,1,pot_1,pot_1,1,1,PLACE,PLACE,PLACE,pot_1,pot_1,pot_1,0,0,serve
post_none,7008,608,609,"(1, 0)",FETCH,FETCH,1,onion_1,onion_1,1,1,FETCH,FETCH,FETCH,onion_1,onion_1,onion_1,0,0,serve
post_none,7008,610,611,"(0, 1)",PLACE,PLACE,1,pot_1,pot_1,1,1,PLACE,PLACE,PLACE,pot_1,pot_1,pot_1,0,0,serve
post_none,7008,614,615,"(1, 0)",FETCH,FETCH,1,onion_1,onion_1,1,1,FETCH,FETCH,FETCH,onion_1,onion_1,onion_1,0,0,serve
post_none,7008,616,617,"(0, 1)",PLACE,PLACE,1,pot_1,pot_1,1,1,PLACE,PLACE,PLACE,pot_1,pot_1,pot_1,0,0,serve
post_none,7008,620,621,interact,COOK_START,COOK_START,1,pot_1,pot_1,1,1,COOK_START,COOK_START,COOK_START,pot_1,pot_1,pot_1,0,0,serve
post_none,7008,621,622,"(0, 0)",GET_DISH,GET_DISH,1,dish_0,dish_0,1,1,GET_DISH,GET_DISH,GET_DISH,dish_0,dish_0,dish_0,0,0,cook
post_none,7008,627,628,"(1, 0)",PRE,PRE,1,pot_1,dish_0,0,0,PRE,PRE,PRE,pot_0,dish_0,dish_0,0,1,dynamic
post_none,7008,640,641,"(1, 0)",PICKUP,PICKUP,1,pot_1,pot_1,1,1,PICKUP,PICKUP,PICKUP,pot_1,pot_1,pot_1,0,0,cook
post_none,7008,643,644,"(0, 1)",DELIVER,DELIVER,1,serve_0,serve_0,1,1,DELIVER,DELIVER,DELIVER,serve_0,serve_0,serve_0,0,0,cook
post_none,7008,645,646,"(0, -1)",FETCH,FETCH,1,onion_1,onion_1,1,1,FETCH,FETCH,FETCH,onion_1,onion_1,onion_1,0,0,serve
post_none,7008,648,649,"(0, 1)",PLACE,PLACE,1,pot_1,pot_0,0,0,PLACE,PLACE,PLACE,pot_0,pot_0,pot_0,0,0,serve
post_none,7008,659,660,"(1, 0)",FETCH,FETCH,1,onion_1,onion_1,1,1,FETCH,FETCH,FETCH,onion_1,onion_1,onion_1,0,0,serve
post_none,7008,661,662,"(-1, 0)",PLACE,PLACE,1,pot_1,pot_1,1,1,PLACE,PLACE,PLACE,pot_1,pot_1,pot_1,0,0,serve
post_none,7008,665,666,"(1, 0)",FETCH,FETCH,1,onion_1,onion_1,1,1,FETCH,FETCH,FETCH,onion_1,onion_1,onion_1,0,0,serve
post_none,7008,667,668,"(-1, 0)",PLACE,PLACE,1,pot_1,pot_1,1,1,PLACE,PLACE,PLACE,pot_1,pot_1,pot_1,0,0,serve
post_none,7008,671,672,interact,COOK_START,COOK_START,1,pot_1,pot_1,1,1,COOK_START,COOK_START,COOK_START,pot_1,pot_1,pot_1,0,0,serve
post_none,7008,672,673,"(1, 0)",FETCH,FETCH,1,onion_1,onion_1,1,1,FETCH,FETCH,FETCH,onion_1,onion_1,onion_1,0,0,serve
post_none,7008,674,675,"(0, 1)",PLACE,PLACE,1,pot_0,pot_0,1,1,PLACE,PLACE,PLACE,pot_0,pot_0,pot_0,0,0,serve
post_none,7008,687,688,"(-1, 0)",FETCH,GET_DISH,0,onion_0,dish_0,0,0,GET_DISH,GET_DISH,GET_DISH,dish_0,dish_0,dish_0,0,0,cook
post_none,7008,689,690,"(0, 1)",PLACE,PLACE,1,pot_0,pot_0,1,1,PLACE,PLACE,PLACE,pot_0,pot_0,pot_0,0,0,serve
post_none,7008,693,694,"(-1, 0)",FETCH,FETCH,1,onion_0,onion_0,1,1,FETCH,FETCH,FETCH,onion_0,onion_0,onion_0,0,0,serve
post_none,7008,695,696,"(0, 1)",PLACE,PLACE,1,pot_0,pot_0,1,1,PLACE,PLACE,PLACE,pot_0,pot_0,pot_0,0,0,serve
post_none,7008,699,700,interact,COOK_START,COOK_START,1,pot_0,pot_0,1,1,COOK_START,COOK_START,COOK_START,pot_0,pot_0,pot_0,0,0,serve
post_none,7009,0,1,"(0, 0)",FETCH,FETCH,1,onion_0,onion_0,1,1,FETCH,FETCH,FETCH,onion_0,onion_0,onion_0,0,0,serve
post_none,7009,4,5,"(0, 1)",PLACE,PLACE,1,pot_0,pot_0,1,1,PLACE,PLACE,PLACE,pot_0,pot_0,pot_0,0,0,serve
post_none,7009,8,9,"(-1, 0)",FETCH,FETCH,1,onion_0,onion_0,1,1,FETCH,FETCH,FETCH,onion_0,onion_0,onion_0,0,0,serve
post_none,7009,10,11,"(0, 1)",PLACE,PLACE,1,pot_0,pot_0,1,1,PLACE,PLACE,PLACE,pot_0,pot_0,pot_0,0,0,serve
post_none,7009,14,15,"(-1, 0)",FETCH,FETCH,1,onion_0,onion_0,1,1,FETCH,FETCH,FETCH,onion_0,onion_0,onion_0,0,0,serve
post_none,7009,16,17,"(0, 1)",PLACE,PLACE,1,pot_0,pot_0,1,1,PLACE,PLACE,PLACE,pot_0,pot_0,pot_0,0,0,serve
post_none,7009,20,21,interact,COOK_START,COOK_START,1,pot_0,pot_0,1,1,COOK_START,COOK_START,COOK_START,pot_0,pot_0,pot_0,0,0,serve
post_none,7009,21,22,"(-1, 0)",FETCH,FETCH,1,onion_0,onion_0,1,1,FETCH,FETCH,FETCH,onion_0,onion_0,onion_0,0,0,serve
post_none,7009,23,24,"(0, 1)",PLACE,PLACE,1,pot_1,pot_1,1,1,PLACE,PLACE,PLACE,pot_1,pot_1,pot_1,0,0,serve
post_none,7009,29,30,"(1, 0)",FETCH,FETCH,1,onion_1,onion_1,1,1,FETCH,FETCH,FETCH,onion_1,onion_1,onion_1,0,0,serve
post_none,7009,31,32,"(0, 1)",PLACE,PLACE,1,pot_1,pot_1,1,1,PLACE,PLACE,PLACE,pot_1,pot_1,pot_1,0,0,serve
post_none,7009,35,36,"(1, 0)",FETCH,FETCH,1,onion_1,onion_1,1,1,FETCH,FETCH,FETCH,onion_1,onion_1,onion_1,0,0,serve
post_none,7009,37,38,"(0, 1)",PLACE,PLACE,1,pot_1,pot_1,1,1,PLACE,PLACE,PLACE,pot_1,pot_1,pot_1,0,0,serve
post_none,7009,41,42,interact,COOK_START,COOK_START,1,pot_1,pot_1,1,1,COOK_START,COOK_START,COOK_START,pot_1,pot_1,pot_1,0,0,serve
post_none,7009,42,43,"(0, 0)",GET_DISH,GET_DISH,1,dish_0,dish_0,1,1,GET_DISH,GET_DISH,GET_DISH,dish_0,dish_0,dish_0,0,0,cook
post_none,7009,48,49,"(1, 0)",PRE,PRE,1,pot_1,none,0,0,PRE,PRE,PRE,none,pot_1,none,0,1,dynamic
post_none,7009,61,62,"(1, 0)",PICKUP,PICKUP,1,pot_1,pot_1,1,1,PICKUP,PICKUP,PICKUP,pot_1,pot_1,pot_1,0,0,cook
post_none,7009,64,65,"(0, 1)",DELIVER,DELIVER,1,serve_0,serve_0,1,1,DELIVER,DELIVER,DELIVER,serve_0,serve_0,serve_0,0,0,cook
post_none,7009,66,67,"(0, -1)",FETCH,FETCH,1,onion_1,onion_1,1,1,FETCH,FETCH,FETCH,onion_1,onion_1,onion_1,0,0,serve
post_none,7009,69,70,"(0, 1)",PLACE,PLACE,1,pot_1,pot_1,1,1,PLACE,PLACE,PLACE,pot_1,pot_1,pot_1,0,0,serve
post_none,7009,73,74,"(1, 0)",FETCH,FETCH,1,onion_1,onion_1,1,1,FETCH,FETCH,FETCH,onion_1,onion_1,onion_1,0,0,serve
post_none,7009,75,76,"(-1, 0)",PLACE,PLACE,1,pot_1,pot_1,1,1,PLACE,PLACE,PLACE,pot_1,pot_1,pot_1,0,0,serve
post_none,7009,79,80,"(1, 0)",FETCH,FETCH,1,onion_1,onion_1,1,1,FETCH,FETCH,FETCH,onion_1,onion_1,onion_1,0,0,serve
post_none,7009,81,82,"(-1, 0)",PLACE,PLACE,1,pot_1,pot_1,1,1,PLACE,PLACE,PLACE,pot_1,pot_1,pot_1,0,0,serve
post_none,7009,85,86,interact,COOK_START,COOK_START,1,pot_1,pot_1,1,1,COOK_START,COOK_START,COOK_START,pot_1,pot_1,pot_1,0,0,serve
post_none,7009,86,87,"(1, 0)",FETCH,FETCH,1,onion_1,onion_1,1,1,FETCH,FETCH,FETCH,onion_1,onion_1,onion_1,0,0,serve
post_none,7009,88,89,"(0, 1)",PLACE,PLACE,1,pot_0,pot_0,1,1,PLACE,PLACE,PLACE,pot_0,pot_0,pot_0,0,0,serve
post_none,7009,101,102,interact,COOK_START,COOK_START,1,pot_0,pot_0,1,1,COOK_START,COOK_START,COOK_START,pot_0,pot_0,pot_0,0,0,serve
post_none,7009,102,103,"(1, 0)",HOLD,HOLD,1,none,none,1,1,HOLD,HOLD,HOLD,none,none,none,0,0,dynamic
post_none,7009,108,109,"(-1, 0)",FETCH,GET_DISH,0,onion_0,dish_0,0,0,GET_DISH,GET_DISH,GET_DISH,dish_0,dish_0,dish_0,0,0,cook
post_none,7009,111,112,"(0, 1)",PLACE,PLACE,1,pot_1,pot_0,0,0,PLACE,PLACE,PLACE,pot_0,pot_0,pot_0,0,0,serve
post_none,7009,120,121,"(1, 0)",FETCH,FETCH,1,onion_1,onion_1,1,1,FETCH,FETCH,FETCH,onion_1,onion_1,onion_1,0,0,serve
post_none,7009,122,123,"(0, 1)",PLACE,PLACE,1,pot_1,pot_1,1,1,PLACE,PLACE,PLACE,pot_1,pot_1,pot_1,0,0,serve
post_none,7009,126,127,"(1, 0)",FETCH,FETCH,1,onion_1,onion_1,1,1,FETCH,FETCH,FETCH,onion_1,onion_1,onion_1,0,0,serve
post_none,7009,128,129,"(0, 1)",PLACE,PLACE,1,pot_1,pot_1,1,1,PLACE,PLACE,PLACE,pot_1,pot_1,pot_1,0,0,serve
post_none,7009,134,135,interact,COOK_START,COOK_START,1,pot_1,pot_1,1,1,COOK_START,COOK_START,COOK_START,pot_1,pot_1,pot_1,0,0,serve
post_none,7009,135,136,"(1, 0)",FETCH,FETCH,1,onion_1,onion_1,1,1,FETCH,FETCH,FETCH,onion_1,onion_1,onion_1,0,0,serve
post_none,7009,137,138,"(0, 1)",PLACE,PLACE,1,pot_0,pot_0,1,1,PLACE,PLACE,PLACE,pot_0,pot_0,pot_0,0,0,serve
post_none,7009,147,148,"(-1, 0)",FETCH,FETCH,1,onion_0,onion_0,1,1,FETCH,FETCH,FETCH,onion_0,onion_0,onion_0,0,0,serve
post_none,7009,149,150,"(0, 1)",PLACE,PLACE,1,pot_0,pot_0,1,1,PLACE,PLACE,PLACE,pot_0,pot_0,pot_0,0,0,serve
post_none,7009,153,154,"(-1, 0)",FETCH,FETCH,1,onion_0,onion_0,1,1,FETCH,FETCH,FETCH,onion_0,onion_0,onion_0,0,0,serve
post_none,7009,155,156,"(0, 1)",PLACE,PLACE,1,pot_0,pot_0,1,1,PLACE,PLACE,PLACE,pot_0,pot_0,pot_0,0,0,serve
post_none,7009,159,160,interact,COOK_START,COOK_START,1,pot_0,pot_0,1,1,COOK_START,COOK_START,COOK_START,pot_0,pot_0,pot_0,0,0,serve
post_none,7009,160,161,"(-1, 0)",FETCH,FETCH,1,onion_0,onion_0,1,1,FETCH,FETCH,FETCH,onion_0,onion_0,onion_0,0,0,serve
post_none,7009,162,163,"(0, 1)",PLACE,PLACE,1,pot_1,pot_1,1,1,PLACE,PLACE,PLACE,pot_1,pot_1,pot_1,0,0,serve
post_none,7009,168,169,"(1, 0)",FETCH,FETCH,1,onion_1,onion_1,1,1,FETCH,FETCH,FETCH,onion_1,onion_1,onion_1,0,0,serve
post_none,7009,170,171,"(0, 1)",PLACE,PLACE,1,pot_1,pot_1,1,1,PLACE,PLACE,PLACE,pot_1,pot_1,pot_1,0,0,serve
post_none,7009,174,175,"(1, 0)",FETCH,FETCH,1,onion_1,onion_1,1,1,FETCH,FETCH,FETCH,onion_1,onion_1,onion_1,0,0,serve
post_none,7009,176,177,"(0, 1)",PLACE,PLACE,1,pot_1,pot_1,1,1,PLACE,PLACE,PLACE,pot_1,pot_1,pot_1,0,0,serve
post_none,7009,180,181,interact,COOK_START,COOK_START,1,pot_1,pot_1,1,1,COOK_START,COOK_START,COOK_START,pot_1,pot_1,pot_1,0,0,serve
post_none,7009,181,182,"(0, 0)",GET_DISH,GET_DISH,1,dish_0,dish_0,1,1,GET_DISH,GET_DISH,GET_DISH,dish_0,dish_0,dish_0,0,0,cook
post_none,7009,187,188,"(1, 0)",PRE,PRE,1,pot_1,none,0,0,PRE,PRE,PRE,none,pot_1,none,0,1,dynamic
post_none,7009,200,201,"(1, 0)",PICKUP,PICKUP,1,pot_1,pot_1,1,1,PICKUP,PICKUP,PICKUP,pot_1,pot_1,pot_1,0,0,cook
post_none,7009,203,204,"(0, 1)",DELIVER,DELIVER,1,serve_0,serve_0,1,1,DELIVER,DELIVER,DELIVER,serve_0,serve_0,serve_0,0,0,cook
post_none,7009,205,206,"(0, -1)",FETCH,FETCH,1,onion_1,onion_1,1,1,FETCH,FETCH,FETCH,onion_1,onion_1,onion_1,0,0,serve
post_none,7009,208,209,"(0, 1)",PLACE,PLACE,1,pot_1,pot_1,1,1,PLACE,PLACE,PLACE,pot_1,pot_1,pot_1,0,0,serve
post_none,7009,219,220,"(1, 0)",FETCH,FETCH,1,onion_1,onion_1,1,1,FETCH,FETCH,FETCH,onion_1,onion_1,onion_1,0,0,serve
post_none,7009,221,222,"(-1, 0)",PLACE,PLACE,1,pot_1,pot_1,1,1,PLACE,PLACE,PLACE,pot_1,pot_1,pot_1,0,0,serve
post_none,7009,225,226,"(1, 0)",FETCH,FETCH,1,onion_1,onion_1,1,1,FETCH,FETCH,FETCH,onion_1,onion_1,onion_1,0,0,serve
post_none,7009,227,228,"(-1, 0)",PLACE,PLACE,1,pot_1,pot_1,1,1,PLACE,PLACE,PLACE,pot_1,pot_1,pot_1,0,0,serve
post_none,7009,231,232,interact,COOK_START,COOK_START,1,pot_1,pot_1,1,1,COOK_START,COOK_START,COOK_START,pot_1,pot_1,pot_1,0,0,serve
post_none,7009,232,233,"(1, 0)",FETCH,FETCH,1,onion_1,onion_1,1,1,FETCH,FETCH,FETCH,onion_1,onion_1,onion_1,0,0,serve
post_none,7009,234,235,"(0, 1)",PLACE,PLACE,1,pot_0,pot_0,1,1,PLACE,PLACE,PLACE,pot_0,pot_0,pot_0,0,0,serve
post_none,7009,247,248,"(-1, 0)",FETCH,FETCH,1,onion_0,onion_0,1,1,FETCH,FETCH,FETCH,onion_0,onion_0,onion_0,0,0,serve
post_none,7009,249,250,"(0, 1)",PLACE,PLACE,1,pot_0,pot_0,1,1,PLACE,PLACE,PLACE,pot_0,pot_0,pot_0,0,0,serve
post_none,7009,253,254,"(-1, 0)",FETCH,FETCH,1,onion_0,onion_0,1,1,FETCH,FETCH,FETCH,onion_0,onion_0,onion_0,0,0,serve
post_none,7009,255,256,"(0, 1)",PLACE,PLACE,1,pot_0,pot_0,1,1,PLACE,PLACE,PLACE,pot_0,pot_0,pot_0,0,0,serve
post_none,7009,259,260,interact,COOK_START,COOK_START,1,pot_0,pot_0,1,1,COOK_START,COOK_START,COOK_START,pot_0,pot_0,pot_0,0,0,serve
post_none,7009,260,261,"(-1, 0)",FETCH,FETCH,1,onion_0,onion_0,1,1,FETCH,FETCH,FETCH,onion_0,onion_0,onion_0,0,0,serve
post_none,7009,262,263,"(0, 1)",PLACE,PLACE,1,pot_1,pot_1,1,1,PLACE,PLACE,PLACE,pot_1,pot_1,pot_1,0,0,serve
post_none,7009,268,269,"(1, 0)",FETCH,FETCH,1,onion_1,onion_1,1,1,FETCH,FETCH,FETCH,onion_1,onion_1,onion_1,0,0,serve
post_none,7009,270,271,"(0, 1)",PLACE,PLACE,1,pot_1,pot_1,1,1,PLACE,PLACE,PLACE,pot_1,pot_1,pot_1,0,0,serve
post_none,7009,274,275,"(1, 0)",FETCH,FETCH,1,onion_1,onion_1,1,1,FETCH,FETCH,FETCH,onion_1,onion_1,onion_1,0,0,serve
post_none,7009,276,277,"(0, 1)",PLACE,PLACE,1,pot_1,pot_1,1,1,PLACE,PLACE,PLACE,pot_1,pot_1,pot_1,0,0,serve
post_none,7009,280,281,interact,COOK_START,COOK_START,1,pot_1,pot_1,1,1,COOK_START,COOK_START,COOK_START,pot_1,pot_1,pot_1,0,0,serve
post_none,7009,281,282,"(0, 0)",GET_DISH,GET_DISH,1,dish_0,dish_0,1,1,GET_DISH,GET_DISH,GET_DISH,dish_0,dish_0,dish_0,0,0,cook
post_none,7009,287,288,"(1, 0)",PRE,PRE,1,pot_1,none,0,0,PRE,PRE,PRE,none,onion_1,none,0,1,dynamic
post_none,7009,300,301,"(1, 0)",PICKUP,PICKUP,1,pot_1,pot_1,1,1,PICKUP,PICKUP,PICKUP,pot_1,pot_1,pot_1,0,0,cook
post_none,7009,303,304,"(0, 1)",DELIVER,DELIVER,1,serve_0,serve_0,1,1,DELIVER,DELIVER,DELIVER,serve_0,serve_0,serve_0,0,0,cook
post_none,7009,305,306,"(0, -1)",FETCH,FETCH,1,onion_1,onion_1,1,1,FETCH,FETCH,FETCH,onion_1,onion_1,onion_1,0,0,serve
post_none,7009,308,309,"(0, 1)",PLACE,PLACE,1,pot_1,pot_1,1,1,PLACE,PLACE,PLACE,pot_1,pot_1,pot_1,0,0,serve
post_none,7009,312,313,"(1, 0)",FETCH,FETCH,1,onion_1,onion_1,1,1,FETCH,FETCH,FETCH,onion_1,onion_1,onion_1,0,0,serve
post_none,7009,314,315,"(-1, 0)",PLACE,PLACE,1,pot_1,pot_1,1,1,PLACE,PLACE,PLACE,pot_1,pot_1,pot_1,0,0,serve
post_none,7009,318,319,"(1, 0)",FETCH,FETCH,1,onion_1,onion_1,1,1,FETCH,FETCH,FETCH,onion_1,onion_1,onion_1,0,0,serve
post_none,7009,320,321,"(-1, 0)",PLACE,PLACE,1,pot_1,pot_1,1,1,PLACE,PLACE,PLACE,pot_1,pot_1,pot_1,0,0,serve
post_none,7009,324,325,interact,COOK_START,COOK_START,1,pot_1,pot_1,1,1,COOK_START,COOK_START,COOK_START,pot_1,pot_1,pot_1,0,0,serve
post_none,7009,325,326,"(1, 0)",FETCH,FETCH,1,onion_1,onion_1,1,1,FETCH,FETCH,FETCH,onion_1,onion_1,onion_1,0,0,serve
post_none,7009,327,328,"(0, 1)",PLACE,PLACE,1,pot_0,pot_0,1,1,PLACE,PLACE,PLACE,pot_0,pot_0,pot_0,0,0,serve
post_none,7009,340,341,interact,COOK_START,COOK_START,1,pot_0,pot_0,1,1,COOK_START,COOK_START,COOK_START,pot_0,pot_0,pot_0,0,0,serve
post_none,7009,341,342,"(1, 0)",HOLD,HOLD,1,none,none,1,1,HOLD,HOLD,HOLD,none,none,none,0,0,dynamic
post_none,7009,347,348,"(-1, 0)",FETCH,GET_DISH,0,onion_0,dish_0,0,0,GET_DISH,GET_DISH,GET_DISH,dish_0,dish_0,dish_0,0,0,cook
post_none,7009,350,351,"(0, 1)",PLACE,PLACE,1,pot_1,pot_0,0,0,PLACE,PLACE,PLACE,pot_0,pot_0,pot_0,0,0,serve
post_none,7009,359,360,"(1, 0)",FETCH,FETCH,1,onion_1,onion_1,1,1,FETCH,FETCH,FETCH,onion_1,onion_1,onion_1,0,0,serve
post_none,7009,361,362,"(0, 1)",PLACE,PLACE,1,pot_1,pot_1,1,1,PLACE,PLACE,PLACE,pot_1,pot_1,pot_1,0,0,serve
post_none,7009,365,366,"(1, 0)",FETCH,FETCH,1,onion_1,onion_1,1,1,FETCH,FETCH,FETCH,onion_1,onion_1,onion_1,0,0,serve
post_none,7009,367,368,"(0, 1)",PLACE,PLACE,1,pot_1,pot_1,1,1,PLACE,PLACE,PLACE,pot_1,pot_1,pot_1,0,0,serve
post_none,7009,373,374,interact,COOK_START,COOK_START,1,pot_1,pot_1,1,1,COOK_START,COOK_START,COOK_START,pot_1,pot_1,pot_1,0,0,serve
post_none,7009,374,375,"(1, 0)",FETCH,FETCH,1,onion_1,onion_1,1,1,FETCH,FETCH,FETCH,onion_1,onion_1,onion_1,0,0,serve
post_none,7009,376,377,"(0, 1)",PLACE,PLACE,1,pot_0,pot_0,1,1,PLACE,PLACE,PLACE,pot_0,pot_0,pot_0,0,0,serve
post_none,7009,386,387,"(-1, 0)",FETCH,FETCH,1,onion_0,onion_0,1,1,FETCH,FETCH,FETCH,onion_0,onion_0,onion_0,0,0,serve
post_none,7009,388,389,"(0, 1)",PLACE,PLACE,1,pot_0,pot_0,1,1,PLACE,PLACE,PLACE,pot_0,pot_0,pot_0,0,0,serve
post_none,7009,392,393,"(-1, 0)",FETCH,FETCH,1,onion_0,onion_0,1,1,FETCH,FETCH,FETCH,onion_0,onion_0,onion_0,0,0,serve
post_none,7009,394,395,"(0, 1)",PLACE,PLACE,1,pot_0,pot_0,1,1,PLACE,PLACE,PLACE,pot_0,pot_0,pot_0,0,0,serve
post_none,7009,398,399,interact,COOK_START,COOK_START,1,pot_0,pot_0,1,1,COOK_START,COOK_START,COOK_START,pot_0,pot_0,pot_0,0,0,serve
post_none,7009,399,400,"(-1, 0)",FETCH,GET_DISH,0,onion_0,dish_0,0,0,GET_DISH,FETCH,GET_DISH,dish_0,onion_0,dish_0,1,1,cook
post_none,7009,401,402,"(0, 1)",PLACE,PLACE,1,pot_1,pot_1,1,1,PLACE,PLACE,PLACE,pot_1,pot_1,pot_1,0,0,serve
post_none,7009,407,408,"(1, 0)",FETCH,FETCH,1,onion_1,onion_1,1,1,FETCH,FETCH,FETCH,onion_1,onion_1,onion_1,0,0,serve
post_none,7009,409,410,"(0, 1)",PLACE,PLACE,1,pot_1,pot_1,1,1,PLACE,PLACE,PLACE,pot_1,pot_1,pot_1,0,0,serve
post_none,7009,413,414,"(1, 0)",FETCH,FETCH,1,onion_1,onion_1,1,1,FETCH,FETCH,FETCH,onion_1,onion_1,onion_1,0,0,serve
post_none,7009,415,416,"(0, 1)",PLACE,PLACE,1,pot_1,pot_1,1,1,PLACE,PLACE,PLACE,pot_1,pot_1,pot_1,0,0,serve
post_none,7009,419,420,interact,COOK_START,COOK_START,1,pot_1,pot_1,1,1,COOK_START,COOK_START,COOK_START,pot_1,pot_1,pot_1,0,0,serve
post_none,7009,420,421,"(0, 0)",GET_DISH,GET_DISH,1,dish_0,dish_0,1,1,GET_DISH,GET_DISH,GET_DISH,dish_0,dish_0,dish_0,0,0,cook
post_none,7009,426,427,"(1, 0)",PRE,PRE,1,pot_1,pot_0,0,0,PRE,PRE,PRE,pot_0,pot_0,pot_0,0,0,dynamic
post_none,7009,439,440,"(1, 0)",PICKUP,PICKUP,1,pot_1,pot_1,1,1,PICKUP,PICKUP,PICKUP,pot_1,pot_1,pot_1,0,0,cook
post_none,7009,442,443,"(0, 1)",DELIVER,DELIVER,1,serve_0,serve_0,1,1,DELIVER,DELIVER,DELIVER,serve_0,serve_0,serve_0,0,0,cook
post_none,7009,444,445,"(0, -1)",FETCH,FETCH,1,onion_1,onion_1,1,1,FETCH,FETCH,FETCH,onion_1,onion_1,onion_1,0,0,serve
post_none,7009,447,448,"(0, 1)",PLACE,PLACE,1,pot_1,pot_0,0,0,PLACE,PLACE,PLACE,pot_0,pot_0,pot_0,0,0,serve
post_none,7009,458,459,"(1, 0)",FETCH,FETCH,1,onion_1,onion_1,1,1,FETCH,FETCH,FETCH,onion_1,onion_1,onion_1,0,0,serve
post_none,7009,460,461,"(-1, 0)",PLACE,PLACE,1,pot_1,pot_1,1,1,PLACE,PLACE,PLACE,pot_1,pot_1,pot_1,0,0,serve
post_none,7009,464,465,"(1, 0)",FETCH,FETCH,1,onion_1,onion_1,1,1,FETCH,FETCH,FETCH,onion_1,onion_1,onion_1,0,0,serve
post_none,7009,466,467,"(-1, 0)",PLACE,PLACE,1,pot_1,pot_1,1,1,PLACE,PLACE,PLACE,pot_1,pot_1,pot_1,0,0,serve
post_none,7009,470,471,interact,COOK_START,COOK_START,1,pot_1,pot_1,1,1,COOK_START,COOK_START,COOK_START,pot_1,pot_1,pot_1,0,0,serve
post_none,7009,471,472,"(1, 0)",FETCH,FETCH,1,onion_1,onion_1,1,1,FETCH,FETCH,FETCH,onion_1,onion_1,onion_1,0,0,serve
post_none,7009,473,474,"(0, 1)",PLACE,PLACE,1,pot_0,pot_0,1,1,PLACE,PLACE,PLACE,pot_0,pot_0,pot_0,0,0,serve
post_none,7009,486,487,"(-1, 0)",FETCH,GET_DISH,0,onion_0,onion_0,1,0,GET_DISH,FETCH,GET_DISH,onion_0,onion_0,onion_0,1,0,cook
post_none,7009,488,489,"(0, 1)",PLACE,PLACE,1,pot_0,pot_0,1,1,PLACE,PLACE,PLACE,pot_0,pot_0,pot_0,0,0,serve
post_none,7009,492,493,"(-1, 0)",FETCH,FETCH,1,onion_0,onion_0,1,1,FETCH,FETCH,FETCH,onion_0,onion_0,onion_0,0,0,serve
post_none,7009,494,495,"(0, 1)",PLACE,PLACE,1,pot_0,pot_0,1,1,PLACE,PLACE,PLACE,pot_0,pot_0,pot_0,0,0,serve
post_none,7009,498,499,interact,COOK_START,COOK_START,1,pot_0,pot_0,1,1,COOK_START,COOK_START,COOK_START,pot_0,pot_0,pot_0,0,0,serve
post_none,7009,499,500,"(-1, 0)",FETCH,GET_DISH,0,onion_0,dish_0,0,0,GET_DISH,GET_DISH,GET_DISH,dish_0,dish_0,dish_0,0,0,cook
post_none,7009,501,502,"(0, 1)",PLACE,PLACE,1,pot_1,pot_1,1,1,PLACE,PLACE,PLACE,pot_1,pot_1,pot_1,0,0,serve
post_none,7009,507,508,"(1, 0)",FETCH,FETCH,1,onion_1,onion_1,1,1,FETCH,FETCH,FETCH,onion_1,onion_1,onion_1,0,0,serve
post_none,7009,509,510,"(0, 1)",PLACE,PLACE,1,pot_1,pot_1,1,1,PLACE,PLACE,PLACE,pot_1,pot_1,pot_1,0,0,serve
post_none,7009,513,514,"(1, 0)",FETCH,FETCH,1,onion_1,onion_1,1,1,FETCH,FETCH,FETCH,onion_1,onion_1,onion_1,0,0,serve
post_none,7009,515,516,"(0, 1)",PLACE,PLACE,1,pot_1,pot_1,1,1,PLACE,PLACE,PLACE,pot_1,pot_1,pot_1,0,0,serve
post_none,7009,519,520,interact,COOK_START,COOK_START,1,pot_1,pot_1,1,1,COOK_START,COOK_START,COOK_START,pot_1,pot_1,pot_1,0,0,serve
post_none,7009,520,521,"(0, 0)",GET_DISH,GET_DISH,1,dish_0,dish_0,1,1,GET_DISH,GET_DISH,GET_DISH,dish_0,dish_0,dish_0,0,0,cook
post_none,7009,526,527,"(1, 0)",PRE,PRE,1,pot_1,pot_0,0,0,PRE,PRE,PRE,pot_0,dish_0,pot_0,0,1,dynamic
post_none,7009,539,540,"(1, 0)",PICKUP,PICKUP,1,pot_1,pot_1,1,1,PICKUP,PICKUP,PICKUP,pot_1,pot_1,pot_1,0,0,cook
post_none,7009,542,543,"(0, 1)",DELIVER,DELIVER,1,serve_0,serve_0,1,1,DELIVER,DELIVER,DELIVER,serve_0,serve_0,serve_0,0,0,cook
post_none,7009,544,545,"(0, -1)",FETCH,FETCH,1,onion_1,onion_1,1,1,FETCH,FETCH,FETCH,onion_1,onion_1,onion_1,0,0,serve
post_none,7009,547,548,"(0, 1)",PLACE,PLACE,1,pot_1,pot_0,0,0,PLACE,PLACE,PLACE,pot_0,pot_0,pot_0,0,0,serve
post_none,7009,558,559,"(1, 0)",FETCH,FETCH,1,onion_1,onion_1,1,1,FETCH,FETCH,FETCH,onion_1,onion_1,onion_1,0,0,serve
post_none,7009,560,561,"(-1, 0)",PLACE,PLACE,1,pot_1,pot_1,1,1,PLACE,PLACE,PLACE,pot_1,pot_1,pot_1,0,0,serve
post_none,7009,564,565,"(1, 0)",FETCH,FETCH,1,onion_1,onion_1,1,1,FETCH,FETCH,FETCH,onion_1,onion_1,onion_1,0,0,serve
post_none,7009,566,567,"(-1, 0)",PLACE,PLACE,1,pot_1,pot_1,1,1,PLACE,PLACE,PLACE,pot_1,pot_1,pot_1,0,0,serve
post_none,7009,570,571,interact,COOK_START,COOK_START,1,pot_1,pot_1,1,1,COOK_START,COOK_START,COOK_START,pot_1,pot_1,pot_1,0,0,serve
post_none,7009,571,572,"(1, 0)",FETCH,FETCH,1,onion_1,onion_1,1,1,FETCH,FETCH,FETCH,onion_1,onion_1,onion_1,0,0,serve
post_none,7009,573,574,"(0, 1)",PLACE,PLACE,1,pot_0,pot_0,1,1,PLACE,PLACE,PLACE,pot_0,pot_0,pot_0,0,0,serve
post_none,7009,586,587,"(-1, 0)",FETCH,GET_DISH,0,onion_0,dish_0,0,0,GET_DISH,GET_DISH,GET_DISH,dish_0,dish_0,dish_0,0,0,cook
post_none,7009,588,589,"(0, 1)",PLACE,PLACE,1,pot_0,pot_0,1,1,PLACE,PLACE,PLACE,pot_0,pot_0,pot_0,0,0,serve
post_none,7009,592,593,"(-1, 0)",FETCH,FETCH,1,onion_0,onion_0,1,1,FETCH,FETCH,FETCH,onion_0,onion_0,onion_0,0,0,serve
post_none,7009,594,595,"(0, 1)",PLACE,PLACE,1,pot_0,pot_0,1,1,PLACE,PLACE,PLACE,pot_0,pot_0,pot_0,0,0,serve
post_none,7009,598,599,interact,COOK_START,COOK_START,1,pot_0,pot_0,1,1,COOK_START,COOK_START,COOK_START,pot_0,pot_0,pot_0,0,0,serve
post_none,7009,599,600,"(-1, 0)",FETCH,GET_DISH,0,onion_0,dish_0,0,0,GET_DISH,GET_DISH,GET_DISH,dish_0,dish_0,dish_0,0,0,cook
post_none,7009,601,602,"(0, 1)",PLACE,PLACE,1,pot_1,pot_1,1,1,PLACE,PLACE,PLACE,pot_1,pot_1,pot_1,0,0,serve
post_none,7009,607,608,"(1, 0)",FETCH,FETCH,1,onion_1,onion_1,1,1,FETCH,FETCH,FETCH,onion_1,onion_1,onion_1,0,0,serve
post_none,7009,609,610,"(0, 1)",PLACE,PLACE,1,pot_1,pot_1,1,1,PLACE,PLACE,PLACE,pot_1,pot_1,pot_1,0,0,serve
post_none,7009,613,614,"(1, 0)",FETCH,FETCH,1,onion_1,onion_1,1,1,FETCH,FETCH,FETCH,onion_1,onion_1,onion_1,0,0,serve
post_none,7009,615,616,"(0, 1)",PLACE,PLACE,1,pot_1,pot_1,1,1,PLACE,PLACE,PLACE,pot_1,pot_1,pot_1,0,0,serve
post_none,7009,619,620,interact,COOK_START,COOK_START,1,pot_1,pot_1,1,1,COOK_START,COOK_START,COOK_START,pot_1,pot_1,pot_1,0,0,serve
post_none,7009,620,621,"(0, 0)",GET_DISH,GET_DISH,1,dish_0,dish_0,1,1,GET_DISH,GET_DISH,GET_DISH,dish_0,dish_0,dish_0,0,0,cook
post_none,7009,626,627,"(1, 0)",PRE,PRE,1,pot_1,dish_0,0,0,PRE,PRE,PRE,pot_0,dish_0,dish_0,0,1,dynamic
post_none,7009,639,640,"(1, 0)",PICKUP,PICKUP,1,pot_1,pot_1,1,1,PICKUP,PICKUP,PICKUP,pot_1,pot_1,pot_1,0,0,cook
post_none,7009,642,643,"(0, 1)",DELIVER,DELIVER,1,serve_0,serve_0,1,1,DELIVER,DELIVER,DELIVER,serve_0,serve_0,serve_0,0,0,cook
post_none,7009,644,645,"(0, -1)",FETCH,FETCH,1,onion_1,onion_1,1,1,FETCH,FETCH,FETCH,onion_1,onion_1,onion_1,0,0,serve
post_none,7009,647,648,"(0, 1)",PLACE,PLACE,1,pot_1,pot_0,0,0,PLACE,PLACE,PLACE,pot_0,pot_0,pot_0,0,0,serve
post_none,7009,658,659,"(1, 0)",FETCH,FETCH,1,onion_1,onion_1,1,1,FETCH,FETCH,FETCH,onion_1,onion_1,onion_1,0,0,serve
post_none,7009,660,661,"(-1, 0)",PLACE,PLACE,1,pot_1,pot_1,1,1,PLACE,PLACE,PLACE,pot_1,pot_1,pot_1,0,0,serve
post_none,7009,664,665,"(1, 0)",FETCH,FETCH,1,onion_1,onion_1,1,1,FETCH,FETCH,FETCH,onion_1,onion_1,onion_1,0,0,serve
post_none,7009,666,667,"(-1, 0)",PLACE,PLACE,1,pot_1,pot_1,1,1,PLACE,PLACE,PLACE,pot_1,pot_1,pot_1,0,0,serve
post_none,7009,670,671,interact,COOK_START,COOK_START,1,pot_1,pot_1,1,1,COOK_START,COOK_START,COOK_START,pot_1,pot_1,pot_1,0,0,serve
post_none,7009,671,672,"(1, 0)",FETCH,FETCH,1,onion_1,onion_1,1,1,FETCH,FETCH,FETCH,onion_1,onion_1,onion_1,0,0,serve
post_none,7009,673,674,"(0, 1)",PLACE,PLACE,1,pot_0,pot_0,1,1,PLACE,PLACE,PLACE,pot_0,pot_0,pot_0,0,0,serve
post_none,7009,686,687,"(-1, 0)",FETCH,GET_DISH,0,onion_0,dish_0,0,0,GET_DISH,GET_DISH,GET_DISH,dish_0,dish_0,dish_0,0,0,cook
post_none,7009,688,689,"(0, 1)",PLACE,PLACE,1,pot_0,pot_0,1,1,PLACE,PLACE,PLACE,pot_0,pot_0,pot_0,0,0,serve
post_none,7009,692,693,"(-1, 0)",FETCH,FETCH,1,onion_0,onion_0,1,1,FETCH,FETCH,FETCH,onion_0,onion_0,onion_0,0,0,serve
post_none,7009,694,695,"(0, 1)",PLACE,PLACE,1,pot_0,pot_0,1,1,PLACE,PLACE,PLACE,pot_0,pot_0,pot_0,0,0,serve
post_none,7009,698,699,interact,COOK_START,COOK_START,1,pot_0,pot_0,1,1,COOK_START,COOK_START,COOK_START,pot_0,pot_0,pot_0,0,0,serve
post_none,7009,699,700,"(-1, 0)",FETCH,GET_DISH,0,onion_0,dish_0,0,0,GET_DISH,GET_DISH,GET_DISH,dish_0,dish_0,dish_0,0,0,cook
post_none,7010,0,1,"(0, 0)",FETCH,COOK_START,0,onion_1,pot_1,0,0,COOK_START,COOK_START,COOK_START,pot_1,pot_1,pot_1,0,0,serve
post_none,7010,3,4,"(-1, 0)",PLACE,PLACE,1,pot_1,pot_1,1,1,PLACE,PLACE,PLACE,pot_1,pot_1,pot_1,0,0,serve
post_none,7010,7,8,"(1, 0)",FETCH,FETCH,1,onion_1,onion_1,1,1,FETCH,FETCH,FETCH,onion_1,onion_1,onion_1,0,0,serve
post_none,7010,9,10,"(-1, 0)",PLACE,PLACE,1,pot_1,pot_1,1,1,PLACE,PLACE,PLACE,pot_1,pot_1,pot_1,0,0,serve
post_none,7010,13,14,"(1, 0)",FETCH,FETCH,1,onion_1,onion_1,1,1,FETCH,FETCH,FETCH,onion_1,onion_1,onion_1,0,0,serve
post_none,7010,15,16,"(-1, 0)",PLACE,PLACE,1,pot_1,pot_1,1,1,PLACE,PLACE,PLACE,pot_1,pot_1,pot_1,0,0,serve
post_none,7010,19,20,interact,COOK_START,COOK_START,1,pot_1,pot_1,1,1,COOK_START,COOK_START,COOK_START,pot_1,pot_1,pot_1,0,0,serve
post_none,7010,20,21,"(1, 0)",FETCH,FETCH,1,onion_1,onion_1,1,1,FETCH,FETCH,FETCH,onion_1,onion_1,onion_1,0,0,serve
post_none,7010,22,23,"(0, 1)",PLACE,PLACE,1,pot_0,pot_0,1,1,PLACE,PLACE,PLACE,pot_0,pot_0,pot_0,0,0,serve
post_none,7010,35,36,"(-1, 0)",FETCH,FETCH,1,onion_0,onion_0,1,1,FETCH,FETCH,FETCH,onion_0,onion_0,onion_0,0,0,serve
post_none,7010,37,38,"(0, 1)",PLACE,PLACE,1,pot_0,pot_0,1,1,PLACE,PLACE,PLACE,pot_0,pot_0,pot_0,0,0,serve
post_none,7010,41,42,"(-1, 0)",FETCH,FETCH,1,onion_0,onion_0,1,1,FETCH,FETCH,FETCH,onion_0,onion_0,onion_0,0,0,serve
post_none,7010,43,44,"(0, 1)",PLACE,PLACE,1,pot_0,pot_0,1,1,PLACE,PLACE,PLACE,pot_0,pot_0,pot_0,0,0,serve
post_none,7010,47,48,interact,COOK_START,COOK_START,1,pot_0,pot_0,1,1,COOK_START,COOK_START,COOK_START,pot_0,pot_0,pot_0,0,0,serve
post_none,7010,48,49,"(-1, 0)",FETCH,FETCH,1,onion_0,onion_0,1,1,FETCH,FETCH,FETCH,onion_0,onion_0,onion_0,0,0,serve
post_none,7010,50,51,"(0, 1)",PLACE,PLACE,1,pot_1,pot_1,1,1,PLACE,PLACE,PLACE,pot_1,pot_1,pot_1,0,0,serve
post_none,7010,56,57,"(1, 0)",FETCH,FETCH,1,onion_1,onion_1,1,1,FETCH,FETCH,FETCH,onion_1,onion_1,onion_1,0,0,serve
post_none,7010,58,59,"(0, 1)",PLACE,PLACE,1,pot_1,pot_1,1,1,PLACE,PLACE,PLACE,pot_1,pot_1,pot_1,0,0,serve
post_none,7010,62,63,"(1, 0)",FETCH,FETCH,1,onion_1,onion_1,1,1,FETCH,FETCH,FETCH,onion_1,onion_1,onion_1,0,0,serve
post_none,7010,64,65,"(0, 1)",PLACE,PLACE,1,pot_1,pot_1,1,1,PLACE,PLACE,PLACE,pot_1,pot_1,pot_1,0,0,serve
post_none,7010,68,69,interact,COOK_START,COOK_START,1,pot_1,pot_1,1,1,COOK_START,COOK_START,COOK_START,pot_1,pot_1,pot_1,0,0,serve
post_none,7010,69,70,"(0, 0)",GET_DISH,GET_DISH,1,dish_0,dish_0,1,1,GET_DISH,GET_DISH,GET_DISH,dish_0,dish_0,dish_0,0,0,cook
post_none,7010,75,76,"(1, 0)",PRE,PRE,1,pot_1,none,0,0,PRE,PRE,PRE,none,pot_1,none,0,1,dynamic
post_none,7010,88,89,"(1, 0)",PICKUP,PICKUP,1,pot_1,pot_1,1,1,PICKUP,PICKUP,PICKUP,pot_1,pot_1,pot_1,0,0,cook
post_none,7010,91,92,"(0, 1)",DELIVER,DELIVER,1,serve_0,serve_0,1,1,DELIVER,DELIVER,DELIVER,serve_0,serve_0,serve_0,0,0,cook
post_none,7010,93,94,"(0, -1)",FETCH,FETCH,1,onion_1,onion_1,1,1,FETCH,FETCH,FETCH,onion_1,onion_1,onion_1,0,0,serve
post_none,7010,96,97,"(0, 1)",PLACE,PLACE,1,pot_1,pot_1,1,1,PLACE,PLACE,PLACE,pot_1,pot_1,pot_1,0,0,serve
post_none,7010,107,108,"(1, 0)",FETCH,FETCH,1,onion_1,onion_1,1,1,FETCH,FETCH,FETCH,onion_1,onion_1,onion_1,0,0,serve
post_none,7010,109,110,"(-1, 0)",PLACE,PLACE,1,pot_1,pot_1,1,1,PLACE,PLACE,PLACE,pot_1,pot_1,pot_1,0,0,serve
post_none,7010,113,114,"(1, 0)",FETCH,FETCH,1,onion_1,onion_1,1,1,FETCH,FETCH,FETCH,onion_1,onion_1,onion_1,0,0,serve
post_none,7010,115,116,"(-1, 0)",PLACE,PLACE,1,pot_1,pot_1,1,1,PLACE,PLACE,PLACE,pot_1,pot_1,pot_1,0,0,serve
post_none,7010,119,120,interact,COOK_START,COOK_START,1,pot_1,pot_1,1,1,COOK_START,COOK_START,COOK_START,pot_1,pot_1,pot_1,0,0,serve
post_none,7010,120,121,"(1, 0)",FETCH,FETCH,1,onion_1,onion_1,1,1,FETCH,FETCH,FETCH,onion_1,onion_1,onion_1,0,0,serve
post_none,7010,122,123,"(0, 1)",PLACE,PLACE,1,pot_0,pot_0,1,1,PLACE,PLACE,PLACE,pot_0,pot_0,pot_0,0,0,serve
post_none,7010,135,136,"(-1, 0)",FETCH,FETCH,1,onion_0,onion_0,1,1,FETCH,FETCH,FETCH,onion_0,onion_0,onion_0,0,0,serve
post_none,7010,137,138,"(0, 1)",PLACE,PLACE,1,pot_0,pot_0,1,1,PLACE,PLACE,PLACE,pot_0,pot_0,pot_0,0,0,serve
post_none,7010,141,142,"(-1, 0)",FETCH,FETCH,1,onion_0,onion_0,1,1,FETCH,FETCH,FETCH,onion_0,onion_0,onion_0,0,0,serve
post_none,7010,143,144,"(0, 1)",PLACE,PLACE,1,pot_0,pot_0,1,1,PLACE,PLACE,PLACE,pot_0,pot_0,pot_0,0,0,serve
post_none,7010,147,148,interact,COOK_START,COOK_START,1,pot_0,pot_0,1,1,COOK_START,COOK_START,COOK_START,pot_0,pot_0,pot_0,0,0,serve
post_none,7010,148,149,"(-1, 0)",FETCH,FETCH,1,onion_0,onion_0,1,1,FETCH,FETCH,FETCH,onion_0,onion_0,onion_0,0,0,serve
post_none,7010,150,151,"(0, 1)",PLACE,PLACE,1,pot_1,pot_1,1,1,PLACE,PLACE,PLACE,pot_1,pot_1,pot_1,0,0,serve
post_none,7010,156,157,"(1, 0)",FETCH,FETCH,1,onion_1,onion_1,1,1,FETCH,FETCH,FETCH,onion_1,onion_1,onion_1,0,0,serve
post_none,7010,158,159,"(0, 1)",PLACE,PLACE,1,pot_1,pot_1,1,1,PLACE,PLACE,PLACE,pot_1,pot_1,pot_1,0,0,serve
post_none,7010,162,163,"(1, 0)",FETCH,FETCH,1,onion_1,onion_1,1,1,FETCH,FETCH,FETCH,onion_1,onion_1,onion_1,0,0,serve
post_none,7010,164,165,"(0, 1)",PLACE,PLACE,1,pot_1,pot_1,1,1,PLACE,PLACE,PLACE,pot_1,pot_1,pot_1,0,0,serve
post_none,7010,168,169,interact,COOK_START,COOK_START,1,pot_1,pot_1,1,1,COOK_START,COOK_START,COOK_START,pot_1,pot_1,pot_1,0,0,serve
post_none,7010,169,170,"(0, 0)",GET_DISH,GET_DISH,1,dish_0,dish_0,1,1,GET_DISH,GET_DISH,GET_DISH,dish_0,dish_0,dish_0,0,0,cook
post_none,7010,175,176,"(1, 0)",PRE,PRE,1,pot_1,none,0,0,PRE,PRE,PRE,none,pot_1,none,0,1,dynamic
post_none,7010,188,189,"(1, 0)",PICKUP,PICKUP,1,pot_1,pot_1,1,1,PICKUP,PICKUP,PICKUP,pot_1,pot_1,pot_1,0,0,cook
post_none,7010,191,192,"(0, 1)",DELIVER,DELIVER,1,serve_0,serve_0,1,1,DELIVER,DELIVER,DELIVER,serve_0,serve_0,serve_0,0,0,cook
post_none,7010,193,194,"(0, -1)",FETCH,FETCH,1,onion_1,onion_1,1,1,FETCH,FETCH,FETCH,onion_1,onion_1,onion_1,0,0,serve
post_none,7010,196,197,"(0, 1)",PLACE,PLACE,1,pot_1,pot_1,1,1,PLACE,PLACE,PLACE,pot_1,pot_1,pot_1,0,0,serve
post_none,7010,200,201,"(1, 0)",FETCH,FETCH,1,onion_1,onion_1,1,1,FETCH,FETCH,FETCH,onion_1,onion_1,onion_1,0,0,serve
post_none,7010,202,203,"(-1, 0)",PLACE,PLACE,1,pot_1,pot_1,1,1,PLACE,PLACE,PLACE,pot_1,pot_1,pot_1,0,0,serve
post_none,7010,206,207,"(1, 0)",FETCH,FETCH,1,onion_1,onion_1,1,1,FETCH,FETCH,FETCH,onion_1,onion_1,onion_1,0,0,serve
post_none,7010,208,209,"(-1, 0)",PLACE,PLACE,1,pot_1,pot_1,1,1,PLACE,PLACE,PLACE,pot_1,pot_1,pot_1,0,0,serve
post_none,7010,212,213,interact,COOK_START,COOK_START,1,pot_1,pot_1,1,1,COOK_START,COOK_START,COOK_START,pot_1,pot_1,pot_1,0,0,serve
post_none,7010,213,214,"(1, 0)",FETCH,FETCH,1,onion_1,onion_1,1,1,FETCH,FETCH,FETCH,onion_1,onion_1,onion_1,0,0,serve
post_none,7010,215,216,"(0, 1)",PLACE,PLACE,1,pot_0,pot_0,1,1,PLACE,PLACE,PLACE,pot_0,pot_0,pot_0,0,0,serve
post_none,7010,228,229,interact,COOK_START,COOK_START,1,pot_0,pot_0,1,1,COOK_START,COOK_START,COOK_START,pot_0,pot_0,pot_0,0,0,serve
post_none,7010,229,230,"(1, 0)",HOLD,HOLD,1,none,none,1,1,HOLD,HOLD,HOLD,none,none,none,0,0,dynamic
post_none,7010,235,236,"(-1, 0)",FETCH,GET_DISH,0,onion_0,dish_0,0,0,GET_DISH,GET_DISH,GET_DISH,dish_0,dish_0,dish_0,0,0,cook
post_none,7010,238,239,"(0, 1)",PLACE,PLACE,1,pot_1,pot_0,0,0,PLACE,PLACE,PLACE,pot_0,pot_0,pot_0,0,0,serve
post_none,7010,247,248,"(1, 0)",FETCH,FETCH,1,onion_1,onion_1,1,1,FETCH,FETCH,FETCH,onion_1,onion_1,onion_1,0,0,serve
post_none,7010,249,250,"(0, 1)",PLACE,PLACE,1,pot_1,pot_1,1,1,PLACE,PLACE,PLACE,pot_1,pot_1,pot_1,0,0,serve
post_none,7010,253,254,"(1, 0)",FETCH,FETCH,1,onion_1,onion_1,1,1,FETCH,FETCH,FETCH,onion_1,onion_1,onion_1,0,0,serve
post_none,7010,255,256,"(0, 1)",PLACE,PLACE,1,pot_1,pot_1,1,1,PLACE,PLACE,PLACE,pot_1,pot_1,pot_1,0,0,serve
post_none,7010,261,262,interact,COOK_START,COOK_START,1,pot_1,pot_1,1,1,COOK_START,COOK_START,COOK_START,pot_1,pot_1,pot_1,0,0,serve
post_none,7010,262,263,"(1, 0)",FETCH,FETCH,1,onion_1,onion_1,1,1,FETCH,FETCH,FETCH,onion_1,onion_1,onion_1,0,0,serve
post_none,7010,264,265,"(0, 1)",PLACE,PLACE,1,pot_0,pot_0,1,1,PLACE,PLACE,PLACE,pot_0,pot_0,pot_0,0,0,serve
post_none,7010,274,275,"(-1, 0)",FETCH,FETCH,1,onion_0,onion_0,1,1,FETCH,FETCH,FETCH,onion_0,onion_0,onion_0,0,0,serve
post_none,7010,276,277,"(0, 1)",PLACE,PLACE,1,pot_0,pot_0,1,1,PLACE,PLACE,PLACE,pot_0,pot_0,pot_0,0,0,serve
post_none,7010,280,281,"(-1, 0)",FETCH,FETCH,1,onion_0,onion_0,1,1,FETCH,FETCH,FETCH,onion_0,onion_0,onion_0,0,0,serve
post_none,7010,282,283,"(0, 1)",PLACE,PLACE,1,pot_0,pot_0,1,1,PLACE,PLACE,PLACE,pot_0,pot_0,pot_0,0,0,serve
post_none,7010,286,287,interact,COOK_START,COOK_START,1,pot_0,pot_0,1,1,COOK_START,COOK_START,COOK_START,pot_0,pot_0,pot_0,0,0,serve
post_none,7010,287,288,"(-1, 0)",FETCH,FETCH,1,onion_0,onion_0,1,1,FETCH,FETCH,FETCH,onion_0,onion_0,onion_0,0,0,serve
post_none,7010,289,290,"(0, 1)",PLACE,PLACE,1,pot_1,pot_1,1,1,PLACE,PLACE,PLACE,pot_1,pot_1,pot_1,0,0,serve
post_none,7010,295,296,"(1, 0)",FETCH,FETCH,1,onion_1,onion_1,1,1,FETCH,FETCH,FETCH,onion_1,onion_1,onion_1,0,0,serve
post_none,7010,297,298,"(0, 1)",PLACE,PLACE,1,pot_1,pot_1,1,1,PLACE,PLACE,PLACE,pot_1,pot_1,pot_1,0,0,serve
post_none,7010,301,302,"(1, 0)",FETCH,FETCH,1,onion_1,onion_1,1,1,FETCH,FETCH,FETCH,onion_1,onion_1,onion_1,0,0,serve
post_none,7010,303,304,"(0, 1)",PLACE,PLACE,1,pot_1,pot_1,1,1,PLACE,PLACE,PLACE,pot_1,pot_1,pot_1,0,0,serve
post_none,7010,307,308,interact,COOK_START,COOK_START,1,pot_1,pot_1,1,1,COOK_START,COOK_START,COOK_START,pot_1,pot_1,pot_1,0,0,serve
post_none,7010,308,309,"(0, 0)",GET_DISH,GET_DISH,1,dish_0,dish_0,1,1,GET_DISH,GET_DISH,GET_DISH,dish_0,dish_0,dish_0,0,0,cook
post_none,7010,314,315,"(1, 0)",PRE,PRE,1,pot_1,none,0,0,PRE,PRE,PRE,none,onion_1,none,0,1,dynamic
post_none,7010,327,328,"(1, 0)",PICKUP,PICKUP,1,pot_1,pot_1,1,1,PICKUP,PICKUP,PICKUP,pot_1,pot_1,pot_1,0,0,cook
post_none,7010,330,331,"(0, 1)",DELIVER,DELIVER,1,serve_0,serve_0,1,1,DELIVER,DELIVER,DELIVER,serve_0,serve_0,serve_0,0,0,cook
post_none,7010,332,333,"(0, -1)",FETCH,FETCH,1,onion_1,onion_1,1,1,FETCH,FETCH,FETCH,onion_1,onion_1,onion_1,0,0,serve
post_none,7010,335,336,"(0, 1)",PLACE,PLACE,1,pot_1,pot_0,0,0,PLACE,PLACE,PLACE,pot_1,pot_0,pot_0,0,1,serve
post_none,7010,346,347,"(1, 0)",FETCH,FETCH,1,onion_1,onion_1,1,1,FETCH,FETCH,FETCH,onion_1,onion_1,onion_1,0,0,serve
post_none,7010,348,349,"(-1, 0)",PLACE,PLACE,1,pot_1,pot_1,1,1,PLACE,PLACE,PLACE,pot_1,pot_1,pot_1,0,0,serve
post_none,7010,352,353,"(1, 0)",FETCH,FETCH,1,onion_1,onion_1,1,1,FETCH,FETCH,FETCH,onion_1,onion_1,onion_1,0,0,serve
post_none,7010,354,355,"(-1, 0)",PLACE,PLACE,1,pot_1,pot_1,1,1,PLACE,PLACE,PLACE,pot_1,pot_1,pot_1,0,0,serve
post_none,7010,358,359,interact,COOK_START,COOK_START,1,pot_1,pot_1,1,1,COOK_START,COOK_START,COOK_START,pot_1,pot_1,pot_1,0,0,serve
post_none,7010,359,360,"(1, 0)",FETCH,FETCH,1,onion_1,onion_1,1,1,FETCH,FETCH,FETCH,onion_1,onion_1,onion_1,0,0,serve
post_none,7010,361,362,"(0, 1)",PLACE,PLACE,1,pot_0,pot_0,1,1,PLACE,PLACE,PLACE,pot_0,pot_0,pot_0,0,0,serve
post_none,7010,374,375,"(-1, 0)",FETCH,FETCH,1,onion_0,onion_0,1,1,FETCH,FETCH,FETCH,onion_0,onion_0,onion_0,0,0,serve
post_none,7010,376,377,"(0, 1)",PLACE,PLACE,1,pot_0,pot_0,1,1,PLACE,PLACE,PLACE,pot_0,pot_0,pot_0,0,0,serve
post_none,7010,380,381,"(-1, 0)",FETCH,FETCH,1,onion_0,onion_0,1,1,FETCH,FETCH,FETCH,onion_0,onion_0,onion_0,0,0,serve
post_none,7010,382,383,"(0, 1)",PLACE,PLACE,1,pot_0,pot_0,1,1,PLACE,PLACE,PLACE,pot_0,pot_0,pot_0,0,0,serve
post_none,7010,386,387,interact,COOK_START,COOK_START,1,pot_0,pot_0,1,1,COOK_START,COOK_START,COOK_START,pot_0,pot_0,pot_0,0,0,serve
post_none,7010,387,388,"(-1, 0)",FETCH,FETCH,1,onion_0,onion_0,1,1,GET_DISH,FETCH,FETCH,onion_0,onion_0,onion_0,1,0,serve
post_none,7010,389,390,"(0, 1)",PLACE,PLACE,1,pot_1,pot_1,1,1,PLACE,PLACE,PLACE,pot_1,pot_1,pot_1,0,0,serve
post_none,7010,395,396,"(1, 0)",FETCH,FETCH,1,onion_1,onion_1,1,1,FETCH,FETCH,FETCH,onion_1,onion_1,onion_1,0,0,serve
post_none,7010,397,398,"(0, 1)",PLACE,PLACE,1,pot_1,pot_1,1,1,PLACE,PLACE,PLACE,pot_1,pot_1,pot_1,0,0,serve
post_none,7010,401,402,"(1, 0)",FETCH,FETCH,1,onion_1,onion_1,1,1,FETCH,FETCH,FETCH,onion_1,onion_1,onion_1,0,0,serve
post_none,7010,403,404,"(0, 1)",PLACE,PLACE,1,pot_1,pot_1,1,1,PLACE,PLACE,PLACE,pot_1,pot_1,pot_1,0,0,serve
post_none,7010,407,408,interact,COOK_START,COOK_START,1,pot_1,pot_1,1,1,COOK_START,COOK_START,COOK_START,pot_1,pot_1,pot_1,0,0,serve
post_none,7010,408,409,"(0, 0)",GET_DISH,GET_DISH,1,dish_0,dish_0,1,1,GET_DISH,GET_DISH,GET_DISH,dish_0,dish_0,dish_0,0,0,cook
post_none,7010,414,415,"(1, 0)",PRE,PRE,1,pot_1,pot_0,0,0,PRE,PRE,PRE,pot_0,pot_0,pot_0,0,0,dynamic
post_none,7010,427,428,"(1, 0)",PICKUP,PICKUP,1,pot_1,pot_1,1,1,PICKUP,PICKUP,PICKUP,pot_1,pot_1,pot_1,0,0,cook
post_none,7010,430,431,"(0, 1)",DELIVER,DELIVER,1,serve_0,serve_0,1,1,DELIVER,DELIVER,DELIVER,serve_0,serve_0,serve_0,0,0,cook
post_none,7010,432,433,"(0, -1)",FETCH,FETCH,1,onion_1,onion_1,1,1,FETCH,FETCH,FETCH,onion_1,onion_1,onion_1,0,0,serve
post_none,7010,435,436,"(0, 1)",PLACE,PLACE,1,pot_1,pot_0,0,0,PLACE,PLACE,PLACE,pot_0,pot_0,pot_0,0,0,serve
post_none,7010,446,447,"(1, 0)",FETCH,FETCH,1,onion_1,onion_1,1,1,FETCH,FETCH,FETCH,onion_1,onion_1,onion_1,0,0,serve
post_none,7010,448,449,"(-1, 0)",PLACE,PLACE,1,pot_1,pot_1,1,1,PLACE,PLACE,PLACE,pot_1,pot_1,pot_1,0,0,serve
post_none,7010,452,453,"(1, 0)",FETCH,FETCH,1,onion_1,onion_1,1,1,FETCH,FETCH,FETCH,onion_1,onion_1,onion_1,0,0,serve
post_none,7010,454,455,"(-1, 0)",PLACE,PLACE,1,pot_1,pot_1,1,1,PLACE,PLACE,PLACE,pot_1,pot_1,pot_1,0,0,serve
post_none,7010,458,459,interact,COOK_START,COOK_START,1,pot_1,pot_1,1,1,COOK_START,COOK_START,COOK_START,pot_1,pot_1,pot_1,0,0,serve
post_none,7010,459,460,"(1, 0)",FETCH,FETCH,1,onion_1,onion_1,1,1,FETCH,FETCH,FETCH,onion_1,onion_1,onion_1,0,0,serve
post_none,7010,461,462,"(0, 1)",PLACE,PLACE,1,pot_0,pot_0,1,1,PLACE,PLACE,PLACE,pot_0,pot_0,pot_0,0,0,serve
post_none,7010,474,475,"(-1, 0)",FETCH,FETCH,1,onion_0,onion_0,1,1,FETCH,FETCH,FETCH,onion_0,onion_0,onion_0,0,0,serve
post_none,7010,476,477,"(0, 1)",PLACE,PLACE,1,pot_0,pot_0,1,1,PLACE,PLACE,PLACE,pot_0,pot_0,pot_0,0,0,serve
post_none,7010,480,481,"(-1, 0)",FETCH,FETCH,1,onion_0,onion_0,1,1,FETCH,FETCH,FETCH,onion_0,onion_0,onion_0,0,0,serve
post_none,7010,482,483,"(0, 1)",PLACE,PLACE,1,pot_0,pot_0,1,1,PLACE,PLACE,PLACE,pot_0,pot_0,pot_0,0,0,serve
post_none,7010,486,487,interact,COOK_START,COOK_START,1,pot_0,pot_0,1,1,COOK_START,COOK_START,COOK_START,pot_0,pot_0,pot_0,0,0,serve
post_none,7010,487,488,"(-1, 0)",FETCH,GET_DISH,0,onion_0,dish_0,0,0,GET_DISH,GET_DISH,GET_DISH,dish_0,dish_0,dish_0,0,0,cook
post_none,7010,489,490,"(0, 1)",PLACE,PLACE,1,pot_1,pot_1,1,1,PLACE,PLACE,PLACE,pot_1,pot_1,pot_1,0,0,serve
post_none,7010,495,496,"(1, 0)",FETCH,FETCH,1,onion_1,onion_1,1,1,FETCH,FETCH,FETCH,onion_1,onion_1,onion_1,0,0,serve
post_none,7010,497,498,"(0, 1)",PLACE,PLACE,1,pot_1,pot_1,1,1,PLACE,PLACE,PLACE,pot_1,pot_1,pot_1,0,0,serve
post_none,7010,501,502,"(1, 0)",FETCH,FETCH,1,onion_1,onion_1,1,1,FETCH,FETCH,FETCH,onion_1,onion_1,onion_1,0,0,serve
post_none,7010,503,504,"(0, 1)",PLACE,PLACE,1,pot_1,pot_1,1,1,PLACE,PLACE,PLACE,pot_1,pot_1,pot_1,0,0,serve
post_none,7010,507,508,interact,COOK_START,COOK_START,1,pot_1,pot_1,1,1,COOK_START,COOK_START,COOK_START,pot_1,pot_1,pot_1,0,0,serve
post_none,7010,508,509,"(0, 0)",GET_DISH,GET_DISH,1,dish_0,dish_0,1,1,GET_DISH,GET_DISH,GET_DISH,dish_0,dish_0,dish_0,0,0,cook
post_none,7010,514,515,"(1, 0)",PRE,PRE,1,pot_1,pot_0,0,0,PRE,PRE,PRE,pot_0,dish_0,pot_0,0,1,dynamic
post_none,7010,527,528,"(1, 0)",PICKUP,PICKUP,1,pot_1,pot_1,1,1,PICKUP,PICKUP,PICKUP,pot_1,pot_1,pot_1,0,0,cook
post_none,7010,530,531,"(0, 1)",DELIVER,DELIVER,1,serve_0,serve_0,1,1,DELIVER,DELIVER,DELIVER,serve_0,serve_0,serve_0,0,0,cook
post_none,7010,532,533,"(0, -1)",FETCH,FETCH,1,onion_1,onion_1,1,1,FETCH,FETCH,FETCH,onion_1,onion_1,onion_1,0,0,serve
post_none,7010,535,536,"(0, 1)",PLACE,PLACE,1,pot_1,pot_0,0,0,PLACE,PLACE,PLACE,pot_0,pot_0,pot_0,0,0,serve
post_none,7010,546,547,"(1, 0)",FETCH,FETCH,1,onion_1,onion_1,1,1,FETCH,FETCH,FETCH,onion_1,onion_1,onion_1,0,0,serve
post_none,7010,548,549,"(-1, 0)",PLACE,PLACE,1,pot_1,pot_1,1,1,PLACE,PLACE,PLACE,pot_1,pot_1,pot_1,0,0,serve
post_none,7010,552,553,"(1, 0)",FETCH,FETCH,1,onion_1,onion_1,1,1,FETCH,FETCH,FETCH,onion_1,onion_1,onion_1,0,0,serve
post_none,7010,554,555,"(-1, 0)",PLACE,PLACE,1,pot_1,pot_1,1,1,PLACE,PLACE,PLACE,pot_1,pot_1,pot_1,0,0,serve
post_none,7010,558,559,interact,COOK_START,COOK_START,1,pot_1,pot_1,1,1,COOK_START,COOK_START,COOK_START,pot_1,pot_1,pot_1,0,0,serve
post_none,7010,559,560,"(1, 0)",FETCH,FETCH,1,onion_1,onion_1,1,1,FETCH,FETCH,FETCH,onion_1,onion_1,onion_1,0,0,serve
post_none,7010,561,562,"(0, 1)",PLACE,PLACE,1,pot_0,pot_0,1,1,PLACE,PLACE,PLACE,pot_0,pot_0,pot_0,0,0,serve
post_none,7010,574,575,"(-1, 0)",FETCH,GET_DISH,0,onion_0,dish_0,0,0,GET_DISH,GET_DISH,GET_DISH,dish_0,dish_0,dish_0,0,0,cook
post_none,7010,576,577,"(0, 1)",PLACE,PLACE,1,pot_0,pot_0,1,1,PLACE,PLACE,PLACE,pot_0,pot_0,pot_0,0,0,serve
post_none,7010,580,581,"(-1, 0)",FETCH,FETCH,1,onion_0,onion_0,1,1,FETCH,FETCH,FETCH,onion_0,onion_0,onion_0,0,0,serve
post_none,7010,582,583,"(0, 1)",PLACE,PLACE,1,pot_0,pot_0,1,1,PLACE,PLACE,PLACE,pot_0,pot_0,pot_0,0,0,serve
post_none,7010,586,587,interact,COOK_START,COOK_START,1,pot_0,pot_0,1,1,COOK_START,COOK_START,COOK_START,pot_0,pot_0,pot_0,0,0,serve
post_none,7010,587,588,"(-1, 0)",FETCH,GET_DISH,0,onion_0,dish_0,0,0,GET_DISH,GET_DISH,GET_DISH,dish_0,dish_0,dish_0,0,0,cook
post_none,7010,589,590,"(0, 1)",PLACE,PLACE,1,pot_1,pot_1,1,1,PLACE,PLACE,PLACE,pot_1,pot_1,pot_1,0,0,serve
post_none,7010,595,596,"(1, 0)",FETCH,FETCH,1,onion_1,onion_1,1,1,FETCH,FETCH,FETCH,onion_1,onion_1,onion_1,0,0,serve
post_none,7010,597,598,"(0, 1)",PLACE,PLACE,1,pot_1,pot_1,1,1,PLACE,PLACE,PLACE,pot_1,pot_1,pot_1,0,0,serve
post_none,7010,601,602,"(1, 0)",FETCH,FETCH,1,onion_1,onion_1,1,1,FETCH,FETCH,FETCH,onion_1,onion_1,onion_1,0,0,serve
post_none,7010,603,604,"(0, 1)",PLACE,PLACE,1,pot_1,pot_1,1,1,PLACE,PLACE,PLACE,pot_1,pot_1,pot_1,0,0,serve
post_none,7010,607,608,interact,COOK_START,COOK_START,1,pot_1,pot_1,1,1,COOK_START,COOK_START,COOK_START,pot_1,pot_1,pot_1,0,0,serve
post_none,7010,608,609,"(0, 0)",GET_DISH,GET_DISH,1,dish_0,dish_0,1,1,GET_DISH,GET_DISH,GET_DISH,dish_0,dish_0,dish_0,0,0,cook
post_none,7010,614,615,"(1, 0)",PRE,PRE,1,pot_1,dish_0,0,0,PRE,PRE,PRE,pot_0,dish_0,dish_0,0,1,dynamic
post_none,7010,627,628,"(1, 0)",PICKUP,PICKUP,1,pot_1,pot_1,1,1,PICKUP,PICKUP,PICKUP,pot_1,pot_1,pot_1,0,0,cook
post_none,7010,630,631,"(0, 1)",DELIVER,DELIVER,1,serve_0,serve_0,1,1,DELIVER,DELIVER,DELIVER,serve_0,serve_0,serve_0,0,0,cook
post_none,7010,632,633,"(0, -1)",FETCH,FETCH,1,onion_1,onion_1,1,1,FETCH,FETCH,FETCH,onion_1,onion_1,onion_1,0,0,serve
post_none,7010,635,636,"(0, 1)",PLACE,PLACE,1,pot_1,pot_1,1,1,PLACE,PLACE,PLACE,pot_1,pot_1,pot_1,0,0,serve
post_none,7010,639,640,"(1, 0)",FETCH,FETCH,1,onion_1,onion_1,1,1,FETCH,FETCH,FETCH,onion_1,onion_1,onion_1,0,0,serve
post_none,7010,641,642,"(-1, 0)",PLACE,PLACE,1,pot_1,pot_1,1,1,PLACE,PLACE,PLACE,pot_1,pot_1,pot_1,0,0,serve
post_none,7010,645,646,"(1, 0)",FETCH,FETCH,1,onion_1,onion_1,1,1,FETCH,FETCH,FETCH,onion_1,onion_1,onion_1,0,0,serve
post_none,7010,647,648,"(-1, 0)",PLACE,PLACE,1,pot_1,pot_1,1,1,PLACE,PLACE,PLACE,pot_1,pot_1,pot_1,0,0,serve
post_none,7010,651,652,interact,COOK_START,COOK_START,1,pot_1,pot_1,1,1,COOK_START,COOK_START,COOK_START,pot_1,pot_1,pot_1,0,0,serve
post_none,7010,652,653,"(1, 0)",FETCH,FETCH,1,onion_1,onion_1,1,1,FETCH,FETCH,FETCH,onion_1,onion_1,onion_1,0,0,serve
post_none,7010,654,655,"(0, 1)",PLACE,PLACE,1,pot_0,pot_0,1,1,PLACE,PLACE,PLACE,pot_0,pot_0,pot_0,0,0,serve
post_none,7010,667,668,interact,COOK_START,COOK_START,1,pot_0,pot_0,1,1,COOK_START,COOK_START,COOK_START,pot_0,pot_0,pot_0,0,0,serve
post_none,7010,668,669,"(1, 0)",HOLD,HOLD,1,none,none,1,1,HOLD,HOLD,HOLD,none,none,none,0,0,dynamic
post_none,7010,674,675,"(-1, 0)",FETCH,GET_DISH,0,onion_0,dish_0,0,0,GET_DISH,GET_DISH,GET_DISH,dish_0,dish_0,dish_0,0,0,cook
post_none,7010,677,678,"(0, 1)",PLACE,PLACE,1,pot_1,pot_0,0,0,PLACE,PLACE,PLACE,pot_0,pot_0,pot_0,0,0,serve
post_none,7010,686,687,"(1, 0)",FETCH,FETCH,1,onion_1,onion_1,1,1,FETCH,FETCH,FETCH,onion_1,onion_1,onion_1,0,0,serve
post_none,7010,688,689,"(0, 1)",PLACE,PLACE,1,pot_1,pot_1,1,1,PLACE,PLACE,PLACE,pot_1,pot_1,pot_1,0,0,serve
post_none,7010,692,693,"(1, 0)",FETCH,FETCH,1,onion_1,onion_1,1,1,FETCH,FETCH,FETCH,onion_1,onion_1,onion_1,0,0,serve
post_none,7010,694,695,"(0, 1)",PLACE,PLACE,1,pot_1,pot_1,1,1,PLACE,PLACE,PLACE,pot_1,pot_1,pot_1,0,0,serve
post_none,7011,0,1,"(0, -1)",FETCH,FETCH,1,onion_0,onion_0,1,1,FETCH,FETCH,FETCH,onion_0,onion_0,onion_0,0,0,serve
post_none,7011,5,6,"(0, 1)",PLACE,PLACE,1,pot_0,pot_0,1,1,PLACE,PLACE,PLACE,pot_0,pot_0,pot_0,0,0,serve
post_none,7011,9,10,"(-1, 0)",FETCH,FETCH,1,onion_0,onion_0,1,1,FETCH,FETCH,FETCH,onion_0,onion_0,onion_0,0,0,serve
post_none,7011,11,12,"(0, 1)",PLACE,PLACE,1,pot_0,pot_0,1,1,PLACE,PLACE,PLACE,pot_0,pot_0,pot_0,0,0,serve
post_none,7011,15,16,"(-1, 0)",FETCH,FETCH,1,onion_0,onion_0,1,1,FETCH,FETCH,FETCH,onion_0,onion_0,onion_0,0,0,serve
post_none,7011,17,18,"(0, 1)",PLACE,PLACE,1,pot_0,pot_0,1,1,PLACE,PLACE,PLACE,pot_0,pot_0,pot_0,0,0,serve
post_none,7011,21,22,interact,COOK_START,COOK_START,1,pot_0,pot_0,1,1,COOK_START,COOK_START,COOK_START,pot_0,pot_0,pot_0,0,0,serve
post_none,7011,22,23,"(-1, 0)",FETCH,FETCH,1,onion_0,onion_0,1,1,FETCH,FETCH,FETCH,onion_0,onion_0,onion_0,0,0,serve
post_none,7011,24,25,"(0, 1)",PLACE,PLACE,1,pot_1,pot_1,1,1,PLACE,PLACE,PLACE,pot_1,pot_1,pot_1,0,0,serve
post_none,7011,30,31,"(1, 0)",FETCH,FETCH,1,onion_1,onion_1,1,1,FETCH,FETCH,FETCH,onion_1,onion_1,onion_1,0,0,serve
post_none,7011,32,33,"(0, 1)",PLACE,PLACE,1,pot_1,pot_1,1,1,PLACE,PLACE,PLACE,pot_1,pot_1,pot_1,0,0,serve
post_none,7011,36,37,"(1, 0)",FETCH,FETCH,1,onion_1,onion_1,1,1,FETCH,FETCH,FETCH,onion_1,onion_1,onion_1,0,0,serve
post_none,7011,38,39,"(0, 1)",PLACE,PLACE,1,pot_1,pot_1,1,1,PLACE,PLACE,PLACE,pot_1,pot_1,pot_1,0,0,serve
post_none,7011,42,43,interact,COOK_START,COOK_START,1,pot_1,pot_1,1,1,COOK_START,COOK_START,COOK_START,pot_1,pot_1,pot_1,0,0,serve
post_none,7011,43,44,"(0, 0)",GET_DISH,GET_DISH,1,dish_0,dish_0,1,1,GET_DISH,GET_DISH,GET_DISH,dish_0,dish_0,dish_0,0,0,cook
post_none,7011,49,50,"(1, 0)",PRE,PRE,1,pot_1,none,0,0,PRE,PRE,PRE,none,pot_1,none,0,1,dynamic
post_none,7011,62,63,"(1, 0)",PICKUP,PICKUP,1,pot_1,pot_1,1,1,PICKUP,PICKUP,PICKUP,pot_1,pot_1,pot_1,0,0,cook
post_none,7011,65,66,"(0, 1)",DELIVER,DELIVER,1,serve_0,serve_0,1,1,DELIVER,DELIVER,DELIVER,serve_0,serve_0,serve_0,0,0,cook
post_none,7011,67,68,"(0, -1)",FETCH,FETCH,1,onion_1,onion_1,1,1,FETCH,FETCH,FETCH,onion_1,onion_1,onion_1,0,0,serve
post_none,7011,70,71,"(0, 1)",PLACE,PLACE,1,pot_1,pot_1,1,1,PLACE,PLACE,PLACE,pot_1,pot_1,pot_1,0,0,serve
post_none,7011,74,75,"(1, 0)",FETCH,FETCH,1,onion_1,onion_1,1,1,FETCH,FETCH,FETCH,onion_1,onion_1,onion_1,0,0,serve
post_none,7011,76,77,"(-1, 0)",PLACE,PLACE,1,pot_1,pot_1,1,1,PLACE,PLACE,PLACE,pot_1,pot_1,pot_1,0,0,serve
post_none,7011,80,81,"(1, 0)",FETCH,FETCH,1,onion_1,onion_1,1,1,FETCH,FETCH,FETCH,onion_1,onion_1,onion_1,0,0,serve
post_none,7011,82,83,"(-1, 0)",PLACE,PLACE,1,pot_1,pot_1,1,1,PLACE,PLACE,PLACE,pot_1,pot_1,pot_1,0,0,serve
post_none,7011,86,87,interact,COOK_START,COOK_START,1,pot_1,pot_1,1,1,COOK_START,COOK_START,COOK_START,pot_1,pot_1,pot_1,0,0,serve
post_none,7011,87,88,"(1, 0)",FETCH,FETCH,1,onion_1,onion_1,1,1,FETCH,FETCH,FETCH,onion_1,onion_1,onion_1,0,0,serve
post_none,7011,89,90,"(0, 1)",PLACE,PLACE,1,pot_0,pot_0,1,1,PLACE,PLACE,PLACE,pot_0,pot_0,pot_0,0,0,serve
post_none,7011,102,103,interact,COOK_START,COOK_START,1,pot_0,pot_0,1,1,COOK_START,COOK_START,COOK_START,pot_0,pot_0,pot_0,0,0,serve
post_none,7011,103,104,"(1, 0)",HOLD,HOLD,1,none,none,1,1,HOLD,HOLD,HOLD,none,none,none,0,0,dynamic
post_none,7011,109,110,"(-1, 0)",FETCH,GET_DISH,0,onion_0,dish_0,0,0,GET_DISH,GET_DISH,GET_DISH,dish_0,dish_0,dish_0,0,0,cook
post_none,7011,112,113,"(0, 1)",PLACE,PLACE,1,pot_1,pot_0,0,0,PLACE,PLACE,PLACE,pot_0,pot_0,pot_0,0,0,serve
post_none,7011,121,122,"(1, 0)",FETCH,FETCH,1,onion_1,onion_1,1,1,FETCH,FETCH,FETCH,onion_1,onion_1,onion_1,0,0,serve
post_none,7011,123,124,"(0, 1)",PLACE,PLACE,1,pot_1,pot_1,1,1,PLACE,PLACE,PLACE,pot_1,pot_1,pot_1,0,0,serve
post_none,7011,127,128,"(1, 0)",FETCH,FETCH,1,onion_1,onion_1,1,1,FETCH,FETCH,FETCH,onion_1,onion_1,onion_1,0,0,serve
post_none,7011,129,130,"(0, 1)",PLACE,PLACE,1,pot_1,pot_1,1,1,PLACE,PLACE,PLACE,pot_1,pot_1,pot_1,0,0,serve
post_none,7011,135,136,interact,COOK_START,COOK_START,1,pot_1,pot_1,1,1,COOK_START,COOK_START,COOK_START,pot_1,pot_1,pot_1,0,0,serve
post_none,7011,136,137,"(1, 0)",FETCH,FETCH,1,onion_1,onion_1,1,1,FETCH,FETCH,FETCH,onion_1,onion_1,onion_1,0,0,serve
post_none,7011,138,139,"(0, 1)",PLACE,PLACE,1,pot_0,pot_0,1,1,PLACE,PLACE,PLACE,pot_0,pot_0,pot_0,0,0,serve
post_none,7011,148,149,"(-1, 0)",FETCH,FETCH,1,onion_0,onion_0,1,1,FETCH,FETCH,FETCH,onion_0,onion_0,onion_0,0,0,serve
post_none,7011,150,151,"(0, 1)",PLACE,PLACE,1,pot_0,pot_0,1,1,PLACE,PLACE,PLACE,pot_0,pot_0,pot_0,0,0,serve
post_none,7011,154,155,"(-1, 0)",FETCH,FETCH,1,onion_0,onion_0,1,1,FETCH,FETCH,FETCH,onion_0,onion_0,onion_0,0,0,serve
post_none,7011,156,157,"(0, 1)",PLACE,PLACE,1,pot_0,pot_0,1,1,PLACE,PLACE,PLACE,pot_0,pot_0,pot_0,0,0,serve
post_none,7011,160,161,interact,COOK_START,COOK_START,1,pot_0,pot_0,1,1,COOK_START,COOK_START,COOK_START,pot_0,pot_0,pot_0,0,0,serve
post_none,7011,161,162,"(-1, 0)",FETCH,FETCH,1,onion_0,onion_0,1,1,FETCH,FETCH,FETCH,onion_0,onion_0,onion_0,0,0,serve
post_none,7011,163,164,"(0, 1)",PLACE,PLACE,1,pot_1,pot_1,1,1,PLACE,PLACE,PLACE,pot_1,pot_1,pot_1,0,0,serve
post_none,7011,169,170,"(1, 0)",FETCH,FETCH,1,onion_1,onion_1,1,1,FETCH,FETCH,FETCH,onion_1,onion_1,onion_1,0,0,serve
post_none,7011,171,172,"(0, 1)",PLACE,PLACE,1,pot_1,pot_1,1,1,PLACE,PLACE,PLACE,pot_1,pot_1,pot_1,0,0,serve
post_none,7011,175,176,"(1, 0)",FETCH,FETCH,1,onion_1,onion_1,1,1,FETCH,FETCH,FETCH,onion_1,onion_1,onion_1,0,0,serve
post_none,7011,177,178,"(0, 1)",PLACE,PLACE,1,pot_1,pot_1,1,1,PLACE,PLACE,PLACE,pot_1,pot_1,pot_1,0,0,serve
post_none,7011,181,182,interact,COOK_START,COOK_START,1,pot_1,pot_1,1,1,COOK_START,COOK_START,COOK_START,pot_1,pot_1,pot_1,0,0,serve
post_none,7011,182,183,"(0, 0)",GET_DISH,GET_DISH,1,dish_0,dish_0,1,1,GET_DISH,GET_DISH,GET_DISH,dish_0,dish_0,dish_0,0,0,cook
post_none,7011,188,189,"(1, 0)",PRE,PRE,1,pot_1,none,0,0,PRE,PRE,PRE,none,pot_1,none,0,1,dynamic
post_none,7011,201,202,"(1, 0)",PICKUP,PICKUP,1,pot_1,pot_1,1,1,PICKUP,PICKUP,PICKUP,pot_1,pot_1,pot_1,0,0,cook
post_none,7011,204,205,"(0, 1)",DELIVER,DELIVER,1,serve_0,serve_0,1,1,DELIVER,DELIVER,DELIVER,serve_0,serve_0,serve_0,0,0,cook
post_none,7011,206,207,"(0, -1)",FETCH,FETCH,1,onion_1,onion_1,1,1,FETCH,FETCH,FETCH,onion_1,onion_1,onion_1,0,0,serve
post_none,7011,209,210,"(0, 1)",PLACE,PLACE,1,pot_1,pot_1,1,1,PLACE,PLACE,PLACE,pot_1,pot_1,pot_1,0,0,serve
post_none,7011,220,221,"(1, 0)",FETCH,FETCH,1,onion_1,onion_1,1,1,FETCH,FETCH,FETCH,onion_1,onion_1,onion_1,0,0,serve
post_none,7011,222,223,"(-1, 0)",PLACE,PLACE,1,pot_1,pot_1,1,1,PLACE,PLACE,PLACE,pot_1,pot_1,pot_1,0,0,serve
post_none,7011,226,227,"(1, 0)",FETCH,FETCH,1,onion_1,onion_1,1,1,FETCH,FETCH,FETCH,onion_1,onion_1,onion_1,0,0,serve
post_none,7011,228,229,"(-1, 0)",PLACE,PLACE,1,pot_1,pot_1,1,1,PLACE,PLACE,PLACE,pot_1,pot_1,pot_1,0,0,serve
post_none,7011,232,233,interact,COOK_START,COOK_START,1,pot_1,pot_1,1,1,COOK_START,COOK_START,COOK_START,pot_1,pot_1,pot_1,0,0,serve
post_none,7011,233,234,"(1, 0)",FETCH,FETCH,1,onion_1,onion_1,1,1,FETCH,FETCH,FETCH,onion_1,onion_1,onion_1,0,0,serve
post_none,7011,235,236,"(0, 1)",PLACE,PLACE,1,pot_0,pot_0,1,1,PLACE,PLACE,PLACE,pot_0,pot_0,pot_0,0,0,serve
post_none,7011,248,249,"(-1, 0)",FETCH,FETCH,1,onion_0,onion_0,1,1,FETCH,FETCH,FETCH,onion_0,onion_0,onion_0,0,0,serve
post_none,7011,250,251,"(0, 1)",PLACE,PLACE,1,pot_0,pot_0,1,1,PLACE,PLACE,PLACE,pot_0,pot_0,pot_0,0,0,serve
post_none,7011,254,255,"(-1, 0)",FETCH,FETCH,1,onion_0,onion_0,1,1,FETCH,FETCH,FETCH,onion_0,onion_0,onion_0,0,0,serve
post_none,7011,256,257,"(0, 1)",PLACE,PLACE,1,pot_0,pot_0,1,1,PLACE,PLACE,PLACE,pot_0,pot_0,pot_0,0,0,serve
post_none,7011,260,261,interact,COOK_START,COOK_START,1,pot_0,pot_0,1,1,COOK_START,COOK_START,COOK_START,pot_0,pot_0,pot_0,0,0,serve
post_none,7011,261,262,"(-1, 0)",FETCH,FETCH,1,onion_0,onion_0,1,1,FETCH,FETCH,FETCH,onion_0,onion_0,onion_0,0,0,serve
post_none,7011,263,264,"(0, 1)",PLACE,PLACE,1,pot_1,pot_1,1,1,PLACE,PLACE,PLACE,pot_1,pot_1,pot_1,0,0,serve
post_none,7011,269,270,"(1, 0)",FETCH,FETCH,1,onion_1,onion_1,1,1,FETCH,FETCH,FETCH,onion_1,onion_1,onion_1,0,0,serve
post_none,7011,271,272,"(0, 1)",PLACE,PLACE,1,pot_1,pot_1,1,1,PLACE,PLACE,PLACE,pot_1,pot_1,pot_1,0,0,serve
post_none,7011,275,276,"(1, 0)",FETCH,FETCH,1,onion_1,onion_1,1,1,FETCH,FETCH,FETCH,onion_1,onion_1,onion_1,0,0,serve
post_none,7011,277,278,"(0, 1)",PLACE,PLACE,1,pot_1,pot_1,1,1,PLACE,PLACE,PLACE,pot_1,pot_1,pot_1,0,0,serve
post_none,7011,281,282,interact,COOK_START,COOK_START,1,pot_1,pot_1,1,1,COOK_START,COOK_START,COOK_START,pot_1,pot_1,pot_1,0,0,serve
post_none,7011,282,283,"(0, 0)",GET_DISH,GET_DISH,1,dish_0,dish_0,1,1,GET_DISH,GET_DISH,GET_DISH,dish_0,dish_0,dish_0,0,0,cook
post_none,7011,288,289,"(1, 0)",PRE,PRE,1,pot_1,none,0,0,PRE,PRE,PRE,none,onion_1,none,0,1,dynamic
post_none,7011,301,302,"(1, 0)",PICKUP,PICKUP,1,pot_1,pot_1,1,1,PICKUP,PICKUP,PICKUP,pot_1,pot_1,pot_1,0,0,cook
post_none,7011,304,305,"(0, 1)",DELIVER,DELIVER,1,serve_0,serve_0,1,1,DELIVER,DELIVER,DELIVER,serve_0,serve_0,serve_0,0,0,cook
post_none,7011,306,307,"(0, -1)",FETCH,FETCH,1,onion_1,onion_1,1,1,FETCH,FETCH,FETCH,onion_1,onion_1,onion_1,0,0,serve
post_none,7011,309,310,"(0, 1)",PLACE,PLACE,1,pot_1,pot_1,1,1,PLACE,PLACE,PLACE,pot_1,pot_1,pot_1,0,0,serve
post_none,7011,313,314,"(1, 0)",FETCH,FETCH,1,onion_1,onion_1,1,1,FETCH,FETCH,FETCH,onion_1,onion_1,onion_1,0,0,serve
post_none,7011,315,316,"(-1, 0)",PLACE,PLACE,1,pot_1,pot_1,1,1,PLACE,PLACE,PLACE,pot_1,pot_1,pot_1,0,0,serve
post_none,7011,319,320,"(1, 0)",FETCH,FETCH,1,onion_1,onion_1,1,1,FETCH,FETCH,FETCH,onion_1,onion_1,onion_1,0,0,serve
post_none,7011,321,322,"(-1, 0)",PLACE,PLACE,1,pot_1,pot_1,1,1,PLACE,PLACE,PLACE,pot_1,pot_1,pot_1,0,0,serve
post_none,7011,325,326,interact,COOK_START,COOK_START,1,pot_1,pot_1,1,1,COOK_START,COOK_START,COOK_START,pot_1,pot_1,pot_1,0,0,serve
post_none,7011,326,327,"(1, 0)",FETCH,FETCH,1,onion_1,onion_1,1,1,FETCH,FETCH,FETCH,onion_1,onion_1,onion_1,0,0,serve
post_none,7011,328,329,"(0, 1)",PLACE,PLACE,1,pot_0,pot_0,1,1,PLACE,PLACE,PLACE,pot_0,pot_0,pot_0,0,0,serve
post_none,7011,341,342,interact,COOK_START,COOK_START,1,pot_0,pot_0,1,1,COOK_START,COOK_START,COOK_START,pot_0,pot_0,pot_0,0,0,serve
post_none,7011,342,343,"(1, 0)",HOLD,HOLD,1,none,none,1,1,HOLD,HOLD,HOLD,none,none,none,0,0,dynamic
post_none,7011,348,349,"(-1, 0)",FETCH,GET_DISH,0,onion_0,dish_0,0,0,GET_DISH,GET_DISH,GET_DISH,dish_0,dish_0,dish_0,0,0,cook
post_none,7011,351,352,"(0, 1)",PLACE,PLACE,1,pot_1,pot_0,0,0,PLACE,PLACE,PLACE,pot_0,pot_0,pot_0,0,0,serve
post_none,7011,360,361,"(1, 0)",FETCH,FETCH,1,onion_1,onion_1,1,1,FETCH,FETCH,FETCH,onion_1,onion_1,onion_1,0,0,serve
post_none,7011,362,363,"(0, 1)",PLACE,PLACE,1,pot_1,pot_1,1,1,PLACE,PLACE,PLACE,pot_1,pot_1,pot_1,0,0,serve
post_none,7011,366,367,"(1, 0)",FETCH,FETCH,1,onion_1,onion_1,1,1,FETCH,FETCH,FETCH,onion_1,onion_1,onion_1,0,0,serve
post_none,7011,368,369,"(0, 1)",PLACE,PLACE,1,pot_1,pot_1,1,1,PLACE,PLACE,PLACE,pot_1,pot_1,pot_1,0,0,serve
post_none,7011,374,375,interact,COOK_START,COOK_START,1,pot_1,pot_1,1,1,COOK_START,COOK_START,COOK_START,pot_1,pot_1,pot_1,0,0,serve
post_none,7011,375,376,"(1, 0)",FETCH,FETCH,1,onion_1,onion_1,1,1,FETCH,FETCH,FETCH,onion_1,onion_1,onion_1,0,0,serve
post_none,7011,377,378,"(0, 1)",PLACE,PLACE,1,pot_0,pot_0,1,1,PLACE,PLACE,PLACE,pot_0,pot_0,pot_0,0,0,serve
post_none,7011,387,388,"(-1, 0)",FETCH,FETCH,1,onion_0,onion_0,1,1,FETCH,FETCH,FETCH,onion_0,onion_0,onion_0,0,0,serve
post_none,7011,389,390,"(0, 1)",PLACE,PLACE,1,pot_0,pot_0,1,1,PLACE,PLACE,PLACE,pot_0,pot_0,pot_0,0,0,serve
post_none,7011,393,394,"(-1, 0)",FETCH,FETCH,1,onion_0,onion_0,1,1,FETCH,FETCH,FETCH,onion_0,onion_0,onion_0,0,0,serve
post_none,7011,395,396,"(0, 1)",PLACE,PLACE,1,pot_0,pot_0,1,1,PLACE,PLACE,PLACE,pot_0,pot_0,pot_0,0,0,serve
post_none,7011,399,400,interact,COOK_START,COOK_START,1,pot_0,pot_0,1,1,COOK_START,COOK_START,COOK_START,pot_0,pot_0,pot_0,0,0,serve
post_none,7011,400,401,"(-1, 0)",FETCH,GET_DISH,0,onion_0,dish_0,0,0,GET_DISH,FETCH,GET_DISH,dish_0,onion_0,dish_0,1,1,cook
post_none,7011,402,403,"(0, 1)",PLACE,PLACE,1,pot_1,pot_1,1,1,PLACE,PLACE,PLACE,pot_1,pot_1,pot_1,0,0,serve
post_none,7011,408,409,"(1, 0)",FETCH,FETCH,1,onion_1,onion_1,1,1,FETCH,FETCH,FETCH,onion_1,onion_1,onion_1,0,0,serve
post_none,7011,410,411,"(0, 1)",PLACE,PLACE,1,pot_1,pot_1,1,1,PLACE,PLACE,PLACE,pot_1,pot_1,pot_1,0,0,serve
post_none,7011,414,415,"(1, 0)",FETCH,FETCH,1,onion_1,onion_1,1,1,FETCH,FETCH,FETCH,onion_1,onion_1,onion_1,0,0,serve
post_none,7011,416,417,"(0, 1)",PLACE,PLACE,1,pot_1,pot_1,1,1,PLACE,PLACE,PLACE,pot_1,pot_1,pot_1,0,0,serve
post_none,7011,420,421,interact,COOK_START,COOK_START,1,pot_1,pot_1,1,1,COOK_START,COOK_START,COOK_START,pot_1,pot_1,pot_1,0,0,serve
post_none,7011,421,422,"(0, 0)",GET_DISH,GET_DISH,1,dish_0,dish_0,1,1,GET_DISH,GET_DISH,GET_DISH,dish_0,dish_0,dish_0,0,0,cook
post_none,7011,427,428,"(1, 0)",PRE,PRE,1,pot_1,pot_0,0,0,PRE,PRE,PRE,pot_0,pot_0,pot_0,0,0,dynamic
post_none,7011,440,441,"(1, 0)",PICKUP,PICKUP,1,pot_1,pot_1,1,1,PICKUP,PICKUP,PICKUP,pot_1,pot_1,pot_1,0,0,cook
post_none,7011,443,444,"(0, 1)",DELIVER,DELIVER,1,serve_0,serve_0,1,1,DELIVER,DELIVER,DELIVER,serve_0,serve_0,serve_0,0,0,cook
post_none,7011,445,446,"(0, -1)",FETCH,FETCH,1,onion_1,onion_1,1,1,FETCH,FETCH,FETCH,onion_1,onion_1,onion_1,0,0,serve
post_none,7011,448,449,"(0, 1)",PLACE,PLACE,1,pot_1,pot_0,0,0,PLACE,PLACE,PLACE,pot_0,pot_0,pot_0,0,0,serve
post_none,7011,459,460,"(1, 0)",FETCH,FETCH,1,onion_1,onion_1,1,1,FETCH,FETCH,FETCH,onion_1,onion_1,onion_1,0,0,serve
post_none,7011,461,462,"(-1, 0)",PLACE,PLACE,1,pot_1,pot_1,1,1,PLACE,PLACE,PLACE,pot_1,pot_1,pot_1,0,0,serve
post_none,7011,465,466,"(1, 0)",FETCH,FETCH,1,onion_1,onion_1,1,1,FETCH,FETCH,FETCH,onion_1,onion_1,onion_1,0,0,serve
post_none,7011,467,468,"(-1, 0)",PLACE,PLACE,1,pot_1,pot_1,1,1,PLACE,PLACE,PLACE,pot_1,pot_1,pot_1,0,0,serve
post_none,7011,471,472,interact,COOK_START,COOK_START,1,pot_1,pot_1,1,1,COOK_START,COOK_START,COOK_START,pot_1,pot_1,pot_1,0,0,serve
post_none,7011,472,473,"(1, 0)",FETCH,FETCH,1,onion_1,onion_1,1,1,FETCH,FETCH,FETCH,onion_1,onion_1,onion_1,0,0,serve
post_none,7011,474,475,"(0, 1)",PLACE,PLACE,1,pot_0,pot_0,1,1,PLACE,PLACE,PLACE,pot_0,pot_0,pot_0,0,0,serve
post_none,7011,487,488,"(-1, 0)",FETCH,GET_DISH,0,onion_0,onion_0,1,0,GET_DISH,FETCH,GET_DISH,onion_0,onion_0,onion_0,1,0,cook
post_none,7011,489,490,"(0, 1)",PLACE,PLACE,1,pot_0,pot_0,1,1,PLACE,PLACE,PLACE,pot_0,pot_0,pot_0,0,0,serve
post_none,7011,493,494,"(-1, 0)",FETCH,FETCH,1,onion_0,onion_0,1,1,FETCH,FETCH,FETCH,onion_0,onion_0,onion_0,0,0,serve
post_none,7011,495,496,"(0, 1)",PLACE,PLACE,1,pot_0,pot_0,1,1,PLACE,PLACE,PLACE,pot_0,pot_0,pot_0,0,0,serve
post_none,7011,499,500,interact,COOK_START,COOK_START,1,pot_0,pot_0,1,1,COOK_START,COOK_START,COOK_START,pot_0,pot_0,pot_0,0,0,serve
post_none,7011,500,501,"(-1, 0)",FETCH,GET_DISH,0,onion_0,dish_0,0,0,GET_DISH,GET_DISH,GET_DISH,dish_0,dish_0,dish_0,0,0,cook
post_none,7011,502,503,"(0, 1)",PLACE,PLACE,1,pot_1,pot_1,1,1,PLACE,PLACE,PLACE,pot_1,pot_1,pot_1,0,0,serve
post_none,7011,508,509,"(1, 0)",FETCH,FETCH,1,onion_1,onion_1,1,1,FETCH,FETCH,FETCH,onion_1,onion_1,onion_1,0,0,serve
post_none,7011,510,511,"(0, 1)",PLACE,PLACE,1,pot_1,pot_1,1,1,PLACE,PLACE,PLACE,pot_1,pot_1,pot_1,0,0,serve
post_none,7011,514,515,"(1, 0)",FETCH,FETCH,1,onion_1,onion_1,1,1,FETCH,FETCH,FETCH,onion_1,onion_1,onion_1,0,0,serve
post_none,7011,516,517,"(0, 1)",PLACE,PLACE,1,pot_1,pot_1,1,1,PLACE,PLACE,PLACE,pot_1,pot_1,pot_1,0,0,serve
post_none,7011,520,521,interact,COOK_START,COOK_START,1,pot_1,pot_1,1,1,COOK_START,COOK_START,COOK_START,pot_1,pot_1,pot_1,0,0,serve
post_none,7011,521,522,"(0, 0)",GET_DISH,GET_DISH,1,dish_0,dish_0,1,1,GET_DISH,GET_DISH,GET_DISH,dish_0,dish_0,dish_0,0,0,cook
post_none,7011,527,528,"(1, 0)",PRE,PRE,1,pot_1,pot_0,0,0,PRE,PRE,PRE,pot_0,dish_0,pot_0,0,1,dynamic
post_none,7011,540,541,"(1, 0)",PICKUP,PICKUP,1,pot_1,pot_1,1,1,PICKUP,PICKUP,PICKUP,pot_1,pot_1,pot_1,0,0,cook
post_none,7011,543,544,"(0, 1)",DELIVER,DELIVER,1,serve_0,serve_0,1,1,DELIVER,DELIVER,DELIVER,serve_0,serve_0,serve_0,0,0,cook
post_none,7011,545,546,"(0, -1)",FETCH,FETCH,1,onion_1,onion_1,1,1,FETCH,FETCH,FETCH,onion_1,onion_1,onion_1,0,0,serve
post_none,7011,548,549,"(0, 1)",PLACE,PLACE,1,pot_1,pot_0,0,0,PLACE,PLACE,PLACE,pot_0,pot_0,pot_0,0,0,serve
post_none,7011,559,560,"(1, 0)",FETCH,FETCH,1,onion_1,onion_1,1,1,FETCH,FETCH,FETCH,onion_1,onion_1,onion_1,0,0,serve
post_none,7011,561,562,"(-1, 0)",PLACE,PLACE,1,pot_1,pot_1,1,1,PLACE,PLACE,PLACE,pot_1,pot_1,pot_1,0,0,serve
post_none,7011,565,566,"(1, 0)",FETCH,FETCH,1,onion_1,onion_1,1,1,FETCH,FETCH,FETCH,onion_1,onion_1,onion_1,0,0,serve
post_none,7011,567,568,"(-1, 0)",PLACE,PLACE,1,pot_1,pot_1,1,1,PLACE,PLACE,PLACE,pot_1,pot_1,pot_1,0,0,serve
post_none,7011,571,572,interact,COOK_START,COOK_START,1,pot_1,pot_1,1,1,COOK_START,COOK_START,COOK_START,pot_1,pot_1,pot_1,0,0,serve
post_none,7011,572,573,"(1, 0)",FETCH,FETCH,1,onion_1,onion_1,1,1,FETCH,FETCH,FETCH,onion_1,onion_1,onion_1,0,0,serve
post_none,7011,574,575,"(0, 1)",PLACE,PLACE,1,pot_0,pot_0,1,1,PLACE,PLACE,PLACE,pot_0,pot_0,pot_0,0,0,serve
post_none,7011,587,588,"(-1, 0)",FETCH,GET_DISH,0,onion_0,dish_0,0,0,GET_DISH,GET_DISH,GET_DISH,dish_0,dish_0,dish_0,0,0,cook
post_none,7011,589,590,"(0, 1)",PLACE,PLACE,1,pot_0,pot_0,1,1,PLACE,PLACE,PLACE,pot_0,pot_0,pot_0,0,0,serve
post_none,7011,593,594,"(-1, 0)",FETCH,FETCH,1,onion_0,onion_0,1,1,FETCH,FETCH,FETCH,onion_0,onion_0,onion_0,0,0,serve
post_none,7011,595,596,"(0, 1)",PLACE,PLACE,1,pot_0,pot_0,1,1,PLACE,PLACE,PLACE,pot_0,pot_0,pot_0,0,0,serve
post_none,7011,599,600,interact,COOK_START,COOK_START,1,pot_0,pot_0,1,1,COOK_START,COOK_START,COOK_START,pot_0,pot_0,pot_0,0,0,serve
post_none,7011,600,601,"(-1, 0)",FETCH,GET_DISH,0,onion_0,dish_0,0,0,GET_DISH,GET_DISH,GET_DISH,dish_0,dish_0,dish_0,0,0,cook
post_none,7011,602,603,"(0, 1)",PLACE,PLACE,1,pot_1,pot_1,1,1,PLACE,PLACE,PLACE,pot_1,pot_1,pot_1,0,0,serve
post_none,7011,608,609,"(1, 0)",FETCH,FETCH,1,onion_1,onion_1,1,1,FETCH,FETCH,FETCH,onion_1,onion_1,onion_1,0,0,serve
post_none,7011,610,611,"(0, 1)",PLACE,PLACE,1,pot_1,pot_1,1,1,PLACE,PLACE,PLACE,pot_1,pot_1,pot_1,0,0,serve
post_none,7011,614,615,"(1, 0)",FETCH,FETCH,1,onion_1,onion_1,1,1,FETCH,FETCH,FETCH,onion_1,onion_1,onion_1,0,0,serve
post_none,7011,616,617,"(0, 1)",PLACE,PLACE,1,pot_1,pot_1,1,1,PLACE,PLACE,PLACE,pot_1,pot_1,pot_1,0,0,serve
post_none,7011,620,621,interact,COOK_START,COOK_START,1,pot_1,pot_1,1,1,COOK_START,COOK_START,COOK_START,pot_1,pot_1,pot_1,0,0,serve
post_none,7011,621,622,"(0, 0)",GET_DISH,GET_DISH,1,dish_0,dish_0,1,1,GET_DISH,GET_DISH,GET_DISH,dish_0,dish_0,dish_0,0,0,cook
post_none,7011,627,628,"(1, 0)",PRE,PRE,1,pot_1,dish_0,0,0,PRE,PRE,PRE,pot_0,dish_0,dish_0,0,1,dynamic
post_none,7011,640,641,"(1, 0)",PICKUP,PICKUP,1,pot_1,pot_1,1,1,PICKUP,PICKUP,PICKUP,pot_1,pot_1,pot_1,0,0,cook
post_none,7011,643,644,"(0, 1)",DELIVER,DELIVER,1,serve_0,serve_0,1,1,DELIVER,DELIVER,DELIVER,serve_0,serve_0,serve_0,0,0,cook
post_none,7011,645,646,"(0, -1)",FETCH,FETCH,1,onion_1,onion_1,1,1,FETCH,FETCH,FETCH,onion_1,onion_1,onion_1,0,0,serve
post_none,7011,648,649,"(0, 1)",PLACE,PLACE,1,pot_1,pot_0,0,0,PLACE,PLACE,PLACE,pot_0,pot_0,pot_0,0,0,serve
post_none,7011,659,660,"(1, 0)",FETCH,FETCH,1,onion_1,onion_1,1,1,FETCH,FETCH,FETCH,onion_1,onion_1,onion_1,0,0,serve
post_none,7011,661,662,"(-1, 0)",PLACE,PLACE,1,pot_1,pot_1,1,1,PLACE,PLACE,PLACE,pot_1,pot_1,pot_1,0,0,serve
post_none,7011,665,666,"(1, 0)",FETCH,FETCH,1,onion_1,onion_1,1,1,FETCH,FETCH,FETCH,onion_1,onion_1,onion_1,0,0,serve
post_none,7011,667,668,"(-1, 0)",PLACE,PLACE,1,pot_1,pot_1,1,1,PLACE,PLACE,PLACE,pot_1,pot_1,pot_1,0,0,serve
post_none,7011,671,672,interact,COOK_START,COOK_START,1,pot_1,pot_1,1,1,COOK_START,COOK_START,COOK_START,pot_1,pot_1,pot_1,0,0,serve
post_none,7011,672,673,"(1, 0)",FETCH,FETCH,1,onion_1,onion_1,1,1,FETCH,FETCH,FETCH,onion_1,onion_1,onion_1,0,0,serve
post_none,7011,674,675,"(0, 1)",PLACE,PLACE,1,pot_0,pot_0,1,1,PLACE,PLACE,PLACE,pot_0,pot_0,pot_0,0,0,serve
post_none,7011,687,688,"(-1, 0)",FETCH,GET_DISH,0,onion_0,dish_0,0,0,GET_DISH,GET_DISH,GET_DISH,dish_0,dish_0,dish_0,0,0,cook
post_none,7011,689,690,"(0, 1)",PLACE,PLACE,1,pot_0,pot_0,1,1,PLACE,PLACE,PLACE,pot_0,pot_0,pot_0,0,0,serve
post_none,7011,693,694,"(-1, 0)",FETCH,FETCH,1,onion_0,onion_0,1,1,FETCH,FETCH,FETCH,onion_0,onion_0,onion_0,0,0,serve
post_none,7011,695,696,"(0, 1)",PLACE,PLACE,1,pot_0,pot_0,1,1,PLACE,PLACE,PLACE,pot_0,pot_0,pot_0,0,0,serve
post_none,7011,699,700,interact,COOK_START,COOK_START,1,pot_0,pot_0,1,1,COOK_START,COOK_START,COOK_START,pot_0,pot_0,pot_0,0,0,serve
post_none,7012,0,1,"(0, 0)",FETCH,FETCH,1,onion_0,onion_0,1,1,FETCH,FETCH,FETCH,onion_0,onion_0,onion_0,0,0,serve
post_none,7012,6,7,"(0, 1)",PLACE,PLACE,1,pot_0,pot_0,1,1,PLACE,PLACE,PLACE,pot_0,pot_0,pot_0,0,0,serve
post_none,7012,10,11,"(-1, 0)",FETCH,FETCH,1,onion_0,onion_0,1,1,FETCH,FETCH,FETCH,onion_0,onion_0,onion_0,0,0,serve
post_none,7012,12,13,"(0, 1)",PLACE,PLACE,1,pot_0,pot_0,1,1,PLACE,PLACE,PLACE,pot_0,pot_0,pot_0,0,0,serve
post_none,7012,16,17,"(-1, 0)",FETCH,FETCH,1,onion_0,onion_0,1,1,FETCH,FETCH,FETCH,onion_0,onion_0,onion_0,0,0,serve
post_none,7012,18,19,"(0, 1)",PLACE,PLACE,1,pot_0,pot_0,1,1,PLACE,PLACE,PLACE,pot_0,pot_0,pot_0,0,0,serve
post_none,7012,22,23,interact,COOK_START,COOK_START,1,pot_0,pot_0,1,1,COOK_START,COOK_START,COOK_START,pot_0,pot_0,pot_0,0,0,serve
post_none,7012,23,24,"(-1, 0)",FETCH,FETCH,1,onion_0,onion_0,1,1,FETCH,FETCH,FETCH,onion_0,onion_0,onion_0,0,0,serve
post_none,7012,25,26,"(0, 1)",PLACE,PLACE,1,pot_1,pot_1,1,1,PLACE,PLACE,PLACE,pot_1,pot_1,pot_1,0,0,serve
post_none,7012,31,32,"(1, 0)",FETCH,FETCH,1,onion_1,onion_1,1,1,FETCH,FETCH,FETCH,onion_1,onion_1,onion_1,0,0,serve
post_none,7012,33,34,"(0, 1)",PLACE,PLACE,1,pot_1,pot_1,1,1,PLACE,PLACE,PLACE,pot_1,pot_1,pot_1,0,0,serve
post_none,7012,37,38,"(1, 0)",FETCH,FETCH,1,onion_1,onion_1,1,1,FETCH,FETCH,FETCH,onion_1,onion_1,onion_1,0,0,serve
post_none,7012,39,40,"(0, 1)",PLACE,PLACE,1,pot_1,pot_1,1,1,PLACE,PLACE,PLACE,pot_1,pot_1,pot_1,0,0,serve
post_none,7012,43,44,interact,COOK_START,COOK_START,1,pot_1,pot_1,1,1,COOK_START,COOK_START,COOK_START,pot_1,pot_1,pot_1,0,0,serve
post_none,7012,44,45,"(0, 0)",GET_DISH,GET_DISH,1,dish_0,dish_0,1,1,GET_DISH,GET_DISH,GET_DISH,dish_0,dish_0,dish_0,0,0,cook
post_none,7012,50,51,"(1, 0)",PRE,PRE,1,pot_1,none,0,0,PRE,PRE,PRE,none,pot_1,none,0,1,dynamic
post_none,7012,63,64,"(1, 0)",PICKUP,PICKUP,1,pot_1,pot_1,1,1,PICKUP,PICKUP,PICKUP,pot_1,pot_1,pot_1,0,0,cook
post_none,7012,66,67,"(0, 1)",DELIVER,DELIVER,1,serve_0,serve_0,1,1,DELIVER,DELIVER,DELIVER,serve_0,serve_0,serve_0,0,0,cook
post_none,7012,68,69,"(0, -1)",FETCH,FETCH,1,onion_1,onion_1,1,1,FETCH,FETCH,FETCH,onion_1,onion_1,onion_1,0,0,serve
post_none,7012,71,72,"(0, 1)",PLACE,PLACE,1,pot_1,pot_1,1,1,PLACE,PLACE,PLACE,pot_1,pot_1,pot_1,0,0,serve
post_none,7012,75,76,"(1, 0)",FETCH,FETCH,1,onion_1,onion_1,1,1,FETCH,FETCH,FETCH,onion_1,onion_1,onion_1,0,0,serve
post_none,7012,77,78,"(-1, 0)",PLACE,PLACE,1,pot_1,pot_1,1,1,PLACE,PLACE,PLACE,pot_1,pot_1,pot_1,0,0,serve
post_none,7012,81,82,"(1, 0)",FETCH,FETCH,1,onion_1,onion_1,1,1,FETCH,FETCH,FETCH,onion_1,onion_1,onion_1,0,0,serve
post_none,7012,83,84,"(-1, 0)",PLACE,PLACE,1,pot_1,pot_1,1,1,PLACE,PLACE,PLACE,pot_1,pot_1,pot_1,0,0,serve
post_none,7012,87,88,interact,COOK_START,COOK_START,1,pot_1,pot_1,1,1,COOK_START,COOK_START,COOK_START,pot_1,pot_1,pot_1,0,0,serve
post_none,7012,88,89,"(1, 0)",FETCH,FETCH,1,onion_1,onion_1,1,1,FETCH,FETCH,FETCH,onion_1,onion_1,onion_1,0,0,serve
post_none,7012,90,91,"(0, 1)",PLACE,PLACE,1,pot_0,pot_0,1,1,PLACE,PLACE,PLACE,pot_0,pot_0,pot_0,0,0,serve
post_none,7012,103,104,interact,COOK_START,COOK_START,1,pot_0,pot_0,1,1,COOK_START,COOK_START,COOK_START,pot_0,pot_0,pot_0,0,0,serve
post_none,7012,104,105,"(1, 0)",HOLD,HOLD,1,none,none,1,1,HOLD,HOLD,HOLD,none,none,none,0,0,dynamic
post_none,7012,110,111,"(-1, 0)",FETCH,GET_DISH,0,onion_0,dish_0,0,0,GET_DISH,GET_DISH,GET_DISH,dish_0,dish_0,dish_0,0,0,cook
post_none,7012,113,114,"(0, 1)",PLACE,PLACE,1,pot_1,pot_0,0,0,PLACE,PLACE,PLACE,pot_0,pot_0,pot_0,0,0,serve
post_none,7012,122,123,"(1, 0)",FETCH,FETCH,1,onion_1,onion_1,1,1,FETCH,FETCH,FETCH,onion_1,onion_1,onion_1,0,0,serve
post_none,7012,124,125,"(0, 1)",PLACE,PLACE,1,pot_1,pot_1,1,1,PLACE,PLACE,PLACE,pot_1,pot_1,pot_1,0,0,serve
post_none,7012,128,129,"(1, 0)",FETCH,FETCH,1,onion_1,onion_1,1,1,FETCH,FETCH,FETCH,onion_1,onion_1,onion_1,0,0,serve
post_none,7012,130,131,"(0, 1)",PLACE,PLACE,1,pot_1,pot_1,1,1,PLACE,PLACE,PLACE,pot_1,pot_1,pot_1,0,0,serve
post_none,7012,136,137,interact,COOK_START,COOK_START,1,pot_1,pot_1,1,1,COOK_START,COOK_START,COOK_START,pot_1,pot_1,pot_1,0,0,serve
post_none,7012,137,138,"(1, 0)",FETCH,FETCH,1,onion_1,onion_1,1,1,FETCH,FETCH,FETCH,onion_1,onion_1,onion_1,0,0,serve
post_none,7012,139,140,"(0, 1)",PLACE,PLACE,1,pot_0,pot_0,1,1,PLACE,PLACE,PLACE,pot_0,pot_0,pot_0,0,0,serve
post_none,7012,149,150,"(-1, 0)",FETCH,FETCH,1,onion_0,onion_0,1,1,FETCH,FETCH,FETCH,onion_0,onion_0,onion_0,0,0,serve
post_none,7012,151,152,"(0, 1)",PLACE,PLACE,1,pot_0,pot_0,1,1,PLACE,PLACE,PLACE,pot_0,pot_0,pot_0,0,0,serve
post_none,7012,155,156,"(-1, 0)",FETCH,FETCH,1,onion_0,onion_0,1,1,FETCH,FETCH,FETCH,onion_0,onion_0,onion_0,0,0,serve
post_none,7012,157,158,"(0, 1)",PLACE,PLACE,1,pot_0,pot_0,1,1,PLACE,PLACE,PLACE,pot_0,pot_0,pot_0,0,0,serve
post_none,7012,161,162,interact,COOK_START,COOK_START,1,pot_0,pot_0,1,1,COOK_START,COOK_START,COOK_START,pot_0,pot_0,pot_0,0,0,serve
post_none,7012,162,163,"(-1, 0)",FETCH,FETCH,1,onion_0,onion_0,1,1,FETCH,FETCH,FETCH,onion_0,onion_0,onion_0,0,0,serve
post_none,7012,164,165,"(0, 1)",PLACE,PLACE,1,pot_1,pot_1,1,1,PLACE,PLACE,PLACE,pot_1,pot_1,pot_1,0,0,serve
post_none,7012,170,171,"(1, 0)",FETCH,FETCH,1,onion_1,onion_1,1,1,FETCH,FETCH,FETCH,onion_1,onion_1,onion_1,0,0,serve
post_none,7012,172,173,"(0, 1)",PLACE,PLACE,1,pot_1,pot_1,1,1,PLACE,PLACE,PLACE,pot_1,pot_1,pot_1,0,0,serve
post_none,7012,176,177,"(1, 0)",FETCH,FETCH,1,onion_1,onion_1,1,1,FETCH,FETCH,FETCH,onion_1,onion_1,onion_1,0,0,serve
post_none,7012,178,179,"(0, 1)",PLACE,PLACE,1,pot_1,pot_1,1,1,PLACE,PLACE,PLACE,pot_1,pot_1,pot_1,0,0,serve
post_none,7012,182,183,interact,COOK_START,COOK_START,1,pot_1,pot_1,1,1,COOK_START,COOK_START,COOK_START,pot_1,pot_1,pot_1,0,0,serve
post_none,7012,183,184,"(0, 0)",GET_DISH,GET_DISH,1,dish_0,dish_0,1,1,GET_DISH,GET_DISH,GET_DISH,dish_0,dish_0,dish_0,0,0,cook
post_none,7012,189,190,"(1, 0)",PRE,PRE,1,pot_1,none,0,0,PRE,PRE,PRE,none,pot_1,none,0,1,dynamic
post_none,7012,202,203,"(1, 0)",PICKUP,PICKUP,1,pot_1,pot_1,1,1,PICKUP,PICKUP,PICKUP,pot_1,pot_1,pot_1,0,0,cook
post_none,7012,205,206,"(0, 1)",DELIVER,DELIVER,1,serve_0,serve_0,1,1,DELIVER,DELIVER,DELIVER,serve_0,serve_0,serve_0,0,0,cook
post_none,7012,207,208,"(0, -1)",FETCH,FETCH,1,onion_1,onion_1,1,1,FETCH,FETCH,FETCH,onion_1,onion_1,onion_1,0,0,serve
post_none,7012,210,211,"(0, 1)",PLACE,PLACE,1,pot_1,pot_1,1,1,PLACE,PLACE,PLACE,pot_1,pot_1,pot_1,0,0,serve
post_none,7012,221,222,"(1, 0)",FETCH,FETCH,1,onion_1,onion_1,1,1,FETCH,FETCH,FETCH,onion_1,onion_1,onion_1,0,0,serve
post_none,7012,223,224,"(-1, 0)",PLACE,PLACE,1,pot_1,pot_1,1,1,PLACE,PLACE,PLACE,pot_1,pot_1,pot_1,0,0,serve
post_none,7012,227,228,"(1, 0)",FETCH,FETCH,1,onion_1,onion_1,1,1,FETCH,FETCH,FETCH,onion_1,onion_1,onion_1,0,0,serve
post_none,7012,229,230,"(-1, 0)",PLACE,PLACE,1,pot_1,pot_1,1,1,PLACE,PLACE,PLACE,pot_1,pot_1,pot_1,0,0,serve
post_none,7012,233,234,interact,COOK_START,COOK_START,1,pot_1,pot_1,1,1,COOK_START,COOK_START,COOK_START,pot_1,pot_1,pot_1,0,0,serve
post_none,7012,234,235,"(1, 0)",FETCH,FETCH,1,onion_1,onion_1,1,1,FETCH,FETCH,FETCH,onion_1,onion_1,onion_1,0,0,serve
post_none,7012,236,237,"(0, 1)",PLACE,PLACE,1,pot_0,pot_0,1,1,PLACE,PLACE,PLACE,pot_0,pot_0,pot_0,0,0,serve
post_none,7012,249,250,"(-1, 0)",FETCH,FETCH,1,onion_0,onion_0,1,1,FETCH,FETCH,FETCH,onion_0,onion_0,onion_0,0,0,serve
post_none,7012,251,252,"(0, 1)",PLACE,PLACE,1,pot_0,pot_0,1,1,PLACE,PLACE,PLACE,pot_0,pot_0,pot_0,0,0,serve
post_none,7012,255,256,"(-1, 0)",FETCH,FETCH,1,onion_0,onion_0,1,1,FETCH,FETCH,FETCH,onion_0,onion_0,onion_0,0,0,serve
post_none,7012,257,258,"(0, 1)",PLACE,PLACE,1,pot_0,pot_0,1,1,PLACE,PLACE,PLACE,pot_0,pot_0,pot_0,0,0,serve
post_none,7012,261,262,interact,COOK_START,COOK_START,1,pot_0,pot_0,1,1,COOK_START,COOK_START,COOK_START,pot_0,pot_0,pot_0,0,0,serve
post_none,7012,262,263,"(-1, 0)",FETCH,FETCH,1,onion_0,onion_0,1,1,FETCH,FETCH,FETCH,onion_0,onion_0,onion_0,0,0,serve
post_none,7012,264,265,"(0, 1)",PLACE,PLACE,1,pot_1,pot_1,1,1,PLACE,PLACE,PLACE,pot_1,pot_1,pot_1,0,0,serve
post_none,7012,270,271,"(1, 0)",FETCH,FETCH,1,onion_1,onion_1,1,1,FETCH,FETCH,FETCH,onion_1,onion_1,onion_1,0,0,serve
post_none,7012,272,273,"(0, 1)",PLACE,PLACE,1,pot_1,pot_1,1,1,PLACE,PLACE,PLACE,pot_1,pot_1,pot_1,0,0,serve
post_none,7012,276,277,"(1, 0)",FETCH,FETCH,1,onion_1,onion_1,1,1,FETCH,FETCH,FETCH,onion_1,onion_1,onion_1,0,0,serve
post_none,7012,278,279,"(0, 1)",PLACE,PLACE,1,pot_1,pot_1,1,1,PLACE,PLACE,PLACE,pot_1,pot_1,pot_1,0,0,serve
post_none,7012,282,283,interact,COOK_START,COOK_START,1,pot_1,pot_1,1,1,COOK_START,COOK_START,COOK_START,pot_1,pot_1,pot_1,0,0,serve
post_none,7012,283,284,"(0, 0)",GET_DISH,GET_DISH,1,dish_0,dish_0,1,1,GET_DISH,GET_DISH,GET_DISH,dish_0,dish_0,dish_0,0,0,cook
post_none,7012,289,290,"(1, 0)",PRE,PRE,1,pot_1,none,0,0,PRE,PRE,PRE,none,onion_1,none,0,1,dynamic
post_none,7012,302,303,"(1, 0)",PICKUP,PICKUP,1,pot_1,pot_1,1,1,PICKUP,PICKUP,PICKUP,pot_1,pot_1,pot_1,0,0,cook
post_none,7012,305,306,"(0, 1)",DELIVER,DELIVER,1,serve_0,serve_0,1,1,DELIVER,DELIVER,DELIVER,serve_0,serve_0,serve_0,0,0,cook
post_none,7012,307,308,"(0, -1)",FETCH,FETCH,1,onion_1,onion_1,1,1,FETCH,FETCH,FETCH,onion_1,onion_1,onion_1,0,0,serve
post_none,7012,310,311,"(0, 1)",PLACE,PLACE,1,pot_1,pot_1,1,1,PLACE,PLACE,PLACE,pot_1,pot_1,pot_1,0,0,serve
post_none,7012,314,315,"(1, 0)",FETCH,FETCH,1,onion_1,onion_1,1,1,FETCH,FETCH,FETCH,onion_1,onion_1,onion_1,0,0,serve
post_none,7012,316,317,"(-1, 0)",PLACE,PLACE,1,pot_1,pot_1,1,1,PLACE,PLACE,PLACE,pot_1,pot_1,pot_1,0,0,serve
post_none,7012,320,321,"(1, 0)",FETCH,FETCH,1,onion_1,onion_1,1,1,FETCH,FETCH,FETCH,onion_1,onion_1,onion_1,0,0,serve
post_none,7012,322,323,"(-1, 0)",PLACE,PLACE,1,pot_1,pot_1,1,1,PLACE,PLACE,PLACE,pot_1,pot_1,pot_1,0,0,serve
post_none,7012,326,327,interact,COOK_START,COOK_START,1,pot_1,pot_1,1,1,COOK_START,COOK_START,COOK_START,pot_1,pot_1,pot_1,0,0,serve
post_none,7012,327,328,"(1, 0)",FETCH,FETCH,1,onion_1,onion_1,1,1,FETCH,FETCH,FETCH,onion_1,onion_1,onion_1,0,0,serve
post_none,7012,329,330,"(0, 1)",PLACE,PLACE,1,pot_0,pot_0,1,1,PLACE,PLACE,PLACE,pot_0,pot_0,pot_0,0,0,serve
post_none,7012,342,343,interact,COOK_START,COOK_START,1,pot_0,pot_0,1,1,COOK_START,COOK_START,COOK_START,pot_0,pot_0,pot_0,0,0,serve
post_none,7012,343,344,"(1, 0)",HOLD,HOLD,1,none,none,1,1,HOLD,HOLD,HOLD,none,none,none,0,0,dynamic
post_none,7012,349,350,"(-1, 0)",FETCH,GET_DISH,0,onion_0,dish_0,0,0,GET_DISH,GET_DISH,GET_DISH,dish_0,dish_0,dish_0,0,0,cook
post_none,7012,352,353,"(0, 1)",PLACE,PLACE,1,pot_1,pot_0,0,0,PLACE,PLACE,PLACE,pot_0,pot_0,pot_0,0,0,serve
post_none,7012,361,362,"(1, 0)",FETCH,FETCH,1,onion_1,onion_1,1,1,FETCH,FETCH,FETCH,onion_1,onion_1,onion_1,0,0,serve
post_none,7012,363,364,"(0, 1)",PLACE,PLACE,1,pot_1,pot_1,1,1,PLACE,PLACE,PLACE,pot_1,pot_1,pot_1,0,0,serve
post_none,7012,367,368,"(1, 0)",FETCH,FETCH,1,onion_1,onion_1,1,1,FETCH,FETCH,FETCH,onion_1,onion_1,onion_1,0,0,serve
post_none,7012,369,370,"(0, 1)",PLACE,PLACE,1,pot_1,pot_1,1,1,PLACE,PLACE,PLACE,pot_1,pot_1,pot_1,0,0,serve
post_none,7012,375,376,interact,COOK_START,COOK_START,1,pot_1,pot_1,1,1,COOK_START,COOK_START,COOK_START,pot_1,pot_1,pot_1,0,0,serve
post_none,7012,376,377,"(1, 0)",FETCH,FETCH,1,onion_1,onion_1,1,1,FETCH,FETCH,FETCH,onion_1,onion_1,onion_1,0,0,serve
post_none,7012,378,379,"(0, 1)",PLACE,PLACE,1,pot_0,pot_0,1,1,PLACE,PLACE,PLACE,pot_0,pot_0,pot_0,0,0,serve
post_none,7012,388,389,"(-1, 0)",FETCH,FETCH,1,onion_0,onion_0,1,1,FETCH,FETCH,FETCH,onion_0,onion_0,onion_0,0,0,serve
post_none,7012,390,391,"(0, 1)",PLACE,PLACE,1,pot_0,pot_0,1,1,PLACE,PLACE,PLACE,pot_0,pot_0,pot_0,0,0,serve
post_none,7012,394,395,"(-1, 0)",FETCH,FETCH,1,onion_0,onion_0,1,1,FETCH,FETCH,FETCH,onion_0,onion_0,onion_0,0,0,serve
post_none,7012,396,397,"(0, 1)",PLACE,PLACE,1,pot_0,pot_0,1,1,PLACE,PLACE,PLACE,pot_0,pot_0,pot_0,0,0,serve
post_none,7012,400,401,interact,COOK_START,COOK_START,1,pot_0,pot_0,1,1,COOK_START,COOK_START,COOK_START,pot_0,pot_0,pot_0,0,0,serve
post_none,7012,401,402,"(-1, 0)",FETCH,GET_DISH,0,onion_0,dish_0,0,0,GET_DISH,FETCH,GET_DISH,dish_0,onion_0,dish_0,1,1,cook
post_none,7012,403,404,"(0, 1)",PLACE,PLACE,1,pot_1,pot_1,1,1,PLACE,PLACE,PLACE,pot_1,pot_1,pot_1,0,0,serve
post_none,7012,409,410,"(1, 0)",FETCH,FETCH,1,onion_1,onion_1,1,1,FETCH,FETCH,FETCH,onion_1,onion_1,onion_1,0,0,serve
post_none,7012,411,412,"(0, 1)",PLACE,PLACE,1,pot_1,pot_1,1,1,PLACE,PLACE,PLACE,pot_1,pot_1,pot_1,0,0,serve
post_none,7012,415,416,"(1, 0)",FETCH,FETCH,1,onion_1,onion_1,1,1,FETCH,FETCH,FETCH,onion_1,onion_1,onion_1,0,0,serve
post_none,7012,417,418,"(0, 1)",PLACE,PLACE,1,pot_1,pot_1,1,1,PLACE,PLACE,PLACE,pot_1,pot_1,pot_1,0,0,serve
post_none,7012,421,422,interact,COOK_START,COOK_START,1,pot_1,pot_1,1,1,COOK_START,COOK_START,COOK_START,pot_1,pot_1,pot_1,0,0,serve
post_none,7012,422,423,"(0, 0)",GET_DISH,GET_DISH,1,dish_0,dish_0,1,1,GET_DISH,GET_DISH,GET_DISH,dish_0,dish_0,dish_0,0,0,cook
post_none,7012,428,429,"(1, 0)",PRE,PRE,1,pot_1,pot_0,0,0,PRE,PRE,PRE,pot_0,pot_0,pot_0,0,0,dynamic
post_none,7012,441,442,"(1, 0)",PICKUP,PICKUP,1,pot_1,pot_1,1,1,PICKUP,PICKUP,PICKUP,pot_1,pot_1,pot_1,0,0,cook
post_none,7012,444,445,"(0, 1)",DELIVER,DELIVER,1,serve_0,serve_0,1,1,DELIVER,DELIVER,DELIVER,serve_0,serve_0,serve_0,0,0,cook
post_none,7012,446,447,"(0, -1)",FETCH,FETCH,1,onion_1,onion_1,1,1,FETCH,FETCH,FETCH,onion_1,onion_1,onion_1,0,0,serve
post_none,7012,449,450,"(0, 1)",PLACE,PLACE,1,pot_1,pot_0,0,0,PLACE,PLACE,PLACE,pot_0,pot_0,pot_0,0,0,serve
post_none,7012,460,461,"(1, 0)",FETCH,FETCH,1,onion_1,onion_1,1,1,FETCH,FETCH,FETCH,onion_1,onion_1,onion_1,0,0,serve
post_none,7012,462,463,"(-1, 0)",PLACE,PLACE,1,pot_1,pot_1,1,1,PLACE,PLACE,PLACE,pot_1,pot_1,pot_1,0,0,serve
post_none,7012,466,467,"(1, 0)",FETCH,FETCH,1,onion_1,onion_1,1,1,FETCH,FETCH,FETCH,onion_1,onion_1,onion_1,0,0,serve
post_none,7012,468,469,"(-1, 0)",PLACE,PLACE,1,pot_1,pot_1,1,1,PLACE,PLACE,PLACE,pot_1,pot_1,pot_1,0,0,serve
post_none,7012,472,473,interact,COOK_START,COOK_START,1,pot_1,pot_1,1,1,COOK_START,COOK_START,COOK_START,pot_1,pot_1,pot_1,0,0,serve
post_none,7012,473,474,"(1, 0)",FETCH,FETCH,1,onion_1,onion_1,1,1,FETCH,FETCH,FETCH,onion_1,onion_1,onion_1,0,0,serve
post_none,7012,475,476,"(0, 1)",PLACE,PLACE,1,pot_0,pot_0,1,1,PLACE,PLACE,PLACE,pot_0,pot_0,pot_0,0,0,serve
post_none,7012,488,489,"(-1, 0)",FETCH,GET_DISH,0,onion_0,onion_0,1,0,GET_DISH,FETCH,GET_DISH,onion_0,onion_0,onion_0,1,0,cook
post_none,7012,490,491,"(0, 1)",PLACE,PLACE,1,pot_0,pot_0,1,1,PLACE,PLACE,PLACE,pot_0,pot_0,pot_0,0,0,serve
post_none,7012,494,495,"(-1, 0)",FETCH,FETCH,1,onion_0,onion_0,1,1,FETCH,FETCH,FETCH,onion_0,onion_0,onion_0,0,0,serve
post_none,7012,496,497,"(0, 1)",PLACE,PLACE,1,pot_0,pot_0,1,1,PLACE,PLACE,PLACE,pot_0,pot_0,pot_0,0,0,serve
post_none,7012,500,501,interact,COOK_START,COOK_START,1,pot_0,pot_0,1,1,COOK_START,COOK_START,COOK_START,pot_0,pot_0,pot_0,0,0,serve
post_none,7012,501,502,"(-1, 0)",FETCH,GET_DISH,0,onion_0,dish_0,0,0,GET_DISH,GET_DISH,GET_DISH,dish_0,dish_0,dish_0,0,0,cook
post_none,7012,503,504,"(0, 1)",PLACE,PLACE,1,pot_1,pot_1,1,1,PLACE,PLACE,PLACE,pot_1,pot_1,pot_1,0,0,serve
post_none,7012,509,510,"(1, 0)",FETCH,FETCH,1,onion_1,onion_1,1,1,FETCH,FETCH,FETCH,onion_1,onion_1,onion_1,0,0,serve
post_none,7012,511,512,"(0, 1)",PLACE,PLACE,1,pot_1,pot_1,1,1,PLACE,PLACE,PLACE,pot_1,pot_1,pot_1,0,0,serve
post_none,7012,515,516,"(1, 0)",FETCH,FETCH,1,onion_1,onion_1,1,1,FETCH,FETCH,FETCH,onion_1,onion_1,onion_1,0,0,serve
post_none,7012,517,518,"(0, 1)",PLACE,PLACE,1,pot_1,pot_1,1,1,PLACE,PLACE,PLACE,pot_1,pot_1,pot_1,0,0,serve
post_none,7012,521,522,interact,COOK_START,COOK_START,1,pot_1,pot_1,1,1,COOK_START,COOK_START,COOK_START,pot_1,pot_1,pot_1,0,0,serve
post_none,7012,522,523,"(0, 0)",GET_DISH,GET_DISH,1,dish_0,dish_0,1,1,GET_DISH,GET_DISH,GET_DISH,dish_0,dish_0,dish_0,0,0,cook
post_none,7012,528,529,"(1, 0)",PRE,PRE,1,pot_1,pot_0,0,0,PRE,PRE,PRE,pot_0,dish_0,pot_0,0,1,dynamic
post_none,7012,541,542,"(1, 0)",PICKUP,PICKUP,1,pot_1,pot_1,1,1,PICKUP,PICKUP,PICKUP,pot_1,pot_1,pot_1,0,0,cook
post_none,7012,544,545,"(0, 1)",DELIVER,DELIVER,1,serve_0,serve_0,1,1,DELIVER,DELIVER,DELIVER,serve_0,serve_0,serve_0,0,0,cook
post_none,7012,546,547,"(0, -1)",FETCH,FETCH,1,onion_1,onion_1,1,1,FETCH,FETCH,FETCH,onion_1,onion_1,onion_1,0,0,serve
post_none,7012,549,550,"(0, 1)",PLACE,PLACE,1,pot_1,pot_0,0,0,PLACE,PLACE,PLACE,pot_0,pot_0,pot_0,0,0,serve
post_none,7012,560,561,"(1, 0)",FETCH,FETCH,1,onion_1,onion_1,1,1,FETCH,FETCH,FETCH,onion_1,onion_1,onion_1,0,0,serve
post_none,7012,562,563,"(-1, 0)",PLACE,PLACE,1,pot_1,pot_1,1,1,PLACE,PLACE,PLACE,pot_1,pot_1,pot_1,0,0,serve
post_none,7012,566,567,"(1, 0)",FETCH,FETCH,1,onion_1,onion_1,1,1,FETCH,FETCH,FETCH,onion_1,onion_1,onion_1,0,0,serve
post_none,7012,568,569,"(-1, 0)",PLACE,PLACE,1,pot_1,pot_1,1,1,PLACE,PLACE,PLACE,pot_1,pot_1,pot_1,0,0,serve
post_none,7012,572,573,interact,COOK_START,COOK_START,1,pot_1,pot_1,1,1,COOK_START,COOK_START,COOK_START,pot_1,pot_1,pot_1,0,0,serve
post_none,7012,573,574,"(1, 0)",FETCH,FETCH,1,onion_1,onion_1,1,1,FETCH,FETCH,FETCH,onion_1,onion_1,onion_1,0,0,serve
post_none,7012,575,576,"(0, 1)",PLACE,PLACE,1,pot_0,pot_0,1,1,PLACE,PLACE,PLACE,pot_0,pot_0,pot_0,0,0,serve
post_none,7012,588,589,"(-1, 0)",FETCH,GET_DISH,0,onion_0,dish_0,0,0,GET_DISH,GET_DISH,GET_DISH,dish_0,dish_0,dish_0,0,0,cook
post_none,7012,590,591,"(0, 1)",PLACE,PLACE,1,pot_0,pot_0,1,1,PLACE,PLACE,PLACE,pot_0,pot_0,pot_0,0,0,serve
post_none,7012,594,595,"(-1, 0)",FETCH,FETCH,1,onion_0,onion_0,1,1,FETCH,FETCH,FETCH,onion_0,onion_0,onion_0,0,0,serve
post_none,7012,596,597,"(0, 1)",PLACE,PLACE,1,pot_0,pot_0,1,1,PLACE,PLACE,PLACE,pot_0,pot_0,pot_0,0,0,serve
post_none,7012,600,601,interact,COOK_START,COOK_START,1,pot_0,pot_0,1,1,COOK_START,COOK_START,COOK_START,pot_0,pot_0,pot_0,0,0,serve
post_none,7012,601,602,"(-1, 0)",FETCH,GET_DISH,0,onion_0,dish_0,0,0,GET_DISH,GET_DISH,GET_DISH,dish_0,dish_0,dish_0,0,0,cook
post_none,7012,603,604,"(0, 1)",PLACE,PLACE,1,pot_1,pot_1,1,1,PLACE,PLACE,PLACE,pot_1,pot_1,pot_1,0,0,serve
post_none,7012,609,610,"(1, 0)",FETCH,FETCH,1,onion_1,onion_1,1,1,FETCH,FETCH,FETCH,onion_1,onion_1,onion_1,0,0,serve
post_none,7012,611,612,"(0, 1)",PLACE,PLACE,1,pot_1,pot_1,1,1,PLACE,PLACE,PLACE,pot_1,pot_1,pot_1,0,0,serve
post_none,7012,615,616,"(1, 0)",FETCH,FETCH,1,onion_1,onion_1,1,1,FETCH,FETCH,FETCH,onion_1,onion_1,onion_1,0,0,serve
post_none,7012,617,618,"(0, 1)",PLACE,PLACE,1,pot_1,pot_1,1,1,PLACE,PLACE,PLACE,pot_1,pot_1,pot_1,0,0,serve
post_none,7012,621,622,interact,COOK_START,COOK_START,1,pot_1,pot_1,1,1,COOK_START,COOK_START,COOK_START,pot_1,pot_1,pot_1,0,0,serve
post_none,7012,622,623,"(0, 0)",GET_DISH,GET_DISH,1,dish_0,dish_0,1,1,GET_DISH,GET_DISH,GET_DISH,dish_0,dish_0,dish_0,0,0,cook
post_none,7012,628,629,"(1, 0)",PRE,PRE,1,pot_1,dish_0,0,0,PRE,PRE,PRE,pot_0,dish_0,dish_0,0,1,dynamic
post_none,7012,641,642,"(1, 0)",PICKUP,PICKUP,1,pot_1,pot_1,1,1,PICKUP,PICKUP,PICKUP,pot_1,pot_1,pot_1,0,0,cook
post_none,7012,644,645,"(0, 1)",DELIVER,DELIVER,1,serve_0,serve_0,1,1,DELIVER,DELIVER,DELIVER,serve_0,serve_0,serve_0,0,0,cook
post_none,7012,646,647,"(0, -1)",FETCH,FETCH,1,onion_1,onion_1,1,1,FETCH,FETCH,FETCH,onion_1,onion_1,onion_1,0,0,serve
post_none,7012,649,650,"(0, 1)",PLACE,PLACE,1,pot_1,pot_0,0,0,PLACE,PLACE,PLACE,pot_0,pot_0,pot_0,0,0,serve
post_none,7012,660,661,"(1, 0)",FETCH,FETCH,1,onion_1,onion_1,1,1,FETCH,FETCH,FETCH,onion_1,onion_1,onion_1,0,0,serve
post_none,7012,662,663,"(-1, 0)",PLACE,PLACE,1,pot_1,pot_1,1,1,PLACE,PLACE,PLACE,pot_1,pot_1,pot_1,0,0,serve
post_none,7012,666,667,"(1, 0)",FETCH,FETCH,1,onion_1,onion_1,1,1,FETCH,FETCH,FETCH,onion_1,onion_1,onion_1,0,0,serve
post_none,7012,668,669,"(-1, 0)",PLACE,PLACE,1,pot_1,pot_1,1,1,PLACE,PLACE,PLACE,pot_1,pot_1,pot_1,0,0,serve
post_none,7012,672,673,interact,COOK_START,COOK_START,1,pot_1,pot_1,1,1,COOK_START,COOK_START,COOK_START,pot_1,pot_1,pot_1,0,0,serve
post_none,7012,673,674,"(1, 0)",FETCH,FETCH,1,onion_1,onion_1,1,1,FETCH,FETCH,FETCH,onion_1,onion_1,onion_1,0,0,serve
post_none,7012,675,676,"(0, 1)",PLACE,PLACE,1,pot_0,pot_0,1,1,PLACE,PLACE,PLACE,pot_0,pot_0,pot_0,0,0,serve
post_none,7012,688,689,"(-1, 0)",FETCH,GET_DISH,0,onion_0,dish_0,0,0,GET_DISH,GET_DISH,GET_DISH,dish_0,dish_0,dish_0,0,0,cook
post_none,7012,690,691,"(0, 1)",PLACE,PLACE,1,pot_0,pot_0,1,1,PLACE,PLACE,PLACE,pot_0,pot_0,pot_0,0,0,serve
post_none,7012,694,695,"(-1, 0)",FETCH,FETCH,1,onion_0,onion_0,1,1,FETCH,FETCH,FETCH,onion_0,onion_0,onion_0,0,0,serve
post_none,7012,696,697,"(0, 1)",PLACE,PLACE,1,pot_0,pot_0,1,1,PLACE,PLACE,PLACE,pot_0,pot_0,pot_0,0,0,serve
post_none,7013,0,1,"(-1, 0)",FETCH,FETCH,1,onion_0,onion_0,1,1,FETCH,FETCH,FETCH,onion_0,onion_0,onion_0,0,0,serve
post_none,7013,3,4,"(0, 1)",PLACE,PLACE,1,pot_0,pot_0,1,1,PLACE,PLACE,PLACE,pot_0,pot_0,pot_0,0,0,serve
post_none,7013,7,8,"(-1, 0)",FETCH,FETCH,1,onion_0,onion_0,1,1,FETCH,FETCH,FETCH,onion_0,onion_0,onion_0,0,0,serve
post_none,7013,9,10,"(0, 1)",PLACE,PLACE,1,pot_0,pot_0,1,1,PLACE,PLACE,PLACE,pot_0,pot_0,pot_0,0,0,serve
post_none,7013,13,14,"(-1, 0)",FETCH,FETCH,1,onion_0,onion_0,1,1,FETCH,FETCH,FETCH,onion_0,onion_0,onion_0,0,0,serve
post_none,7013,15,16,"(0, 1)",PLACE,PLACE,1,pot_0,pot_0,1,1,PLACE,PLACE,PLACE,pot_0,pot_0,pot_0,0,0,serve
post_none,7013,19,20,interact,COOK_START,COOK_START,1,pot_0,pot_0,1,1,COOK_START,COOK_START,COOK_START,pot_0,pot_0,pot_0,0,0,serve
post_none,7013,20,21,"(-1, 0)",FETCH,FETCH,1,onion_0,onion_0,1,1,FETCH,FETCH,FETCH,onion_0,onion_0,onion_0,0,0,serve
post_none,7013,22,23,"(0, 1)",PLACE,PLACE,1,pot_1,pot_1,1,1,PLACE,PLACE,PLACE,pot_1,pot_1,pot_1,0,0,serve
post_none,7013,28,29,"(1, 0)",FETCH,FETCH,1,onion_1,onion_1,1,1,FETCH,FETCH,FETCH,onion_1,onion_1,onion_1,0,0,serve
post_none,7013,30,31,"(0, 1)",PLACE,PLACE,1,pot_1,pot_1,1,1,PLACE,PLACE,PLACE,pot_1,pot_1,pot_1,0,0,serve
post_none,7013,34,35,"(1, 0)",FETCH,FETCH,1,onion_1,onion_1,1,1,FETCH,FETCH,FETCH,onion_1,onion_1,onion_1,0,0,serve
post_none,7013,36,37,"(0, 1)",PLACE,PLACE,1,pot_1,pot_1,1,1,PLACE,PLACE,PLACE,pot_1,pot_1,pot_1,0,0,serve
post_none,7013,40,41,interact,COOK_START,COOK_START,1,pot_1,pot_1,1,1,COOK_START,COOK_START,COOK_START,pot_1,pot_1,pot_1,0,0,serve
post_none,7013,41,42,"(0, 0)",GET_DISH,GET_DISH,1,dish_0,dish_0,1,1,GET_DISH,GET_DISH,GET_DISH,dish_0,dish_0,dish_0,0,0,cook
post_none,7013,47,48,"(1, 0)",PRE,PRE,1,pot_1,none,0,0,PRE,PRE,PRE,none,pot_1,none,0,1,dynamic
post_none,7013,60,61,"(1, 0)",PICKUP,PICKUP,1,pot_1,pot_1,1,1,PICKUP,PICKUP,PICKUP,pot_1,pot_1,pot_1,0,0,cook
post_none,7013,63,64,"(0, 1)",DELIVER,DELIVER,1,serve_0,serve_0,1,1,DELIVER,DELIVER,DELIVER,serve_0,serve_0,serve_0,0,0,cook
post_none,7013,65,66,"(0, -1)",FETCH,FETCH,1,onion_1,onion_1,1,1,FETCH,FETCH,FETCH,onion_1,onion_1,onion_1,0,0,serve
post_none,7013,68,69,"(0, 1)",PLACE,PLACE,1,pot_1,pot_1,1,1,PLACE,PLACE,PLACE,pot_1,pot_1,pot_1,0,0,serve
post_none,7013,72,73,"(1, 0)",FETCH,FETCH,1,onion_1,onion_1,1,1,FETCH,FETCH,FETCH,onion_1,onion_1,onion_1,0,0,serve
post_none,7013,74,75,"(-1, 0)",PLACE,PLACE,1,pot_1,pot_1,1,1,PLACE,PLACE,PLACE,pot_1,pot_1,pot_1,0,0,serve
post_none,7013,78,79,"(1, 0)",FETCH,FETCH,1,onion_1,onion_1,1,1,FETCH,FETCH,FETCH,onion_1,onion_1,onion_1,0,0,serve
post_none,7013,80,81,"(-1, 0)",PLACE,PLACE,1,pot_1,pot_1,1,1,PLACE,PLACE,PLACE,pot_1,pot_1,pot_1,0,0,serve
post_none,7013,84,85,interact,COOK_START,COOK_START,1,pot_1,pot_1,1,1,COOK_START,COOK_START,COOK_START,pot_1,pot_1,pot_1,0,0,serve
post_none,7013,85,86,"(1, 0)",FETCH,FETCH,1,onion_1,onion_1,1,1,FETCH,FETCH,FETCH,onion_1,onion_1,onion_1,0,0,serve
post_none,7013,87,88,"(0, 1)",PLACE,PLACE,1,pot_0,pot_0,1,1,PLACE,PLACE,PLACE,pot_0,pot_0,pot_0,0,0,serve
post_none,7013,100,101,interact,COOK_START,COOK_START,1,pot_0,pot_0,1,1,COOK_START,COOK_START,COOK_START,pot_0,pot_0,pot_0,0,0,serve
post_none,7013,101,102,"(1, 0)",HOLD,HOLD,1,none,none,1,1,HOLD,HOLD,HOLD,none,none,none,0,0,dynamic
post_none,7013,107,108,"(-1, 0)",FETCH,GET_DISH,0,onion_0,dish_0,0,0,GET_DISH,GET_DISH,GET_DISH,dish_0,dish_0,dish_0,0,0,cook
post_none,7013,110,111,"(0, 1)",PLACE,PLACE,1,pot_1,pot_0,0,0,PLACE,PLACE,PLACE,pot_0,pot_0,pot_0,0,0,serve
post_none,7013,119,120,"(1, 0)",FETCH,FETCH,1,onion_1,onion_1,1,1,FETCH,FETCH,FETCH,onion_1,onion_1,onion_1,0,0,serve
post_none,7013,121,122,"(0, 1)",PLACE,PLACE,1,pot_1,pot_1,1,1,PLACE,PLACE,PLACE,pot_1,pot_1,pot_1,0,0,serve
post_none,7013,125,126,"(1, 0)",FETCH,FETCH,1,onion_1,onion_1,1,1,FETCH,FETCH,FETCH,onion_1,onion_1,onion_1,0,0,serve
post_none,7013,127,128,"(0, 1)",PLACE,PLACE,1,pot_1,pot_1,1,1,PLACE,PLACE,PLACE,pot_1,pot_1,pot_1,0,0,serve
post_none,7013,133,134,interact,COOK_START,COOK_START,1,pot_1,pot_1,1,1,COOK_START,COOK_START,COOK_START,pot_1,pot_1,pot_1,0,0,serve
post_none,7013,134,135,"(1, 0)",FETCH,FETCH,1,onion_1,onion_1,1,1,FETCH,FETCH,FETCH,onion_1,onion_1,onion_1,0,0,serve
post_none,7013,136,137,"(0, 1)",PLACE,PLACE,1,pot_0,pot_0,1,1,PLACE,PLACE,PLACE,pot_0,pot_0,pot_0,0,0,serve
post_none,7013,146,147,"(-1, 0)",FETCH,FETCH,1,onion_0,onion_0,1,1,FETCH,FETCH,FETCH,onion_0,onion_0,onion_0,0,0,serve
post_none,7013,148,149,"(0, 1)",PLACE,PLACE,1,pot_0,pot_0,1,1,PLACE,PLACE,PLACE,pot_0,pot_0,pot_0,0,0,serve
post_none,7013,152,153,"(-1, 0)",FETCH,FETCH,1,onion_0,onion_0,1,1,FETCH,FETCH,FETCH,onion_0,onion_0,onion_0,0,0,serve
post_none,7013,154,155,"(0, 1)",PLACE,PLACE,1,pot_0,pot_0,1,1,PLACE,PLACE,PLACE,pot_0,pot_0,pot_0,0,0,serve
post_none,7013,158,159,interact,COOK_START,COOK_START,1,pot_0,pot_0,1,1,COOK_START,COOK_START,COOK_START,pot_0,pot_0,pot_0,0,0,serve
post_none,7013,159,160,"(-1, 0)",FETCH,FETCH,1,onion_0,onion_0,1,1,FETCH,FETCH,FETCH,onion_0,onion_0,onion_0,0,0,serve
post_none,7013,161,162,"(0, 1)",PLACE,PLACE,1,pot_1,pot_1,1,1,PLACE,PLACE,PLACE,pot_1,pot_1,pot_1,0,0,serve
post_none,7013,167,168,"(1, 0)",FETCH,FETCH,1,onion_1,onion_1,1,1,FETCH,FETCH,FETCH,onion_1,onion_1,onion_1,0,0,serve
post_none,7013,169,170,"(0, 1)",PLACE,PLACE,1,pot_1,pot_1,1,1,PLACE,PLACE,PLACE,pot_1,pot_1,pot_1,0,0,serve
post_none,7013,173,174,"(1, 0)",FETCH,FETCH,1,onion_1,onion_1,1,1,FETCH,FETCH,FETCH,onion_1,onion_1,onion_1,0,0,serve
post_none,7013,175,176,"(0, 1)",PLACE,PLACE,1,pot_1,pot_1,1,1,PLACE,PLACE,PLACE,pot_1,pot_1,pot_1,0,0,serve
post_none,7013,179,180,interact,COOK_START,COOK_START,1,pot_1,pot_1,1,1,COOK_START,COOK_START,COOK_START,pot_1,pot_1,pot_1,0,0,serve
post_none,7013,180,181,"(0, 0)",GET_DISH,GET_DISH,1,dish_0,dish_0,1,1,GET_DISH,GET_DISH,GET_DISH,dish_0,dish_0,dish_0,0,0,cook
post_none,7013,186,187,"(1, 0)",PRE,PRE,1,pot_1,none,0,0,PRE,PRE,PRE,none,pot_1,none,0,1,dynamic
post_none,7013,199,200,"(1, 0)",PICKUP,PICKUP,1,pot_1,pot_1,1,1,PICKUP,PICKUP,PICKUP,pot_1,pot_1,pot_1,0,0,cook
post_none,7013,202,203,"(0, 1)",DELIVER,DELIVER,1,serve_0,serve_0,1,1,DELIVER,DELIVER,DELIVER,serve_0,serve_0,serve_0,0,0,cook
post_none,7013,204,205,"(0, -1)",FETCH,FETCH,1,onion_1,onion_1,1,1,FETCH,FETCH,FETCH,onion_1,onion_1,onion_1,0,0,serve
post_none,7013,207,208,"(0, 1)",PLACE,PLACE,1,pot_1,pot_1,1,1,PLACE,PLACE,PLACE,pot_1,pot_1,pot_1,0,0,serve
post_none,7013,218,219,"(1, 0)",FETCH,FETCH,1,onion_1,onion_1,1,1,FETCH,FETCH,FETCH,onion_1,onion_1,onion_1,0,0,serve
post_none,7013,220,221,"(-1, 0)",PLACE,PLACE,1,pot_1,pot_1,1,1,PLACE,PLACE,PLACE,pot_1,pot_1,pot_1,0,0,serve
post_none,7013,224,225,"(1, 0)",FETCH,FETCH,1,onion_1,onion_1,1,1,FETCH,FETCH,FETCH,onion_1,onion_1,onion_1,0,0,serve
post_none,7013,226,227,"(-1, 0)",PLACE,PLACE,1,pot_1,pot_1,1,1,PLACE,PLACE,PLACE,pot_1,pot_1,pot_1,0,0,serve
post_none,7013,230,231,interact,COOK_START,COOK_START,1,pot_1,pot_1,1,1,COOK_START,COOK_START,COOK_START,pot_1,pot_1,pot_1,0,0,serve
post_none,7013,231,232,"(1, 0)",FETCH,FETCH,1,onion_1,onion_1,1,1,FETCH,FETCH,FETCH,onion_1,onion_1,onion_1,0,0,serve
post_none,7013,233,234,"(0, 1)",PLACE,PLACE,1,pot_0,pot_0,1,1,PLACE,PLACE,PLACE,pot_0,pot_0,pot_0,0,0,serve
post_none,7013,246,247,"(-1, 0)",FETCH,FETCH,1,onion_0,onion_0,1,1,FETCH,FETCH,FETCH,onion_0,onion_0,onion_0,0,0,serve
post_none,7013,248,249,"(0, 1)",PLACE,PLACE,1,pot_0,pot_0,1,1,PLACE,PLACE,PLACE,pot_0,pot_0,pot_0,0,0,serve
post_none,7013,252,253,"(-1, 0)",FETCH,FETCH,1,onion_0,onion_0,1,1,FETCH,FETCH,FETCH,onion_0,onion_0,onion_0,0,0,serve
post_none,7013,254,255,"(0, 1)",PLACE,PLACE,1,pot_0,pot_0,1,1,PLACE,PLACE,PLACE,pot_0,pot_0,pot_0,0,0,serve
post_none,7013,258,259,interact,COOK_START,COOK_START,1,pot_0,pot_0,1,1,COOK_START,COOK_START,COOK_START,pot_0,pot_0,pot_0,0,0,serve
post_none,7013,259,260,"(-1, 0)",FETCH,FETCH,1,onion_0,onion_0,1,1,FETCH,FETCH,FETCH,onion_0,onion_0,onion_0,0,0,serve
post_none,7013,261,262,"(0, 1)",PLACE,PLACE,1,pot_1,pot_1,1,1,PLACE,PLACE,PLACE,pot_1,pot_1,pot_1,0,0,serve
post_none,7013,267,268,"(1, 0)",FETCH,FETCH,1,onion_1,onion_1,1,1,FETCH,FETCH,FETCH,onion_1,onion_1,onion_1,0,0,serve
post_none,7013,269,270,"(0, 1)",PLACE,PLACE,1,pot_1,pot_1,1,1,PLACE,PLACE,PLACE,pot_1,pot_1,pot_1,0,0,serve
post_none,7013,273,274,"(1, 0)",FETCH,FETCH,1,onion_1,onion_1,1,1,FETCH,FETCH,FETCH,onion_1,onion_1,onion_1,0,0,serve
post_none,7013,275,276,"(0, 1)",PLACE,PLACE,1,pot_1,pot_1,1,1,PLACE,PLACE,PLACE,pot_1,pot_1,pot_1,0,0,serve
post_none,7013,279,280,interact,COOK_START,COOK_START,1,pot_1,pot_1,1,1,COOK_START,COOK_START,COOK_START,pot_1,pot_1,pot_1,0,0,serve
post_none,7013,280,281,"(0, 0)",GET_DISH,GET_DISH,1,dish_0,dish_0,1,1,GET_DISH,GET_DISH,GET_DISH,dish_0,dish_0,dish_0,0,0,cook
post_none,7013,286,287,"(1, 0)",PRE,PRE,1,pot_1,none,0,0,PRE,PRE,PRE,none,onion_1,none,0,1,dynamic
post_none,7013,299,300,"(1, 0)",PICKUP,PICKUP,1,pot_1,pot_1,1,1,PICKUP,PICKUP,PICKUP,pot_1,pot_1,pot_1,0,0,cook
post_none,7013,302,303,"(0, 1)",DELIVER,DELIVER,1,serve_0,serve_0,1,1,DELIVER,DELIVER,DELIVER,serve_0,serve_0,serve_0,0,0,cook
post_none,7013,304,305,"(0, -1)",FETCH,FETCH,1,onion_1,onion_1,1,1,FETCH,FETCH,FETCH,onion_1,onion_1,onion_1,0,0,serve
post_none,7013,307,308,"(0, 1)",PLACE,PLACE,1,pot_1,pot_1,1,1,PLACE,PLACE,PLACE,pot_1,pot_1,pot_1,0,0,serve
post_none,7013,311,312,"(1, 0)",FETCH,FETCH,1,onion_1,onion_1,1,1,FETCH,FETCH,FETCH,onion_1,onion_1,onion_1,0,0,serve
post_none,7013,313,314,"(-1, 0)",PLACE,PLACE,1,pot_1,pot_1,1,1,PLACE,PLACE,PLACE,pot_1,pot_1,pot_1,0,0,serve
post_none,7013,317,318,"(1, 0)",FETCH,FETCH,1,onion_1,onion_1,1,1,FETCH,FETCH,FETCH,onion_1,onion_1,onion_1,0,0,serve
post_none,7013,319,320,"(-1, 0)",PLACE,PLACE,1,pot_1,pot_1,1,1,PLACE,PLACE,PLACE,pot_1,pot_1,pot_1,0,0,serve
post_none,7013,323,324,interact,COOK_START,COOK_START,1,pot_1,pot_1,1,1,COOK_START,COOK_START,COOK_START,pot_1,pot_1,pot_1,0,0,serve
post_none,7013,324,325,"(1, 0)",FETCH,FETCH,1,onion_1,onion_1,1,1,FETCH,FETCH,FETCH,onion_1,onion_1,onion_1,0,0,serve
post_none,7013,326,327,"(0, 1)",PLACE,PLACE,1,pot_0,pot_0,1,1,PLACE,PLACE,PLACE,pot_0,pot_0,pot_0,0,0,serve
post_none,7013,339,340,interact,COOK_START,COOK_START,1,pot_0,pot_0,1,1,COOK_START,COOK_START,COOK_START,pot_0,pot_0,pot_0,0,0,serve
post_none,7013,340,341,"(1, 0)",HOLD,HOLD,1,none,none,1,1,HOLD,HOLD,HOLD,none,none,none,0,0,dynamic
post_none,7013,346,347,"(-1, 0)",FETCH,GET_DISH,0,onion_0,dish_0,0,0,GET_DISH,GET_DISH,GET_DISH,dish_0,dish_0,dish_0,0,0,cook
post_none,7013,349,350,"(0, 1)",PLACE,PLACE,1,pot_1,pot_0,0,0,PLACE,PLACE,PLACE,pot_0,pot_0,pot_0,0,0,serve
post_none,7013,358,359,"(1, 0)",FETCH,FETCH,1,onion_1,onion_1,1,1,FETCH,FETCH,FETCH,onion_1,onion_1,onion_1,0,0,serve
post_none,7013,360,361,"(0, 1)",PLACE,PLACE,1,pot_1,pot_1,1,1,PLACE,PLACE,PLACE,pot_1,pot_1,pot_1,0,0,serve
post_none,7013,364,365,"(1, 0)",FETCH,FETCH,1,onion_1,onion_1,1,1,FETCH,FETCH,FETCH,onion_1,onion_1,onion_1,0,0,serve
post_none,7013,366,367,"(0, 1)",PLACE,PLACE,1,pot_1,pot_1,1,1,PLACE,PLACE,PLACE,pot_1,pot_1,pot_1,0,0,serve
post_none,7013,372,373,interact,COOK_START,COOK_START,1,pot_1,pot_1,1,1,COOK_START,COOK_START,COOK_START,pot_1,pot_1,pot_1,0,0,serve
post_none,7013,373,374,"(1, 0)",FETCH,FETCH,1,onion_1,onion_1,1,1,FETCH,FETCH,FETCH,onion_1,onion_1,onion_1,0,0,serve
post_none,7013,375,376,"(0, 1)",PLACE,PLACE,1,pot_0,pot_0,1,1,PLACE,PLACE,PLACE,pot_0,pot_0,pot_0,0,0,serve
post_none,7013,385,386,"(-1, 0)",FETCH,FETCH,1,onion_0,onion_0,1,1,FETCH,FETCH,FETCH,onion_0,onion_0,onion_0,0,0,serve
post_none,7013,387,388,"(0, 1)",PLACE,PLACE,1,pot_0,pot_0,1,1,PLACE,PLACE,PLACE,pot_0,pot_0,pot_0,0,0,serve
post_none,7013,391,392,"(-1, 0)",FETCH,FETCH,1,onion_0,onion_0,1,1,FETCH,FETCH,FETCH,onion_0,onion_0,onion_0,0,0,serve
post_none,7013,393,394,"(0, 1)",PLACE,PLACE,1,pot_0,pot_0,1,1,PLACE,PLACE,PLACE,pot_0,pot_0,pot_0,0,0,serve
post_none,7013,397,398,interact,COOK_START,COOK_START,1,pot_0,pot_0,1,1,COOK_START,COOK_START,COOK_START,pot_0,pot_0,pot_0,0,0,serve
post_none,7013,398,399,"(-1, 0)",FETCH,GET_DISH,0,onion_0,dish_0,0,0,GET_DISH,FETCH,GET_DISH,dish_0,onion_0,dish_0,1,1,cook
post_none,7013,400,401,"(0, 1)",PLACE,PLACE,1,pot_1,pot_1,1,1,PLACE,PLACE,PLACE,pot_1,pot_1,pot_1,0,0,serve
post_none,7013,406,407,"(1, 0)",FETCH,FETCH,1,onion_1,onion_1,1,1,FETCH,FETCH,FETCH,onion_1,onion_1,onion_1,0,0,serve
post_none,7013,408,409,"(0, 1)",PLACE,PLACE,1,pot_1,pot_1,1,1,PLACE,PLACE,PLACE,pot_1,pot_1,pot_1,0,0,serve
post_none,7013,412,413,"(1, 0)",FETCH,FETCH,1,onion_1,onion_1,1,1,FETCH,FETCH,FETCH,onion_1,onion_1,onion_1,0,0,serve
post_none,7013,414,415,"(0, 1)",PLACE,PLACE,1,pot_1,pot_1,1,1,PLACE,PLACE,PLACE,pot_1,pot_1,pot_1,0,0,serve
post_none,7013,418,419,interact,COOK_START,COOK_START,1,pot_1,pot_1,1,1,COOK_START,COOK_START,COOK_START,pot_1,pot_1,pot_1,0,0,serve
post_none,7013,419,420,"(0, 0)",GET_DISH,GET_DISH,1,dish_0,dish_0,1,1,GET_DISH,GET_DISH,GET_DISH,dish_0,dish_0,dish_0,0,0,cook
post_none,7013,425,426,"(1, 0)",PRE,PRE,1,pot_1,pot_0,0,0,PRE,PRE,PRE,pot_0,pot_0,pot_0,0,0,dynamic
post_none,7013,438,439,"(1, 0)",PICKUP,PICKUP,1,pot_1,pot_1,1,1,PICKUP,PICKUP,PICKUP,pot_1,pot_1,pot_1,0,0,cook
post_none,7013,441,442,"(0, 1)",DELIVER,DELIVER,1,serve_0,serve_0,1,1,DELIVER,DELIVER,DELIVER,serve_0,serve_0,serve_0,0,0,cook
post_none,7013,443,444,"(0, -1)",FETCH,FETCH,1,onion_1,onion_1,1,1,FETCH,FETCH,FETCH,onion_1,onion_1,onion_1,0,0,serve
post_none,7013,446,447,"(0, 1)",PLACE,PLACE,1,pot_1,pot_0,0,0,PLACE,PLACE,PLACE,pot_0,pot_0,pot_0,0,0,serve
post_none,7013,457,458,"(1, 0)",FETCH,FETCH,1,onion_1,onion_1,1,1,FETCH,FETCH,FETCH,onion_1,onion_1,onion_1,0,0,serve
post_none,7013,459,460,"(-1, 0)",PLACE,PLACE,1,pot_1,pot_1,1,1,PLACE,PLACE,PLACE,pot_1,pot_1,pot_1,0,0,serve
post_none,7013,463,464,"(1, 0)",FETCH,FETCH,1,onion_1,onion_1,1,1,FETCH,FETCH,FETCH,onion_1,onion_1,onion_1,0,0,serve
post_none,7013,465,466,"(-1, 0)",PLACE,PLACE,1,pot_1,pot_1,1,1,PLACE,PLACE,PLACE,pot_1,pot_1,pot_1,0,0,serve
post_none,7013,469,470,interact,COOK_START,COOK_START,1,pot_1,pot_1,1,1,COOK_START,COOK_START,COOK_START,pot_1,pot_1,pot_1,0,0,serve
post_none,7013,470,471,"(1, 0)",FETCH,FETCH,1,onion_1,onion_1,1,1,FETCH,FETCH,FETCH,onion_1,onion_1,onion_1,0,0,serve
post_none,7013,472,473,"(0, 1)",PLACE,PLACE,1,pot_0,pot_0,1,1,PLACE,PLACE,PLACE,pot_0,pot_0,pot_0,0,0,serve
post_none,7013,485,486,"(-1, 0)",FETCH,GET_DISH,0,onion_0,onion_0,1,0,GET_DISH,FETCH,GET_DISH,onion_0,onion_0,onion_0,1,0,cook
post_none,7013,487,488,"(0, 1)",PLACE,PLACE,1,pot_0,pot_0,1,1,PLACE,PLACE,PLACE,pot_0,pot_0,pot_0,0,0,serve
post_none,7013,491,492,"(-1, 0)",FETCH,FETCH,1,onion_0,onion_0,1,1,FETCH,FETCH,FETCH,onion_0,onion_0,onion_0,0,0,serve
post_none,7013,493,494,"(0, 1)",PLACE,PLACE,1,pot_0,pot_0,1,1,PLACE,PLACE,PLACE,pot_0,pot_0,pot_0,0,0,serve
post_none,7013,497,498,interact,COOK_START,COOK_START,1,pot_0,pot_0,1,1,COOK_START,COOK_START,COOK_START,pot_0,pot_0,pot_0,0,0,serve
post_none,7013,498,499,"(-1, 0)",FETCH,GET_DISH,0,onion_0,dish_0,0,0,GET_DISH,GET_DISH,GET_DISH,dish_0,dish_0,dish_0,0,0,cook
post_none,7013,500,501,"(0, 1)",PLACE,PLACE,1,pot_1,pot_1,1,1,PLACE,PLACE,PLACE,pot_1,pot_1,pot_1,0,0,serve
post_none,7013,506,507,"(1, 0)",FETCH,FETCH,1,onion_1,onion_1,1,1,FETCH,FETCH,FETCH,onion_1,onion_1,onion_1,0,0,serve
post_none,7013,508,509,"(0, 1)",PLACE,PLACE,1,pot_1,pot_1,1,1,PLACE,PLACE,PLACE,pot_1,pot_1,pot_1,0,0,serve
post_none,7013,512,513,"(1, 0)",FETCH,FETCH,1,onion_1,onion_1,1,1,FETCH,FETCH,FETCH,onion_1,onion_1,onion_1,0,0,serve
post_none,7013,514,515,"(0, 1)",PLACE,PLACE,1,pot_1,pot_1,1,1,PLACE,PLACE,PLACE,pot_1,pot_1,pot_1,0,0,serve
post_none,7013,518,519,interact,COOK_START,COOK_START,1,pot_1,pot_1,1,1,COOK_START,COOK_START,COOK_START,pot_1,pot_1,pot_1,0,0,serve
post_none,7013,519,520,"(0, 0)",GET_DISH,GET_DISH,1,dish_0,dish_0,1,1,GET_DISH,GET_DISH,GET_DISH,dish_0,dish_0,dish_0,0,0,cook
post_none,7013,525,526,"(1, 0)",PRE,PRE,1,pot_1,pot_0,0,0,PRE,PRE,PRE,pot_0,dish_0,pot_0,0,1,dynamic
post_none,7013,538,539,"(1, 0)",PICKUP,PICKUP,1,pot_1,pot_1,1,1,PICKUP,PICKUP,PICKUP,pot_1,pot_1,pot_1,0,0,cook
post_none,7013,541,542,"(0, 1)",DELIVER,DELIVER,1,serve_0,serve_0,1,1,DELIVER,DELIVER,DELIVER,serve_0,serve_0,serve_0,0,0,cook
post_none,7013,543,544,"(0, -1)",FETCH,FETCH,1,onion_1,onion_1,1,1,FETCH,FETCH,FETCH,onion_1,onion_1,onion_1,0,0,serve
post_none,7013,546,547,"(0, 1)",PLACE,PLACE,1,pot_1,pot_0,0,0,PLACE,PLACE,PLACE,pot_0,pot_0,pot_0,0,0,serve
post_none,7013,557,558,"(1, 0)",FETCH,FETCH,1,onion_1,onion_1,1,1,FETCH,FETCH,FETCH,onion_1,onion_1,onion_1,0,0,serve
post_none,7013,559,560,"(-1, 0)",PLACE,PLACE,1,pot_1,pot_1,1,1,PLACE,PLACE,PLACE,pot_1,pot_1,pot_1,0,0,serve
post_none,7013,563,564,"(1, 0)",FETCH,FETCH,1,onion_1,onion_1,1,1,FETCH,FETCH,FETCH,onion_1,onion_1,onion_1,0,0,serve
post_none,7013,565,566,"(-1, 0)",PLACE,PLACE,1,pot_1,pot_1,1,1,PLACE,PLACE,PLACE,pot_1,pot_1,pot_1,0,0,serve
post_none,7013,569,570,interact,COOK_START,COOK_START,1,pot_1,pot_1,1,1,COOK_START,COOK_START,COOK_START,pot_1,pot_1,pot_1,0,0,serve
post_none,7013,570,571,"(1, 0)",FETCH,FETCH,1,onion_1,onion_1,1,1,FETCH,FETCH,FETCH,onion_1,onion_1,onion_1,0,0,serve
post_none,7013,572,573,"(0, 1)",PLACE,PLACE,1,pot_0,pot_0,1,1,PLACE,PLACE,PLACE,pot_0,pot_0,pot_0,0,0,serve
post_none,7013,585,586,"(-1, 0)",FETCH,GET_DISH,0,onion_0,dish_0,0,0,GET_DISH,GET_DISH,GET_DISH,dish_0,dish_0,dish_0,0,0,cook
post_none,7013,587,588,"(0, 1)",PLACE,PLACE,1,pot_0,pot_0,1,1,PLACE,PLACE,PLACE,pot_0,pot_0,pot_0,0,0,serve
post_none,7013,591,592,"(-1, 0)",FETCH,FETCH,1,onion_0,onion_0,1,1,FETCH,FETCH,FETCH,onion_0,onion_0,onion_0,0,0,serve
post_none,7013,593,594,"(0, 1)",PLACE,PLACE,1,pot_0,pot_0,1,1,PLACE,PLACE,PLACE,pot_0,pot_0,pot_0,0,0,serve
post_none,7013,597,598,interact,COOK_START,COOK_START,1,pot_0,pot_0,1,1,COOK_START,COOK_START,COOK_START,pot_0,pot_0,pot_0,0,0,serve
post_none,7013,598,599,"(-1, 0)",FETCH,GET_DISH,0,onion_0,dish_0,0,0,GET_DISH,GET_DISH,GET_DISH,dish_0,dish_0,dish_0,0,0,cook
post_none,7013,600,601,"(0, 1)",PLACE,PLACE,1,pot_1,pot_1,1,1,PLACE,PLACE,PLACE,pot_1,pot_1,pot_1,0,0,serve
post_none,7013,606,607,"(1, 0)",FETCH,FETCH,1,onion_1,onion_1,1,1,FETCH,FETCH,FETCH,onion_1,onion_1,onion_1,0,0,serve
post_none,7013,608,609,"(0, 1)",PLACE,PLACE,1,pot_1,pot_1,1,1,PLACE,PLACE,PLACE,pot_1,pot_1,pot_1,0,0,serve
post_none,7013,612,613,"(1, 0)",FETCH,FETCH,1,onion_1,onion_1,1,1,FETCH,FETCH,FETCH,onion_1,onion_1,onion_1,0,0,serve
post_none,7013,614,615,"(0, 1)",PLACE,PLACE,1,pot_1,pot_1,1,1,PLACE,PLACE,PLACE,pot_1,pot_1,pot_1,0,0,serve
post_none,7013,618,619,interact,COOK_START,COOK_START,1,pot_1,pot_1,1,1,COOK_START,COOK_START,COOK_START,pot_1,pot_1,pot_1,0,0,serve
post_none,7013,619,620,"(0, 0)",GET_DISH,GET_DISH,1,dish_0,dish_0,1,1,GET_DISH,GET_DISH,GET_DISH,dish_0,dish_0,dish_0,0,0,cook
post_none,7013,625,626,"(1, 0)",PRE,PRE,1,pot_1,dish_0,0,0,PRE,PRE,PRE,pot_0,dish_0,dish_0,0,1,dynamic
post_none,7013,638,639,"(1, 0)",PICKUP,PICKUP,1,pot_1,pot_1,1,1,PICKUP,PICKUP,PICKUP,pot_1,pot_1,pot_1,0,0,cook
post_none,7013,641,642,"(0, 1)",DELIVER,DELIVER,1,serve_0,serve_0,1,1,DELIVER,DELIVER,DELIVER,serve_0,serve_0,serve_0,0,0,cook
post_none,7013,643,644,"(0, -1)",FETCH,FETCH,1,onion_1,onion_1,1,1,FETCH,FETCH,FETCH,onion_1,onion_1,onion_1,0,0,serve
post_none,7013,646,647,"(0, 1)",PLACE,PLACE,1,pot_1,pot_0,0,0,PLACE,PLACE,PLACE,pot_0,pot_0,pot_0,0,0,serve
post_none,7013,657,658,"(1, 0)",FETCH,FETCH,1,onion_1,onion_1,1,1,FETCH,FETCH,FETCH,onion_1,onion_1,onion_1,0,0,serve
post_none,7013,659,660,"(-1, 0)",PLACE,PLACE,1,pot_1,pot_1,1,1,PLACE,PLACE,PLACE,pot_1,pot_1,pot_1,0,0,serve
post_none,7013,663,664,"(1, 0)",FETCH,FETCH,1,onion_1,onion_1,1,1,FETCH,FETCH,FETCH,onion_1,onion_1,onion_1,0,0,serve
post_none,7013,665,666,"(-1, 0)",PLACE,PLACE,1,pot_1,pot_1,1,1,PLACE,PLACE,PLACE,pot_1,pot_1,pot_1,0,0,serve
post_none,7013,669,670,interact,COOK_START,COOK_START,1,pot_1,pot_1,1,1,COOK_START,COOK_START,COOK_START,pot_1,pot_1,pot_1,0,0,serve
post_none,7013,670,671,"(1, 0)",FETCH,FETCH,1,onion_1,onion_1,1,1,FETCH,FETCH,FETCH,onion_1,onion_1,onion_1,0,0,serve
post_none,7013,672,673,"(0, 1)",PLACE,PLACE,1,pot_0,pot_0,1,1,PLACE,PLACE,PLACE,pot_0,pot_0,pot_0,0,0,serve
post_none,7013,685,686,"(-1, 0)",FETCH,GET_DISH,0,onion_0,dish_0,0,0,GET_DISH,GET_DISH,GET_DISH,dish_0,dish_0,dish_0,0,0,cook
post_none,7013,687,688,"(0, 1)",PLACE,PLACE,1,pot_0,pot_0,1,1,PLACE,PLACE,PLACE,pot_0,pot_0,pot_0,0,0,serve
post_none,7013,691,692,"(-1, 0)",FETCH,FETCH,1,onion_0,onion_0,1,1,FETCH,FETCH,FETCH,onion_0,onion_0,onion_0,0,0,serve
post_none,7013,693,694,"(0, 1)",PLACE,PLACE,1,pot_0,pot_0,1,1,PLACE,PLACE,PLACE,pot_0,pot_0,pot_0,0,0,serve
post_none,7013,697,698,interact,COOK_START,COOK_START,1,pot_0,pot_0,1,1,COOK_START,COOK_START,COOK_START,pot_0,pot_0,pot_0,0,0,serve
post_none,7013,698,699,"(-1, 0)",FETCH,GET_DISH,0,onion_0,dish_0,0,0,GET_DISH,GET_DISH,GET_DISH,dish_0,dish_0,dish_0,0,0,cook
post_none,7014,0,1,"(0, 0)",FETCH,FETCH,1,onion_0,onion_0,1,1,FETCH,FETCH,FETCH,onion_0,onion_0,onion_0,0,0,serve
post_none,7014,5,6,"(0, 1)",PLACE,PLACE,1,pot_0,pot_0,1,1,PLACE,PLACE,PLACE,pot_0,pot_0,pot_0,0,0,serve
post_none,7014,9,10,"(-1, 0)",FETCH,FETCH,1,onion_0,onion_0,1,1,FETCH,FETCH,FETCH,onion_0,onion_0,onion_0,0,0,serve
post_none,7014,11,12,"(0, 1)",PLACE,PLACE,1,pot_0,pot_0,1,1,PLACE,PLACE,PLACE,pot_0,pot_0,pot_0,0,0,serve
post_none,7014,15,16,"(-1, 0)",FETCH,FETCH,1,onion_0,onion_0,1,1,FETCH,FETCH,FETCH,onion_0,onion_0,onion_0,0,0,serve
post_none,7014,17,18,"(0, 1)",PLACE,PLACE,1,pot_0,pot_0,1,1,PLACE,PLACE,PLACE,pot_0,pot_0,pot_0,0,0,serve
post_none,7014,21,22,interact,COOK_START,COOK_START,1,pot_0,pot_0,1,1,COOK_START,COOK_START,COOK_START,pot_0,pot_0,pot_0,0,0,serve
post_none,7014,22,23,"(-1, 0)",FETCH,FETCH,1,onion_0,onion_0,1,1,FETCH,FETCH,FETCH,onion_0,onion_0,onion_0,0,0,serve
post_none,7014,24,25,"(0, 1)",PLACE,PLACE,1,pot_1,pot_1,1,1,PLACE,PLACE,PLACE,pot_1,pot_1,pot_1,0,0,serve
post_none,7014,30,31,"(1, 0)",FETCH,FETCH,1,onion_1,onion_1,1,1,FETCH,FETCH,FETCH,onion_1,onion_1,onion_1,0,0,serve
post_none,7014,32,33,"(0, 1)",PLACE,PLACE,1,pot_1,pot_1,1,1,PLACE,PLACE,PLACE,pot_1,pot_1,pot_1,0,0,serve
post_none,7014,36,37,"(1, 0)",FETCH,FETCH,1,onion_1,onion_1,1,1,FETCH,FETCH,FETCH,onion_1,onion_1,onion_1,0,0,serve
post_none,7014,38,39,"(0, 1)",PLACE,PLACE,1,pot_1,pot_1,1,1,PLACE,PLACE,PLACE,pot_1,pot_1,pot_1,0,0,serve
post_none,7014,42,43,interact,COOK_START,COOK_START,1,pot_1,pot_1,1,1,COOK_START,COOK_START,COOK_START,pot_1,pot_1,pot_1,0,0,serve
post_none,7014,43,44,"(0, 0)",GET_DISH,GET_DISH,1,dish_0,dish_0,1,1,GET_DISH,GET_DISH,GET_DISH,dish_0,dish_0,dish_0,0,0,cook
post_none,7014,49,50,"(1, 0)",PRE,PRE,1,pot_1,none,0,0,PRE,PRE,PRE,none,pot_1,none,0,1,dynamic
post_none,7014,62,63,"(1, 0)",PICKUP,PICKUP,1,pot_1,pot_1,1,1,PICKUP,PICKUP,PICKUP,pot_1,pot_1,pot_1,0,0,cook
post_none,7014,65,66,"(0, 1)",DELIVER,DELIVER,1,serve_0,serve_0,1,1,DELIVER,DELIVER,DELIVER,serve_0,serve_0,serve_0,0,0,cook
post_none,7014,67,68,"(0, -1)",FETCH,FETCH,1,onion_1,onion_1,1,1,FETCH,FETCH,FETCH,onion_1,onion_1,onion_1,0,0,serve
post_none,7014,70,71,"(0, 1)",PLACE,PLACE,1,pot_1,pot_1,1,1,PLACE,PLACE,PLACE,pot_1,pot_1,pot_1,0,0,serve
post_none,7014,74,75,"(1, 0)",FETCH,FETCH,1,onion_1,onion_1,1,1,FETCH,FETCH,FETCH,onion_1,onion_1,onion_1,0,0,serve
post_none,7014,76,77,"(-1, 0)",PLACE,PLACE,1,pot_1,pot_1,1,1,PLACE,PLACE,PLACE,pot_1,pot_1,pot_1,0,0,serve
post_none,7014,80,81,"(1, 0)",FETCH,FETCH,1,onion_1,onion_1,1,1,FETCH,FETCH,FETCH,onion_1,onion_1,onion_1,0,0,serve
post_none,7014,82,83,"(-1, 0)",PLACE,PLACE,1,pot_1,pot_1,1,1,PLACE,PLACE,PLACE,pot_1,pot_1,pot_1,0,0,serve
post_none,7014,86,87,interact,COOK_START,COOK_START,1,pot_1,pot_1,1,1,COOK_START,COOK_START,COOK_START,pot_1,pot_1,pot_1,0,0,serve
post_none,7014,87,88,"(1, 0)",FETCH,FETCH,1,onion_1,onion_1,1,1,FETCH,FETCH,FETCH,onion_1,onion_1,onion_1,0,0,serve
post_none,7014,89,90,"(0, 1)",PLACE,PLACE,1,pot_0,pot_0,1,1,PLACE,PLACE,PLACE,pot_0,pot_0,pot_0,0,0,serve
post_none,7014,102,103,interact,COOK_START,COOK_START,1,pot_0,pot_0,1,1,COOK_START,COOK_START,COOK_START,pot_0,pot_0,pot_0,0,0,serve
post_none,7014,103,104,"(1, 0)",HOLD,HOLD,1,none,none,1,1,HOLD,HOLD,HOLD,none,none,none,0,0,dynamic
post_none,7014,109,110,"(-1, 0)",FETCH,GET_DISH,0,onion_0,dish_0,0,0,GET_DISH,GET_DISH,GET_DISH,dish_0,dish_0,dish_0,0,0,cook
post_none,7014,112,113,"(0, 1)",PLACE,PLACE,1,pot_1,pot_0,0,0,PLACE,PLACE,PLACE,pot_0,pot_0,pot_0,0,0,serve
post_none,7014,121,122,"(1, 0)",FETCH,FETCH,1,onion_1,onion_1,1,1,FETCH,FETCH,FETCH,onion_1,onion_1,onion_1,0,0,serve
post_none,7014,123,124,"(0, 1)",PLACE,PLACE,1,pot_1,pot_1,1,1,PLACE,PLACE,PLACE,pot_1,pot_1,pot_1,0,0,serve
post_none,7014,127,128,"(1, 0)",FETCH,FETCH,1,onion_1,onion_1,1,1,FETCH,FETCH,FETCH,onion_1,onion_1,onion_1,0,0,serve
post_none,7014,129,130,"(0, 1)",PLACE,PLACE,1,pot_1,pot_1,1,1,PLACE,PLACE,PLACE,pot_1,pot_1,pot_1,0,0,serve
post_none,7014,135,136,interact,COOK_START,COOK_START,1,pot_1,pot_1,1,1,COOK_START,COOK_START,COOK_START,pot_1,pot_1,pot_1,0,0,serve
post_none,7014,136,137,"(1, 0)",FETCH,FETCH,1,onion_1,onion_1,1,1,FETCH,FETCH,FETCH,onion_1,onion_1,onion_1,0,0,serve
post_none,7014,138,139,"(0, 1)",PLACE,PLACE,1,pot_0,pot_0,1,1,PLACE,PLACE,PLACE,pot_0,pot_0,pot_0,0,0,serve
post_none,7014,148,149,"(-1, 0)",FETCH,FETCH,1,onion_0,onion_0,1,1,FETCH,FETCH,FETCH,onion_0,onion_0,onion_0,0,0,serve
post_none,7014,150,151,"(0, 1)",PLACE,PLACE,1,pot_0,pot_0,1,1,PLACE,PLACE,PLACE,pot_0,pot_0,pot_0,0,0,serve
post_none,7014,154,155,"(-1, 0)",FETCH,FETCH,1,onion_0,onion_0,1,1,FETCH,FETCH,FETCH,onion_0,onion_0,onion_0,0,0,serve
post_none,7014,156,157,"(0, 1)",PLACE,PLACE,1,pot_0,pot_0,1,1,PLACE,PLACE,PLACE,pot_0,pot_0,pot_0,0,0,serve
post_none,7014,160,161,interact,COOK_START,COOK_START,1,pot_0,pot_0,1,1,COOK_START,COOK_START,COOK_START,pot_0,pot_0,pot_0,0,0,serve
post_none,7014,161,162,"(-1, 0)",FETCH,FETCH,1,onion_0,onion_0,1,1,FETCH,FETCH,FETCH,onion_0,onion_0,onion_0,0,0,serve
post_none,7014,163,164,"(0, 1)",PLACE,PLACE,1,pot_1,pot_1,1,1,PLACE,PLACE,PLACE,pot_1,pot_1,pot_1,0,0,serve
post_none,7014,169,170,"(1, 0)",FETCH,FETCH,1,onion_1,onion_1,1,1,FETCH,FETCH,FETCH,onion_1,onion_1,onion_1,0,0,serve
post_none,7014,171,172,"(0, 1)",PLACE,PLACE,1,pot_1,pot_1,1,1,PLACE,PLACE,PLACE,pot_1,pot_1,pot_1,0,0,serve
post_none,7014,175,176,"(1, 0)",FETCH,FETCH,1,onion_1,onion_1,1,1,FETCH,FETCH,FETCH,onion_1,onion_1,onion_1,0,0,serve
post_none,7014,177,178,"(0, 1)",PLACE,PLACE,1,pot_1,pot_1,1,1,PLACE,PLACE,PLACE,pot_1,pot_1,pot_1,0,0,serve
post_none,7014,181,182,interact,COOK_START,COOK_START,1,pot_1,pot_1,1,1,COOK_START,COOK_START,COOK_START,pot_1,pot_1,pot_1,0,0,serve
post_none,7014,182,183,"(0, 0)",GET_DISH,GET_DISH,1,dish_0,dish_0,1,1,GET_DISH,GET_DISH,GET_DISH,dish_0,dish_0,dish_0,0,0,cook
post_none,7014,188,189,"(1, 0)",PRE,PRE,1,pot_1,none,0,0,PRE,PRE,PRE,none,pot_1,none,0,1,dynamic
post_none,7014,201,202,"(1, 0)",PICKUP,PICKUP,1,pot_1,pot_1,1,1,PICKUP,PICKUP,PICKUP,pot_1,pot_1,pot_1,0,0,cook
post_none,7014,204,205,"(0, 1)",DELIVER,DELIVER,1,serve_0,serve_0,1,1,DELIVER,DELIVER,DELIVER,serve_0,serve_0,serve_0,0,0,cook
post_none,7014,206,207,"(0, -1)",FETCH,FETCH,1,onion_1,onion_1,1,1,FETCH,FETCH,FETCH,onion_1,onion_1,onion_1,0,0,serve
post_none,7014,209,210,"(0, 1)",PLACE,PLACE,1,pot_1,pot_1,1,1,PLACE,PLACE,PLACE,pot_1,pot_1,pot_1,0,0,serve
post_none,7014,220,221,"(1, 0)",FETCH,FETCH,1,onion_1,onion_1,1,1,FETCH,FETCH,FETCH,onion_1,onion_1,onion_1,0,0,serve
post_none,7014,222,223,"(-1, 0)",PLACE,PLACE,1,pot_1,pot_1,1,1,PLACE,PLACE,PLACE,pot_1,pot_1,pot_1,0,0,serve
post_none,7014,226,227,"(1, 0)",FETCH,FETCH,1,onion_1,onion_1,1,1,FETCH,FETCH,FETCH,onion_1,onion_1,onion_1,0,0,serve
post_none,7014,228,229,"(-1, 0)",PLACE,PLACE,1,pot_1,pot_1,1,1,PLACE,PLACE,PLACE,pot_1,pot_1,pot_1,0,0,serve
post_none,7014,232,233,interact,COOK_START,COOK_START,1,pot_1,pot_1,1,1,COOK_START,COOK_START,COOK_START,pot_1,pot_1,pot_1,0,0,serve
post_none,7014,233,234,"(1, 0)",FETCH,FETCH,1,onion_1,onion_1,1,1,FETCH,FETCH,FETCH,onion_1,onion_1,onion_1,0,0,serve
post_none,7014,235,236,"(0, 1)",PLACE,PLACE,1,pot_0,pot_0,1,1,PLACE,PLACE,PLACE,pot_0,pot_0,pot_0,0,0,serve
post_none,7014,248,249,"(-1, 0)",FETCH,FETCH,1,onion_0,onion_0,1,1,FETCH,FETCH,FETCH,onion_0,onion_0,onion_0,0,0,serve
post_none,7014,250,251,"(0, 1)",PLACE,PLACE,1,pot_0,pot_0,1,1,PLACE,PLACE,PLACE,pot_0,pot_0,pot_0,0,0,serve
post_none,7014,254,255,"(-1, 0)",FETCH,FETCH,1,onion_0,onion_0,1,1,FETCH,FETCH,FETCH,onion_0,onion_0,onion_0,0,0,serve
post_none,7014,256,257,"(0, 1)",PLACE,PLACE,1,pot_0,pot_0,1,1,PLACE,PLACE,PLACE,pot_0,pot_0,pot_0,0,0,serve
post_none,7014,260,261,interact,COOK_START,COOK_START,1,pot_0,pot_0,1,1,COOK_START,COOK_START,COOK_START,pot_0,pot_0,pot_0,0,0,serve
post_none,7014,261,262,"(-1, 0)",FETCH,FETCH,1,onion_0,onion_0,1,1,FETCH,FETCH,FETCH,onion_0,onion_0,onion_0,0,0,serve
post_none,7014,263,264,"(0, 1)",PLACE,PLACE,1,pot_1,pot_1,1,1,PLACE,PLACE,PLACE,pot_1,pot_1,pot_1,0,0,serve
post_none,7014,269,270,"(1, 0)",FETCH,FETCH,1,onion_1,onion_1,1,1,FETCH,FETCH,FETCH,onion_1,onion_1,onion_1,0,0,serve
post_none,7014,271,272,"(0, 1)",PLACE,PLACE,1,pot_1,pot_1,1,1,PLACE,PLACE,PLACE,pot_1,pot_1,pot_1,0,0,serve
post_none,7014,275,276,"(1, 0)",FETCH,FETCH,1,onion_1,onion_1,1,1,FETCH,FETCH,FETCH,onion_1,onion_1,onion_1,0,0,serve
post_none,7014,277,278,"(0, 1)",PLACE,PLACE,1,pot_1,pot_1,1,1,PLACE,PLACE,PLACE,pot_1,pot_1,pot_1,0,0,serve
post_none,7014,281,282,interact,COOK_START,COOK_START,1,pot_1,pot_1,1,1,COOK_START,COOK_START,COOK_START,pot_1,pot_1,pot_1,0,0,serve
post_none,7014,282,283,"(0, 0)",GET_DISH,GET_DISH,1,dish_0,dish_0,1,1,GET_DISH,GET_DISH,GET_DISH,dish_0,dish_0,dish_0,0,0,cook
post_none,7014,288,289,"(1, 0)",PRE,PRE,1,pot_1,none,0,0,PRE,PRE,PRE,none,onion_1,none,0,1,dynamic
post_none,7014,301,302,"(1, 0)",PICKUP,PICKUP,1,pot_1,pot_1,1,1,PICKUP,PICKUP,PICKUP,pot_1,pot_1,pot_1,0,0,cook
post_none,7014,304,305,"(0, 1)",DELIVER,DELIVER,1,serve_0,serve_0,1,1,DELIVER,DELIVER,DELIVER,serve_0,serve_0,serve_0,0,0,cook
post_none,7014,306,307,"(0, -1)",FETCH,FETCH,1,onion_1,onion_1,1,1,FETCH,FETCH,FETCH,onion_1,onion_1,onion_1,0,0,serve
post_none,7014,309,310,"(0, 1)",PLACE,PLACE,1,pot_1,pot_1,1,1,PLACE,PLACE,PLACE,pot_1,pot_1,pot_1,0,0,serve
post_none,7014,313,314,"(1, 0)",FETCH,FETCH,1,onion_1,onion_1,1,1,FETCH,FETCH,FETCH,onion_1,onion_1,onion_1,0,0,serve
post_none,7014,315,316,"(-1, 0)",PLACE,PLACE,1,pot_1,pot_1,1,1,PLACE,PLACE,PLACE,pot_1,pot_1,pot_1,0,0,serve
post_none,7014,319,320,"(1, 0)",FETCH,FETCH,1,onion_1,onion_1,1,1,FETCH,FETCH,FETCH,onion_1,onion_1,onion_1,0,0,serve
post_none,7014,321,322,"(-1, 0)",PLACE,PLACE,1,pot_1,pot_1,1,1,PLACE,PLACE,PLACE,pot_1,pot_1,pot_1,0,0,serve
post_none,7014,325,326,interact,COOK_START,COOK_START,1,pot_1,pot_1,1,1,COOK_START,COOK_START,COOK_START,pot_1,pot_1,pot_1,0,0,serve
post_none,7014,326,327,"(1, 0)",FETCH,FETCH,1,onion_1,onion_1,1,1,FETCH,FETCH,FETCH,onion_1,onion_1,onion_1,0,0,serve
post_none,7014,328,329,"(0, 1)",PLACE,PLACE,1,pot_0,pot_0,1,1,PLACE,PLACE,PLACE,pot_0,pot_0,pot_0,0,0,serve
post_none,7014,341,342,interact,COOK_START,COOK_START,1,pot_0,pot_0,1,1,COOK_START,COOK_START,COOK_START,pot_0,pot_0,pot_0,0,0,serve
post_none,7014,342,343,"(1, 0)",HOLD,HOLD,1,none,none,1,1,HOLD,HOLD,HOLD,none,none,none,0,0,dynamic
post_none,7014,348,349,"(-1, 0)",FETCH,GET_DISH,0,onion_0,dish_0,0,0,GET_DISH,GET_DISH,GET_DISH,dish_0,dish_0,dish_0,0,0,cook
post_none,7014,351,352,"(0, 1)",PLACE,PLACE,1,pot_1,pot_0,0,0,PLACE,PLACE,PLACE,pot_0,pot_0,pot_0,0,0,serve
post_none,7014,360,361,"(1, 0)",FETCH,FETCH,1,onion_1,onion_1,1,1,FETCH,FETCH,FETCH,onion_1,onion_1,onion_1,0,0,serve
post_none,7014,362,363,"(0, 1)",PLACE,PLACE,1,pot_1,pot_1,1,1,PLACE,PLACE,PLACE,pot_1,pot_1,pot_1,0,0,serve
post_none,7014,366,367,"(1, 0)",FETCH,FETCH,1,onion_1,onion_1,1,1,FETCH,FETCH,FETCH,onion_1,onion_1,onion_1,0,0,serve
post_none,7014,368,369,"(0, 1)",PLACE,PLACE,1,pot_1,pot_1,1,1,PLACE,PLACE,PLACE,pot_1,pot_1,pot_1,0,0,serve
post_none,7014,374,375,interact,COOK_START,COOK_START,1,pot_1,pot_1,1,1,COOK_START,COOK_START,COOK_START,pot_1,pot_1,pot_1,0,0,serve
post_none,7014,375,376,"(1, 0)",FETCH,FETCH,1,onion_1,onion_1,1,1,FETCH,FETCH,FETCH,onion_1,onion_1,onion_1,0,0,serve
post_none,7014,377,378,"(0, 1)",PLACE,PLACE,1,pot_0,pot_0,1,1,PLACE,PLACE,PLACE,pot_0,pot_0,pot_0,0,0,serve
post_none,7014,387,388,"(-1, 0)",FETCH,FETCH,1,onion_0,onion_0,1,1,FETCH,FETCH,FETCH,onion_0,onion_0,onion_0,0,0,serve
post_none,7014,389,390,"(0, 1)",PLACE,PLACE,1,pot_0,pot_0,1,1,PLACE,PLACE,PLACE,pot_0,pot_0,pot_0,0,0,serve
post_none,7014,393,394,"(-1, 0)",FETCH,FETCH,1,onion_0,onion_0,1,1,FETCH,FETCH,FETCH,onion_0,onion_0,onion_0,0,0,serve
post_none,7014,395,396,"(0, 1)",PLACE,PLACE,1,pot_0,pot_0,1,1,PLACE,PLACE,PLACE,pot_0,pot_0,pot_0,0,0,serve
post_none,7014,399,400,interact,COOK_START,COOK_START,1,pot_0,pot_0,1,1,COOK_START,COOK_START,COOK_START,pot_0,pot_0,pot_0,0,0,serve
post_none,7014,400,401,"(-1, 0)",FETCH,GET_DISH,0,onion_0,dish_0,0,0,GET_DISH,FETCH,GET_DISH,dish_0,onion_0,dish_0,1,1,cook
post_none,7014,402,403,"(0, 1)",PLACE,PLACE,1,pot_1,pot_1,1,1,PLACE,PLACE,PLACE,pot_1,pot_1,pot_1,0,0,serve
post_none,7014,408,409,"(1, 0)",FETCH,FETCH,1,onion_1,onion_1,1,1,FETCH,FETCH,FETCH,onion_1,onion_1,onion_1,0,0,serve
post_none,7014,410,411,"(0, 1)",PLACE,PLACE,1,pot_1,pot_1,1,1,PLACE,PLACE,PLACE,pot_1,pot_1,pot_1,0,0,serve
post_none,7014,414,415,"(1, 0)",FETCH,FETCH,1,onion_1,onion_1,1,1,FETCH,FETCH,FETCH,onion_1,onion_1,onion_1,0,0,serve
post_none,7014,416,417,"(0, 1)",PLACE,PLACE,1,pot_1,pot_1,1,1,PLACE,PLACE,PLACE,pot_1,pot_1,pot_1,0,0,serve
post_none,7014,420,421,interact,COOK_START,COOK_START,1,pot_1,pot_1,1,1,COOK_START,COOK_START,COOK_START,pot_1,pot_1,pot_1,0,0,serve
post_none,7014,421,422,"(0, 0)",GET_DISH,GET_DISH,1,dish_0,dish_0,1,1,GET_DISH,GET_DISH,GET_DISH,dish_0,dish_0,dish_0,0,0,cook
post_none,7014,427,428,"(1, 0)",PRE,PRE,1,pot_1,pot_0,0,0,PRE,PRE,PRE,pot_0,pot_0,pot_0,0,0,dynamic
post_none,7014,440,441,"(1, 0)",PICKUP,PICKUP,1,pot_1,pot_1,1,1,PICKUP,PICKUP,PICKUP,pot_1,pot_1,pot_1,0,0,cook
post_none,7014,443,444,"(0, 1)",DELIVER,DELIVER,1,serve_0,serve_0,1,1,DELIVER,DELIVER,DELIVER,serve_0,serve_0,serve_0,0,0,cook
post_none,7014,445,446,"(0, -1)",FETCH,FETCH,1,onion_1,onion_1,1,1,FETCH,FETCH,FETCH,onion_1,onion_1,onion_1,0,0,serve
post_none,7014,448,449,"(0, 1)",PLACE,PLACE,1,pot_1,pot_0,0,0,PLACE,PLACE,PLACE,pot_0,pot_0,pot_0,0,0,serve
post_none,7014,459,460,"(1, 0)",FETCH,FETCH,1,onion_1,onion_1,1,1,FETCH,FETCH,FETCH,onion_1,onion_1,onion_1,0,0,serve
post_none,7014,461,462,"(-1, 0)",PLACE,PLACE,1,pot_1,pot_1,1,1,PLACE,PLACE,PLACE,pot_1,pot_1,pot_1,0,0,serve
post_none,7014,465,466,"(1, 0)",FETCH,FETCH,1,onion_1,onion_1,1,1,FETCH,FETCH,FETCH,onion_1,onion_1,onion_1,0,0,serve
post_none,7014,467,468,"(-1, 0)",PLACE,PLACE,1,pot_1,pot_1,1,1,PLACE,PLACE,PLACE,pot_1,pot_1,pot_1,0,0,serve
post_none,7014,471,472,interact,COOK_START,COOK_START,1,pot_1,pot_1,1,1,COOK_START,COOK_START,COOK_START,pot_1,pot_1,pot_1,0,0,serve
post_none,7014,472,473,"(1, 0)",FETCH,FETCH,1,onion_1,onion_1,1,1,FETCH,FETCH,FETCH,onion_1,onion_1,onion_1,0,0,serve
post_none,7014,474,475,"(0, 1)",PLACE,PLACE,1,pot_0,pot_0,1,1,PLACE,PLACE,PLACE,pot_0,pot_0,pot_0,0,0,serve
post_none,7014,487,488,"(-1, 0)",FETCH,GET_DISH,0,onion_0,onion_0,1,0,GET_DISH,FETCH,GET_DISH,onion_0,onion_0,onion_0,1,0,cook
post_none,7014,489,490,"(0, 1)",PLACE,PLACE,1,pot_0,pot_0,1,1,PLACE,PLACE,PLACE,pot_0,pot_0,pot_0,0,0,serve
post_none,7014,493,494,"(-1, 0)",FETCH,FETCH,1,onion_0,onion_0,1,1,FETCH,FETCH,FETCH,onion_0,onion_0,onion_0,0,0,serve
post_none,7014,495,496,"(0, 1)",PLACE,PLACE,1,pot_0,pot_0,1,1,PLACE,PLACE,PLACE,pot_0,pot_0,pot_0,0,0,serve
post_none,7014,499,500,interact,COOK_START,COOK_START,1,pot_0,pot_0,1,1,COOK_START,COOK_START,COOK_START,pot_0,pot_0,pot_0,0,0,serve
post_none,7014,500,501,"(-1, 0)",FETCH,GET_DISH,0,onion_0,dish_0,0,0,GET_DISH,GET_DISH,GET_DISH,dish_0,dish_0,dish_0,0,0,cook
post_none,7014,502,503,"(0, 1)",PLACE,PLACE,1,pot_1,pot_1,1,1,PLACE,PLACE,PLACE,pot_1,pot_1,pot_1,0,0,serve
post_none,7014,508,509,"(1, 0)",FETCH,FETCH,1,onion_1,onion_1,1,1,FETCH,FETCH,FETCH,onion_1,onion_1,onion_1,0,0,serve
post_none,7014,510,511,"(0, 1)",PLACE,PLACE,1,pot_1,pot_1,1,1,PLACE,PLACE,PLACE,pot_1,pot_1,pot_1,0,0,serve
post_none,7014,514,515,"(1, 0)",FETCH,FETCH,1,onion_1,onion_1,1,1,FETCH,FETCH,FETCH,onion_1,onion_1,onion_1,0,0,serve
post_none,7014,516,517,"(0, 1)",PLACE,PLACE,1,pot_1,pot_1,1,1,PLACE,PLACE,PLACE,pot_1,pot_1,pot_1,0,0,serve
post_none,7014,520,521,interact,COOK_START,COOK_START,1,pot_1,pot_1,1,1,COOK_START,COOK_START,COOK_START,pot_1,pot_1,pot_1,0,0,serve
post_none,7014,521,522,"(0, 0)",GET_DISH,GET_DISH,1,dish_0,dish_0,1,1,GET_DISH,GET_DISH,GET_DISH,dish_0,dish_0,dish_0,0,0,cook
post_none,7014,527,528,"(1, 0)",PRE,PRE,1,pot_1,pot_0,0,0,PRE,PRE,PRE,pot_0,dish_0,pot_0,0,1,dynamic
post_none,7014,540,541,"(1, 0)",PICKUP,PICKUP,1,pot_1,pot_1,1,1,PICKUP,PICKUP,PICKUP,pot_1,pot_1,pot_1,0,0,cook
post_none,7014,543,544,"(0, 1)",DELIVER,DELIVER,1,serve_0,serve_0,1,1,DELIVER,DELIVER,DELIVER,serve_0,serve_0,serve_0,0,0,cook
post_none,7014,545,546,"(0, -1)",FETCH,FETCH,1,onion_1,onion_1,1,1,FETCH,FETCH,FETCH,onion_1,onion_1,onion_1,0,0,serve
post_none,7014,548,549,"(0, 1)",PLACE,PLACE,1,pot_1,pot_0,0,0,PLACE,PLACE,PLACE,pot_0,pot_0,pot_0,0,0,serve
post_none,7014,559,560,"(1, 0)",FETCH,FETCH,1,onion_1,onion_1,1,1,FETCH,FETCH,FETCH,onion_1,onion_1,onion_1,0,0,serve
post_none,7014,561,562,"(-1, 0)",PLACE,PLACE,1,pot_1,pot_1,1,1,PLACE,PLACE,PLACE,pot_1,pot_1,pot_1,0,0,serve
post_none,7014,565,566,"(1, 0)",FETCH,FETCH,1,onion_1,onion_1,1,1,FETCH,FETCH,FETCH,onion_1,onion_1,onion_1,0,0,serve
post_none,7014,567,568,"(-1, 0)",PLACE,PLACE,1,pot_1,pot_1,1,1,PLACE,PLACE,PLACE,pot_1,pot_1,pot_1,0,0,serve
post_none,7014,571,572,interact,COOK_START,COOK_START,1,pot_1,pot_1,1,1,COOK_START,COOK_START,COOK_START,pot_1,pot_1,pot_1,0,0,serve
post_none,7014,572,573,"(1, 0)",FETCH,FETCH,1,onion_1,onion_1,1,1,FETCH,FETCH,FETCH,onion_1,onion_1,onion_1,0,0,serve
post_none,7014,574,575,"(0, 1)",PLACE,PLACE,1,pot_0,pot_0,1,1,PLACE,PLACE,PLACE,pot_0,pot_0,pot_0,0,0,serve
post_none,7014,587,588,"(-1, 0)",FETCH,GET_DISH,0,onion_0,dish_0,0,0,GET_DISH,GET_DISH,GET_DISH,dish_0,dish_0,dish_0,0,0,cook
post_none,7014,589,590,"(0, 1)",PLACE,PLACE,1,pot_0,pot_0,1,1,PLACE,PLACE,PLACE,pot_0,pot_0,pot_0,0,0,serve
post_none,7014,593,594,"(-1, 0)",FETCH,FETCH,1,onion_0,onion_0,1,1,FETCH,FETCH,FETCH,onion_0,onion_0,onion_0,0,0,serve
post_none,7014,595,596,"(0, 1)",PLACE,PLACE,1,pot_0,pot_0,1,1,PLACE,PLACE,PLACE,pot_0,pot_0,pot_0,0,0,serve
post_none,7014,599,600,interact,COOK_START,COOK_START,1,pot_0,pot_0,1,1,COOK_START,COOK_START,COOK_START,pot_0,pot_0,pot_0,0,0,serve
post_none,7014,600,601,"(-1, 0)",FETCH,GET_DISH,0,onion_0,dish_0,0,0,GET_DISH,GET_DISH,GET_DISH,dish_0,dish_0,dish_0,0,0,cook
post_none,7014,602,603,"(0, 1)",PLACE,PLACE,1,pot_1,pot_1,1,1,PLACE,PLACE,PLACE,pot_1,pot_1,pot_1,0,0,serve
post_none,7014,608,609,"(1, 0)",FETCH,FETCH,1,onion_1,onion_1,1,1,FETCH,FETCH,FETCH,onion_1,onion_1,onion_1,0,0,serve
post_none,7014,610,611,"(0, 1)",PLACE,PLACE,1,pot_1,pot_1,1,1,PLACE,PLACE,PLACE,pot_1,pot_1,pot_1,0,0,serve
post_none,7014,614,615,"(1, 0)",FETCH,FETCH,1,onion_1,onion_1,1,1,FETCH,FETCH,FETCH,onion_1,onion_1,onion_1,0,0,serve
post_none,7014,616,617,"(0, 1)",PLACE,PLACE,1,pot_1,pot_1,1,1,PLACE,PLACE,PLACE,pot_1,pot_1,pot_1,0,0,serve
post_none,7014,620,621,interact,COOK_START,COOK_START,1,pot_1,pot_1,1,1,COOK_START,COOK_START,COOK_START,pot_1,pot_1,pot_1,0,0,serve
post_none,7014,621,622,"(0, 0)",GET_DISH,GET_DISH,1,dish_0,dish_0,1,1,GET_DISH,GET_DISH,GET_DISH,dish_0,dish_0,dish_0,0,0,cook
post_none,7014,627,628,"(1, 0)",PRE,PRE,1,pot_1,dish_0,0,0,PRE,PRE,PRE,pot_0,dish_0,dish_0,0,1,dynamic
post_none,7014,640,641,"(1, 0)",PICKUP,PICKUP,1,pot_1,pot_1,1,1,PICKUP,PICKUP,PICKUP,pot_1,pot_1,pot_1,0,0,cook
post_none,7014,643,644,"(0, 1)",DELIVER,DELIVER,1,serve_0,serve_0,1,1,DELIVER,DELIVER,DELIVER,serve_0,serve_0,serve_0,0,0,cook
post_none,7014,645,646,"(0, -1)",FETCH,FETCH,1,onion_1,onion_1,1,1,FETCH,FETCH,FETCH,onion_1,onion_1,onion_1,0,0,serve
post_none,7014,648,649,"(0, 1)",PLACE,PLACE,1,pot_1,pot_0,0,0,PLACE,PLACE,PLACE,pot_0,pot_0,pot_0,0,0,serve
post_none,7014,659,660,"(1, 0)",FETCH,FETCH,1,onion_1,onion_1,1,1,FETCH,FETCH,FETCH,onion_1,onion_1,onion_1,0,0,serve
post_none,7014,661,662,"(-1, 0)",PLACE,PLACE,1,pot_1,pot_1,1,1,PLACE,PLACE,PLACE,pot_1,pot_1,pot_1,0,0,serve
post_none,7014,665,666,"(1, 0)",FETCH,FETCH,1,onion_1,onion_1,1,1,FETCH,FETCH,FETCH,onion_1,onion_1,onion_1,0,0,serve
post_none,7014,667,668,"(-1, 0)",PLACE,PLACE,1,pot_1,pot_1,1,1,PLACE,PLACE,PLACE,pot_1,pot_1,pot_1,0,0,serve
post_none,7014,671,672,interact,COOK_START,COOK_START,1,pot_1,pot_1,1,1,COOK_START,COOK_START,COOK_START,pot_1,pot_1,pot_1,0,0,serve
post_none,7014,672,673,"(1, 0)",FETCH,FETCH,1,onion_1,onion_1,1,1,FETCH,FETCH,FETCH,onion_1,onion_1,onion_1,0,0,serve
post_none,7014,674,675,"(0, 1)",PLACE,PLACE,1,pot_0,pot_0,1,1,PLACE,PLACE,PLACE,pot_0,pot_0,pot_0,0,0,serve
post_none,7014,687,688,"(-1, 0)",FETCH,GET_DISH,0,onion_0,dish_0,0,0,GET_DISH,GET_DISH,GET_DISH,dish_0,dish_0,dish_0,0,0,cook
post_none,7014,689,690,"(0, 1)",PLACE,PLACE,1,pot_0,pot_0,1,1,PLACE,PLACE,PLACE,pot_0,pot_0,pot_0,0,0,serve
post_none,7014,693,694,"(-1, 0)",FETCH,FETCH,1,onion_0,onion_0,1,1,FETCH,FETCH,FETCH,onion_0,onion_0,onion_0,0,0,serve
post_none,7014,695,696,"(0, 1)",PLACE,PLACE,1,pot_0,pot_0,1,1,PLACE,PLACE,PLACE,pot_0,pot_0,pot_0,0,0,serve
post_none,7014,699,700,interact,COOK_START,COOK_START,1,pot_0,pot_0,1,1,COOK_START,COOK_START,COOK_START,pot_0,pot_0,pot_0,0,0,serve
post_none,7015,0,1,"(0, 0)",FETCH,FETCH,1,onion_0,onion_0,1,1,FETCH,FETCH,FETCH,onion_0,onion_0,onion_0,0,0,serve
post_none,7015,6,7,"(0, 1)",PLACE,PLACE,1,pot_0,pot_0,1,1,PLACE,PLACE,PLACE,pot_0,pot_0,pot_0,0,0,serve
post_none,7015,10,11,"(-1, 0)",FETCH,FETCH,1,onion_0,onion_0,1,1,FETCH,FETCH,FETCH,onion_0,onion_0,onion_0,0,0,serve
post_none,7015,12,13,"(0, 1)",PLACE,PLACE,1,pot_0,pot_0,1,1,PLACE,PLACE,PLACE,pot_0,pot_0,pot_0,0,0,serve
post_none,7015,16,17,"(-1, 0)",FETCH,FETCH,1,onion_0,onion_0,1,1,FETCH,FETCH,FETCH,onion_0,onion_0,onion_0,0,0,serve
post_none,7015,18,19,"(0, 1)",PLACE,PLACE,1,pot_0,pot_0,1,1,PLACE,PLACE,PLACE,pot_0,pot_0,pot_0,0,0,serve
post_none,7015,22,23,interact,COOK_START,COOK_START,1,pot_0,pot_0,1,1,COOK_START,COOK_START,COOK_START,pot_0,pot_0,pot_0,0,0,serve
post_none,7015,23,24,"(-1, 0)",FETCH,FETCH,1,onion_0,onion_0,1,1,FETCH,FETCH,FETCH,onion_0,onion_0,onion_0,0,0,serve
post_none,7015,25,26,"(0, 1)",PLACE,PLACE,1,pot_1,pot_1,1,1,PLACE,PLACE,PLACE,pot_1,pot_1,pot_1,0,0,serve
post_none,7015,31,32,"(1, 0)",FETCH,FETCH,1,onion_1,onion_1,1,1,FETCH,FETCH,FETCH,onion_1,onion_1,onion_1,0,0,serve
post_none,7015,33,34,"(0, 1)",PLACE,PLACE,1,pot_1,pot_1,1,1,PLACE,PLACE,PLACE,pot_1,pot_1,pot_1,0,0,serve
post_none,7015,37,38,"(1, 0)",FETCH,FETCH,1,onion_1,onion_1,1,1,FETCH,FETCH,FETCH,onion_1,onion_1,onion_1,0,0,serve
post_none,7015,39,40,"(0, 1)",PLACE,PLACE,1,pot_1,pot_1,1,1,PLACE,PLACE,PLACE,pot_1,pot_1,pot_1,0,0,serve
post_none,7015,43,44,interact,COOK_START,COOK_START,1,pot_1,pot_1,1,1,COOK_START,COOK_START,COOK_START,pot_1,pot_1,pot_1,0,0,serve
post_none,7015,44,45,"(0, 0)",GET_DISH,GET_DISH,1,dish_0,dish_0,1,1,GET_DISH,GET_DISH,GET_DISH,dish_0,dish_0,dish_0,0,0,cook
post_none,7015,50,51,"(1, 0)",PRE,PRE,1,pot_1,none,0,0,PRE,PRE,PRE,none,pot_1,none,0,1,dynamic
post_none,7015,63,64,"(1, 0)",PICKUP,PICKUP,1,pot_1,pot_1,1,1,PICKUP,PICKUP,PICKUP,pot_1,pot_1,pot_1,0,0,cook
post_none,7015,66,67,"(0, 1)",DELIVER,DELIVER,1,serve_0,serve_0,1,1,DELIVER,DELIVER,DELIVER,serve_0,serve_0,serve_0,0,0,cook
post_none,7015,68,69,"(0, -1)",FETCH,FETCH,1,onion_1,onion_1,1,1,FETCH,FETCH,FETCH,onion_1,onion_1,onion_1,0,0,serve
post_none,7015,71,72,"(0, 1)",PLACE,PLACE,1,pot_1,pot_1,1,1,PLACE,PLACE,PLACE,pot_1,pot_1,pot_1,0,0,serve
post_none,7015,75,76,"(1, 0)",FETCH,FETCH,1,onion_1,onion_1,1,1,FETCH,FETCH,FETCH,onion_1,onion_1,onion_1,0,0,serve
post_none,7015,77,78,"(-1, 0)",PLACE,PLACE,1,pot_1,pot_1,1,1,PLACE,PLACE,PLACE,pot_1,pot_1,pot_1,0,0,serve
post_none,7015,81,82,"(1, 0)",FETCH,FETCH,1,onion_1,onion_1,1,1,FETCH,FETCH,FETCH,onion_1,onion_1,onion_1,0,0,serve
post_none,7015,83,84,"(-1, 0)",PLACE,PLACE,1,pot_1,pot_1,1,1,PLACE,PLACE,PLACE,pot_1,pot_1,pot_1,0,0,serve
post_none,7015,87,88,interact,COOK_START,COOK_START,1,pot_1,pot_1,1,1,COOK_START,COOK_START,COOK_START,pot_1,pot_1,pot_1,0,0,serve
post_none,7015,88,89,"(1, 0)",FETCH,FETCH,1,onion_1,onion_1,1,1,FETCH,FETCH,FETCH,onion_1,onion_1,onion_1,0,0,serve
post_none,7015,90,91,"(0, 1)",PLACE,PLACE,1,pot_0,pot_0,1,1,PLACE,PLACE,PLACE,pot_0,pot_0,pot_0,0,0,serve
post_none,7015,103,104,interact,COOK_START,COOK_START,1,pot_0,pot_0,1,1,COOK_START,COOK_START,COOK_START,pot_0,pot_0,pot_0,0,0,serve
post_none,7015,104,105,"(1, 0)",HOLD,HOLD,1,none,none,1,1,HOLD,HOLD,HOLD,none,none,none,0,0,dynamic
post_none,7015,110,111,"(-1, 0)",FETCH,GET_DISH,0,onion_0,dish_0,0,0,GET_DISH,GET_DISH,GET_DISH,dish_0,dish_0,dish_0,0,0,cook
post_none,7015,113,114,"(0, 1)",PLACE,PLACE,1,pot_1,pot_0,0,0,PLACE,PLACE,PLACE,pot_0,pot_0,pot_0,0,0,serve
post_none,7015,122,123,"(1, 0)",FETCH,FETCH,1,onion_1,onion_1,1,1,FETCH,FETCH,FETCH,onion_1,onion_1,onion_1,0,0,serve
post_none,7015,124,125,"(0, 1)",PLACE,PLACE,1,pot_1,pot_1,1,1,PLACE,PLACE,PLACE,pot_1,pot_1,pot_1,0,0,serve
post_none,7015,128,129,"(1, 0)",FETCH,FETCH,1,onion_1,onion_1,1,1,FETCH,FETCH,FETCH,onion_1,onion_1,onion_1,0,0,serve
post_none,7015,130,131,"(0, 1)",PLACE,PLACE,1,pot_1,pot_1,1,1,PLACE,PLACE,PLACE,pot_1,pot_1,pot_1,0,0,serve
post_none,7015,136,137,interact,COOK_START,COOK_START,1,pot_1,pot_1,1,1,COOK_START,COOK_START,COOK_START,pot_1,pot_1,pot_1,0,0,serve
post_none,7015,137,138,"(1, 0)",FETCH,FETCH,1,onion_1,onion_1,1,1,FETCH,FETCH,FETCH,onion_1,onion_1,onion_1,0,0,serve
post_none,7015,139,140,"(0, 1)",PLACE,PLACE,1,pot_0,pot_0,1,1,PLACE,PLACE,PLACE,pot_0,pot_0,pot_0,0,0,serve
post_none,7015,149,150,"(-1, 0)",FETCH,FETCH,1,onion_0,onion_0,1,1,FETCH,FETCH,FETCH,onion_0,onion_0,onion_0,0,0,serve
post_none,7015,151,152,"(0, 1)",PLACE,PLACE,1,pot_0,pot_0,1,1,PLACE,PLACE,PLACE,pot_0,pot_0,pot_0,0,0,serve
post_none,7015,155,156,"(-1, 0)",FETCH,FETCH,1,onion_0,onion_0,1,1,FETCH,FETCH,FETCH,onion_0,onion_0,onion_0,0,0,serve
post_none,7015,157,158,"(0, 1)",PLACE,PLACE,1,pot_0,pot_0,1,1,PLACE,PLACE,PLACE,pot_0,pot_0,pot_0,0,0,serve
post_none,7015,161,162,interact,COOK_START,COOK_START,1,pot_0,pot_0,1,1,COOK_START,COOK_START,COOK_START,pot_0,pot_0,pot_0,0,0,serve
post_none,7015,162,163,"(-1, 0)",FETCH,FETCH,1,onion_0,onion_0,1,1,FETCH,FETCH,FETCH,onion_0,onion_0,onion_0,0,0,serve
post_none,7015,164,165,"(0, 1)",PLACE,PLACE,1,pot_1,pot_1,1,1,PLACE,PLACE,PLACE,pot_1,pot_1,pot_1,0,0,serve
post_none,7015,170,171,"(1, 0)",FETCH,FETCH,1,onion_1,onion_1,1,1,FETCH,FETCH,FETCH,onion_1,onion_1,onion_1,0,0,serve
post_none,7015,172,173,"(0, 1)",PLACE,PLACE,1,pot_1,pot_1,1,1,PLACE,PLACE,PLACE,pot_1,pot_1,pot_1,0,0,serve
post_none,7015,176,177,"(1, 0)",FETCH,FETCH,1,onion_1,onion_1,1,1,FETCH,FETCH,FETCH,onion_1,onion_1,onion_1,0,0,serve
post_none,7015,178,179,"(0, 1)",PLACE,PLACE,1,pot_1,pot_1,1,1,PLACE,PLACE,PLACE,pot_1,pot_1,pot_1,0,0,serve
post_none,7015,182,183,interact,COOK_START,COOK_START,1,pot_1,pot_1,1,1,COOK_START,COOK_START,COOK_START,pot_1,pot_1,pot_1,0,0,serve
post_none,7015,183,184,"(0, 0)",GET_DISH,GET_DISH,1,dish_0,dish_0,1,1,GET_DISH,GET_DISH,GET_DISH,dish_0,dish_0,dish_0,0,0,cook
post_none,7015,189,190,"(1, 0)",PRE,PRE,1,pot_1,none,0,0,PRE,PRE,PRE,none,pot_1,none,0,1,dynamic
post_none,7015,202,203,"(1, 0)",PICKUP,PICKUP,1,pot_1,pot_1,1,1,PICKUP,PICKUP,PICKUP,pot_1,pot_1,pot_1,0,0,cook
post_none,7015,205,206,"(0, 1)",DELIVER,DELIVER,1,serve_0,serve_0,1,1,DELIVER,DELIVER,DELIVER,serve_0,serve_0,serve_0,0,0,cook
post_none,7015,207,208,"(0, -1)",FETCH,FETCH,1,onion_1,onion_1,1,1,FETCH,FETCH,FETCH,onion_1,onion_1,onion_1,0,0,serve
post_none,7015,210,211,"(0, 1)",PLACE,PLACE,1,pot_1,pot_1,1,1,PLACE,PLACE,PLACE,pot_1,pot_1,pot_1,0,0,serve
post_none,7015,221,222,"(1, 0)",FETCH,FETCH,1,onion_1,onion_1,1,1,FETCH,FETCH,FETCH,onion_1,onion_1,onion_1,0,0,serve
post_none,7015,223,224,"(-1, 0)",PLACE,PLACE,1,pot_1,pot_1,1,1,PLACE,PLACE,PLACE,pot_1,pot_1,pot_1,0,0,serve
post_none,7015,227,228,"(1, 0)",FETCH,FETCH,1,onion_1,onion_1,1,1,FETCH,FETCH,FETCH,onion_1,onion_1,onion_1,0,0,serve
post_none,7015,229,230,"(-1, 0)",PLACE,PLACE,1,pot_1,pot_1,1,1,PLACE,PLACE,PLACE,pot_1,pot_1,pot_1,0,0,serve
post_none,7015,233,234,interact,COOK_START,COOK_START,1,pot_1,pot_1,1,1,COOK_START,COOK_START,COOK_START,pot_1,pot_1,pot_1,0,0,serve
post_none,7015,234,235,"(1, 0)",FETCH,FETCH,1,onion_1,onion_1,1,1,FETCH,FETCH,FETCH,onion_1,onion_1,onion_1,0,0,serve
post_none,7015,236,237,"(0, 1)",PLACE,PLACE,1,pot_0,pot_0,1,1,PLACE,PLACE,PLACE,pot_0,pot_0,pot_0,0,0,serve
post_none,7015,249,250,"(-1, 0)",FETCH,FETCH,1,onion_0,onion_0,1,1,FETCH,FETCH,FETCH,onion_0,onion_0,onion_0,0,0,serve
post_none,7015,251,252,"(0, 1)",PLACE,PLACE,1,pot_0,pot_0,1,1,PLACE,PLACE,PLACE,pot_0,pot_0,pot_0,0,0,serve
post_none,7015,255,256,"(-1, 0)",FETCH,FETCH,1,onion_0,onion_0,1,1,FETCH,FETCH,FETCH,onion_0,onion_0,onion_0,0,0,serve
post_none,7015,257,258,"(0, 1)",PLACE,PLACE,1,pot_0,pot_0,1,1,PLACE,PLACE,PLACE,pot_0,pot_0,pot_0,0,0,serve
post_none,7015,261,262,interact,COOK_START,COOK_START,1,pot_0,pot_0,1,1,COOK_START,COOK_START,COOK_START,pot_0,pot_0,pot_0,0,0,serve
post_none,7015,262,263,"(-1, 0)",FETCH,FETCH,1,onion_0,onion_0,1,1,FETCH,FETCH,FETCH,onion_0,onion_0,onion_0,0,0,serve
post_none,7015,264,265,"(0, 1)",PLACE,PLACE,1,pot_1,pot_1,1,1,PLACE,PLACE,PLACE,pot_1,pot_1,pot_1,0,0,serve
post_none,7015,270,271,"(1, 0)",FETCH,FETCH,1,onion_1,onion_1,1,1,FETCH,FETCH,FETCH,onion_1,onion_1,onion_1,0,0,serve
post_none,7015,272,273,"(0, 1)",PLACE,PLACE,1,pot_1,pot_1,1,1,PLACE,PLACE,PLACE,pot_1,pot_1,pot_1,0,0,serve
post_none,7015,276,277,"(1, 0)",FETCH,FETCH,1,onion_1,onion_1,1,1,FETCH,FETCH,FETCH,onion_1,onion_1,onion_1,0,0,serve
post_none,7015,278,279,"(0, 1)",PLACE,PLACE,1,pot_1,pot_1,1,1,PLACE,PLACE,PLACE,pot_1,pot_1,pot_1,0,0,serve
post_none,7015,282,283,interact,COOK_START,COOK_START,1,pot_1,pot_1,1,1,COOK_START,COOK_START,COOK_START,pot_1,pot_1,pot_1,0,0,serve
post_none,7015,283,284,"(0, 0)",GET_DISH,GET_DISH,1,dish_0,dish_0,1,1,GET_DISH,GET_DISH,GET_DISH,dish_0,dish_0,dish_0,0,0,cook
post_none,7015,289,290,"(1, 0)",PRE,PRE,1,pot_1,none,0,0,PRE,PRE,PRE,none,onion_1,none,0,1,dynamic
post_none,7015,302,303,"(1, 0)",PICKUP,PICKUP,1,pot_1,pot_1,1,1,PICKUP,PICKUP,PICKUP,pot_1,pot_1,pot_1,0,0,cook
post_none,7015,305,306,"(0, 1)",DELIVER,DELIVER,1,serve_0,serve_0,1,1,DELIVER,DELIVER,DELIVER,serve_0,serve_0,serve_0,0,0,cook
post_none,7015,307,308,"(0, -1)",FETCH,FETCH,1,onion_1,onion_1,1,1,FETCH,FETCH,FETCH,onion_1,onion_1,onion_1,0,0,serve
post_none,7015,310,311,"(0, 1)",PLACE,PLACE,1,pot_1,pot_1,1,1,PLACE,PLACE,PLACE,pot_1,pot_1,pot_1,0,0,serve
post_none,7015,314,315,"(1, 0)",FETCH,FETCH,1,onion_1,onion_1,1,1,FETCH,FETCH,FETCH,onion_1,onion_1,onion_1,0,0,serve
post_none,7015,316,317,"(-1, 0)",PLACE,PLACE,1,pot_1,pot_1,1,1,PLACE,PLACE,PLACE,pot_1,pot_1,pot_1,0,0,serve
post_none,7015,320,321,"(1, 0)",FETCH,FETCH,1,onion_1,onion_1,1,1,FETCH,FETCH,FETCH,onion_1,onion_1,onion_1,0,0,serve
post_none,7015,322,323,"(-1, 0)",PLACE,PLACE,1,pot_1,pot_1,1,1,PLACE,PLACE,PLACE,pot_1,pot_1,pot_1,0,0,serve
post_none,7015,326,327,interact,COOK_START,COOK_START,1,pot_1,pot_1,1,1,COOK_START,COOK_START,COOK_START,pot_1,pot_1,pot_1,0,0,serve
post_none,7015,327,328,"(1, 0)",FETCH,FETCH,1,onion_1,onion_1,1,1,FETCH,FETCH,FETCH,onion_1,onion_1,onion_1,0,0,serve
post_none,7015,329,330,"(0, 1)",PLACE,PLACE,1,pot_0,pot_0,1,1,PLACE,PLACE,PLACE,pot_0,pot_0,pot_0,0,0,serve
post_none,7015,342,343,interact,COOK_START,COOK_START,1,pot_0,pot_0,1,1,COOK_START,COOK_START,COOK_START,pot_0,pot_0,pot_0,0,0,serve
post_none,7015,343,344,"(1, 0)",HOLD,HOLD,1,none,none,1,1,HOLD,HOLD,HOLD,none,none,none,0,0,dynamic
post_none,7015,349,350,"(-1, 0)",FETCH,GET_DISH,0,onion_0,dish_0,0,0,GET_DISH,GET_DISH,GET_DISH,dish_0,dish_0,dish_0,0,0,cook
post_none,7015,352,353,"(0, 1)",PLACE,PLACE,1,pot_1,pot_0,0,0,PLACE,PLACE,PLACE,pot_0,pot_0,pot_0,0,0,serve
post_none,7015,361,362,"(1, 0)",FETCH,FETCH,1,onion_1,onion_1,1,1,FETCH,FETCH,FETCH,onion_1,onion_1,onion_1,0,0,serve
post_none,7015,363,364,"(0, 1)",PLACE,PLACE,1,pot_1,pot_1,1,1,PLACE,PLACE,PLACE,pot_1,pot_1,pot_1,0,0,serve
post_none,7015,367,368,"(1, 0)",FETCH,FETCH,1,onion_1,onion_1,1,1,FETCH,FETCH,FETCH,onion_1,onion_1,onion_1,0,0,serve
post_none,7015,369,370,"(0, 1)",PLACE,PLACE,1,pot_1,pot_1,1,1,PLACE,PLACE,PLACE,pot_1,pot_1,pot_1,0,0,serve
post_none,7015,375,376,interact,COOK_START,COOK_START,1,pot_1,pot_1,1,1,COOK_START,COOK_START,COOK_START,pot_1,pot_1,pot_1,0,0,serve
post_none,7015,376,377,"(1, 0)",FETCH,FETCH,1,onion_1,onion_1,1,1,FETCH,FETCH,FETCH,onion_1,onion_1,onion_1,0,0,serve
post_none,7015,378,379,"(0, 1)",PLACE,PLACE,1,pot_0,pot_0,1,1,PLACE,PLACE,PLACE,pot_0,pot_0,pot_0,0,0,serve
post_none,7015,388,389,"(-1, 0)",FETCH,FETCH,1,onion_0,onion_0,1,1,FETCH,FETCH,FETCH,onion_0,onion_0,onion_0,0,0,serve
post_none,7015,390,391,"(0, 1)",PLACE,PLACE,1,pot_0,pot_0,1,1,PLACE,PLACE,PLACE,pot_0,pot_0,pot_0,0,0,serve
post_none,7015,394,395,"(-1, 0)",FETCH,FETCH,1,onion_0,onion_0,1,1,FETCH,FETCH,FETCH,onion_0,onion_0,onion_0,0,0,serve
post_none,7015,396,397,"(0, 1)",PLACE,PLACE,1,pot_0,pot_0,1,1,PLACE,PLACE,PLACE,pot_0,pot_0,pot_0,0,0,serve
post_none,7015,400,401,interact,COOK_START,COOK_START,1,pot_0,pot_0,1,1,COOK_START,COOK_START,COOK_START,pot_0,pot_0,pot_0,0,0,serve
post_none,7015,401,402,"(-1, 0)",FETCH,GET_DISH,0,onion_0,dish_0,0,0,GET_DISH,FETCH,GET_DISH,dish_0,onion_0,dish_0,1,1,cook
post_none,7015,403,404,"(0, 1)",PLACE,PLACE,1,pot_1,pot_1,1,1,PLACE,PLACE,PLACE,pot_1,pot_1,pot_1,0,0,serve
post_none,7015,409,410,"(1, 0)",FETCH,FETCH,1,onion_1,onion_1,1,1,FETCH,FETCH,FETCH,onion_1,onion_1,onion_1,0,0,serve
post_none,7015,411,412,"(0, 1)",PLACE,PLACE,1,pot_1,pot_1,1,1,PLACE,PLACE,PLACE,pot_1,pot_1,pot_1,0,0,serve
post_none,7015,415,416,"(1, 0)",FETCH,FETCH,1,onion_1,onion_1,1,1,FETCH,FETCH,FETCH,onion_1,onion_1,onion_1,0,0,serve
post_none,7015,417,418,"(0, 1)",PLACE,PLACE,1,pot_1,pot_1,1,1,PLACE,PLACE,PLACE,pot_1,pot_1,pot_1,0,0,serve
post_none,7015,421,422,interact,COOK_START,COOK_START,1,pot_1,pot_1,1,1,COOK_START,COOK_START,COOK_START,pot_1,pot_1,pot_1,0,0,serve
post_none,7015,422,423,"(0, 0)",GET_DISH,GET_DISH,1,dish_0,dish_0,1,1,GET_DISH,GET_DISH,GET_DISH,dish_0,dish_0,dish_0,0,0,cook
post_none,7015,428,429,"(1, 0)",PRE,PRE,1,pot_1,pot_0,0,0,PRE,PRE,PRE,pot_0,pot_0,pot_0,0,0,dynamic
post_none,7015,441,442,"(1, 0)",PICKUP,PICKUP,1,pot_1,pot_1,1,1,PICKUP,PICKUP,PICKUP,pot_1,pot_1,pot_1,0,0,cook
post_none,7015,444,445,"(0, 1)",DELIVER,DELIVER,1,serve_0,serve_0,1,1,DELIVER,DELIVER,DELIVER,serve_0,serve_0,serve_0,0,0,cook
post_none,7015,446,447,"(0, -1)",FETCH,FETCH,1,onion_1,onion_1,1,1,FETCH,FETCH,FETCH,onion_1,onion_1,onion_1,0,0,serve
post_none,7015,449,450,"(0, 1)",PLACE,PLACE,1,pot_1,pot_0,0,0,PLACE,PLACE,PLACE,pot_0,pot_0,pot_0,0,0,serve
post_none,7015,460,461,"(1, 0)",FETCH,FETCH,1,onion_1,onion_1,1,1,FETCH,FETCH,FETCH,onion_1,onion_1,onion_1,0,0,serve
post_none,7015,462,463,"(-1, 0)",PLACE,PLACE,1,pot_1,pot_1,1,1,PLACE,PLACE,PLACE,pot_1,pot_1,pot_1,0,0,serve
post_none,7015,466,467,"(1, 0)",FETCH,FETCH,1,onion_1,onion_1,1,1,FETCH,FETCH,FETCH,onion_1,onion_1,onion_1,0,0,serve
post_none,7015,468,469,"(-1, 0)",PLACE,PLACE,1,pot_1,pot_1,1,1,PLACE,PLACE,PLACE,pot_1,pot_1,pot_1,0,0,serve
post_none,7015,472,473,interact,COOK_START,COOK_START,1,pot_1,pot_1,1,1,COOK_START,COOK_START,COOK_START,pot_1,pot_1,pot_1,0,0,serve
post_none,7015,473,474,"(1, 0)",FETCH,FETCH,1,onion_1,onion_1,1,1,FETCH,FETCH,FETCH,onion_1,onion_1,onion_1,0,0,serve
post_none,7015,475,476,"(0, 1)",PLACE,PLACE,1,pot_0,pot_0,1,1,PLACE,PLACE,PLACE,pot_0,pot_0,pot_0,0,0,serve
post_none,7015,488,489,"(-1, 0)",FETCH,GET_DISH,0,onion_0,onion_0,1,0,GET_DISH,FETCH,GET_DISH,onion_0,onion_0,onion_0,1,0,cook
post_none,7015,490,491,"(0, 1)",PLACE,PLACE,1,pot_0,pot_0,1,1,PLACE,PLACE,PLACE,pot_0,pot_0,pot_0,0,0,serve
post_none,7015,494,495,"(-1, 0)",FETCH,FETCH,1,onion_0,onion_0,1,1,FETCH,FETCH,FETCH,onion_0,onion_0,onion_0,0,0,serve
post_none,7015,496,497,"(0, 1)",PLACE,PLACE,1,pot_0,pot_0,1,1,PLACE,PLACE,PLACE,pot_0,pot_0,pot_0,0,0,serve
post_none,7015,500,501,interact,COOK_START,COOK_START,1,pot_0,pot_0,1,1,COOK_START,COOK_START,COOK_START,pot_0,pot_0,pot_0,0,0,serve
post_none,7015,501,502,"(-1, 0)",FETCH,GET_DISH,0,onion_0,dish_0,0,0,GET_DISH,GET_DISH,GET_DISH,dish_0,dish_0,dish_0,0,0,cook
post_none,7015,503,504,"(0, 1)",PLACE,PLACE,1,pot_1,pot_1,1,1,PLACE,PLACE,PLACE,pot_1,pot_1,pot_1,0,0,serve
post_none,7015,509,510,"(1, 0)",FETCH,FETCH,1,onion_1,onion_1,1,1,FETCH,FETCH,FETCH,onion_1,onion_1,onion_1,0,0,serve
post_none,7015,511,512,"(0, 1)",PLACE,PLACE,1,pot_1,pot_1,1,1,PLACE,PLACE,PLACE,pot_1,pot_1,pot_1,0,0,serve
post_none,7015,515,516,"(1, 0)",FETCH,FETCH,1,onion_1,onion_1,1,1,FETCH,FETCH,FETCH,onion_1,onion_1,onion_1,0,0,serve
post_none,7015,517,518,"(0, 1)",PLACE,PLACE,1,pot_1,pot_1,1,1,PLACE,PLACE,PLACE,pot_1,pot_1,pot_1,0,0,serve
post_none,7015,521,522,interact,COOK_START,COOK_START,1,pot_1,pot_1,1,1,COOK_START,COOK_START,COOK_START,pot_1,pot_1,pot_1,0,0,serve
post_none,7015,522,523,"(0, 0)",GET_DISH,GET_DISH,1,dish_0,dish_0,1,1,GET_DISH,GET_DISH,GET_DISH,dish_0,dish_0,dish_0,0,0,cook
post_none,7015,528,529,"(1, 0)",PRE,PRE,1,pot_1,pot_0,0,0,PRE,PRE,PRE,pot_0,dish_0,pot_0,0,1,dynamic
post_none,7015,541,542,"(1, 0)",PICKUP,PICKUP,1,pot_1,pot_1,1,1,PICKUP,PICKUP,PICKUP,pot_1,pot_1,pot_1,0,0,cook
post_none,7015,544,545,"(0, 1)",DELIVER,DELIVER,1,serve_0,serve_0,1,1,DELIVER,DELIVER,DELIVER,serve_0,serve_0,serve_0,0,0,cook
post_none,7015,546,547,"(0, -1)",FETCH,FETCH,1,onion_1,onion_1,1,1,FETCH,FETCH,FETCH,onion_1,onion_1,onion_1,0,0,serve
post_none,7015,549,550,"(0, 1)",PLACE,PLACE,1,pot_1,pot_0,0,0,PLACE,PLACE,PLACE,pot_0,pot_0,pot_0,0,0,serve
post_none,7015,560,561,"(1, 0)",FETCH,FETCH,1,onion_1,onion_1,1,1,FETCH,FETCH,FETCH,onion_1,onion_1,onion_1,0,0,serve
post_none,7015,562,563,"(-1, 0)",PLACE,PLACE,1,pot_1,pot_1,1,1,PLACE,PLACE,PLACE,pot_1,pot_1,pot_1,0,0,serve
post_none,7015,566,567,"(1, 0)",FETCH,FETCH,1,onion_1,onion_1,1,1,FETCH,FETCH,FETCH,onion_1,onion_1,onion_1,0,0,serve
post_none,7015,568,569,"(-1, 0)",PLACE,PLACE,1,pot_1,pot_1,1,1,PLACE,PLACE,PLACE,pot_1,pot_1,pot_1,0,0,serve
post_none,7015,572,573,interact,COOK_START,COOK_START,1,pot_1,pot_1,1,1,COOK_START,COOK_START,COOK_START,pot_1,pot_1,pot_1,0,0,serve
post_none,7015,573,574,"(1, 0)",FETCH,FETCH,1,onion_1,onion_1,1,1,FETCH,FETCH,FETCH,onion_1,onion_1,onion_1,0,0,serve
post_none,7015,575,576,"(0, 1)",PLACE,PLACE,1,pot_0,pot_0,1,1,PLACE,PLACE,PLACE,pot_0,pot_0,pot_0,0,0,serve
post_none,7015,588,589,"(-1, 0)",FETCH,GET_DISH,0,onion_0,dish_0,0,0,GET_DISH,GET_DISH,GET_DISH,dish_0,dish_0,dish_0,0,0,cook
post_none,7015,590,591,"(0, 1)",PLACE,PLACE,1,pot_0,pot_0,1,1,PLACE,PLACE,PLACE,pot_0,pot_0,pot_0,0,0,serve
post_none,7015,594,595,"(-1, 0)",FETCH,FETCH,1,onion_0,onion_0,1,1,FETCH,FETCH,FETCH,onion_0,onion_0,onion_0,0,0,serve
post_none,7015,596,597,"(0, 1)",PLACE,PLACE,1,pot_0,pot_0,1,1,PLACE,PLACE,PLACE,pot_0,pot_0,pot_0,0,0,serve
post_none,7015,600,601,interact,COOK_START,COOK_START,1,pot_0,pot_0,1,1,COOK_START,COOK_START,COOK_START,pot_0,pot_0,pot_0,0,0,serve
post_none,7015,601,602,"(-1, 0)",FETCH,GET_DISH,0,onion_0,dish_0,0,0,GET_DISH,GET_DISH,GET_DISH,dish_0,dish_0,dish_0,0,0,cook
post_none,7015,603,604,"(0, 1)",PLACE,PLACE,1,pot_1,pot_1,1,1,PLACE,PLACE,PLACE,pot_1,pot_1,pot_1,0,0,serve
post_none,7015,609,610,"(1, 0)",FETCH,FETCH,1,onion_1,onion_1,1,1,FETCH,FETCH,FETCH,onion_1,onion_1,onion_1,0,0,serve
post_none,7015,611,612,"(0, 1)",PLACE,PLACE,1,pot_1,pot_1,1,1,PLACE,PLACE,PLACE,pot_1,pot_1,pot_1,0,0,serve
post_none,7015,615,616,"(1, 0)",FETCH,FETCH,1,onion_1,onion_1,1,1,FETCH,FETCH,FETCH,onion_1,onion_1,onion_1,0,0,serve
post_none,7015,617,618,"(0, 1)",PLACE,PLACE,1,pot_1,pot_1,1,1,PLACE,PLACE,PLACE,pot_1,pot_1,pot_1,0,0,serve
post_none,7015,621,622,interact,COOK_START,COOK_START,1,pot_1,pot_1,1,1,COOK_START,COOK_START,COOK_START,pot_1,pot_1,pot_1,0,0,serve
post_none,7015,622,623,"(0, 0)",GET_DISH,GET_DISH,1,dish_0,dish_0,1,1,GET_DISH,GET_DISH,GET_DISH,dish_0,dish_0,dish_0,0,0,cook
post_none,7015,628,629,"(1, 0)",PRE,PRE,1,pot_1,dish_0,0,0,PRE,PRE,PRE,pot_0,dish_0,dish_0,0,1,dynamic
post_none,7015,641,642,"(1, 0)",PICKUP,PICKUP,1,pot_1,pot_1,1,1,PICKUP,PICKUP,PICKUP,pot_1,pot_1,pot_1,0,0,cook
post_none,7015,644,645,"(0, 1)",DELIVER,DELIVER,1,serve_0,serve_0,1,1,DELIVER,DELIVER,DELIVER,serve_0,serve_0,serve_0,0,0,cook
post_none,7015,646,647,"(0, -1)",FETCH,FETCH,1,onion_1,onion_1,1,1,FETCH,FETCH,FETCH,onion_1,onion_1,onion_1,0,0,serve
post_none,7015,649,650,"(0, 1)",PLACE,PLACE,1,pot_1,pot_0,0,0,PLACE,PLACE,PLACE,pot_0,pot_0,pot_0,0,0,serve
post_none,7015,660,661,"(1, 0)",FETCH,FETCH,1,onion_1,onion_1,1,1,FETCH,FETCH,FETCH,onion_1,onion_1,onion_1,0,0,serve
post_none,7015,662,663,"(-1, 0)",PLACE,PLACE,1,pot_1,pot_1,1,1,PLACE,PLACE,PLACE,pot_1,pot_1,pot_1,0,0,serve
post_none,7015,666,667,"(1, 0)",FETCH,FETCH,1,onion_1,onion_1,1,1,FETCH,FETCH,FETCH,onion_1,onion_1,onion_1,0,0,serve
post_none,7015,668,669,"(-1, 0)",PLACE,PLACE,1,pot_1,pot_1,1,1,PLACE,PLACE,PLACE,pot_1,pot_1,pot_1,0,0,serve
post_none,7015,672,673,interact,COOK_START,COOK_START,1,pot_1,pot_1,1,1,COOK_START,COOK_START,COOK_START,pot_1,pot_1,pot_1,0,0,serve
post_none,7015,673,674,"(1, 0)",FETCH,FETCH,1,onion_1,onion_1,1,1,FETCH,FETCH,FETCH,onion_1,onion_1,onion_1,0,0,serve
post_none,7015,675,676,"(0, 1)",PLACE,PLACE,1,pot_0,pot_0,1,1,PLACE,PLACE,PLACE,pot_0,pot_0,pot_0,0,0,serve
post_none,7015,688,689,"(-1, 0)",FETCH,GET_DISH,0,onion_0,dish_0,0,0,GET_DISH,GET_DISH,GET_DISH,dish_0,dish_0,dish_0,0,0,cook
post_none,7015,690,691,"(0, 1)",PLACE,PLACE,1,pot_0,pot_0,1,1,PLACE,PLACE,PLACE,pot_0,pot_0,pot_0,0,0,serve
post_none,7015,694,695,"(-1, 0)",FETCH,FETCH,1,onion_0,onion_0,1,1,FETCH,FETCH,FETCH,onion_0,onion_0,onion_0,0,0,serve
post_none,7015,696,697,"(0, 1)",PLACE,PLACE,1,pot_0,pot_0,1,1,PLACE,PLACE,PLACE,pot_0,pot_0,pot_0,0,0,serve
post_none,7016,0,1,"(0, -1)",FETCH,FETCH,1,onion_0,onion_0,1,1,FETCH,FETCH,FETCH,onion_0,onion_0,onion_0,0,0,serve
